subject_id,trial_id,task,fold,bin_start,bin_end,train_accuracy,test_accuracy,train_roc_auc,test_roc_auc,n_classes,n_train,n_test,n_features_post_norm,normalization,fold_seconds,cell,report_dir
10,0,onset,0,0.0,1.0,1.0,0.6704888352444176,1.0,0.7390743460195919,2,3500,1657,245760,train_set_fixed,372.69368267059326,L.2.R0xI0,/work/ht203/repo/speech/reports/neuroprobe_stage0_l2_neuralset_2026_05_06/L.2.R0xI0/sub10_trial0
10,0,speech,0,0.0,1.0,1.0,0.5605714285714286,1.0,0.5895725714285713,2,3500,1750,245760,train_set_fixed,364.7500970363617,L.2.R0xI0,/work/ht203/repo/speech/reports/neuroprobe_stage0_l2_neuralset_2026_05_06/L.2.R0xI0/sub10_trial0
10,0,volume,0,0.0,1.0,1.0,0.3676386506575186,1.0,0.5440371709587543,3,3498,1749,245760,train_set_fixed,459.5269017219544,L.2.R0xI0,/work/ht203/repo/speech/reports/neuroprobe_stage0_l2_neuralset_2026_05_06/L.2.R0xI0/sub10_trial0
10,0,delta_volume,0,0.0,1.0,1.0,0.3956546598056032,1.0,0.581917429906038,3,3498,1749,245760,train_set_fixed,354.02258491516113,L.2.R0xI0,/work/ht203/repo/speech/reports/neuroprobe_stage0_l2_neuralset_2026_05_06/L.2.R0xI0/sub10_trial0
10,0,pitch,0,0.0,1.0,1.0,0.3504859919954259,1.0,0.5220444517670965,3,3498,1749,245760,train_set_fixed,374.03326511383057,L.2.R0xI0,/work/ht203/repo/speech/reports/neuroprobe_stage0_l2_neuralset_2026_05_06/L.2.R0xI0/sub10_trial0
10,0,word_index,0,0.0,1.0,1.0,0.47284162378502,1.0,0.6549395537955037,3,3498,1749,245760,train_set_fixed,411.0778503417969,L.2.R0xI0,/work/ht203/repo/speech/reports/neuroprobe_stage0_l2_neuralset_2026_05_06/L.2.R0xI0/sub10_trial0
10,0,word_gap,0,0.0,1.0,1.0,0.3693539165237278,1.0,0.5425553146272263,3,3498,1749,245760,train_set_fixed,420.1349320411682,L.2.R0xI0,/work/ht203/repo/speech/reports/neuroprobe_stage0_l2_neuralset_2026_05_06/L.2.R0xI0/sub10_trial0
10,0,gpt2_surprisal,0,0.0,1.0,1.0,0.3584905660377358,1.0,0.527982910106927,3,3498,1749,245760,train_set_fixed,490.3473291397095,L.2.R0xI0,/work/ht203/repo/speech/reports/neuroprobe_stage0_l2_neuralset_2026_05_06/L.2.R0xI0/sub10_trial0
10,0,word_head_pos,0,0.0,1.0,1.0,0.5,1.0,0.5192205714285714,2,3500,1750,245760,train_set_fixed,404.8711769580841,L.2.R0xI0,/work/ht203/repo/speech/reports/neuroprobe_stage0_l2_neuralset_2026_05_06/L.2.R0xI0/sub10_trial0
10,0,word_part_speech,0,0.0,1.0,1.0,0.189922480620155,1.0,0.5219465476834325,6,3498,1548,245760,train_set_fixed,382.66928791999817,L.2.R0xI0,/work/ht203/repo/speech/reports/neuroprobe_stage0_l2_neuralset_2026_05_06/L.2.R0xI0/sub10_trial0
10,0,word_length,0,0.0,1.0,1.0,0.3693539165237278,1.0,0.5427460631755269,3,3498,1749,245760,train_set_fixed,360.6403119564056,L.2.R0xI0,/work/ht203/repo/speech/reports/neuroprobe_stage0_l2_neuralset_2026_05_06/L.2.R0xI0/sub10_trial0
10,0,global_flow,0,0.0,1.0,1.0,0.3384791309319611,1.0,0.4964233421303228,3,3498,1749,245760,train_set_fixed,354.3316562175751,L.2.R0xI0,/work/ht203/repo/speech/reports/neuroprobe_stage0_l2_neuralset_2026_05_06/L.2.R0xI0/sub10_trial0
10,0,local_flow,0,0.0,1.0,1.0,0.3218982275586049,1.0,0.4923457854377949,3,3498,1749,245760,train_set_fixed,335.6696710586548,L.2.R0xI0,/work/ht203/repo/speech/reports/neuroprobe_stage0_l2_neuralset_2026_05_06/L.2.R0xI0/sub10_trial0
10,0,frame_brightness,0,0.0,1.0,1.0,0.375071469411092,1.0,0.5452027475636654,3,3498,1749,245760,train_set_fixed,304.45197057724,L.2.R0xI0,/work/ht203/repo/speech/reports/neuroprobe_stage0_l2_neuralset_2026_05_06/L.2.R0xI0/sub10_trial0
10,0,face_num,0,0.0,1.0,1.0,0.3327615780445969,1.0,0.5015426604960247,3,3498,1749,245760,train_set_fixed,279.71955013275146,L.2.R0xI0,/work/ht203/repo/speech/reports/neuroprobe_stage0_l2_neuralset_2026_05_06/L.2.R0xI0/sub10_trial0
10,1,onset,0,0.0,1.0,1.0,0.6468571428571429,1.0,0.7036453877551021,2,3314,1750,245760,train_set_fixed,426.2479064464569,L.2.R0xI0,/work/ht203/repo/speech/reports/neuroprobe_stage0_l2_neuralset_2026_05_06/L.2.R0xI0/sub10_trial1
10,1,speech,0,0.0,1.0,1.0,0.5714285714285714,1.0,0.5940881632653061,2,3500,1750,245760,train_set_fixed,385.64452743530273,L.2.R0xI0,/work/ht203/repo/speech/reports/neuroprobe_stage0_l2_neuralset_2026_05_06/L.2.R0xI0/sub10_trial1
10,1,volume,0,0.0,1.0,1.0,0.3481989708404803,1.0,0.5148666182194775,3,3498,1749,245760,train_set_fixed,466.50714445114136,L.2.R0xI0,/work/ht203/repo/speech/reports/neuroprobe_stage0_l2_neuralset_2026_05_06/L.2.R0xI0/sub10_trial1
10,1,delta_volume,0,0.0,1.0,1.0,0.4053744997141223,1.0,0.5846602371166273,3,3498,1749,245760,train_set_fixed,423.6533091068268,L.2.R0xI0,/work/ht203/repo/speech/reports/neuroprobe_stage0_l2_neuralset_2026_05_06/L.2.R0xI0/sub10_trial1
10,1,pitch,0,0.0,1.0,1.0,0.3550600343053173,1.0,0.5168707038670467,3,3498,1749,245760,train_set_fixed,493.1290774345398,L.2.R0xI0,/work/ht203/repo/speech/reports/neuroprobe_stage0_l2_neuralset_2026_05_06/L.2.R0xI0/sub10_trial1
10,1,word_index,0,0.0,1.0,1.0,0.4568324757004002,1.0,0.6316844126562887,3,3498,1749,245760,train_set_fixed,463.44042778015137,L.2.R0xI0,/work/ht203/repo/speech/reports/neuroprobe_stage0_l2_neuralset_2026_05_06/L.2.R0xI0/sub10_trial1
10,1,word_gap,0,0.0,1.0,1.0,0.3699256718124643,1.0,0.5424731799695391,3,3498,1749,245760,train_set_fixed,501.6498203277588,L.2.R0xI0,/work/ht203/repo/speech/reports/neuroprobe_stage0_l2_neuralset_2026_05_06/L.2.R0xI0/sub10_trial1
10,1,gpt2_surprisal,0,0.0,1.0,1.0,0.3562035448827901,1.0,0.5239109925102999,3,3498,1749,245760,train_set_fixed,471.93441247940063,L.2.R0xI0,/work/ht203/repo/speech/reports/neuroprobe_stage0_l2_neuralset_2026_05_06/L.2.R0xI0/sub10_trial1
10,1,word_head_pos,0,0.0,1.0,1.0,0.528,1.0,0.5394915918367347,2,3500,1750,245760,train_set_fixed,333.2592604160309,L.2.R0xI0,/work/ht203/repo/speech/reports/neuroprobe_stage0_l2_neuralset_2026_05_06/L.2.R0xI0/sub10_trial1
10,1,word_part_speech,0,0.0,1.0,1.0,0.1846769582618639,1.0,0.5219868863755522,6,3096,1749,245760,train_set_fixed,320.54344511032104,L.2.R0xI0,/work/ht203/repo/speech/reports/neuroprobe_stage0_l2_neuralset_2026_05_06/L.2.R0xI0/sub10_trial1
10,1,word_length,0,0.0,1.0,1.0,0.3447684391080617,1.0,0.5251160427865176,3,3498,1749,245760,train_set_fixed,374.84206771850586,L.2.R0xI0,/work/ht203/repo/speech/reports/neuroprobe_stage0_l2_neuralset_2026_05_06/L.2.R0xI0/sub10_trial1
10,1,global_flow,0,0.0,1.0,1.0,0.3167524299599771,1.0,0.4872529463050192,3,3498,1749,245760,train_set_fixed,339.37799191474915,L.2.R0xI0,/work/ht203/repo/speech/reports/neuroprobe_stage0_l2_neuralset_2026_05_06/L.2.R0xI0/sub10_trial1
10,1,local_flow,0,0.0,1.0,1.0,0.3224699828473413,1.0,0.4858904916997412,3,3498,1749,245760,train_set_fixed,333.6840968132019,L.2.R0xI0,/work/ht203/repo/speech/reports/neuroprobe_stage0_l2_neuralset_2026_05_06/L.2.R0xI0/sub10_trial1
10,1,frame_brightness,0,0.0,1.0,1.0,0.368210405946255,1.0,0.5374276602067145,3,3498,1749,245760,train_set_fixed,303.6539947986603,L.2.R0xI0,/work/ht203/repo/speech/reports/neuroprobe_stage0_l2_neuralset_2026_05_06/L.2.R0xI0/sub10_trial1
10,1,face_num,0,0.0,1.0,1.0,0.357347055460263,1.0,0.517157317045663,3,3498,1749,245760,train_set_fixed,324.3291919231415,L.2.R0xI0,/work/ht203/repo/speech/reports/neuroprobe_stage0_l2_neuralset_2026_05_06/L.2.R0xI0/sub10_trial1
1,1,onset,0,0.0,1.0,1.0,0.5539246968730057,1.0,0.5751940143873642,2,2916,1567,245760,train_set_fixed,748.4077517986298,L.2.R0xI0,/work/ht203/repo/speech/reports/neuroprobe_stage0_l2_neuralset_2026_05_06/L.2.R0xI0/sub1_trial1
1,1,speech,0,0.0,1.0,1.0,0.6154285714285714,1.0,0.6586086530612245,2,3500,1750,245760,train_set_fixed,595.9242405891418,L.2.R0xI0,/work/ht203/repo/speech/reports/neuroprobe_stage0_l2_neuralset_2026_05_06/L.2.R0xI0/sub1_trial1
1,1,volume,0,0.0,1.0,1.0,0.3813607775871926,1.0,0.5499680287780225,3,3498,1749,245760,train_set_fixed,681.6128392219543,L.2.R0xI0,/work/ht203/repo/speech/reports/neuroprobe_stage0_l2_neuralset_2026_05_06/L.2.R0xI0/sub1_trial1
1,1,delta_volume,0,0.0,1.0,1.0,0.4219554030874786,1.0,0.5939473377092717,3,3498,1749,245760,train_set_fixed,619.6735513210297,L.2.R0xI0,/work/ht203/repo/speech/reports/neuroprobe_stage0_l2_neuralset_2026_05_06/L.2.R0xI0/sub1_trial1
1,1,pitch,0,0.0,1.0,1.0,0.3276157804459691,1.0,0.4968793733640492,3,3498,1749,245760,train_set_fixed,628.5429961681366,L.2.R0xI0,/work/ht203/repo/speech/reports/neuroprobe_stage0_l2_neuralset_2026_05_06/L.2.R0xI0/sub1_trial1
1,1,word_index,0,0.0,1.0,1.0,0.3856733524355301,1.0,0.5584776802198858,3,3060,1745,245760,train_set_fixed,649.1928915977478,L.2.R0xI0,/work/ht203/repo/speech/reports/neuroprobe_stage0_l2_neuralset_2026_05_06/L.2.R0xI0/sub1_trial1
1,1,word_gap,0,0.0,1.0,1.0,0.3396226415094339,1.0,0.5052637282563818,3,3498,1749,245760,train_set_fixed,635.6121921539307,L.2.R0xI0,/work/ht203/repo/speech/reports/neuroprobe_stage0_l2_neuralset_2026_05_06/L.2.R0xI0/sub1_trial1
1,1,gpt2_surprisal,0,0.0,1.0,1.0,0.3224699828473413,1.0,0.4803048446208418,3,3498,1749,245760,train_set_fixed,725.8926365375519,L.2.R0xI0,/work/ht203/repo/speech/reports/neuroprobe_stage0_l2_neuralset_2026_05_06/L.2.R0xI0/sub1_trial1
1,1,word_head_pos,0,0.0,1.0,1.0,0.5017142857142857,1.0,0.5220496326530613,2,3500,1750,245760,train_set_fixed,640.815642118454,L.2.R0xI0,/work/ht203/repo/speech/reports/neuroprobe_stage0_l2_neuralset_2026_05_06/L.2.R0xI0/sub1_trial1
1,1,word_part_speech,0,0.0,1.0,1.0,0.1756835369400814,1.0,0.5103701907984641,6,2760,1719,245760,train_set_fixed,502.6757428646088,L.2.R0xI0,/work/ht203/repo/speech/reports/neuroprobe_stage0_l2_neuralset_2026_05_06/L.2.R0xI0/sub1_trial1
1,1,word_length,0,0.0,1.0,1.0,0.3276157804459691,1.0,0.4937155953855523,3,3498,1749,245760,train_set_fixed,628.8733966350555,L.2.R0xI0,/work/ht203/repo/speech/reports/neuroprobe_stage0_l2_neuralset_2026_05_06/L.2.R0xI0/sub1_trial1
1,1,global_flow,0,0.0,1.0,1.0,0.3133218982275586,1.0,0.4876395921413559,3,3498,1749,245760,train_set_fixed,594.8944516181946,L.2.R0xI0,/work/ht203/repo/speech/reports/neuroprobe_stage0_l2_neuralset_2026_05_06/L.2.R0xI0/sub1_trial1
1,1,local_flow,0,0.0,1.0,1.0,0.335620354488279,1.0,0.5016723597017458,3,3498,1749,245760,train_set_fixed,668.810268163681,L.2.R0xI0,/work/ht203/repo/speech/reports/neuroprobe_stage0_l2_neuralset_2026_05_06/L.2.R0xI0/sub1_trial1
1,1,frame_brightness,0,0.0,1.0,1.0,0.3339050886220697,1.0,0.4996883786569537,3,3498,1749,245760,train_set_fixed,740.3151962757111,L.2.R0xI0,/work/ht203/repo/speech/reports/neuroprobe_stage0_l2_neuralset_2026_05_06/L.2.R0xI0/sub1_trial1
1,1,face_num,0,0.0,1.0,1.0,0.3527730131503716,1.0,0.5209465443129964,3,3498,1749,245760,train_set_fixed,847.4545373916626,L.2.R0xI0,/work/ht203/repo/speech/reports/neuroprobe_stage0_l2_neuralset_2026_05_06/L.2.R0xI0/sub1_trial1
1,2,onset,0,0.0,1.0,1.0,0.5528120713305898,1.0,0.5854097632662892,2,3134,1458,245760,train_set_fixed,682.1892347335815,L.2.R0xI0,/work/ht203/repo/speech/reports/neuroprobe_stage0_l2_neuralset_2026_05_06/L.2.R0xI0/sub1_trial2
1,2,speech,0,0.0,1.0,1.0,0.6388571428571429,1.0,0.681085387755102,2,3500,1750,245760,train_set_fixed,599.2457139492035,L.2.R0xI0,/work/ht203/repo/speech/reports/neuroprobe_stage0_l2_neuralset_2026_05_06/L.2.R0xI0/sub1_trial2
1,2,volume,0,0.0,1.0,1.0,0.3579188107489994,1.0,0.5342837416529121,3,3498,1749,245760,train_set_fixed,687.6433868408203,L.2.R0xI0,/work/ht203/repo/speech/reports/neuroprobe_stage0_l2_neuralset_2026_05_06/L.2.R0xI0/sub1_trial2
1,2,delta_volume,0,0.0,1.0,1.0,0.3945111492281303,1.0,0.5704367210079369,3,3498,1749,245760,train_set_fixed,630.1656153202057,L.2.R0xI0,/work/ht203/repo/speech/reports/neuroprobe_stage0_l2_neuralset_2026_05_06/L.2.R0xI0/sub1_trial2
1,2,pitch,0,0.0,1.0,1.0,0.3196112064036592,1.0,0.4927142880960156,3,3498,1749,245760,train_set_fixed,648.0197401046753,L.2.R0xI0,/work/ht203/repo/speech/reports/neuroprobe_stage0_l2_neuralset_2026_05_06/L.2.R0xI0/sub1_trial2
1,2,word_index,0,0.0,1.0,1.0,0.3647058823529411,1.0,0.5449051646802512,3,3489,1530,245760,train_set_fixed,692.9520552158356,L.2.R0xI0,/work/ht203/repo/speech/reports/neuroprobe_stage0_l2_neuralset_2026_05_06/L.2.R0xI0/sub1_trial2
1,2,word_gap,0,0.0,1.0,1.0,0.346483704974271,1.0,0.5085454368926325,3,3498,1749,245760,train_set_fixed,657.41943526268,L.2.R0xI0,/work/ht203/repo/speech/reports/neuroprobe_stage0_l2_neuralset_2026_05_06/L.2.R0xI0/sub1_trial2
1,2,gpt2_surprisal,0,0.0,1.0,1.0,0.3304745568896512,1.0,0.4986995754496321,3,3498,1749,245760,train_set_fixed,756.767982006073,L.2.R0xI0,/work/ht203/repo/speech/reports/neuroprobe_stage0_l2_neuralset_2026_05_06/L.2.R0xI0/sub1_trial2
1,2,word_head_pos,0,0.0,1.0,1.0,0.5217142857142857,1.0,0.5307209795918367,2,3500,1750,245760,train_set_fixed,615.8477880954742,L.2.R0xI0,/work/ht203/repo/speech/reports/neuroprobe_stage0_l2_neuralset_2026_05_06/L.2.R0xI0/sub1_trial2
1,2,word_part_speech,0,0.0,1.0,1.0,0.1644927536231884,1.0,0.4995916824196598,6,3438,1380,245760,train_set_fixed,564.6911897659302,L.2.R0xI0,/work/ht203/repo/speech/reports/neuroprobe_stage0_l2_neuralset_2026_05_06/L.2.R0xI0/sub1_trial2
1,2,word_length,0,0.0,1.0,1.0,0.3430531732418524,1.0,0.504002287021155,3,3498,1749,245760,train_set_fixed,636.5646524429321,L.2.R0xI0,/work/ht203/repo/speech/reports/neuroprobe_stage0_l2_neuralset_2026_05_06/L.2.R0xI0/sub1_trial2
1,2,global_flow,0,0.0,1.0,1.0,0.324757004002287,1.0,0.4960845060201027,3,3498,1749,245760,train_set_fixed,604.6852293014526,L.2.R0xI0,/work/ht203/repo/speech/reports/neuroprobe_stage0_l2_neuralset_2026_05_06/L.2.R0xI0/sub1_trial2
1,2,local_flow,0,0.0,1.0,1.0,0.3459119496855345,1.0,0.5144069093145115,3,3498,1749,245760,train_set_fixed,714.5187351703644,L.2.R0xI0,/work/ht203/repo/speech/reports/neuroprobe_stage0_l2_neuralset_2026_05_06/L.2.R0xI0/sub1_trial2
1,2,frame_brightness,0,0.0,1.0,1.0,0.3156089193825043,1.0,0.4934005415493489,3,3498,1749,245760,train_set_fixed,786.8419125080109,L.2.R0xI0,/work/ht203/repo/speech/reports/neuroprobe_stage0_l2_neuralset_2026_05_06/L.2.R0xI0/sub1_trial2
1,2,face_num,0,0.0,1.0,1.0,0.3379073756432247,1.0,0.5114789926515225,3,3498,1749,245760,train_set_fixed,742.5290067195892,L.2.R0xI0,/work/ht203/repo/speech/reports/neuroprobe_stage0_l2_neuralset_2026_05_06/L.2.R0xI0/sub1_trial2
2,0,onset,0,0.0,1.0,0.9996657754010696,0.6798479087452471,0.9999906166890676,0.7580909124555291,2,2992,1315,243712,train_set_fixed,643.7758493423462,L.2.R0xI0,/work/ht203/repo/speech/reports/neuroprobe_stage0_l2_neuralset_2026_05_06/L.2.R0xI0/sub2_trial0
2,0,speech,0,0.0,1.0,1.0,0.5954285714285714,1.0,0.6519477551020408,2,3500,1750,243712,train_set_fixed,610.3125,L.2.R0xI0,/work/ht203/repo/speech/reports/neuroprobe_stage0_l2_neuralset_2026_05_06/L.2.R0xI0/sub2_trial0
2,0,volume,0,0.0,1.0,1.0,0.3333333333333333,1.0,0.4958329533073052,3,3498,1749,243712,train_set_fixed,720.6299645900726,L.2.R0xI0,/work/ht203/repo/speech/reports/neuroprobe_stage0_l2_neuralset_2026_05_06/L.2.R0xI0/sub2_trial0
2,0,delta_volume,0,0.0,1.0,1.0,0.4276729559748428,1.0,0.6006870380231978,3,3498,1749,243712,train_set_fixed,653.083233833313,L.2.R0xI0,/work/ht203/repo/speech/reports/neuroprobe_stage0_l2_neuralset_2026_05_06/L.2.R0xI0/sub2_trial0
2,0,pitch,0,0.0,1.0,1.0,0.3321898227558605,1.0,0.4972432176386998,3,3498,1749,243712,train_set_fixed,669.5143251419067,L.2.R0xI0,/work/ht203/repo/speech/reports/neuroprobe_stage0_l2_neuralset_2026_05_06/L.2.R0xI0/sub2_trial0
2,0,word_index,0,0.0,1.0,1.0,0.4989532449406839,1.0,0.6831812737116207,3,3192,1433,243712,train_set_fixed,625.3029654026031,L.2.R0xI0,/work/ht203/repo/speech/reports/neuroprobe_stage0_l2_neuralset_2026_05_06/L.2.R0xI0/sub2_trial0
2,0,word_gap,0,0.0,1.0,1.0,0.3556763285024155,1.0,0.5199185110796051,3,3498,1656,243712,train_set_fixed,676.0210864543915,L.2.R0xI0,/work/ht203/repo/speech/reports/neuroprobe_stage0_l2_neuralset_2026_05_06/L.2.R0xI0/sub2_trial0
2,0,gpt2_surprisal,0,0.0,1.0,1.0,0.3847913093196112,1.0,0.547802370773988,3,3498,1749,243712,train_set_fixed,804.1673665046692,L.2.R0xI0,/work/ht203/repo/speech/reports/neuroprobe_stage0_l2_neuralset_2026_05_06/L.2.R0xI0/sub2_trial0
2,0,word_head_pos,0,0.0,1.0,1.0,0.5382857142857143,1.0,0.5507702857142858,2,3500,1750,243712,train_set_fixed,643.0101947784424,L.2.R0xI0,/work/ht203/repo/speech/reports/neuroprobe_stage0_l2_neuralset_2026_05_06/L.2.R0xI0/sub2_trial0
2,0,word_part_speech,0,0.0,1.0,1.0,0.1648550724637681,1.0,0.5178501102709515,6,2346,1104,243712,train_set_fixed,403.14183807373047,L.2.R0xI0,/work/ht203/repo/speech/reports/neuroprobe_stage0_l2_neuralset_2026_05_06/L.2.R0xI0/sub2_trial0
2,0,word_length,0,0.0,1.0,1.0,0.3516295025728988,1.0,0.5141166184646556,3,3498,1749,243712,train_set_fixed,683.9941065311432,L.2.R0xI0,/work/ht203/repo/speech/reports/neuroprobe_stage0_l2_neuralset_2026_05_06/L.2.R0xI0/sub2_trial0
2,0,global_flow,0,0.0,1.0,1.0,0.353344768439108,1.0,0.5333383349662194,3,3498,1749,243712,train_set_fixed,647.1591029167175,L.2.R0xI0,/work/ht203/repo/speech/reports/neuroprobe_stage0_l2_neuralset_2026_05_06/L.2.R0xI0/sub2_trial0
2,0,local_flow,0,0.0,1.0,1.0,0.3396226415094339,1.0,0.5038377725276978,3,3498,1749,243712,train_set_fixed,760.5272810459137,L.2.R0xI0,/work/ht203/repo/speech/reports/neuroprobe_stage0_l2_neuralset_2026_05_06/L.2.R0xI0/sub2_trial0
2,0,frame_brightness,0,0.0,1.0,1.0,0.3384791309319611,1.0,0.5042558011586136,3,3498,1749,243712,train_set_fixed,848.4066476821899,L.2.R0xI0,/work/ht203/repo/speech/reports/neuroprobe_stage0_l2_neuralset_2026_05_06/L.2.R0xI0/sub2_trial0
2,0,face_num,0,0.0,1.0,1.0,0.3299028016009148,1.0,0.496850932706462,3,2988,1749,243712,train_set_fixed,663.1290490627289,L.2.R0xI0,/work/ht203/repo/speech/reports/neuroprobe_stage0_l2_neuralset_2026_05_06/L.2.R0xI0/sub2_trial0
2,4,onset,0,-0.0,1.0,1.0,0.642379679144385,1.0,0.703926156023907,2,2630,1496,243712,train_set_fixed,438.65574741363525,L.2.R0xI0,/work/ht203/repo/speech/reports/neuroprobe_stage0_l2_neuralset_2026_05_06/L.2.R0xI0/sub2_trial4
2,4,speech,0,-0.0,1.0,1.0,0.584,1.0,0.6151787755102041,2,3500,1750,243712,train_set_fixed,482.8100907802582,L.2.R0xI0,/work/ht203/repo/speech/reports/neuroprobe_stage0_l2_neuralset_2026_05_06/L.2.R0xI0/sub2_trial4
2,4,volume,0,-0.0,1.0,1.0,0.3699256718124643,1.0,0.5444966346856376,3,3498,1749,243712,train_set_fixed,476.8517158031464,L.2.R0xI0,/work/ht203/repo/speech/reports/neuroprobe_stage0_l2_neuralset_2026_05_06/L.2.R0xI0/sub2_trial4
2,4,delta_volume,0,-0.0,1.0,1.0,0.4379645511720983,1.0,0.6133129737453502,3,3498,1749,243712,train_set_fixed,480.3606705665589,L.2.R0xI0,/work/ht203/repo/speech/reports/neuroprobe_stage0_l2_neuralset_2026_05_06/L.2.R0xI0/sub2_trial4
2,4,pitch,0,-0.0,1.0,1.0,0.3550600343053173,1.0,0.5187978035966644,3,3498,1749,243712,train_set_fixed,494.1113965511322,L.2.R0xI0,/work/ht203/repo/speech/reports/neuroprobe_stage0_l2_neuralset_2026_05_06/L.2.R0xI0/sub2_trial4
2,4,word_index,0,-0.0,1.0,1.0,0.4110275689223057,1.0,0.5995245397327906,3,2865,1596,243712,train_set_fixed,373.3954212665558,L.2.R0xI0,/work/ht203/repo/speech/reports/neuroprobe_stage0_l2_neuralset_2026_05_06/L.2.R0xI0/sub2_trial4
2,4,word_gap,0,-0.0,1.0,1.0,0.3459119496855345,1.0,0.5142892238348401,3,3312,1749,243712,train_set_fixed,473.9630913734436,L.2.R0xI0,/work/ht203/repo/speech/reports/neuroprobe_stage0_l2_neuralset_2026_05_06/L.2.R0xI0/sub2_trial4
2,4,gpt2_surprisal,0,-0.0,1.0,1.0,0.3544882790165809,1.0,0.5225826176585101,3,3498,1749,243712,train_set_fixed,518.4292917251587,L.2.R0xI0,/work/ht203/repo/speech/reports/neuroprobe_stage0_l2_neuralset_2026_05_06/L.2.R0xI0/sub2_trial4
2,4,word_head_pos,0,-0.0,1.0,1.0,0.5062857142857143,1.0,0.5101779591836735,2,3500,1750,243712,train_set_fixed,450.0381391048432,L.2.R0xI0,/work/ht203/repo/speech/reports/neuroprobe_stage0_l2_neuralset_2026_05_06/L.2.R0xI0/sub2_trial4
2,4,word_part_speech,0,-0.0,1.0,1.0,0.1815856777493606,1.0,0.5195287366522106,6,2208,1173,243712,train_set_fixed,293.1038956642151,L.2.R0xI0,/work/ht203/repo/speech/reports/neuroprobe_stage0_l2_neuralset_2026_05_06/L.2.R0xI0/sub2_trial4
2,4,word_length,0,-0.0,1.0,1.0,0.3522012578616352,1.0,0.5189591307750471,3,3498,1749,243712,train_set_fixed,473.2890560626984,L.2.R0xI0,/work/ht203/repo/speech/reports/neuroprobe_stage0_l2_neuralset_2026_05_06/L.2.R0xI0/sub2_trial4
2,4,global_flow,0,-0.0,1.0,1.0,0.3384791309319611,1.0,0.5137297274502362,3,3498,1749,243712,train_set_fixed,451.3778584003449,L.2.R0xI0,/work/ht203/repo/speech/reports/neuroprobe_stage0_l2_neuralset_2026_05_06/L.2.R0xI0/sub2_trial4
2,4,local_flow,0,-0.0,1.0,0.9997141223556318,0.353344768439108,1.0,0.5136228298062014,3,3498,1749,243712,train_set_fixed,419.87465929985046,L.2.R0xI0,/work/ht203/repo/speech/reports/neuroprobe_stage0_l2_neuralset_2026_05_06/L.2.R0xI0/sub2_trial4
2,4,frame_brightness,0,-0.0,1.0,1.0,0.3510577472841624,1.0,0.5184574964179481,3,3498,1749,243712,train_set_fixed,446.2557580471039,L.2.R0xI0,/work/ht203/repo/speech/reports/neuroprobe_stage0_l2_neuralset_2026_05_06/L.2.R0xI0/sub2_trial4
2,4,face_num,0,-0.0,1.0,1.0,0.3393574297188755,1.0,0.5044189475438569,3,3498,1494,243712,train_set_fixed,323.7467370033264,L.2.R0xI0,/work/ht203/repo/speech/reports/neuroprobe_stage0_l2_neuralset_2026_05_06/L.2.R0xI0/sub2_trial4
3,0,onset,0,0.0,1.0,1.0,0.7228571428571429,1.0,0.8425616326530612,2,2244,1750,223232,train_set_fixed,92.91340208053587,L.2.R0xI0,/work/ht203/repo/speech/reports/neuroprobe_stage0_l2_neuralset_2026_05_06/L.2.R0xI0/sub3_trial0
3,0,speech,0,0.0,1.0,1.0,0.6137142857142858,1.0,0.6842579591836735,2,3500,1750,223232,train_set_fixed,120.58267641067503,L.2.R0xI0,/work/ht203/repo/speech/reports/neuroprobe_stage0_l2_neuralset_2026_05_06/L.2.R0xI0/sub3_trial0
3,0,volume,0,0.0,1.0,1.0,0.4048027444253859,1.0,0.5755886480586309,3,3498,1749,223232,train_set_fixed,152.44480681419373,L.2.R0xI0,/work/ht203/repo/speech/reports/neuroprobe_stage0_l2_neuralset_2026_05_06/L.2.R0xI0/sub3_trial0
3,0,delta_volume,0,0.0,1.0,1.0,0.4248141795311607,1.0,0.6073110142821138,3,3498,1749,223232,train_set_fixed,151.36364340782166,L.2.R0xI0,/work/ht203/repo/speech/reports/neuroprobe_stage0_l2_neuralset_2026_05_06/L.2.R0xI0/sub3_trial0
3,0,pitch,0,0.0,1.0,1.0,0.3687821612349914,1.0,0.5252553039374619,3,3498,1749,223232,train_set_fixed,149.16708970069885,L.2.R0xI0,/work/ht203/repo/speech/reports/neuroprobe_stage0_l2_neuralset_2026_05_06/L.2.R0xI0/sub3_trial0
3,0,word_index,0,0.0,1.0,1.0,0.5237278444825615,1.0,0.7268127731896786,3,2514,1749,223232,train_set_fixed,108.11410355567932,L.2.R0xI0,/work/ht203/repo/speech/reports/neuroprobe_stage0_l2_neuralset_2026_05_06/L.2.R0xI0/sub3_trial0
3,0,word_gap,0,0.0,1.0,1.0,0.3687821612349914,1.0,0.5444637808225626,3,2970,1749,223232,train_set_fixed,126.71135020256042,L.2.R0xI0,/work/ht203/repo/speech/reports/neuroprobe_stage0_l2_neuralset_2026_05_06/L.2.R0xI0/sub3_trial0
3,0,gpt2_surprisal,0,0.0,1.0,1.0,0.3744997141223556,1.0,0.5520557201517751,3,3498,1749,223232,train_set_fixed,157.99666261672974,L.2.R0xI0,/work/ht203/repo/speech/reports/neuroprobe_stage0_l2_neuralset_2026_05_06/L.2.R0xI0/sub3_trial0
3,0,word_head_pos,0,0.0,1.0,1.0,0.5337142857142857,1.0,0.5564777142857144,2,3500,1750,223232,train_set_fixed,131.5074281692505,L.2.R0xI0,/work/ht203/repo/speech/reports/neuroprobe_stage0_l2_neuralset_2026_05_06/L.2.R0xI0/sub3_trial0
3,0,word_part_speech,0,0.0,1.0,1.0,0.2041166380789022,1.0,0.5414636609705182,6,2442,1749,223232,train_set_fixed,110.05603241920473,L.2.R0xI0,/work/ht203/repo/speech/reports/neuroprobe_stage0_l2_neuralset_2026_05_06/L.2.R0xI0/sub3_trial0
3,0,word_length,0,0.0,1.0,1.0,0.3945111492281303,1.0,0.5725538337516072,3,3498,1749,223232,train_set_fixed,151.71466660499573,L.2.R0xI0,/work/ht203/repo/speech/reports/neuroprobe_stage0_l2_neuralset_2026_05_06/L.2.R0xI0/sub3_trial0
3,0,global_flow,0,0.0,1.0,1.0,0.3584905660377358,1.0,0.5389811085383758,3,3498,1749,223232,train_set_fixed,150.72280621528623,L.2.R0xI0,/work/ht203/repo/speech/reports/neuroprobe_stage0_l2_neuralset_2026_05_06/L.2.R0xI0/sub3_trial0
3,0,local_flow,0,0.0,1.0,1.0,0.3333333333333333,1.0,0.5132734510384273,3,3498,1749,223232,train_set_fixed,149.29629468917847,L.2.R0xI0,/work/ht203/repo/speech/reports/neuroprobe_stage0_l2_neuralset_2026_05_06/L.2.R0xI0/sub3_trial0
3,0,frame_brightness,0,0.0,1.0,1.0,0.342481417953116,1.0,0.5166605862502169,3,3498,1749,223232,train_set_fixed,151.28002452850342,L.2.R0xI0,/work/ht203/repo/speech/reports/neuroprobe_stage0_l2_neuralset_2026_05_06/L.2.R0xI0/sub3_trial0
3,0,face_num,0,0.0,1.0,1.0,0.3504859919954259,1.0,0.514675869671177,3,3498,1749,223232,train_set_fixed,144.51454973220825,L.2.R0xI0,/work/ht203/repo/speech/reports/neuroprobe_stage0_l2_neuralset_2026_05_06/L.2.R0xI0/sub3_trial0
3,1,onset,0,0.0,1.0,1.0,0.7745098039215687,1.0,0.8607067847394994,2,3500,1122,223232,train_set_fixed,183.5171489715576,L.2.R0xI0,/work/ht203/repo/speech/reports/neuroprobe_stage0_l2_neuralset_2026_05_06/L.2.R0xI0/sub3_trial1
3,1,speech,0,0.0,1.0,1.0,0.644,1.0,0.6863500408163266,2,3500,1750,223232,train_set_fixed,143.8832142353058,L.2.R0xI0,/work/ht203/repo/speech/reports/neuroprobe_stage0_l2_neuralset_2026_05_06/L.2.R0xI0/sub3_trial1
3,1,volume,0,0.0,1.0,1.0,0.3659233847913093,1.0,0.5384738350853758,3,3498,1749,223232,train_set_fixed,176.29685640335083,L.2.R0xI0,/work/ht203/repo/speech/reports/neuroprobe_stage0_l2_neuralset_2026_05_06/L.2.R0xI0/sub3_trial1
3,1,delta_volume,0,0.0,1.0,1.0,0.457975986277873,1.0,0.6379538614076948,3,3498,1749,223232,train_set_fixed,194.89107966423035,L.2.R0xI0,/work/ht203/repo/speech/reports/neuroprobe_stage0_l2_neuralset_2026_05_06/L.2.R0xI0/sub3_trial1
3,1,pitch,0,0.0,1.0,1.0,0.3499142367066895,1.0,0.5152848920284759,3,3498,1749,223232,train_set_fixed,182.707056760788,L.2.R0xI0,/work/ht203/repo/speech/reports/neuroprobe_stage0_l2_neuralset_2026_05_06/L.2.R0xI0/sub3_trial1
3,1,word_index,0,0.0,1.0,1.0,0.5958631662688942,1.0,0.7808012599609252,3,3498,1257,223232,train_set_fixed,169.08305096626282,L.2.R0xI0,/work/ht203/repo/speech/reports/neuroprobe_stage0_l2_neuralset_2026_05_06/L.2.R0xI0/sub3_trial1
3,1,word_gap,0,0.0,1.0,1.0,0.3757575757575757,1.0,0.5489919395980002,3,3498,1485,223232,train_set_fixed,175.45700907707214,L.2.R0xI0,/work/ht203/repo/speech/reports/neuroprobe_stage0_l2_neuralset_2026_05_06/L.2.R0xI0/sub3_trial1
3,1,gpt2_surprisal,0,0.0,1.0,1.0,0.3853630646083476,1.0,0.5671476570292067,3,3498,1749,223232,train_set_fixed,191.7256622314453,L.2.R0xI0,/work/ht203/repo/speech/reports/neuroprobe_stage0_l2_neuralset_2026_05_06/L.2.R0xI0/sub3_trial1
3,1,word_head_pos,0,0.0,1.0,1.0,0.5628571428571428,1.0,0.570814693877551,2,3500,1750,223232,train_set_fixed,205.41000628471372,L.2.R0xI0,/work/ht203/repo/speech/reports/neuroprobe_stage0_l2_neuralset_2026_05_06/L.2.R0xI0/sub3_trial1
3,1,word_part_speech,0,0.0,1.0,1.0,0.2006552006552006,1.0,0.5447415217939063,6,3498,1221,223232,train_set_fixed,165.81833338737488,L.2.R0xI0,/work/ht203/repo/speech/reports/neuroprobe_stage0_l2_neuralset_2026_05_06/L.2.R0xI0/sub3_trial1
3,1,word_length,0,0.0,1.0,1.0,0.4065180102915952,1.0,0.5830437780177254,3,3498,1749,223232,train_set_fixed,171.8876292705536,L.2.R0xI0,/work/ht203/repo/speech/reports/neuroprobe_stage0_l2_neuralset_2026_05_06/L.2.R0xI0/sub3_trial1
3,1,global_flow,0,0.0,1.0,1.0,0.3396226415094339,1.0,0.5104396827591754,3,3498,1749,223232,train_set_fixed,174.54272866249084,L.2.R0xI0,/work/ht203/repo/speech/reports/neuroprobe_stage0_l2_neuralset_2026_05_06/L.2.R0xI0/sub3_trial1
3,1,local_flow,0,0.0,1.0,1.0,0.346483704974271,1.0,0.5151534765761764,3,3498,1749,223232,train_set_fixed,168.2015130519867,L.2.R0xI0,/work/ht203/repo/speech/reports/neuroprobe_stage0_l2_neuralset_2026_05_06/L.2.R0xI0/sub3_trial1
3,1,frame_brightness,0,0.0,1.0,1.0,0.3327615780445969,1.0,0.4961649244312114,3,3498,1749,223232,train_set_fixed,163.3297324180603,L.2.R0xI0,/work/ht203/repo/speech/reports/neuroprobe_stage0_l2_neuralset_2026_05_06/L.2.R0xI0/sub3_trial1
3,1,face_num,0,0.0,1.0,1.0,0.3344768439108062,1.0,0.4941407341808649,3,3498,1749,223232,train_set_fixed,172.57758975028992,L.2.R0xI0,/work/ht203/repo/speech/reports/neuroprobe_stage0_l2_neuralset_2026_05_06/L.2.R0xI0/sub3_trial1
4,0,onset,0,0.0,1.0,1.0,0.6893939393939394,1.0,0.7562225594008264,2,2898,1056,245760,train_set_fixed,209.0915327072144,L.2.R0xI0,/work/ht203/repo/speech/reports/neuroprobe_stage0_l2_neuralset_2026_05_06/L.2.R0xI0/sub4_trial0
4,0,speech,0,0.0,1.0,1.0,0.5365714285714286,1.0,0.5778902857142858,2,3500,1750,245760,train_set_fixed,256.51532340049744,L.2.R0xI0,/work/ht203/repo/speech/reports/neuroprobe_stage0_l2_neuralset_2026_05_06/L.2.R0xI0/sub4_trial0
4,0,volume,0,0.0,1.0,1.0,0.3619210977701543,1.0,0.5340412605291728,3,3498,1749,245760,train_set_fixed,541.1485707759857,L.2.R0xI0,/work/ht203/repo/speech/reports/neuroprobe_stage0_l2_neuralset_2026_05_06/L.2.R0xI0/sub4_trial0
4,0,delta_volume,0,0.0,1.0,1.0,0.4202401372212693,1.0,0.5985861070329823,3,3498,1749,245760,train_set_fixed,547.4504787921906,L.2.R0xI0,/work/ht203/repo/speech/reports/neuroprobe_stage0_l2_neuralset_2026_05_06/L.2.R0xI0/sub4_trial0
4,0,pitch,0,0.0,1.0,0.9997141223556318,0.3436249285305889,1.0,0.5133555856961145,3,3498,1749,245760,train_set_fixed,611.9620313644409,L.2.R0xI0,/work/ht203/repo/speech/reports/neuroprobe_stage0_l2_neuralset_2026_05_06/L.2.R0xI0/sub4_trial0
4,0,word_index,0,0.0,1.0,1.0,0.5030891438658429,1.0,0.6796402515440346,3,3117,1133,245760,train_set_fixed,546.1417572498322,L.2.R0xI0,/work/ht203/repo/speech/reports/neuroprobe_stage0_l2_neuralset_2026_05_06/L.2.R0xI0/sub4_trial0
4,0,word_gap,0,0.0,1.0,1.0,0.4042309891366495,1.0,0.5684718638535914,3,3498,1749,245760,train_set_fixed,647.207836151123,L.2.R0xI0,/work/ht203/repo/speech/reports/neuroprobe_stage0_l2_neuralset_2026_05_06/L.2.R0xI0/sub4_trial0
4,0,gpt2_surprisal,0,0.0,1.0,1.0,0.3430531732418524,1.0,0.5167211452366312,3,3498,1749,245760,train_set_fixed,501.2348737716675,L.2.R0xI0,/work/ht203/repo/speech/reports/neuroprobe_stage0_l2_neuralset_2026_05_06/L.2.R0xI0/sub4_trial0
4,0,word_head_pos,0,0.0,1.0,1.0,0.5234285714285715,1.0,0.5301361632653061,2,3500,1750,245760,train_set_fixed,305.59023690223694,L.2.R0xI0,/work/ht203/repo/speech/reports/neuroprobe_stage0_l2_neuralset_2026_05_06/L.2.R0xI0/sub4_trial0
4,0,word_part_speech,0,0.0,1.0,1.0,0.1898625429553264,1.0,0.5238672193290113,6,3234,1164,245760,train_set_fixed,760.6805391311646,L.2.R0xI0,/work/ht203/repo/speech/reports/neuroprobe_stage0_l2_neuralset_2026_05_06/L.2.R0xI0/sub4_trial0
4,0,word_length,0,0.0,1.0,1.0,0.3510577472841624,1.0,0.5229339578509454,3,3498,1749,245760,train_set_fixed,503.4084858894348,L.2.R0xI0,/work/ht203/repo/speech/reports/neuroprobe_stage0_l2_neuralset_2026_05_06/L.2.R0xI0/sub4_trial0
4,0,global_flow,0,0.0,1.0,1.0,0.3327615780445969,1.0,0.4970990529261023,3,3498,1749,245760,train_set_fixed,486.42260575294495,L.2.R0xI0,/work/ht203/repo/speech/reports/neuroprobe_stage0_l2_neuralset_2026_05_06/L.2.R0xI0/sub4_trial0
4,0,local_flow,0,0.0,1.0,1.0,0.3281875357347055,1.0,0.5030620290741977,3,3498,1749,245760,train_set_fixed,551.3159954547882,L.2.R0xI0,/work/ht203/repo/speech/reports/neuroprobe_stage0_l2_neuralset_2026_05_06/L.2.R0xI0/sub4_trial0
4,0,frame_brightness,0,0.0,1.0,1.0,0.3596340766152087,1.0,0.5304062502758254,3,3498,1749,245760,train_set_fixed,449.5239222049713,L.2.R0xI0,/work/ht203/repo/speech/reports/neuroprobe_stage0_l2_neuralset_2026_05_06/L.2.R0xI0/sub4_trial0
4,0,face_num,0,0.0,1.0,1.0,0.3218982275586049,1.0,0.4900077672416583,3,3498,1749,245760,train_set_fixed,461.0257201194763,L.2.R0xI0,/work/ht203/repo/speech/reports/neuroprobe_stage0_l2_neuralset_2026_05_06/L.2.R0xI0/sub4_trial0
4,1,onset,0,0.0,1.0,1.0,0.6756383712905452,1.0,0.7156801295484856,2,2112,1449,245760,train_set_fixed,284.61680030822754,L.2.R0xI0,/work/ht203/repo/speech/reports/neuroprobe_stage0_l2_neuralset_2026_05_06/L.2.R0xI0/sub4_trial1
4,1,speech,0,0.0,1.0,1.0,0.5508571428571428,1.0,0.5672858775510203,2,3500,1750,245760,train_set_fixed,397.94443678855896,L.2.R0xI0,/work/ht203/repo/speech/reports/neuroprobe_stage0_l2_neuralset_2026_05_06/L.2.R0xI0/sub4_trial1
4,1,volume,0,0.0,1.0,1.0,0.3470554602630074,1.0,0.5095972508671949,3,3498,1749,245760,train_set_fixed,703.8069651126862,L.2.R0xI0,/work/ht203/repo/speech/reports/neuroprobe_stage0_l2_neuralset_2026_05_06/L.2.R0xI0/sub4_trial1
4,1,delta_volume,0,0.0,1.0,1.0,0.4099485420240137,1.0,0.5852790665972322,3,3498,1749,245760,train_set_fixed,630.5279755592346,L.2.R0xI0,/work/ht203/repo/speech/reports/neuroprobe_stage0_l2_neuralset_2026_05_06/L.2.R0xI0/sub4_trial1
4,1,pitch,0,0.0,1.0,1.0,0.3487707261292166,1.0,0.5261578044596912,3,3498,1749,245760,train_set_fixed,662.0859801769257,L.2.R0xI0,/work/ht203/repo/speech/reports/neuroprobe_stage0_l2_neuralset_2026_05_06/L.2.R0xI0/sub4_trial1
4,1,word_index,0,0.0,1.0,1.0,0.4490057729313663,1.0,0.6203619056395459,3,2265,1559,245760,train_set_fixed,358.4997441768646,L.2.R0xI0,/work/ht203/repo/speech/reports/neuroprobe_stage0_l2_neuralset_2026_05_06/L.2.R0xI0/sub4_trial1
4,1,word_gap,0,0.0,1.0,0.9997141223556318,0.353344768439108,0.99996297810952,0.525415650403514,3,3498,1749,245760,train_set_fixed,608.7423338890076,L.2.R0xI0,/work/ht203/repo/speech/reports/neuroprobe_stage0_l2_neuralset_2026_05_06/L.2.R0xI0/sub4_trial1
4,1,gpt2_surprisal,0,0.0,1.0,1.0,0.3299028016009148,1.0,0.5157882426321535,3,3498,1749,245760,train_set_fixed,700.3238022327423,L.2.R0xI0,/work/ht203/repo/speech/reports/neuroprobe_stage0_l2_neuralset_2026_05_06/L.2.R0xI0/sub4_trial1
4,1,word_head_pos,0,0.0,1.0,1.0,0.524,1.0,0.5295728979591837,2,3500,1750,245760,train_set_fixed,298.2611300945282,L.2.R0xI0,/work/ht203/repo/speech/reports/neuroprobe_stage0_l2_neuralset_2026_05_06/L.2.R0xI0/sub4_trial1
4,1,word_part_speech,0,0.0,1.0,1.0,0.194186765615337,1.0,0.5250567768694651,6,2328,1617,245760,train_set_fixed,351.510009765625,L.2.R0xI0,/work/ht203/repo/speech/reports/neuroprobe_stage0_l2_neuralset_2026_05_06/L.2.R0xI0/sub4_trial1
4,1,word_length,0,0.0,1.0,1.0,0.3773584905660377,1.0,0.5368269739042256,3,3498,1749,245760,train_set_fixed,509.8299231529236,L.2.R0xI0,/work/ht203/repo/speech/reports/neuroprobe_stage0_l2_neuralset_2026_05_06/L.2.R0xI0/sub4_trial1
4,1,global_flow,0,0.0,1.0,1.0,0.3522012578616352,1.0,0.5141411362729206,3,3498,1749,245760,train_set_fixed,506.63024616241455,L.2.R0xI0,/work/ht203/repo/speech/reports/neuroprobe_stage0_l2_neuralset_2026_05_06/L.2.R0xI0/sub4_trial1
4,1,local_flow,0,0.0,1.0,1.0,0.3567753001715266,1.0,0.525199403334618,3,3498,1749,245760,train_set_fixed,540.7471597194672,L.2.R0xI0,/work/ht203/repo/speech/reports/neuroprobe_stage0_l2_neuralset_2026_05_06/L.2.R0xI0/sub4_trial1
4,1,frame_brightness,0,0.0,1.0,1.0,0.3419096626643796,1.0,0.5006028929052327,3,3498,1749,245760,train_set_fixed,528.0747630596161,L.2.R0xI0,/work/ht203/repo/speech/reports/neuroprobe_stage0_l2_neuralset_2026_05_06/L.2.R0xI0/sub4_trial1
4,1,face_num,0,0.0,1.0,1.0,0.3333333333333333,1.0,0.5020857299490912,3,3498,1749,245760,train_set_fixed,542.2515399456024,L.2.R0xI0,/work/ht203/repo/speech/reports/neuroprobe_stage0_l2_neuralset_2026_05_06/L.2.R0xI0/sub4_trial1
7,0,onset,0,0.0,1.0,1.0,0.676,1.0,0.744414693877551,2,2898,1750,243712,train_set_fixed,384.5066130161285,L.2.R0xI0,/work/ht203/repo/speech/reports/neuroprobe_stage0_l2_neuralset_2026_05_06/L.2.R0xI0/sub7_trial0
7,0,speech,0,0.0,1.0,1.0,0.5268571428571428,1.0,0.547597387755102,2,3108,1750,243712,train_set_fixed,391.679119348526,L.2.R0xI0,/work/ht203/repo/speech/reports/neuroprobe_stage0_l2_neuralset_2026_05_06/L.2.R0xI0/sub7_trial0
7,0,volume,0,0.0,1.0,1.0,0.3470554602630074,1.0,0.5147550621918725,3,3498,1749,243712,train_set_fixed,750.8582186698914,L.2.R0xI0,/work/ht203/repo/speech/reports/neuroprobe_stage0_l2_neuralset_2026_05_06/L.2.R0xI0/sub7_trial0
7,0,delta_volume,0,0.0,1.0,1.0,0.3996569468267582,1.0,0.5706358056110475,3,3498,1749,243712,train_set_fixed,641.7054874897003,L.2.R0xI0,/work/ht203/repo/speech/reports/neuroprobe_stage0_l2_neuralset_2026_05_06/L.2.R0xI0/sub7_trial0
7,0,pitch,0,0.0,1.0,1.0,0.3281875357347055,1.0,0.4973908148444541,3,3498,1749,243712,train_set_fixed,709.8355162143707,L.2.R0xI0,/work/ht203/repo/speech/reports/neuroprobe_stage0_l2_neuralset_2026_05_06/L.2.R0xI0/sub7_trial0
7,0,word_index,0,0.0,1.0,1.0,0.461978273299028,1.0,0.6409648934407017,3,3117,1749,243712,train_set_fixed,610.9830231666565,L.2.R0xI0,/work/ht203/repo/speech/reports/neuroprobe_stage0_l2_neuralset_2026_05_06/L.2.R0xI0/sub7_trial0
7,0,word_gap,0,0.0,1.0,1.0,0.3361921097770154,1.0,0.5061520084498174,3,3498,1749,243712,train_set_fixed,722.4997797012329,L.2.R0xI0,/work/ht203/repo/speech/reports/neuroprobe_stage0_l2_neuralset_2026_05_06/L.2.R0xI0/sub7_trial0
7,0,gpt2_surprisal,0,0.0,1.0,1.0,0.375071469411092,1.0,0.5507940337384656,3,3498,1749,243712,train_set_fixed,649.6853721141815,L.2.R0xI0,/work/ht203/repo/speech/reports/neuroprobe_stage0_l2_neuralset_2026_05_06/L.2.R0xI0/sub7_trial0
7,0,word_head_pos,0,0.0,1.0,1.0,0.5234285714285715,1.0,0.5347856326530613,2,3500,1750,243712,train_set_fixed,395.4478826522827,L.2.R0xI0,/work/ht203/repo/speech/reports/neuroprobe_stage0_l2_neuralset_2026_05_06/L.2.R0xI0/sub7_trial0
7,0,word_part_speech,0,0.0,1.0,1.0,0.194396798170383,1.0,0.5278703626095801,6,3234,1749,243712,train_set_fixed,549.2322351932526,L.2.R0xI0,/work/ht203/repo/speech/reports/neuroprobe_stage0_l2_neuralset_2026_05_06/L.2.R0xI0/sub7_trial0
7,0,word_length,0,0.0,1.0,1.0,0.3373356203544883,1.0,0.5136591161624334,3,3498,1749,243712,train_set_fixed,743.1062431335449,L.2.R0xI0,/work/ht203/repo/speech/reports/neuroprobe_stage0_l2_neuralset_2026_05_06/L.2.R0xI0/sub7_trial0
7,0,global_flow,0,0.0,1.0,1.0,0.3567753001715266,1.0,0.5238352324827615,3,3498,1749,243712,train_set_fixed,567.0720813274384,L.2.R0xI0,/work/ht203/repo/speech/reports/neuroprobe_stage0_l2_neuralset_2026_05_06/L.2.R0xI0/sub7_trial0
7,0,local_flow,0,0.0,1.0,1.0,0.3487707261292166,1.0,0.5131650823258965,3,3498,1749,243712,train_set_fixed,616.514660358429,L.2.R0xI0,/work/ht203/repo/speech/reports/neuroprobe_stage0_l2_neuralset_2026_05_06/L.2.R0xI0/sub7_trial0
7,0,frame_brightness,0,0.0,1.0,1.0,0.3253287592910234,1.0,0.4989864338063309,3,3498,1749,243712,train_set_fixed,511.32784962654114,L.2.R0xI0,/work/ht203/repo/speech/reports/neuroprobe_stage0_l2_neuralset_2026_05_06/L.2.R0xI0/sub7_trial0
7,0,face_num,0,0.0,1.0,1.0,0.3241852487135506,1.0,0.4892013765278272,3,3498,1749,243712,train_set_fixed,602.7892873287201,L.2.R0xI0,/work/ht203/repo/speech/reports/neuroprobe_stage0_l2_neuralset_2026_05_06/L.2.R0xI0/sub7_trial0
7,1,onset,0,0.0,1.0,1.0,0.6549344375431332,1.0,0.7087102305200992,2,3500,1449,243712,train_set_fixed,482.3622410297394,L.2.R0xI0,/work/ht203/repo/speech/reports/neuroprobe_stage0_l2_neuralset_2026_05_06/L.2.R0xI0/sub7_trial1
7,1,speech,0,0.0,1.0,1.0,0.5276705276705277,1.0,0.54037863014697,2,3500,1554,243712,train_set_fixed,423.3208873271942,L.2.R0xI0,/work/ht203/repo/speech/reports/neuroprobe_stage0_l2_neuralset_2026_05_06/L.2.R0xI0/sub7_trial1
7,1,volume,0,0.0,1.0,1.0,0.3476272155517438,1.0,0.5121502902418142,3,3498,1749,243712,train_set_fixed,720.5730447769165,L.2.R0xI0,/work/ht203/repo/speech/reports/neuroprobe_stage0_l2_neuralset_2026_05_06/L.2.R0xI0/sub7_trial1
7,1,delta_volume,0,0.0,1.0,1.0,0.4025157232704403,1.0,0.579120683517266,3,3498,1749,243712,train_set_fixed,747.6710004806519,L.2.R0xI0,/work/ht203/repo/speech/reports/neuroprobe_stage0_l2_neuralset_2026_05_06/L.2.R0xI0/sub7_trial1
7,1,pitch,0,0.0,1.0,1.0,0.3493424814179531,1.0,0.5122157527898814,3,3498,1749,243712,train_set_fixed,896.1752774715424,L.2.R0xI0,/work/ht203/repo/speech/reports/neuroprobe_stage0_l2_neuralset_2026_05_06/L.2.R0xI0/sub7_trial1
7,1,word_index,0,0.0,1.0,1.0,0.4618345093008338,1.0,0.6336791393021122,3,3498,1559,243712,train_set_fixed,734.0059123039246,L.2.R0xI0,/work/ht203/repo/speech/reports/neuroprobe_stage0_l2_neuralset_2026_05_06/L.2.R0xI0/sub7_trial1
7,1,word_gap,0,0.0,1.0,1.0,0.3567753001715266,1.0,0.5283617102446191,3,3498,1749,243712,train_set_fixed,651.0003168582916,L.2.R0xI0,/work/ht203/repo/speech/reports/neuroprobe_stage0_l2_neuralset_2026_05_06/L.2.R0xI0/sub7_trial1
7,1,gpt2_surprisal,0,0.0,1.0,1.0,0.3602058319039451,1.0,0.5325611204442234,3,3498,1749,243712,train_set_fixed,625.2109453678131,L.2.R0xI0,/work/ht203/repo/speech/reports/neuroprobe_stage0_l2_neuralset_2026_05_06/L.2.R0xI0/sub7_trial1
7,1,word_head_pos,0,0.0,1.0,1.0,0.5382857142857143,1.0,0.5493224489795918,2,3500,1750,243712,train_set_fixed,431.4849603176117,L.2.R0xI0,/work/ht203/repo/speech/reports/neuroprobe_stage0_l2_neuralset_2026_05_06/L.2.R0xI0/sub7_trial1
7,1,word_part_speech,0,0.0,1.0,1.0,0.1824366110080395,1.0,0.5225630775926783,6,3498,1617,243712,train_set_fixed,609.419840335846,L.2.R0xI0,/work/ht203/repo/speech/reports/neuroprobe_stage0_l2_neuralset_2026_05_06/L.2.R0xI0/sub7_trial1
7,1,word_length,0,0.0,1.0,1.0,0.3539165237278445,1.0,0.5241485700723864,3,3498,1749,243712,train_set_fixed,475.2878232002258,L.2.R0xI0,/work/ht203/repo/speech/reports/neuroprobe_stage0_l2_neuralset_2026_05_06/L.2.R0xI0/sub7_trial1
7,1,global_flow,0,0.0,1.0,1.0,0.3436249285305889,1.0,0.51160280758326,3,3498,1749,243712,train_set_fixed,512.6021928787231,L.2.R0xI0,/work/ht203/repo/speech/reports/neuroprobe_stage0_l2_neuralset_2026_05_06/L.2.R0xI0/sub7_trial1
7,1,local_flow,0,0.0,1.0,1.0,0.324757004002287,1.0,0.4971696642139052,3,3498,1749,243712,train_set_fixed,589.5151677131653,L.2.R0xI0,/work/ht203/repo/speech/reports/neuroprobe_stage0_l2_neuralset_2026_05_06/L.2.R0xI0/sub7_trial1
7,1,frame_brightness,0,0.0,1.0,1.0,0.3430531732418524,1.0,0.5085380815501531,3,3498,1749,243712,train_set_fixed,467.4606728553772,L.2.R0xI0,/work/ht203/repo/speech/reports/neuroprobe_stage0_l2_neuralset_2026_05_06/L.2.R0xI0/sub7_trial1
7,1,face_num,0,0.0,1.0,1.0,0.3350485991995426,1.0,0.4962384778560059,3,3498,1749,243712,train_set_fixed,463.1279239654541,L.2.R0xI0,/work/ht203/repo/speech/reports/neuroprobe_stage0_l2_neuralset_2026_05_06/L.2.R0xI0/sub7_trial1
10,0,onset,0,0.0,1.0,1.0,0.7441158720579361,1.0,0.8612830195276306,2,3500,1657,77520,train_set_fixed,137.75931930541992,L.2.R0xI2,/work/ht203/repo/speech/reports/neuroprobe_stage0_l2_neuralset_2026_05_06/L.2.R0xI2/sub10_trial0
10,0,speech,0,0.0,1.0,1.0,0.6805714285714286,1.0,0.8016195918367348,2,3500,1750,77520,train_set_fixed,408.7358560562134,L.2.R0xI2,/work/ht203/repo/speech/reports/neuroprobe_stage0_l2_neuralset_2026_05_06/L.2.R0xI2/sub10_trial0
10,0,volume,0,0.0,1.0,1.0,0.3407661520869068,1.0,0.5180176469376767,3,3498,1749,77520,train_set_fixed,631.2633562088013,L.2.R0xI2,/work/ht203/repo/speech/reports/neuroprobe_stage0_l2_neuralset_2026_05_06/L.2.R0xI2/sub10_trial0
10,0,delta_volume,0,0.0,1.0,1.0,0.3642081189251001,1.0,0.5455884126876716,3,3498,1749,77520,train_set_fixed,474.5489227771759,L.2.R0xI2,/work/ht203/repo/speech/reports/neuroprobe_stage0_l2_neuralset_2026_05_06/L.2.R0xI2/sub10_trial0
10,0,pitch,0,0.0,1.0,1.0,0.324757004002287,1.0,0.5018035299759628,3,3498,1749,77520,train_set_fixed,333.05481338500977,L.2.R0xI2,/work/ht203/repo/speech/reports/neuroprobe_stage0_l2_neuralset_2026_05_06/L.2.R0xI2/sub10_trial0
10,0,word_index,0,0.0,1.0,1.0,0.4522584333905088,1.0,0.6333322545497697,3,3498,1749,77520,train_set_fixed,491.18672490119934,L.2.R0xI2,/work/ht203/repo/speech/reports/neuroprobe_stage0_l2_neuralset_2026_05_06/L.2.R0xI2/sub10_trial0
10,0,word_gap,0,0.0,1.0,1.0,0.3476272155517438,1.0,0.5216286297389245,3,3498,1749,77520,train_set_fixed,549.0942416191101,L.2.R0xI2,/work/ht203/repo/speech/reports/neuroprobe_stage0_l2_neuralset_2026_05_06/L.2.R0xI2/sub10_trial0
10,0,gpt2_surprisal,0,0.0,1.0,1.0,0.3522012578616352,1.0,0.515819870604815,3,3498,1749,77520,train_set_fixed,490.1419558525085,L.2.R0xI2,/work/ht203/repo/speech/reports/neuroprobe_stage0_l2_neuralset_2026_05_06/L.2.R0xI2/sub10_trial0
10,0,word_head_pos,0,0.0,1.0,1.0,0.5,1.0,0.5155918367346939,2,3500,1750,77520,train_set_fixed,552.4408686161041,L.2.R0xI2,/work/ht203/repo/speech/reports/neuroprobe_stage0_l2_neuralset_2026_05_06/L.2.R0xI2/sub10_trial0
10,0,word_part_speech,0,0.0,1.0,1.0,0.1976744186046511,1.0,0.5327314063658033,6,3498,1548,77520,train_set_fixed,515.7066683769226,L.2.R0xI2,/work/ht203/repo/speech/reports/neuroprobe_stage0_l2_neuralset_2026_05_06/L.2.R0xI2/sub10_trial0
10,0,word_length,0,0.0,1.0,1.0,0.3624928530588908,1.0,0.542897338052521,3,3498,1749,77520,train_set_fixed,500.6691973209381,L.2.R0xI2,/work/ht203/repo/speech/reports/neuroprobe_stage0_l2_neuralset_2026_05_06/L.2.R0xI2/sub10_trial0
10,0,global_flow,0,0.0,1.0,1.0,0.3413379073756432,1.0,0.5116444878573102,3,3498,1749,77520,train_set_fixed,486.57358169555664,L.2.R0xI2,/work/ht203/repo/speech/reports/neuroprobe_stage0_l2_neuralset_2026_05_06/L.2.R0xI2/sub10_trial0
10,0,local_flow,0,0.0,1.0,1.0,0.3476272155517438,1.0,0.5310596498660837,3,3498,1749,77520,train_set_fixed,486.2962687015533,L.2.R0xI2,/work/ht203/repo/speech/reports/neuroprobe_stage0_l2_neuralset_2026_05_06/L.2.R0xI2/sub10_trial0
10,0,frame_brightness,0,0.0,1.0,1.0,0.3196112064036592,1.0,0.4686059272291836,3,3498,1749,77520,train_set_fixed,462.74049282073975,L.2.R0xI2,/work/ht203/repo/speech/reports/neuroprobe_stage0_l2_neuralset_2026_05_06/L.2.R0xI2/sub10_trial0
10,0,face_num,0,0.0,1.0,1.0,0.3201829616923956,1.0,0.4875277909356681,3,3498,1749,77520,train_set_fixed,442.1760034561157,L.2.R0xI2,/work/ht203/repo/speech/reports/neuroprobe_stage0_l2_neuralset_2026_05_06/L.2.R0xI2/sub10_trial0
10,1,onset,0,0.0,1.0,1.0,0.8257142857142857,1.0,0.909834448979592,2,3314,1750,77520,train_set_fixed,308.9030830860138,L.2.R0xI2,/work/ht203/repo/speech/reports/neuroprobe_stage0_l2_neuralset_2026_05_06/L.2.R0xI2/sub10_trial1
10,1,speech,0,0.0,1.0,1.0,0.7731428571428571,1.0,0.8667010612244898,2,3500,1750,77520,train_set_fixed,521.3687295913696,L.2.R0xI2,/work/ht203/repo/speech/reports/neuroprobe_stage0_l2_neuralset_2026_05_06/L.2.R0xI2/sub10_trial1
10,1,volume,0,0.0,1.0,1.0,0.4122355631789594,1.0,0.5935427938729015,3,3498,1749,77520,train_set_fixed,495.46780705451965,L.2.R0xI2,/work/ht203/repo/speech/reports/neuroprobe_stage0_l2_neuralset_2026_05_06/L.2.R0xI2/sub10_trial1
10,1,delta_volume,0,0.0,1.0,1.0,0.4248141795311607,1.0,0.6011094798596012,3,3498,1749,77520,train_set_fixed,417.0723283290863,L.2.R0xI2,/work/ht203/repo/speech/reports/neuroprobe_stage0_l2_neuralset_2026_05_06/L.2.R0xI2/sub10_trial1
10,1,pitch,0,0.0,1.0,1.0,0.3544882790165809,1.0,0.5280655351207796,3,3498,1749,77520,train_set_fixed,273.49114179611206,L.2.R0xI2,/work/ht203/repo/speech/reports/neuroprobe_stage0_l2_neuralset_2026_05_06/L.2.R0xI2/sub10_trial1
10,1,word_index,0,0.0,1.0,1.0,0.4631217838765009,1.0,0.6431653667324725,3,3498,1749,77520,train_set_fixed,620.3975515365601,L.2.R0xI2,/work/ht203/repo/speech/reports/neuroprobe_stage0_l2_neuralset_2026_05_06/L.2.R0xI2/sub10_trial1
10,1,word_gap,0,0.0,1.0,1.0,0.3544882790165809,1.0,0.5173988174570718,3,3498,1749,77520,train_set_fixed,570.1054489612579,L.2.R0xI2,/work/ht203/repo/speech/reports/neuroprobe_stage0_l2_neuralset_2026_05_06/L.2.R0xI2/sub10_trial1
10,1,gpt2_surprisal,0,0.0,1.0,1.0,0.3499142367066895,1.0,0.5104543934441342,3,3498,1749,77520,train_set_fixed,494.3824243545532,L.2.R0xI2,/work/ht203/repo/speech/reports/neuroprobe_stage0_l2_neuralset_2026_05_06/L.2.R0xI2/sub10_trial1
10,1,word_head_pos,0,0.0,1.0,1.0,0.5262857142857142,1.0,0.5391294693877551,2,3500,1750,77520,train_set_fixed,543.7977614402771,L.2.R0xI2,/work/ht203/repo/speech/reports/neuroprobe_stage0_l2_neuralset_2026_05_06/L.2.R0xI2/sub10_trial1
10,1,word_part_speech,0,0.0,1.0,1.0,0.1852487135506003,1.0,0.527099187466472,6,3096,1749,77520,train_set_fixed,495.2030777931213,L.2.R0xI2,/work/ht203/repo/speech/reports/neuroprobe_stage0_l2_neuralset_2026_05_06/L.2.R0xI2/sub10_trial1
10,1,word_length,0,0.0,1.0,1.0,0.3396226415094339,1.0,0.5201918861746041,3,3498,1749,77520,train_set_fixed,514.8680338859558,L.2.R0xI2,/work/ht203/repo/speech/reports/neuroprobe_stage0_l2_neuralset_2026_05_06/L.2.R0xI2/sub10_trial1
10,1,global_flow,0,0.0,1.0,1.0,0.3544882790165809,1.0,0.5202217979006872,3,3498,1749,77520,train_set_fixed,480.95975637435913,L.2.R0xI2,/work/ht203/repo/speech/reports/neuroprobe_stage0_l2_neuralset_2026_05_06/L.2.R0xI2/sub10_trial1
10,1,local_flow,0,0.0,1.0,1.0,0.3653516295025729,1.0,0.5171070555387199,3,3498,1749,77520,train_set_fixed,505.1912620067597,L.2.R0xI2,/work/ht203/repo/speech/reports/neuroprobe_stage0_l2_neuralset_2026_05_06/L.2.R0xI2/sub10_trial1
10,1,frame_brightness,0,0.0,1.0,1.0,0.3396226415094339,1.0,0.510916308951844,3,3498,1749,77520,train_set_fixed,438.6105964183808,L.2.R0xI2,/work/ht203/repo/speech/reports/neuroprobe_stage0_l2_neuralset_2026_05_06/L.2.R0xI2/sub10_trial1
10,1,face_num,0,0.0,1.0,1.0,0.3510577472841624,1.0,0.5250096354986481,3,3498,1749,77520,train_set_fixed,288.0418329238892,L.2.R0xI2,/work/ht203/repo/speech/reports/neuroprobe_stage0_l2_neuralset_2026_05_06/L.2.R0xI2/sub10_trial1
1,1,onset,0,0.0,1.0,1.0,0.6892150606253988,1.0,0.7564590012250111,2,2916,1567,77520,train_set_fixed,365.4056615829468,L.2.R0xI2,/work/ht203/repo/speech/reports/neuroprobe_stage0_l2_neuralset_2026_05_06/L.2.R0xI2/sub1_trial1
1,1,speech,0,0.0,1.0,1.0,0.74,1.0,0.8407928163265306,2,3500,1750,77520,train_set_fixed,257.49872159957886,L.2.R0xI2,/work/ht203/repo/speech/reports/neuroprobe_stage0_l2_neuralset_2026_05_06/L.2.R0xI2/sub1_trial1
1,1,volume,0,0.0,1.0,1.0,0.4322469982847341,1.0,0.6142382758292658,3,3498,1749,77520,train_set_fixed,302.0105390548706,L.2.R0xI2,/work/ht203/repo/speech/reports/neuroprobe_stage0_l2_neuralset_2026_05_06/L.2.R0xI2/sub1_trial1
1,1,delta_volume,0,0.0,1.0,1.0,0.407661520869068,1.0,0.5972920571127633,3,3498,1749,77520,train_set_fixed,274.2411060333252,L.2.R0xI2,/work/ht203/repo/speech/reports/neuroprobe_stage0_l2_neuralset_2026_05_06/L.2.R0xI2/sub1_trial1
1,1,pitch,0,0.0,1.0,1.0,0.3819325328759291,1.0,0.5663736298222851,3,3498,1749,77520,train_set_fixed,255.53422164916992,L.2.R0xI2,/work/ht203/repo/speech/reports/neuroprobe_stage0_l2_neuralset_2026_05_06/L.2.R0xI2/sub1_trial1
1,1,word_index,0,0.0,1.0,1.0,0.3828080229226361,1.0,0.5580118548596961,3,3060,1745,77520,train_set_fixed,223.8734350204468,L.2.R0xI2,/work/ht203/repo/speech/reports/neuroprobe_stage0_l2_neuralset_2026_05_06/L.2.R0xI2/sub1_trial1
1,1,word_gap,0,0.0,1.0,1.0,0.3167524299599771,1.0,0.4850961147119599,3,3498,1749,77520,train_set_fixed,276.0508780479431,L.2.R0xI2,/work/ht203/repo/speech/reports/neuroprobe_stage0_l2_neuralset_2026_05_06/L.2.R0xI2/sub1_trial1
1,1,gpt2_surprisal,0,0.0,1.0,1.0,0.3744997141223556,1.0,0.5383277089481174,3,3498,1749,77520,train_set_fixed,262.29973697662354,L.2.R0xI2,/work/ht203/repo/speech/reports/neuroprobe_stage0_l2_neuralset_2026_05_06/L.2.R0xI2/sub1_trial1
1,1,word_head_pos,0,0.0,1.0,1.0,0.5485714285714286,1.0,0.5556414693877552,2,3500,1750,77520,train_set_fixed,283.0890460014343,L.2.R0xI2,/work/ht203/repo/speech/reports/neuroprobe_stage0_l2_neuralset_2026_05_06/L.2.R0xI2/sub1_trial1
1,1,word_part_speech,0,0.0,1.0,1.0,0.1623036649214659,1.0,0.5116207582500282,6,2760,1719,77520,train_set_fixed,234.6569221019745,L.2.R0xI2,/work/ht203/repo/speech/reports/neuroprobe_stage0_l2_neuralset_2026_05_06/L.2.R0xI2/sub1_trial1
1,1,word_length,0,0.0,1.0,1.0,0.3390508862206975,1.0,0.5022654454836726,3,3498,1749,77520,train_set_fixed,297.3338372707367,L.2.R0xI2,/work/ht203/repo/speech/reports/neuroprobe_stage0_l2_neuralset_2026_05_06/L.2.R0xI2/sub1_trial1
1,1,global_flow,0,0.0,1.0,1.0,0.3556317895940537,1.0,0.5263203575284873,3,3498,1749,77520,train_set_fixed,252.32957291603088,L.2.R0xI2,/work/ht203/repo/speech/reports/neuroprobe_stage0_l2_neuralset_2026_05_06/L.2.R0xI2/sub1_trial1
1,1,local_flow,0,0.0,1.0,1.0,0.3567753001715266,1.0,0.5265625934741439,3,3498,1749,77520,train_set_fixed,258.4657053947449,L.2.R0xI2,/work/ht203/repo/speech/reports/neuroprobe_stage0_l2_neuralset_2026_05_06/L.2.R0xI2/sub1_trial1
1,1,frame_brightness,0,0.0,1.0,1.0,0.3110348770726129,1.0,0.4908744717638209,3,3498,1749,77520,train_set_fixed,261.79400086402893,L.2.R0xI2,/work/ht203/repo/speech/reports/neuroprobe_stage0_l2_neuralset_2026_05_06/L.2.R0xI2/sub1_trial1
1,1,face_num,0,0.0,1.0,1.0,0.3441966838193253,1.0,0.512680610434583,3,3498,1749,77520,train_set_fixed,265.80440855026245,L.2.R0xI2,/work/ht203/repo/speech/reports/neuroprobe_stage0_l2_neuralset_2026_05_06/L.2.R0xI2/sub1_trial1
1,2,onset,0,0.0,1.0,1.0,0.7853223593964335,1.0,0.85320289552368,2,3134,1458,77520,train_set_fixed,290.84127497673035,L.2.R0xI2,/work/ht203/repo/speech/reports/neuroprobe_stage0_l2_neuralset_2026_05_06/L.2.R0xI2/sub1_trial2
1,2,speech,0,0.0,1.0,1.0,0.836,1.0,0.905802448979592,2,3500,1750,77520,train_set_fixed,271.32427501678467,L.2.R0xI2,/work/ht203/repo/speech/reports/neuroprobe_stage0_l2_neuralset_2026_05_06/L.2.R0xI2/sub1_trial2
1,2,volume,0,0.0,1.0,1.0,0.4768439108061749,1.0,0.6695244623980182,3,3498,1749,77520,train_set_fixed,273.7513937950134,L.2.R0xI2,/work/ht203/repo/speech/reports/neuroprobe_stage0_l2_neuralset_2026_05_06/L.2.R0xI2/sub1_trial2
1,2,delta_volume,0,0.0,1.0,1.0,0.3807890222984562,1.0,0.570696119419379,3,3498,1749,77520,train_set_fixed,266.65526390075684,L.2.R0xI2,/work/ht203/repo/speech/reports/neuroprobe_stage0_l2_neuralset_2026_05_06/L.2.R0xI2/sub1_trial2
1,2,pitch,0,0.0,1.0,1.0,0.3619210977701543,1.0,0.5378496116869527,3,3498,1749,77520,train_set_fixed,234.47777342796329,L.2.R0xI2,/work/ht203/repo/speech/reports/neuroprobe_stage0_l2_neuralset_2026_05_06/L.2.R0xI2/sub1_trial2
1,2,word_index,0,0.0,1.0,1.0,0.3725490196078431,1.0,0.5510701012431116,3,3489,1530,77520,train_set_fixed,270.72185587883,L.2.R0xI2,/work/ht203/repo/speech/reports/neuroprobe_stage0_l2_neuralset_2026_05_06/L.2.R0xI2/sub1_trial2
1,2,word_gap,0,0.0,1.0,1.0,0.3241852487135506,1.0,0.4941961444275435,3,3498,1749,77520,train_set_fixed,256.86327838897705,L.2.R0xI2,/work/ht203/repo/speech/reports/neuroprobe_stage0_l2_neuralset_2026_05_06/L.2.R0xI2/sub1_trial2
1,2,gpt2_surprisal,0,0.0,1.0,1.0,0.3710691823899371,1.0,0.5329146672394027,3,3498,1749,77520,train_set_fixed,279.00498938560486,L.2.R0xI2,/work/ht203/repo/speech/reports/neuroprobe_stage0_l2_neuralset_2026_05_06/L.2.R0xI2/sub1_trial2
1,2,word_head_pos,0,0.0,1.0,1.0,0.5422857142857143,1.0,0.5626893061224489,2,3500,1750,77520,train_set_fixed,244.93042850494385,L.2.R0xI2,/work/ht203/repo/speech/reports/neuroprobe_stage0_l2_neuralset_2026_05_06/L.2.R0xI2/sub1_trial2
1,2,word_part_speech,0,0.0,1.0,1.0,0.1681159420289855,1.0,0.5133081285444234,6,3438,1380,77520,train_set_fixed,263.9055118560791,L.2.R0xI2,/work/ht203/repo/speech/reports/neuroprobe_stage0_l2_neuralset_2026_05_06/L.2.R0xI2/sub1_trial2
1,2,word_length,0,0.0,1.0,1.0,0.3430531732418524,1.0,0.5129061742706197,3,3498,1749,77520,train_set_fixed,287.6426405906677,L.2.R0xI2,/work/ht203/repo/speech/reports/neuroprobe_stage0_l2_neuralset_2026_05_06/L.2.R0xI2/sub1_trial2
1,2,global_flow,0,0.0,1.0,1.0,0.379073756432247,1.0,0.5493062931329541,3,3498,1749,77520,train_set_fixed,247.079261302948,L.2.R0xI2,/work/ht203/repo/speech/reports/neuroprobe_stage0_l2_neuralset_2026_05_06/L.2.R0xI2/sub1_trial2
1,2,local_flow,0,0.0,1.0,1.0,0.3579188107489994,1.0,0.5374916516862859,3,3498,1749,77520,train_set_fixed,297.9981760978699,L.2.R0xI2,/work/ht203/repo/speech/reports/neuroprobe_stage0_l2_neuralset_2026_05_06/L.2.R0xI2/sub1_trial2
1,2,frame_brightness,0,0.0,1.0,1.0,0.3333333333333333,1.0,0.5009571752346599,3,3498,1749,77520,train_set_fixed,262.92226910591125,L.2.R0xI2,/work/ht203/repo/speech/reports/neuroprobe_stage0_l2_neuralset_2026_05_06/L.2.R0xI2/sub1_trial2
1,2,face_num,0,0.0,1.0,1.0,0.3567753001715266,1.0,0.5329092733215844,3,3498,1749,77520,train_set_fixed,277.5426800251007,L.2.R0xI2,/work/ht203/repo/speech/reports/neuroprobe_stage0_l2_neuralset_2026_05_06/L.2.R0xI2/sub1_trial2
2,0,onset,0,0.0,1.0,1.0,0.8121673003802281,1.0,0.9088446609577474,2,2992,1315,76874,train_set_fixed,254.98536372184756,L.2.R0xI2,/work/ht203/repo/speech/reports/neuroprobe_stage0_l2_neuralset_2026_05_06/L.2.R0xI2/sub2_trial0
2,0,speech,0,0.0,1.0,1.0,0.8462857142857143,1.0,0.928778448979592,2,3500,1750,76874,train_set_fixed,276.5179440975189,L.2.R0xI2,/work/ht203/repo/speech/reports/neuroprobe_stage0_l2_neuralset_2026_05_06/L.2.R0xI2/sub2_trial0
2,0,volume,0,0.0,1.0,1.0,0.4213836477987421,1.0,0.6287425208425889,3,3498,1749,76874,train_set_fixed,274.5469949245453,L.2.R0xI2,/work/ht203/repo/speech/reports/neuroprobe_stage0_l2_neuralset_2026_05_06/L.2.R0xI2/sub2_trial0
2,0,delta_volume,0,0.0,1.0,1.0,0.4305317324185249,1.0,0.6529837682302164,3,3498,1749,76874,train_set_fixed,283.3224852085113,L.2.R0xI2,/work/ht203/repo/speech/reports/neuroprobe_stage0_l2_neuralset_2026_05_06/L.2.R0xI2/sub2_trial0
2,0,pitch,0,0.0,1.0,1.0,0.3922241280731847,1.0,0.5585951099721772,3,3498,1749,76874,train_set_fixed,225.08174777030945,L.2.R0xI2,/work/ht203/repo/speech/reports/neuroprobe_stage0_l2_neuralset_2026_05_06/L.2.R0xI2/sub2_trial0
2,0,word_index,0,0.0,1.0,1.0,0.5059316120027914,1.0,0.6875041499091624,3,3192,1433,76874,train_set_fixed,250.6048102378845,L.2.R0xI2,/work/ht203/repo/speech/reports/neuroprobe_stage0_l2_neuralset_2026_05_06/L.2.R0xI2/sub2_trial0
2,0,word_gap,0,0.0,1.0,1.0,0.3635265700483092,1.0,0.5294602849541412,3,3498,1656,76874,train_set_fixed,250.4021632671356,L.2.R0xI2,/work/ht203/repo/speech/reports/neuroprobe_stage0_l2_neuralset_2026_05_06/L.2.R0xI2/sub2_trial0
2,0,gpt2_surprisal,0,0.0,1.0,1.0,0.3539165237278445,1.0,0.5429610843540097,3,3498,1749,76874,train_set_fixed,270.88058614730835,L.2.R0xI2,/work/ht203/repo/speech/reports/neuroprobe_stage0_l2_neuralset_2026_05_06/L.2.R0xI2/sub2_trial0
2,0,word_head_pos,0,0.0,1.0,1.0,0.5537142857142857,1.0,0.5712679183673469,2,3500,1750,76874,train_set_fixed,245.35777306556705,L.2.R0xI2,/work/ht203/repo/speech/reports/neuroprobe_stage0_l2_neuralset_2026_05_06/L.2.R0xI2/sub2_trial0
2,0,word_part_speech,0,0.0,1.0,1.0,0.1693840579710145,1.0,0.534213531821046,6,2346,1104,76874,train_set_fixed,180.6715157032013,L.2.R0xI2,/work/ht203/repo/speech/reports/neuroprobe_stage0_l2_neuralset_2026_05_06/L.2.R0xI2/sub2_trial0
2,0,word_length,0,0.0,1.0,1.0,0.3802172670097198,1.0,0.5474620635952719,3,3498,1749,76874,train_set_fixed,269.7841572761536,L.2.R0xI2,/work/ht203/repo/speech/reports/neuroprobe_stage0_l2_neuralset_2026_05_06/L.2.R0xI2/sub2_trial0
2,0,global_flow,0,0.0,1.0,1.0,0.385934819897084,1.0,0.5508077637110939,3,3498,1749,76874,train_set_fixed,296.993136882782,L.2.R0xI2,/work/ht203/repo/speech/reports/neuroprobe_stage0_l2_neuralset_2026_05_06/L.2.R0xI2/sub2_trial0
2,0,local_flow,0,0.0,1.0,1.0,0.3510577472841624,1.0,0.5173213411829548,3,3498,1749,76874,train_set_fixed,249.51591300964355,L.2.R0xI2,/work/ht203/repo/speech/reports/neuroprobe_stage0_l2_neuralset_2026_05_06/L.2.R0xI2/sub2_trial0
2,0,frame_brightness,0,0.0,1.0,1.0,0.4070897655803316,1.0,0.5833124931963082,3,3498,1749,76874,train_set_fixed,254.22081184387207,L.2.R0xI2,/work/ht203/repo/speech/reports/neuroprobe_stage0_l2_neuralset_2026_05_06/L.2.R0xI2/sub2_trial0
2,0,face_num,0,0.0,1.0,1.0,0.3264722698684962,1.0,0.5005849949051995,3,2988,1749,76874,train_set_fixed,263.2957096099853,L.2.R0xI2,/work/ht203/repo/speech/reports/neuroprobe_stage0_l2_neuralset_2026_05_06/L.2.R0xI2/sub2_trial0
2,4,onset,0,-0.0,1.0,1.0,0.839572192513369,1.0,0.910247290457262,2,2630,1496,76874,train_set_fixed,401.3782169818878,L.2.R0xI2,/work/ht203/repo/speech/reports/neuroprobe_stage0_l2_neuralset_2026_05_06/L.2.R0xI2/sub2_trial4
2,4,speech,0,-0.0,1.0,1.0,0.8542857142857143,1.0,0.9212499591836734,2,3500,1750,76874,train_set_fixed,421.7968034744263,L.2.R0xI2,/work/ht203/repo/speech/reports/neuroprobe_stage0_l2_neuralset_2026_05_06/L.2.R0xI2/sub2_trial4
2,4,volume,0,-0.0,1.0,1.0,0.3842195540308747,1.0,0.6299478162968891,3,3498,1749,76874,train_set_fixed,373.1130335330963,L.2.R0xI2,/work/ht203/repo/speech/reports/neuroprobe_stage0_l2_neuralset_2026_05_06/L.2.R0xI2/sub2_trial4
2,4,delta_volume,0,-0.0,1.0,1.0,0.4150943396226415,1.0,0.6132472660192004,3,3498,1749,76874,train_set_fixed,371.74399304389954,L.2.R0xI2,/work/ht203/repo/speech/reports/neuroprobe_stage0_l2_neuralset_2026_05_06/L.2.R0xI2/sub2_trial4
2,4,pitch,0,-0.0,1.0,1.0,0.3556317895940537,1.0,0.5357751599296633,3,3498,1749,76874,train_set_fixed,341.7730386257172,L.2.R0xI2,/work/ht203/repo/speech/reports/neuroprobe_stage0_l2_neuralset_2026_05_06/L.2.R0xI2/sub2_trial4
2,4,word_index,0,-0.0,1.0,1.0,0.4348370927318296,1.0,0.6202978074886465,3,2865,1596,76874,train_set_fixed,308.4247601032257,L.2.R0xI2,/work/ht203/repo/speech/reports/neuroprobe_stage0_l2_neuralset_2026_05_06/L.2.R0xI2/sub2_trial4
2,4,word_gap,0,-0.0,1.0,1.0,0.3619210977701543,1.0,0.5216134286978004,3,3312,1749,76874,train_set_fixed,353.3386812210083,L.2.R0xI2,/work/ht203/repo/speech/reports/neuroprobe_stage0_l2_neuralset_2026_05_06/L.2.R0xI2/sub2_trial4
2,4,gpt2_surprisal,0,-0.0,1.0,0.9997141223556318,0.361349342481418,1.0,0.5359516881491703,3,3498,1749,76874,train_set_fixed,357.3520233631134,L.2.R0xI2,/work/ht203/repo/speech/reports/neuroprobe_stage0_l2_neuralset_2026_05_06/L.2.R0xI2/sub2_trial4
2,4,word_head_pos,0,-0.0,1.0,1.0,0.5211428571428571,1.0,0.5651043265306122,2,3500,1750,76874,train_set_fixed,349.0755491256714,L.2.R0xI2,/work/ht203/repo/speech/reports/neuroprobe_stage0_l2_neuralset_2026_05_06/L.2.R0xI2/sub2_trial4
2,4,word_part_speech,0,-0.0,1.0,1.0,0.1764705882352941,1.0,0.5267017024400472,6,2208,1173,76874,train_set_fixed,246.99627590179443,L.2.R0xI2,/work/ht203/repo/speech/reports/neuroprobe_stage0_l2_neuralset_2026_05_06/L.2.R0xI2/sub2_trial4
2,4,word_length,0,-0.0,1.0,1.0,0.361349342481418,1.0,0.5412320885151721,3,3498,1749,76874,train_set_fixed,360.64697098732,L.2.R0xI2,/work/ht203/repo/speech/reports/neuroprobe_stage0_l2_neuralset_2026_05_06/L.2.R0xI2/sub2_trial4
2,4,global_flow,0,-0.0,1.0,1.0,0.3733562035448828,1.0,0.5589138414796203,3,3498,1749,76874,train_set_fixed,320.55386328697205,L.2.R0xI2,/work/ht203/repo/speech/reports/neuroprobe_stage0_l2_neuralset_2026_05_06/L.2.R0xI2/sub2_trial4
2,4,local_flow,0,-0.0,1.0,1.0,0.3390508862206975,1.0,0.5163398933181127,3,3498,1749,76874,train_set_fixed,357.34342336654663,L.2.R0xI2,/work/ht203/repo/speech/reports/neuroprobe_stage0_l2_neuralset_2026_05_06/L.2.R0xI2/sub2_trial4
2,4,frame_brightness,0,-0.0,1.0,1.0,0.3510577472841624,1.0,0.5571657217503362,3,3498,1749,76874,train_set_fixed,347.510409116745,L.2.R0xI2,/work/ht203/repo/speech/reports/neuroprobe_stage0_l2_neuralset_2026_05_06/L.2.R0xI2/sub2_trial4
2,4,face_num,0,-0.0,1.0,1.0,0.3500669344042838,1.0,0.5248053794831267,3,3498,1494,76874,train_set_fixed,318.3183808326721,L.2.R0xI2,/work/ht203/repo/speech/reports/neuroprobe_stage0_l2_neuralset_2026_05_06/L.2.R0xI2/sub2_trial4
3,0,onset,0,0.0,1.0,1.0,0.8868571428571429,1.0,0.9460401632653062,2,2244,1750,70414,train_set_fixed,250.37627148628235,L.2.R0xI2,/work/ht203/repo/speech/reports/neuroprobe_stage0_l2_neuralset_2026_05_06/L.2.R0xI2/sub3_trial0
3,0,speech,0,0.0,1.0,1.0,0.8611428571428571,1.0,0.9732271020408164,2,3500,1750,70414,train_set_fixed,266.8531422615051,L.2.R0xI2,/work/ht203/repo/speech/reports/neuroprobe_stage0_l2_neuralset_2026_05_06/L.2.R0xI2/sub3_trial0
3,0,volume,0,0.0,1.0,1.0,0.3882218410520297,1.0,0.7016491658551272,3,3498,1749,70414,train_set_fixed,266.456255197525,L.2.R0xI2,/work/ht203/repo/speech/reports/neuroprobe_stage0_l2_neuralset_2026_05_06/L.2.R0xI2/sub3_trial0
3,0,delta_volume,0,0.0,1.0,1.0,0.4168096054888507,1.0,0.6764576082191539,3,3498,1749,70414,train_set_fixed,278.3583323955536,L.2.R0xI2,/work/ht203/repo/speech/reports/neuroprobe_stage0_l2_neuralset_2026_05_06/L.2.R0xI2/sub3_trial0
3,0,pitch,0,0.0,1.0,1.0,0.3630646083476272,1.0,0.5332000545276055,3,3498,1749,70414,train_set_fixed,258.4295058250427,L.2.R0xI2,/work/ht203/repo/speech/reports/neuroprobe_stage0_l2_neuralset_2026_05_06/L.2.R0xI2/sub3_trial0
3,0,word_index,0,0.0,1.0,1.0,0.5260148656375071,1.0,0.7229320944975174,3,2514,1749,70414,train_set_fixed,203.366405248642,L.2.R0xI2,/work/ht203/repo/speech/reports/neuroprobe_stage0_l2_neuralset_2026_05_06/L.2.R0xI2/sub3_trial0
3,0,word_gap,0,0.0,1.0,1.0,0.389937106918239,1.0,0.5749529012903233,3,2970,1749,70414,train_set_fixed,213.7301630973816,L.2.R0xI2,/work/ht203/repo/speech/reports/neuroprobe_stage0_l2_neuralset_2026_05_06/L.2.R0xI2/sub3_trial0
3,0,gpt2_surprisal,0,0.0,1.0,1.0,0.3979416809605489,1.0,0.5727026568477748,3,3498,1749,70414,train_set_fixed,265.13859701156616,L.2.R0xI2,/work/ht203/repo/speech/reports/neuroprobe_stage0_l2_neuralset_2026_05_06/L.2.R0xI2/sub3_trial0
3,0,word_head_pos,0,0.0,1.0,1.0,0.5834285714285714,1.0,0.6181276734693877,2,3500,1750,70414,train_set_fixed,245.1658072471619,L.2.R0xI2,/work/ht203/repo/speech/reports/neuroprobe_stage0_l2_neuralset_2026_05_06/L.2.R0xI2/sub3_trial0
3,0,word_part_speech,0,0.0,1.0,1.0,0.2058319039451115,1.0,0.5459843990821411,6,2442,1749,70414,train_set_fixed,207.7455952167511,L.2.R0xI2,/work/ht203/repo/speech/reports/neuroprobe_stage0_l2_neuralset_2026_05_06/L.2.R0xI2/sub3_trial0
3,0,word_length,0,0.0,1.0,1.0,0.4196683819325328,1.0,0.5999105590354499,3,3498,1749,70414,train_set_fixed,249.0563538074493,L.2.R0xI2,/work/ht203/repo/speech/reports/neuroprobe_stage0_l2_neuralset_2026_05_06/L.2.R0xI2/sub3_trial0
3,0,global_flow,0,0.0,1.0,1.0,0.4025157232704403,1.0,0.5930553798445963,3,3498,1749,70414,train_set_fixed,290.0722465515137,L.2.R0xI2,/work/ht203/repo/speech/reports/neuroprobe_stage0_l2_neuralset_2026_05_06/L.2.R0xI2/sub3_trial0
3,0,local_flow,0,0.0,1.0,1.0,0.3830760434534019,1.0,0.57489798139981,3,3498,1749,70414,train_set_fixed,225.65038967132568,L.2.R0xI2,/work/ht203/repo/speech/reports/neuroprobe_stage0_l2_neuralset_2026_05_06/L.2.R0xI2/sub3_trial0
3,0,frame_brightness,0,0.0,1.0,1.0,0.357347055460263,1.0,0.5425668379971108,3,3498,1749,70414,train_set_fixed,290.94183588027954,L.2.R0xI2,/work/ht203/repo/speech/reports/neuroprobe_stage0_l2_neuralset_2026_05_06/L.2.R0xI2/sub3_trial0
3,0,face_num,0,0.0,1.0,1.0,0.357347055460263,1.0,0.5160253298380746,3,3498,1749,70414,train_set_fixed,265.0394949913025,L.2.R0xI2,/work/ht203/repo/speech/reports/neuroprobe_stage0_l2_neuralset_2026_05_06/L.2.R0xI2/sub3_trial0
3,1,onset,0,0.0,1.0,1.0,0.8957219251336899,1.0,0.9668341165667368,2,3500,1122,70414,train_set_fixed,362.964967250824,L.2.R0xI2,/work/ht203/repo/speech/reports/neuroprobe_stage0_l2_neuralset_2026_05_06/L.2.R0xI2/sub3_trial1
3,1,speech,0,0.0,1.0,1.0,0.8691428571428571,1.0,0.9593717551020408,2,3500,1750,70414,train_set_fixed,268.01429867744446,L.2.R0xI2,/work/ht203/repo/speech/reports/neuroprobe_stage0_l2_neuralset_2026_05_06/L.2.R0xI2/sub3_trial1
3,1,volume,0,0.0,1.0,1.0,0.4156660949113779,1.0,0.6967068660650978,3,3498,1749,70414,train_set_fixed,280.9855558872223,L.2.R0xI2,/work/ht203/repo/speech/reports/neuroprobe_stage0_l2_neuralset_2026_05_06/L.2.R0xI2/sub3_trial1
3,1,delta_volume,0,0.0,1.0,1.0,0.4979988564894225,1.0,0.6879348846240978,3,3498,1749,70414,train_set_fixed,246.7188379764557,L.2.R0xI2,/work/ht203/repo/speech/reports/neuroprobe_stage0_l2_neuralset_2026_05_06/L.2.R0xI2/sub3_trial1
3,1,pitch,0,0.0,1.0,1.0,0.3390508862206975,1.0,0.5114816896104316,3,3498,1749,70414,train_set_fixed,245.20151329040527,L.2.R0xI2,/work/ht203/repo/speech/reports/neuroprobe_stage0_l2_neuralset_2026_05_06/L.2.R0xI2/sub3_trial1
3,1,word_index,0,0.0,1.0,1.0,0.6197295147175815,1.0,0.8064965073867962,3,3498,1257,70414,train_set_fixed,226.0786998271942,L.2.R0xI2,/work/ht203/repo/speech/reports/neuroprobe_stage0_l2_neuralset_2026_05_06/L.2.R0xI2/sub3_trial1
3,1,word_gap,0,0.0,1.0,1.0,0.4161616161616162,1.0,0.5913899942182771,3,3498,1485,70414,train_set_fixed,242.25236439704892,L.2.R0xI2,/work/ht203/repo/speech/reports/neuroprobe_stage0_l2_neuralset_2026_05_06/L.2.R0xI2/sub3_trial1
3,1,gpt2_surprisal,0,0.0,1.0,1.0,0.3910806174957118,1.0,0.5866101384079312,3,3498,1749,70414,train_set_fixed,266.4040746688843,L.2.R0xI2,/work/ht203/repo/speech/reports/neuroprobe_stage0_l2_neuralset_2026_05_06/L.2.R0xI2/sub3_trial1
3,1,word_head_pos,0,0.0,1.0,1.0,0.5988571428571429,1.0,0.6520581224489795,2,3500,1750,70414,train_set_fixed,268.2616412639618,L.2.R0xI2,/work/ht203/repo/speech/reports/neuroprobe_stage0_l2_neuralset_2026_05_06/L.2.R0xI2/sub3_trial1
3,1,word_part_speech,0,0.0,1.0,1.0,0.2276822276822276,1.0,0.5628070905185479,6,3498,1221,70414,train_set_fixed,219.43293571472168,L.2.R0xI2,/work/ht203/repo/speech/reports/neuroprobe_stage0_l2_neuralset_2026_05_06/L.2.R0xI2/sub3_trial1
3,1,word_length,0,0.0,1.0,1.0,0.4213836477987421,1.0,0.5962642705903006,3,3498,1749,70414,train_set_fixed,304.98756170272827,L.2.R0xI2,/work/ht203/repo/speech/reports/neuroprobe_stage0_l2_neuralset_2026_05_06/L.2.R0xI2/sub3_trial1
3,1,global_flow,0,0.0,1.0,1.0,0.3876500857632933,1.0,0.5833806527032844,3,3498,1749,70414,train_set_fixed,208.83446860313416,L.2.R0xI2,/work/ht203/repo/speech/reports/neuroprobe_stage0_l2_neuralset_2026_05_06/L.2.R0xI2/sub3_trial1
3,1,local_flow,0,0.0,1.0,1.0,0.3945111492281303,1.0,0.5913303068550811,3,3498,1749,70414,train_set_fixed,296.31323862075806,L.2.R0xI2,/work/ht203/repo/speech/reports/neuroprobe_stage0_l2_neuralset_2026_05_06/L.2.R0xI2/sub3_trial1
3,1,frame_brightness,0,0.0,1.0,1.0,0.3562035448827901,1.0,0.5361760260947936,3,3498,1749,70414,train_set_fixed,262.1812102794647,L.2.R0xI2,/work/ht203/repo/speech/reports/neuroprobe_stage0_l2_neuralset_2026_05_06/L.2.R0xI2/sub3_trial1
3,1,face_num,0,0.0,1.0,1.0,0.3504859919954259,1.0,0.5155531168508934,3,3498,1749,70414,train_set_fixed,262.67524003982544,L.2.R0xI2,/work/ht203/repo/speech/reports/neuroprobe_stage0_l2_neuralset_2026_05_06/L.2.R0xI2/sub3_trial1
4,0,onset,0,0.0,1.0,1.0,0.8371212121212122,1.0,0.8990490845959596,2,2898,1056,77520,train_set_fixed,152.5290651321411,L.2.R0xI2,/work/ht203/repo/speech/reports/neuroprobe_stage0_l2_neuralset_2026_05_06/L.2.R0xI2/sub4_trial0
4,0,speech,0,0.0,1.0,1.0,0.7931428571428571,1.0,0.8430040816326531,2,3500,1750,77520,train_set_fixed,135.57756304740906,L.2.R0xI2,/work/ht203/repo/speech/reports/neuroprobe_stage0_l2_neuralset_2026_05_06/L.2.R0xI2/sub4_trial0
4,0,volume,0,0.0,1.0,1.0,0.3905088622069754,1.0,0.5641273082290591,3,3498,1749,77520,train_set_fixed,136.75412249565125,L.2.R0xI2,/work/ht203/repo/speech/reports/neuroprobe_stage0_l2_neuralset_2026_05_06/L.2.R0xI2/sub4_trial0
4,0,delta_volume,0,0.0,1.0,1.0,0.440251572327044,1.0,0.6237815875182781,3,3498,1749,77520,train_set_fixed,135.6132984161377,L.2.R0xI2,/work/ht203/repo/speech/reports/neuroprobe_stage0_l2_neuralset_2026_05_06/L.2.R0xI2/sub4_trial0
4,0,pitch,0,0.0,1.0,1.0,0.3596340766152087,1.0,0.5278944008190909,3,3498,1749,77520,train_set_fixed,132.56273698806763,L.2.R0xI2,/work/ht203/repo/speech/reports/neuroprobe_stage0_l2_neuralset_2026_05_06/L.2.R0xI2/sub4_trial0
4,0,word_index,0,0.0,1.0,1.0,0.470432480141218,1.0,0.6587362047170222,3,3117,1133,77520,train_set_fixed,117.37208247184752,L.2.R0xI2,/work/ht203/repo/speech/reports/neuroprobe_stage0_l2_neuralset_2026_05_06/L.2.R0xI2/sub4_trial0
4,0,word_gap,0,0.0,1.0,1.0,0.3836477987421384,1.0,0.5513290123148047,3,3498,1749,77520,train_set_fixed,162.36015391349792,L.2.R0xI2,/work/ht203/repo/speech/reports/neuroprobe_stage0_l2_neuralset_2026_05_06/L.2.R0xI2/sub4_trial0
4,0,gpt2_surprisal,0,0.0,1.0,1.0,0.3476272155517438,1.0,0.5214280740673182,3,3498,1749,77520,train_set_fixed,151.86542510986328,L.2.R0xI2,/work/ht203/repo/speech/reports/neuroprobe_stage0_l2_neuralset_2026_05_06/L.2.R0xI2/sub4_trial0
4,0,word_head_pos,0,0.0,1.0,1.0,0.5148571428571429,1.0,0.5359549387755103,2,3500,1750,77520,train_set_fixed,135.65024161338806,L.2.R0xI2,/work/ht203/repo/speech/reports/neuroprobe_stage0_l2_neuralset_2026_05_06/L.2.R0xI2/sub4_trial0
4,0,word_part_speech,0,0.0,1.0,1.0,0.1761168384879725,1.0,0.5129831367130762,6,3234,1164,77520,train_set_fixed,120.53127336502077,L.2.R0xI2,/work/ht203/repo/speech/reports/neuroprobe_stage0_l2_neuralset_2026_05_06/L.2.R0xI2/sub4_trial0
4,0,word_length,0,0.0,1.0,1.0,0.3659233847913093,1.0,0.5444267589320827,3,3498,1749,77520,train_set_fixed,143.45055556297302,L.2.R0xI2,/work/ht203/repo/speech/reports/neuroprobe_stage0_l2_neuralset_2026_05_06/L.2.R0xI2/sub4_trial0
4,0,global_flow,0,0.0,1.0,1.0,0.3636363636363636,1.0,0.5364780854926167,3,3498,1749,77520,train_set_fixed,137.19288301467896,L.2.R0xI2,/work/ht203/repo/speech/reports/neuroprobe_stage0_l2_neuralset_2026_05_06/L.2.R0xI2/sub4_trial0
4,0,local_flow,0,0.0,1.0,1.0,0.3447684391080617,1.0,0.5216776653554543,3,3498,1749,77520,train_set_fixed,141.07361960411072,L.2.R0xI2,/work/ht203/repo/speech/reports/neuroprobe_stage0_l2_neuralset_2026_05_06/L.2.R0xI2/sub4_trial0
4,0,frame_brightness,0,0.0,1.0,1.0,0.3659233847913093,1.0,0.5350035845035684,3,3498,1749,77520,train_set_fixed,155.20825004577637,L.2.R0xI2,/work/ht203/repo/speech/reports/neuroprobe_stage0_l2_neuralset_2026_05_06/L.2.R0xI2/sub4_trial0
4,0,face_num,0,0.0,1.0,1.0,0.3459119496855345,1.0,0.5138054874777747,3,3498,1749,77520,train_set_fixed,136.505756855011,L.2.R0xI2,/work/ht203/repo/speech/reports/neuroprobe_stage0_l2_neuralset_2026_05_06/L.2.R0xI2/sub4_trial0
4,1,onset,0,0.0,1.0,1.0,0.7329192546583851,1.0,0.79326728900743,2,2112,1449,77520,train_set_fixed,77.96260070800781,L.2.R0xI2,/work/ht203/repo/speech/reports/neuroprobe_stage0_l2_neuralset_2026_05_06/L.2.R0xI2/sub4_trial1
4,1,speech,0,0.0,1.0,1.0,0.7022857142857143,1.0,0.7712143673469388,2,3500,1750,77520,train_set_fixed,115.00419926643372,L.2.R0xI2,/work/ht203/repo/speech/reports/neuroprobe_stage0_l2_neuralset_2026_05_06/L.2.R0xI2/sub4_trial1
4,1,volume,0,0.0,1.0,1.0,0.3882218410520297,1.0,0.5601696436189462,3,3498,1749,77520,train_set_fixed,120.01256489753725,L.2.R0xI2,/work/ht203/repo/speech/reports/neuroprobe_stage0_l2_neuralset_2026_05_06/L.2.R0xI2/sub4_trial1
4,1,delta_volume,0,0.0,1.0,1.0,0.433390508862207,1.0,0.6005916637490474,3,3498,1749,77520,train_set_fixed,115.93132138252258,L.2.R0xI2,/work/ht203/repo/speech/reports/neuroprobe_stage0_l2_neuralset_2026_05_06/L.2.R0xI2/sub4_trial1
4,1,pitch,0,0.0,1.0,1.0,0.361349342481418,1.0,0.5274535706264888,3,3498,1749,77520,train_set_fixed,114.61148405075072,L.2.R0xI2,/work/ht203/repo/speech/reports/neuroprobe_stage0_l2_neuralset_2026_05_06/L.2.R0xI2/sub4_trial1
4,1,word_index,0,0.0,1.0,1.0,0.4438742783835792,1.0,0.613488379369312,3,2265,1559,77520,train_set_fixed,82.2045419216156,L.2.R0xI2,/work/ht203/repo/speech/reports/neuroprobe_stage0_l2_neuralset_2026_05_06/L.2.R0xI2/sub4_trial1
4,1,word_gap,0,0.0,1.0,1.0,0.368210405946255,1.0,0.5394464565392427,3,3498,1749,77520,train_set_fixed,115.14831733703612,L.2.R0xI2,/work/ht203/repo/speech/reports/neuroprobe_stage0_l2_neuralset_2026_05_06/L.2.R0xI2/sub4_trial1
4,1,gpt2_surprisal,0,0.0,1.0,1.0,0.3596340766152087,1.0,0.5180333383349661,3,3498,1749,77520,train_set_fixed,122.48201608657835,L.2.R0xI2,/work/ht203/repo/speech/reports/neuroprobe_stage0_l2_neuralset_2026_05_06/L.2.R0xI2/sub4_trial1
4,1,word_head_pos,0,0.0,1.0,1.0,0.5234285714285715,1.0,0.5229289795918368,2,3500,1750,77520,train_set_fixed,117.8851957321167,L.2.R0xI2,/work/ht203/repo/speech/reports/neuroprobe_stage0_l2_neuralset_2026_05_06/L.2.R0xI2/sub4_trial1
4,1,word_part_speech,0,0.0,1.0,1.0,0.1768707482993197,1.0,0.5142778695879896,6,2328,1617,77520,train_set_fixed,86.27580642700195,L.2.R0xI2,/work/ht203/repo/speech/reports/neuroprobe_stage0_l2_neuralset_2026_05_06/L.2.R0xI2/sub4_trial1
4,1,word_length,0,0.0,1.0,1.0,0.3779302458547741,1.0,0.5469003606079239,3,3498,1749,77520,train_set_fixed,113.99205493927002,L.2.R0xI2,/work/ht203/repo/speech/reports/neuroprobe_stage0_l2_neuralset_2026_05_06/L.2.R0xI2/sub4_trial1
4,1,global_flow,0,0.0,1.0,1.0,0.361349342481418,1.0,0.5190370974053294,3,3498,1749,77520,train_set_fixed,113.98912167549132,L.2.R0xI2,/work/ht203/repo/speech/reports/neuroprobe_stage0_l2_neuralset_2026_05_06/L.2.R0xI2/sub4_trial1
4,1,local_flow,0,0.0,1.0,1.0,0.3653516295025729,1.0,0.5348003318730526,3,3498,1749,77520,train_set_fixed,118.36056709289552,L.2.R0xI2,/work/ht203/repo/speech/reports/neuroprobe_stage0_l2_neuralset_2026_05_06/L.2.R0xI2/sub4_trial1
4,1,frame_brightness,0,0.0,1.0,1.0,0.3567753001715266,1.0,0.5291006769857217,3,3498,1749,77520,train_set_fixed,118.04890203475952,L.2.R0xI2,/work/ht203/repo/speech/reports/neuroprobe_stage0_l2_neuralset_2026_05_06/L.2.R0xI2/sub4_trial1
4,1,face_num,0,0.0,1.0,1.0,0.3264722698684962,1.0,0.5002763156991449,3,3498,1749,77520,train_set_fixed,114.41903710365295,L.2.R0xI2,/work/ht203/repo/speech/reports/neuroprobe_stage0_l2_neuralset_2026_05_06/L.2.R0xI2/sub4_trial1
7,0,onset,0,0.0,1.0,1.0,0.7205714285714285,1.0,0.7763539591836734,2,2898,1750,76874,train_set_fixed,245.67951607704163,L.2.R0xI2,/work/ht203/repo/speech/reports/neuroprobe_stage0_l2_neuralset_2026_05_06/L.2.R0xI2/sub7_trial0
7,0,speech,0,0.0,1.0,1.0,0.6965714285714286,1.0,0.7524466938775509,2,3108,1750,76874,train_set_fixed,242.67220759391785,L.2.R0xI2,/work/ht203/repo/speech/reports/neuroprobe_stage0_l2_neuralset_2026_05_06/L.2.R0xI2/sub7_trial0
7,0,volume,0,0.0,1.0,1.0,0.3825042881646655,1.0,0.552474974673104,3,3498,1749,76874,train_set_fixed,257.0881578922272,L.2.R0xI2,/work/ht203/repo/speech/reports/neuroprobe_stage0_l2_neuralset_2026_05_06/L.2.R0xI2/sub7_trial0
7,0,delta_volume,0,0.0,1.0,1.0,0.3476272155517438,1.0,0.5168094093463846,3,3498,1749,76874,train_set_fixed,238.13793087005612,L.2.R0xI2,/work/ht203/repo/speech/reports/neuroprobe_stage0_l2_neuralset_2026_05_06/L.2.R0xI2/sub7_trial0
7,0,pitch,0,0.0,1.0,1.0,0.3504859919954259,1.0,0.5099816901007878,3,3498,1749,76874,train_set_fixed,247.0356822013855,L.2.R0xI2,/work/ht203/repo/speech/reports/neuroprobe_stage0_l2_neuralset_2026_05_06/L.2.R0xI2/sub7_trial0
7,0,word_index,0,0.0,1.0,1.0,0.3453401943967982,1.0,0.5222047982331487,3,3117,1749,76874,train_set_fixed,240.82917857170105,L.2.R0xI2,/work/ht203/repo/speech/reports/neuroprobe_stage0_l2_neuralset_2026_05_06/L.2.R0xI2/sub7_trial0
7,0,word_gap,0,0.0,1.0,1.0,0.3253287592910234,1.0,0.4840212539976287,3,3498,1749,76874,train_set_fixed,270.76532554626465,L.2.R0xI2,/work/ht203/repo/speech/reports/neuroprobe_stage0_l2_neuralset_2026_05_06/L.2.R0xI2/sub7_trial0
7,0,gpt2_surprisal,0,0.0,1.0,1.0,0.3327615780445969,1.0,0.5112409247332708,3,3498,1749,76874,train_set_fixed,248.73512029647827,L.2.R0xI2,/work/ht203/repo/speech/reports/neuroprobe_stage0_l2_neuralset_2026_05_06/L.2.R0xI2/sub7_trial0
7,0,word_head_pos,0,0.0,1.0,1.0,0.5034285714285714,1.0,0.5022119183673469,2,3500,1750,76874,train_set_fixed,269.5920627117157,L.2.R0xI2,/work/ht203/repo/speech/reports/neuroprobe_stage0_l2_neuralset_2026_05_06/L.2.R0xI2/sub7_trial0
7,0,word_part_speech,0,0.0,1.0,1.0,0.1686678101772441,1.0,0.5063643405621666,6,3234,1749,76874,train_set_fixed,281.7950894832611,L.2.R0xI2,/work/ht203/repo/speech/reports/neuroprobe_stage0_l2_neuralset_2026_05_06/L.2.R0xI2/sub7_trial0
7,0,word_length,0,0.0,1.0,1.0,0.3493424814179531,1.0,0.5174267677584937,3,3498,1749,76874,train_set_fixed,246.2579519748688,L.2.R0xI2,/work/ht203/repo/speech/reports/neuroprobe_stage0_l2_neuralset_2026_05_06/L.2.R0xI2/sub7_trial0
7,0,global_flow,0,0.0,1.0,1.0,0.3813607775871926,1.0,0.5417170507626509,3,3498,1749,76874,train_set_fixed,295.0912320613861,L.2.R0xI2,/work/ht203/repo/speech/reports/neuroprobe_stage0_l2_neuralset_2026_05_06/L.2.R0xI2/sub7_trial0
7,0,local_flow,0,0.0,1.0,1.0,0.3602058319039451,1.0,0.5253234634444383,3,3498,1749,76874,train_set_fixed,272.6619303226471,L.2.R0xI2,/work/ht203/repo/speech/reports/neuroprobe_stage0_l2_neuralset_2026_05_06/L.2.R0xI2/sub7_trial0
7,0,frame_brightness,0,0.0,1.0,1.0,0.3270440251572327,1.0,0.4904483522561778,3,3498,1749,76874,train_set_fixed,268.44032549858093,L.2.R0xI2,/work/ht203/repo/speech/reports/neuroprobe_stage0_l2_neuralset_2026_05_06/L.2.R0xI2/sub7_trial0
7,0,face_num,0,0.0,1.0,1.0,0.3453401943967982,1.0,0.518685021678646,3,3498,1749,76874,train_set_fixed,259.2189152240753,L.2.R0xI2,/work/ht203/repo/speech/reports/neuroprobe_stage0_l2_neuralset_2026_05_06/L.2.R0xI2/sub7_trial0
7,1,onset,0,0.0,1.0,1.0,0.6473429951690821,1.0,0.7635111449799961,2,3500,1449,76874,train_set_fixed,167.1653482913971,L.2.R0xI2,/work/ht203/repo/speech/reports/neuroprobe_stage0_l2_neuralset_2026_05_06/L.2.R0xI2/sub7_trial1
7,1,speech,0,0.0,1.0,1.0,0.6203346203346203,1.0,0.7506828394859282,2,3500,1554,76874,train_set_fixed,133.44046306610107,L.2.R0xI2,/work/ht203/repo/speech/reports/neuroprobe_stage0_l2_neuralset_2026_05_06/L.2.R0xI2/sub7_trial1
7,1,volume,0,0.0,1.0,1.0,0.3836477987421384,1.0,0.5766931753209626,3,3498,1749,76874,train_set_fixed,146.5905282497406,L.2.R0xI2,/work/ht203/repo/speech/reports/neuroprobe_stage0_l2_neuralset_2026_05_06/L.2.R0xI2/sub7_trial1
7,1,delta_volume,0,0.0,1.0,1.0,0.3361921097770154,1.0,0.5070518120131376,3,3498,1749,76874,train_set_fixed,136.05167698860168,L.2.R0xI2,/work/ht203/repo/speech/reports/neuroprobe_stage0_l2_neuralset_2026_05_06/L.2.R0xI2/sub7_trial1
7,1,pitch,0,0.0,1.0,1.0,0.3333333333333333,1.0,0.5008870543030225,3,3498,1749,76874,train_set_fixed,164.7797813415527,L.2.R0xI2,/work/ht203/repo/speech/reports/neuroprobe_stage0_l2_neuralset_2026_05_06/L.2.R0xI2/sub7_trial1
7,1,word_index,0,0.0,1.0,1.0,0.3919178960872354,1.0,0.5558005235659104,3,3498,1559,76874,train_set_fixed,165.47993779182434,L.2.R0xI2,/work/ht203/repo/speech/reports/neuroprobe_stage0_l2_neuralset_2026_05_06/L.2.R0xI2/sub7_trial1
7,1,word_gap,0,0.0,1.0,1.0,0.3218982275586049,1.0,0.4902438737352488,3,3498,1749,76874,train_set_fixed,141.95109677314758,L.2.R0xI2,/work/ht203/repo/speech/reports/neuroprobe_stage0_l2_neuralset_2026_05_06/L.2.R0xI2/sub7_trial1
7,1,gpt2_surprisal,0,0.0,1.0,1.0,0.346483704974271,1.0,0.5226166974119982,3,3498,1749,76874,train_set_fixed,139.39797592163086,L.2.R0xI2,/work/ht203/repo/speech/reports/neuroprobe_stage0_l2_neuralset_2026_05_06/L.2.R0xI2/sub7_trial1
7,1,word_head_pos,0,0.0,1.0,1.0,0.5108571428571429,1.0,0.5248208979591837,2,3500,1750,76874,train_set_fixed,134.66353106498718,L.2.R0xI2,/work/ht203/repo/speech/reports/neuroprobe_stage0_l2_neuralset_2026_05_06/L.2.R0xI2/sub7_trial1
7,1,word_part_speech,0,0.0,1.0,1.0,0.1842918985776128,1.0,0.5138027958117931,6,3498,1617,76874,train_set_fixed,128.5780382156372,L.2.R0xI2,/work/ht203/repo/speech/reports/neuroprobe_stage0_l2_neuralset_2026_05_06/L.2.R0xI2/sub7_trial1
7,1,word_length,0,0.0,1.0,1.0,0.3384791309319611,1.0,0.5084743352486646,3,3498,1749,76874,train_set_fixed,139.2124946117401,L.2.R0xI2,/work/ht203/repo/speech/reports/neuroprobe_stage0_l2_neuralset_2026_05_06/L.2.R0xI2/sub7_trial1
7,1,global_flow,0,0.0,1.0,1.0,0.3344768439108062,1.0,0.5240617770311288,3,3498,1749,76874,train_set_fixed,140.020161151886,L.2.R0xI2,/work/ht203/repo/speech/reports/neuroprobe_stage0_l2_neuralset_2026_05_06/L.2.R0xI2/sub7_trial1
7,1,local_flow,0,0.0,1.0,1.0,0.3316180674671241,1.0,0.5186923770211255,3,3498,1749,76874,train_set_fixed,139.49286770820618,L.2.R0xI2,/work/ht203/repo/speech/reports/neuroprobe_stage0_l2_neuralset_2026_05_06/L.2.R0xI2/sub7_trial1
7,1,frame_brightness,0,0.0,1.0,1.0,0.3842195540308747,1.0,0.553219335332025,3,3498,1749,76874,train_set_fixed,131.47034668922424,L.2.R0xI2,/work/ht203/repo/speech/reports/neuroprobe_stage0_l2_neuralset_2026_05_06/L.2.R0xI2/sub7_trial1
7,1,face_num,0,0.0,1.0,1.0,0.342481417953116,1.0,0.5114797281857705,3,3498,1749,76874,train_set_fixed,129.47124934196472,L.2.R0xI2,/work/ht203/repo/speech/reports/neuroprobe_stage0_l2_neuralset_2026_05_06/L.2.R0xI2/sub7_trial1
10,0,onset,0,-0.0,1.0,1.0,0.7079058539529269,1.0,0.811836040162468,2,3500,1657,245760,train_set_fixed,463.5505063533783,L.2.R0xI3,/work/ht203/repo/speech/reports/neuroprobe_stage0_l2_neuralset_2026_05_06/L.2.R0xI3/sub10_trial0
10,0,speech,0,-0.0,1.0,1.0,0.6605714285714286,1.0,0.7241103673469389,2,3500,1750,245760,train_set_fixed,485.9357469081879,L.2.R0xI3,/work/ht203/repo/speech/reports/neuroprobe_stage0_l2_neuralset_2026_05_06/L.2.R0xI3/sub10_trial0
10,0,volume,0,-0.0,1.0,1.0,0.3487707261292166,1.0,0.5270406907353088,3,3498,1749,245760,train_set_fixed,439.3140695095062,L.2.R0xI3,/work/ht203/repo/speech/reports/neuroprobe_stage0_l2_neuralset_2026_05_06/L.2.R0xI3/sub10_trial0
10,0,delta_volume,0,-0.0,1.0,1.0,0.3384791309319611,1.0,0.5218899895750279,3,3498,1749,245760,train_set_fixed,435.9653627872467,L.2.R0xI3,/work/ht203/repo/speech/reports/neuroprobe_stage0_l2_neuralset_2026_05_06/L.2.R0xI3/sub10_trial0
10,0,pitch,0,-0.0,1.0,1.0,0.3304745568896512,1.0,0.5045357945289982,3,3498,1749,245760,train_set_fixed,433.21246695518494,L.2.R0xI3,/work/ht203/repo/speech/reports/neuroprobe_stage0_l2_neuralset_2026_05_06/L.2.R0xI3/sub10_trial0
10,0,word_index,0,-0.0,1.0,1.0,0.4088050314465409,1.0,0.5883832663016455,3,3498,1749,245760,train_set_fixed,426.0887725353241,L.2.R0xI3,/work/ht203/repo/speech/reports/neuroprobe_stage0_l2_neuralset_2026_05_06/L.2.R0xI3/sub10_trial0
10,0,word_gap,0,-0.0,1.0,1.0,0.3436249285305889,1.0,0.5129900251748855,3,3498,1749,245760,train_set_fixed,426.6382713317871,L.2.R0xI3,/work/ht203/repo/speech/reports/neuroprobe_stage0_l2_neuralset_2026_05_06/L.2.R0xI3/sub10_trial0
10,0,gpt2_surprisal,0,-0.0,1.0,1.0,0.3516295025728988,1.0,0.5172468070458297,3,3498,1749,245760,train_set_fixed,427.4961607456207,L.2.R0xI3,/work/ht203/repo/speech/reports/neuroprobe_stage0_l2_neuralset_2026_05_06/L.2.R0xI3/sub10_trial0
10,0,word_head_pos,0,-0.0,1.0,1.0,0.5125714285714286,1.0,0.5268062040816326,2,3500,1750,245760,train_set_fixed,414.69393849372864,L.2.R0xI3,/work/ht203/repo/speech/reports/neuroprobe_stage0_l2_neuralset_2026_05_06/L.2.R0xI3/sub10_trial0
10,0,word_part_speech,0,-0.0,1.0,1.0,0.1686046511627907,1.0,0.5052731206057328,6,3498,1548,245760,train_set_fixed,373.0506362915039,L.2.R0xI3,/work/ht203/repo/speech/reports/neuroprobe_stage0_l2_neuralset_2026_05_06/L.2.R0xI3/sub10_trial0
10,0,word_length,0,-0.0,1.0,1.0,0.3579188107489994,1.0,0.535042812996792,3,3498,1749,245760,train_set_fixed,413.36053133010864,L.2.R0xI3,/work/ht203/repo/speech/reports/neuroprobe_stage0_l2_neuralset_2026_05_06/L.2.R0xI3/sub10_trial0
10,0,global_flow,0,-0.0,1.0,1.0,0.3344768439108062,1.0,0.5197922458998869,3,3498,1749,245760,train_set_fixed,394.0190134048462,L.2.R0xI3,/work/ht203/repo/speech/reports/neuroprobe_stage0_l2_neuralset_2026_05_06/L.2.R0xI3/sub10_trial0
10,0,local_flow,0,-0.0,1.0,1.0,0.342481417953116,1.0,0.5142531826566908,3,3498,1749,245760,train_set_fixed,362.72126746177673,L.2.R0xI3,/work/ht203/repo/speech/reports/neuroprobe_stage0_l2_neuralset_2026_05_06/L.2.R0xI3/sub10_trial0
10,0,frame_brightness,0,-0.0,1.0,1.0,0.3224699828473413,1.0,0.4805353120185315,3,3498,1749,245760,train_set_fixed,362.9107754230499,L.2.R0xI3,/work/ht203/repo/speech/reports/neuroprobe_stage0_l2_neuralset_2026_05_06/L.2.R0xI3/sub10_trial0
10,0,face_num,0,-0.0,1.0,1.0,0.3218982275586049,1.0,0.4949812046481841,3,3498,1749,245760,train_set_fixed,371.5499527454376,L.2.R0xI3,/work/ht203/repo/speech/reports/neuroprobe_stage0_l2_neuralset_2026_05_06/L.2.R0xI3/sub10_trial0
10,1,onset,0,-0.0,1.0,1.0,0.7754285714285715,1.0,0.8488463673469387,2,3314,1750,245760,train_set_fixed,532.6634335517883,L.2.R0xI3,/work/ht203/repo/speech/reports/neuroprobe_stage0_l2_neuralset_2026_05_06/L.2.R0xI3/sub10_trial1
10,1,speech,0,-0.0,1.0,1.0,0.7354285714285714,1.0,0.8061453061224491,2,3500,1750,245760,train_set_fixed,469.0209789276123,L.2.R0xI3,/work/ht203/repo/speech/reports/neuroprobe_stage0_l2_neuralset_2026_05_06/L.2.R0xI3/sub10_trial1
10,1,volume,0,-0.0,1.0,1.0,0.4025157232704403,1.0,0.6049082690721579,3,3498,1749,245760,train_set_fixed,423.4513635635376,L.2.R0xI3,/work/ht203/repo/speech/reports/neuroprobe_stage0_l2_neuralset_2026_05_06/L.2.R0xI3/sub10_trial1
10,1,delta_volume,0,-0.0,1.0,1.0,0.3847913093196112,1.0,0.5664334532744514,3,3498,1749,245760,train_set_fixed,422.4632456302643,L.2.R0xI3,/work/ht203/repo/speech/reports/neuroprobe_stage0_l2_neuralset_2026_05_06/L.2.R0xI3/sub10_trial1
10,1,pitch,0,-0.0,1.0,1.0,0.357347055460263,1.0,0.5273143094755445,3,3498,1749,245760,train_set_fixed,427.186714887619,L.2.R0xI3,/work/ht203/repo/speech/reports/neuroprobe_stage0_l2_neuralset_2026_05_06/L.2.R0xI3/sub10_trial1
10,1,word_index,0,-0.0,1.0,0.9997141223556318,0.4305317324185249,1.0,0.61472372843291,3,3498,1749,245760,train_set_fixed,423.4376609325409,L.2.R0xI3,/work/ht203/repo/speech/reports/neuroprobe_stage0_l2_neuralset_2026_05_06/L.2.R0xI3/sub10_trial1
10,1,word_gap,0,-0.0,1.0,1.0,0.3441966838193253,1.0,0.5177121550466965,3,3498,1749,245760,train_set_fixed,434.0273153781891,L.2.R0xI3,/work/ht203/repo/speech/reports/neuroprobe_stage0_l2_neuralset_2026_05_06/L.2.R0xI3/sub10_trial1
10,1,gpt2_surprisal,0,-0.0,1.0,1.0,0.3499142367066895,1.0,0.5112188587058323,3,3498,1749,245760,train_set_fixed,450.7956545352936,L.2.R0xI3,/work/ht203/repo/speech/reports/neuroprobe_stage0_l2_neuralset_2026_05_06/L.2.R0xI3/sub10_trial1
10,1,word_head_pos,0,-0.0,1.0,1.0,0.5125714285714286,1.0,0.5141642448979592,2,3500,1750,245760,train_set_fixed,452.3140172958374,L.2.R0xI3,/work/ht203/repo/speech/reports/neuroprobe_stage0_l2_neuralset_2026_05_06/L.2.R0xI3/sub10_trial1
10,1,word_part_speech,0,-0.0,1.0,1.0,0.1629502572898799,1.0,0.5089131368584247,6,3096,1749,245760,train_set_fixed,411.96300745010376,L.2.R0xI3,/work/ht203/repo/speech/reports/neuroprobe_stage0_l2_neuralset_2026_05_06/L.2.R0xI3/sub10_trial1
10,1,word_length,0,-0.0,1.0,1.0,0.3470554602630074,1.0,0.5234753110574335,3,3498,1749,245760,train_set_fixed,421.2939984798432,L.2.R0xI3,/work/ht203/repo/speech/reports/neuroprobe_stage0_l2_neuralset_2026_05_06/L.2.R0xI3/sub10_trial1
10,1,global_flow,0,-0.0,1.0,1.0,0.342481417953116,1.0,0.5112634811168744,3,3498,1749,245760,train_set_fixed,397.4493350982666,L.2.R0xI3,/work/ht203/repo/speech/reports/neuroprobe_stage0_l2_neuralset_2026_05_06/L.2.R0xI3/sub10_trial1
10,1,local_flow,0,-0.0,1.0,1.0,0.3539165237278445,1.0,0.5086739102079404,3,3498,1749,245760,train_set_fixed,362.5070173740387,L.2.R0xI3,/work/ht203/repo/speech/reports/neuroprobe_stage0_l2_neuralset_2026_05_06/L.2.R0xI3/sub10_trial1
10,1,frame_brightness,0,-0.0,1.0,1.0,0.3110348770726129,1.0,0.4882937272658623,3,3498,1749,245760,train_set_fixed,364.0276861190796,L.2.R0xI3,/work/ht203/repo/speech/reports/neuroprobe_stage0_l2_neuralset_2026_05_06/L.2.R0xI3/sub10_trial1
10,1,face_num,0,-0.0,1.0,1.0,0.3430531732418524,1.0,0.5199550441467656,3,3498,1749,245760,train_set_fixed,309.34296798706055,L.2.R0xI3,/work/ht203/repo/speech/reports/neuroprobe_stage0_l2_neuralset_2026_05_06/L.2.R0xI3/sub10_trial1
1,1,onset,0,-0.0,1.0,1.0,0.6279514996809189,1.0,0.6919390361508588,2,2916,1567,245760,train_set_fixed,475.9614992141724,L.2.R0xI3,/work/ht203/repo/speech/reports/neuroprobe_stage0_l2_neuralset_2026_05_06/L.2.R0xI3/sub1_trial1
1,1,speech,0,-0.0,1.0,1.0,0.6782857142857143,1.0,0.747521306122449,2,3500,1750,245760,train_set_fixed,437.69185853004456,L.2.R0xI3,/work/ht203/repo/speech/reports/neuroprobe_stage0_l2_neuralset_2026_05_06/L.2.R0xI3/sub1_trial1
1,1,volume,0,-0.0,1.0,1.0,0.4208118925100057,1.0,0.6098294835470796,3,3498,1749,245760,train_set_fixed,458.4334671497345,L.2.R0xI3,/work/ht203/repo/speech/reports/neuroprobe_stage0_l2_neuralset_2026_05_06/L.2.R0xI3/sub1_trial1
1,1,delta_volume,0,-0.0,1.0,1.0,0.3516295025728988,1.0,0.5218958738490115,3,3498,1749,245760,train_set_fixed,469.3327927589417,L.2.R0xI3,/work/ht203/repo/speech/reports/neuroprobe_stage0_l2_neuralset_2026_05_06/L.2.R0xI3/sub1_trial1
1,1,pitch,0,-0.0,1.0,1.0,0.3716409376786735,1.0,0.5563247609268516,3,3498,1749,245760,train_set_fixed,458.7945656776428,L.2.R0xI3,/work/ht203/repo/speech/reports/neuroprobe_stage0_l2_neuralset_2026_05_06/L.2.R0xI3/sub1_trial1
1,1,word_index,0,-0.0,1.0,1.0,0.3472779369627507,1.0,0.5157938272082806,3,3060,1745,245760,train_set_fixed,434.14359045028687,L.2.R0xI3,/work/ht203/repo/speech/reports/neuroprobe_stage0_l2_neuralset_2026_05_06/L.2.R0xI3/sub1_trial1
1,1,word_gap,0,-0.0,1.0,1.0,0.3344768439108062,1.0,0.5008488065221294,3,3498,1749,245760,train_set_fixed,478.3423898220062,L.2.R0xI3,/work/ht203/repo/speech/reports/neuroprobe_stage0_l2_neuralset_2026_05_06/L.2.R0xI3/sub1_trial1
1,1,gpt2_surprisal,0,-0.0,1.0,1.0,0.3459119496855345,1.0,0.5131484102162766,3,3498,1749,245760,train_set_fixed,462.494024515152,L.2.R0xI3,/work/ht203/repo/speech/reports/neuroprobe_stage0_l2_neuralset_2026_05_06/L.2.R0xI3/sub1_trial1
1,1,word_head_pos,0,-0.0,1.0,1.0,0.5377142857142857,1.0,0.5434527346938776,2,3500,1750,245760,train_set_fixed,434.0138747692108,L.2.R0xI3,/work/ht203/repo/speech/reports/neuroprobe_stage0_l2_neuralset_2026_05_06/L.2.R0xI3/sub1_trial1
1,1,word_part_speech,0,-0.0,1.0,1.0,0.1745200698080279,1.0,0.5055745820265618,6,2760,1719,245760,train_set_fixed,380.7296311855316,L.2.R0xI3,/work/ht203/repo/speech/reports/neuroprobe_stage0_l2_neuralset_2026_05_06/L.2.R0xI3/sub1_trial1
1,1,word_length,0,-0.0,1.0,1.0,0.3487707261292166,1.0,0.512686985064732,3,3498,1749,245760,train_set_fixed,438.12881231307983,L.2.R0xI3,/work/ht203/repo/speech/reports/neuroprobe_stage0_l2_neuralset_2026_05_06/L.2.R0xI3/sub1_trial1
1,1,global_flow,0,-0.0,1.0,1.0,0.3493424814179531,1.0,0.5283827955597268,3,3498,1749,245760,train_set_fixed,363.56896471977234,L.2.R0xI3,/work/ht203/repo/speech/reports/neuroprobe_stage0_l2_neuralset_2026_05_06/L.2.R0xI3/sub1_trial1
1,1,local_flow,0,-0.0,1.0,1.0,0.357347055460263,1.0,0.5283646523816109,3,3498,1749,245760,train_set_fixed,349.5322749614716,L.2.R0xI3,/work/ht203/repo/speech/reports/neuroprobe_stage0_l2_neuralset_2026_05_06/L.2.R0xI3/sub1_trial1
1,1,frame_brightness,0,-0.0,1.0,1.0,0.3013150371640937,1.0,0.4682538515025003,3,3498,1749,245760,train_set_fixed,310.29050040245056,L.2.R0xI3,/work/ht203/repo/speech/reports/neuroprobe_stage0_l2_neuralset_2026_05_06/L.2.R0xI3/sub1_trial1
1,1,face_num,0,-0.0,1.0,1.0,0.3401943967981704,1.0,0.5073381800136711,3,3498,1749,245760,train_set_fixed,248.3836250305176,L.2.R0xI3,/work/ht203/repo/speech/reports/neuroprobe_stage0_l2_neuralset_2026_05_06/L.2.R0xI3/sub1_trial1
1,2,onset,0,-0.0,1.0,1.0,0.6213991769547325,1.0,0.6946542513656266,2,3134,1458,245760,train_set_fixed,420.3851716518402,L.2.R0xI3,/work/ht203/repo/speech/reports/neuroprobe_stage0_l2_neuralset_2026_05_06/L.2.R0xI3/sub1_trial2
1,2,speech,0,-0.0,1.0,1.0,0.7045714285714286,1.0,0.7682311836734694,2,3500,1750,245760,train_set_fixed,435.857346534729,L.2.R0xI3,/work/ht203/repo/speech/reports/neuroprobe_stage0_l2_neuralset_2026_05_06/L.2.R0xI3/sub1_trial2
1,2,volume,0,-0.0,1.0,1.0,0.4465408805031446,1.0,0.6200754756209625,3,3498,1749,245760,train_set_fixed,452.4399659633637,L.2.R0xI3,/work/ht203/repo/speech/reports/neuroprobe_stage0_l2_neuralset_2026_05_06/L.2.R0xI3/sub1_trial2
1,2,delta_volume,0,-0.0,1.0,1.0,0.3419096626643796,1.0,0.5157683832074589,3,3498,1749,245760,train_set_fixed,449.67499017715454,L.2.R0xI3,/work/ht203/repo/speech/reports/neuroprobe_stage0_l2_neuralset_2026_05_06/L.2.R0xI3/sub1_trial2
1,2,pitch,0,-0.0,1.0,1.0,0.3607775871926815,1.0,0.529703324712872,3,3498,1749,245760,train_set_fixed,436.4497435092926,L.2.R0xI3,/work/ht203/repo/speech/reports/neuroprobe_stage0_l2_neuralset_2026_05_06/L.2.R0xI3/sub1_trial2
1,2,word_index,0,-0.0,1.0,1.0,0.357516339869281,1.0,0.5174086889657824,3,3489,1530,245760,train_set_fixed,430.35022020339966,L.2.R0xI3,/work/ht203/repo/speech/reports/neuroprobe_stage0_l2_neuralset_2026_05_06/L.2.R0xI3/sub1_trial2
1,2,word_gap,0,-0.0,1.0,1.0,0.3327615780445969,1.0,0.4957383145674028,3,3498,1749,245760,train_set_fixed,447.9667673110962,L.2.R0xI3,/work/ht203/repo/speech/reports/neuroprobe_stage0_l2_neuralset_2026_05_06/L.2.R0xI3/sub1_trial2
1,2,gpt2_surprisal,0,-0.0,1.0,1.0,0.3476272155517438,1.0,0.5169334694562048,3,3498,1749,245760,train_set_fixed,438.9251697063446,L.2.R0xI3,/work/ht203/repo/speech/reports/neuroprobe_stage0_l2_neuralset_2026_05_06/L.2.R0xI3/sub1_trial2
1,2,word_head_pos,0,-0.0,1.0,1.0,0.5125714285714286,1.0,0.5147608163265307,2,3500,1750,245760,train_set_fixed,411.9472539424896,L.2.R0xI3,/work/ht203/repo/speech/reports/neuroprobe_stage0_l2_neuralset_2026_05_06/L.2.R0xI3/sub1_trial2
1,2,word_part_speech,0,-0.0,1.0,1.0,0.1782608695652174,1.0,0.5054505356017643,6,3438,1380,245760,train_set_fixed,393.6538815498352,L.2.R0xI3,/work/ht203/repo/speech/reports/neuroprobe_stage0_l2_neuralset_2026_05_06/L.2.R0xI3/sub1_trial2
1,2,word_length,0,-0.0,1.0,1.0,0.3550600343053173,1.0,0.519841771872582,3,3498,1749,245760,train_set_fixed,391.1946656703949,L.2.R0xI3,/work/ht203/repo/speech/reports/neuroprobe_stage0_l2_neuralset_2026_05_06/L.2.R0xI3/sub1_trial2
1,2,global_flow,0,-0.0,1.0,1.0,0.3659233847913093,1.0,0.5365491871365847,3,3498,1749,245760,train_set_fixed,355.36896419525146,L.2.R0xI3,/work/ht203/repo/speech/reports/neuroprobe_stage0_l2_neuralset_2026_05_06/L.2.R0xI3/sub1_trial2
1,2,local_flow,0,-0.0,1.0,1.0,0.368210405946255,1.0,0.5271689188725339,3,3498,1749,245760,train_set_fixed,355.90548396110535,L.2.R0xI3,/work/ht203/repo/speech/reports/neuroprobe_stage0_l2_neuralset_2026_05_06/L.2.R0xI3/sub1_trial2
1,2,frame_brightness,0,-0.0,1.0,1.0,0.3339050886220697,1.0,0.4991203010394569,3,3498,1749,245760,train_set_fixed,358.268828868866,L.2.R0xI3,/work/ht203/repo/speech/reports/neuroprobe_stage0_l2_neuralset_2026_05_06/L.2.R0xI3/sub1_trial2
1,2,face_num,0,-0.0,1.0,1.0,0.3299028016009148,1.0,0.5041096750213551,3,3498,1749,245760,train_set_fixed,283.70910143852234,L.2.R0xI3,/work/ht203/repo/speech/reports/neuroprobe_stage0_l2_neuralset_2026_05_06/L.2.R0xI3/sub1_trial2
2,0,onset,0,-0.0,1.0,1.0,0.7574144486692015,1.0,0.8798813803185707,2,2992,1315,243712,train_set_fixed,384.95280146598816,L.2.R0xI3,/work/ht203/repo/speech/reports/neuroprobe_stage0_l2_neuralset_2026_05_06/L.2.R0xI3/sub2_trial0
2,0,speech,0,-0.0,1.0,1.0,0.7651428571428571,1.0,0.8945802448979594,2,3500,1750,243712,train_set_fixed,410.24588084220886,L.2.R0xI3,/work/ht203/repo/speech/reports/neuroprobe_stage0_l2_neuralset_2026_05_06/L.2.R0xI3/sub2_trial0
2,0,volume,0,-0.0,1.0,1.0,0.3607775871926815,1.0,0.5677034757425709,3,3498,1749,243712,train_set_fixed,434.5718584060669,L.2.R0xI3,/work/ht203/repo/speech/reports/neuroprobe_stage0_l2_neuralset_2026_05_06/L.2.R0xI3/sub2_trial0
2,0,delta_volume,0,-0.0,1.0,1.0,0.4190966266437964,1.0,0.6036853207959069,3,3498,1749,243712,train_set_fixed,441.6565878391266,L.2.R0xI3,/work/ht203/repo/speech/reports/neuroprobe_stage0_l2_neuralset_2026_05_06/L.2.R0xI3/sub2_trial0
2,0,pitch,0,-0.0,1.0,1.0,0.3710691823899371,1.0,0.5526316434679165,3,3498,1749,243712,train_set_fixed,424.8095626831055,L.2.R0xI3,/work/ht203/repo/speech/reports/neuroprobe_stage0_l2_neuralset_2026_05_06/L.2.R0xI3/sub2_trial0
2,0,word_index,0,-0.0,1.0,1.0,0.4696441032798325,1.0,0.6414419653602392,3,3192,1433,243712,train_set_fixed,423.29219603538513,L.2.R0xI3,/work/ht203/repo/speech/reports/neuroprobe_stage0_l2_neuralset_2026_05_06/L.2.R0xI3/sub2_trial0
2,0,word_gap,0,-0.0,1.0,1.0,0.3641304347826087,1.0,0.5328231113911643,3,3498,1656,243712,train_set_fixed,480.8641405105591,L.2.R0xI3,/work/ht203/repo/speech/reports/neuroprobe_stage0_l2_neuralset_2026_05_06/L.2.R0xI3/sub2_trial0
2,0,gpt2_surprisal,0,-0.0,1.0,1.0,0.3504859919954259,1.0,0.5344028982010793,3,3498,1749,243712,train_set_fixed,462.2475728988648,L.2.R0xI3,/work/ht203/repo/speech/reports/neuroprobe_stage0_l2_neuralset_2026_05_06/L.2.R0xI3/sub2_trial0
2,0,word_head_pos,0,-0.0,1.0,1.0,0.5405714285714286,1.0,0.5538494693877551,2,3500,1750,243712,train_set_fixed,434.2990770339966,L.2.R0xI3,/work/ht203/repo/speech/reports/neuroprobe_stage0_l2_neuralset_2026_05_06/L.2.R0xI3/sub2_trial0
2,0,word_part_speech,0,-0.0,1.0,1.0,0.1875,1.0,0.5052930056710775,6,2346,1104,243712,train_set_fixed,301.9613473415375,L.2.R0xI3,/work/ht203/repo/speech/reports/neuroprobe_stage0_l2_neuralset_2026_05_06/L.2.R0xI3/sub2_trial0
2,0,word_length,0,-0.0,1.0,1.0,0.3813607775871926,1.0,0.5578728153406946,3,3498,1749,243712,train_set_fixed,435.2161908149719,L.2.R0xI3,/work/ht203/repo/speech/reports/neuroprobe_stage0_l2_neuralset_2026_05_06/L.2.R0xI3/sub2_trial0
2,0,global_flow,0,-0.0,1.0,1.0,0.3664951400800457,1.0,0.5373504291106803,3,3498,1749,243712,train_set_fixed,350.8681356906891,L.2.R0xI3,/work/ht203/repo/speech/reports/neuroprobe_stage0_l2_neuralset_2026_05_06/L.2.R0xI3/sub2_trial0
2,0,local_flow,0,-0.0,1.0,1.0,0.3327615780445969,1.0,0.5097281759633293,3,3498,1749,243712,train_set_fixed,338.0992021560669,L.2.R0xI3,/work/ht203/repo/speech/reports/neuroprobe_stage0_l2_neuralset_2026_05_06/L.2.R0xI3/sub2_trial0
2,0,frame_brightness,0,-0.0,1.0,1.0,0.3276157804459691,1.0,0.4954372358819105,3,3498,1749,243712,train_set_fixed,351.229510307312,L.2.R0xI3,/work/ht203/repo/speech/reports/neuroprobe_stage0_l2_neuralset_2026_05_06/L.2.R0xI3/sub2_trial0
2,0,face_num,0,-0.0,1.0,1.0,0.3476272155517438,1.0,0.5203208498460773,3,2988,1749,243712,train_set_fixed,250.71105694770813,L.2.R0xI3,/work/ht203/repo/speech/reports/neuroprobe_stage0_l2_neuralset_2026_05_06/L.2.R0xI3/sub2_trial0
2,4,onset,0,-0.0,1.0,1.0,0.8094919786096256,1.0,0.8812868183248019,2,2630,1496,243712,train_set_fixed,209.6375000476837,L.2.R0xI3,/work/ht203/repo/speech/reports/neuroprobe_stage0_l2_neuralset_2026_05_06/L.2.R0xI3/sub2_trial4
2,4,speech,0,-0.0,1.0,1.0,0.8177142857142857,1.0,0.8852048979591838,2,3500,1750,243712,train_set_fixed,181.46509051322937,L.2.R0xI3,/work/ht203/repo/speech/reports/neuroprobe_stage0_l2_neuralset_2026_05_06/L.2.R0xI3/sub2_trial4
2,4,volume,0,-0.0,1.0,1.0,0.3624928530588908,1.0,0.597487464044634,3,3498,1749,243712,train_set_fixed,188.49558186531067,L.2.R0xI3,/work/ht203/repo/speech/reports/neuroprobe_stage0_l2_neuralset_2026_05_06/L.2.R0xI3/sub2_trial4
2,4,delta_volume,0,-0.0,1.0,1.0,0.4002287021154945,1.0,0.5760895468814818,3,3498,1749,243712,train_set_fixed,186.25222396850583,L.2.R0xI3,/work/ht203/repo/speech/reports/neuroprobe_stage0_l2_neuralset_2026_05_06/L.2.R0xI3/sub2_trial4
2,4,pitch,0,-0.0,1.0,1.0,0.3722126929674099,1.0,0.5392939557718354,3,3498,1749,243712,train_set_fixed,186.23454213142395,L.2.R0xI3,/work/ht203/repo/speech/reports/neuroprobe_stage0_l2_neuralset_2026_05_06/L.2.R0xI3/sub2_trial4
2,4,word_index,0,-0.0,1.0,1.0,0.4241854636591479,1.0,0.6043733629185746,3,2865,1596,243712,train_set_fixed,158.5555555820465,L.2.R0xI3,/work/ht203/repo/speech/reports/neuroprobe_stage0_l2_neuralset_2026_05_06/L.2.R0xI3/sub2_trial4
2,4,word_gap,0,-0.0,1.0,1.0,0.3470554602630074,1.0,0.5132842388740638,3,3312,1749,243712,train_set_fixed,174.67313814163208,L.2.R0xI3,/work/ht203/repo/speech/reports/neuroprobe_stage0_l2_neuralset_2026_05_06/L.2.R0xI3/sub2_trial4
2,4,gpt2_surprisal,0,-0.0,1.0,1.0,0.3419096626643796,1.0,0.515978255646206,3,3498,1749,243712,train_set_fixed,188.43000721931455,L.2.R0xI3,/work/ht203/repo/speech/reports/neuroprobe_stage0_l2_neuralset_2026_05_06/L.2.R0xI3/sub2_trial4
2,4,word_head_pos,0,-0.0,1.0,1.0,0.5445714285714286,1.0,0.5654808163265307,2,3500,1750,243712,train_set_fixed,177.25055646896362,L.2.R0xI3,/work/ht203/repo/speech/reports/neuroprobe_stage0_l2_neuralset_2026_05_06/L.2.R0xI3/sub2_trial4
2,4,word_part_speech,0,-0.0,1.0,1.0,0.1705029838022165,1.0,0.5109099356055867,6,2208,1173,243712,train_set_fixed,145.26650977134705,L.2.R0xI3,/work/ht203/repo/speech/reports/neuroprobe_stage0_l2_neuralset_2026_05_06/L.2.R0xI3/sub2_trial4
2,4,word_length,0,-0.0,1.0,1.0,0.3716409376786735,1.0,0.5395795882381209,3,3498,1749,243712,train_set_fixed,177.49387407302856,L.2.R0xI3,/work/ht203/repo/speech/reports/neuroprobe_stage0_l2_neuralset_2026_05_06/L.2.R0xI3/sub2_trial4
2,4,global_flow,0,-0.0,1.0,1.0,0.3607775871926815,1.0,0.5290923409309117,3,3498,1749,243712,train_set_fixed,178.4114286899567,L.2.R0xI3,/work/ht203/repo/speech/reports/neuroprobe_stage0_l2_neuralset_2026_05_06/L.2.R0xI3/sub2_trial4
2,4,local_flow,0,-0.0,1.0,1.0,0.3562035448827901,1.0,0.5332140296783164,3,3498,1749,243712,train_set_fixed,179.0949068069458,L.2.R0xI3,/work/ht203/repo/speech/reports/neuroprobe_stage0_l2_neuralset_2026_05_06/L.2.R0xI3/sub2_trial4
2,4,frame_brightness,0,-0.0,1.0,1.0,0.342481417953116,1.0,0.5070773105337331,3,3498,1749,243712,train_set_fixed,178.73365831375122,L.2.R0xI3,/work/ht203/repo/speech/reports/neuroprobe_stage0_l2_neuralset_2026_05_06/L.2.R0xI3/sub2_trial4
2,4,face_num,0,-0.0,1.0,1.0,0.3661311914323962,1.0,0.5304376811126703,3,3498,1494,243712,train_set_fixed,169.59548354148865,L.2.R0xI3,/work/ht203/repo/speech/reports/neuroprobe_stage0_l2_neuralset_2026_05_06/L.2.R0xI3/sub2_trial4
3,0,onset,0,-0.0,1.0,1.0,0.8445714285714285,1.0,0.9195363265306122,2,2244,1750,223232,train_set_fixed,109.54285788536072,L.2.R0xI3,/work/ht203/repo/speech/reports/neuroprobe_stage0_l2_neuralset_2026_05_06/L.2.R0xI3/sub3_trial0
3,0,speech,0,-0.0,1.0,1.0,0.8308571428571428,1.0,0.9243885714285714,2,3500,1750,223232,train_set_fixed,161.7398645877838,L.2.R0xI3,/work/ht203/repo/speech/reports/neuroprobe_stage0_l2_neuralset_2026_05_06/L.2.R0xI3/sub3_trial0
3,0,volume,0,-0.0,1.0,1.0,0.4236706689536878,1.0,0.6743868341331042,3,3498,1749,223232,train_set_fixed,158.8379602432251,L.2.R0xI3,/work/ht203/repo/speech/reports/neuroprobe_stage0_l2_neuralset_2026_05_06/L.2.R0xI3/sub3_trial0
3,0,delta_volume,0,-0.0,1.0,1.0,0.429388221841052,1.0,0.6282198011703821,3,3498,1749,223232,train_set_fixed,347.0252177715301,L.2.R0xI3,/work/ht203/repo/speech/reports/neuroprobe_stage0_l2_neuralset_2026_05_06/L.2.R0xI3/sub3_trial0
3,0,pitch,0,-0.0,1.0,1.0,0.342481417953116,1.0,0.5168206875381866,3,3498,1749,223232,train_set_fixed,332.8055577278137,L.2.R0xI3,/work/ht203/repo/speech/reports/neuroprobe_stage0_l2_neuralset_2026_05_06/L.2.R0xI3/sub3_trial0
3,0,word_index,0,-0.0,1.0,1.0,0.4762721555174385,1.0,0.6643281581143649,3,2514,1749,223232,train_set_fixed,235.73528623580933,L.2.R0xI3,/work/ht203/repo/speech/reports/neuroprobe_stage0_l2_neuralset_2026_05_06/L.2.R0xI3/sub3_trial0
3,0,word_gap,0,-0.0,1.0,1.0,0.3905088622069754,1.0,0.5626474133221925,3,2970,1749,223232,train_set_fixed,255.0294663906097,L.2.R0xI3,/work/ht203/repo/speech/reports/neuroprobe_stage0_l2_neuralset_2026_05_06/L.2.R0xI3/sub3_trial0
3,0,gpt2_surprisal,0,-0.0,1.0,1.0,0.342481417953116,1.0,0.5191488986110171,3,3498,1749,223232,train_set_fixed,318.98005867004395,L.2.R0xI3,/work/ht203/repo/speech/reports/neuroprobe_stage0_l2_neuralset_2026_05_06/L.2.R0xI3/sub3_trial0
3,0,word_head_pos,0,-0.0,1.0,1.0,0.5394285714285715,1.0,0.5589577142857143,2,3500,1750,223232,train_set_fixed,269.6777849197388,L.2.R0xI3,/work/ht203/repo/speech/reports/neuroprobe_stage0_l2_neuralset_2026_05_06/L.2.R0xI3/sub3_trial0
3,0,word_part_speech,0,-0.0,1.0,1.0,0.1938250428816466,1.0,0.5323629833246596,6,2442,1749,223232,train_set_fixed,296.8480033874512,L.2.R0xI3,/work/ht203/repo/speech/reports/neuroprobe_stage0_l2_neuralset_2026_05_06/L.2.R0xI3/sub3_trial0
3,0,word_length,0,-0.0,1.0,1.0,0.4048027444253859,1.0,0.5790145214074792,3,3498,1749,223232,train_set_fixed,274.8984854221344,L.2.R0xI3,/work/ht203/repo/speech/reports/neuroprobe_stage0_l2_neuralset_2026_05_06/L.2.R0xI3/sub3_trial0
3,0,global_flow,0,-0.0,1.0,1.0,0.3916523727844482,1.0,0.5624483287190819,3,3498,1749,223232,train_set_fixed,300.2534477710724,L.2.R0xI3,/work/ht203/repo/speech/reports/neuroprobe_stage0_l2_neuralset_2026_05_06/L.2.R0xI3/sub3_trial0
3,0,local_flow,0,-0.0,1.0,1.0,0.4053744997141223,1.0,0.575117660961863,3,3498,1749,223232,train_set_fixed,322.76980423927307,L.2.R0xI3,/work/ht203/repo/speech/reports/neuroprobe_stage0_l2_neuralset_2026_05_06/L.2.R0xI3/sub3_trial0
3,0,frame_brightness,0,-0.0,1.0,1.0,0.3476272155517438,1.0,0.520168839434835,3,3498,1749,223232,train_set_fixed,242.54410409927368,L.2.R0xI3,/work/ht203/repo/speech/reports/neuroprobe_stage0_l2_neuralset_2026_05_06/L.2.R0xI3/sub3_trial0
3,0,face_num,0,-0.0,1.0,1.0,0.3562035448827901,1.0,0.5215844976840479,3,3498,1749,223232,train_set_fixed,306.1512641906738,L.2.R0xI3,/work/ht203/repo/speech/reports/neuroprobe_stage0_l2_neuralset_2026_05_06/L.2.R0xI3/sub3_trial0
3,1,onset,0,-0.0,1.0,1.0,0.875222816399287,1.0,0.9430511468888316,2,3500,1122,223232,train_set_fixed,212.6859509944916,L.2.R0xI3,/work/ht203/repo/speech/reports/neuroprobe_stage0_l2_neuralset_2026_05_06/L.2.R0xI3/sub3_trial1
3,1,speech,0,-0.0,1.0,1.0,0.8651428571428571,1.0,0.9306057142857144,2,3500,1750,223232,train_set_fixed,175.34052276611328,L.2.R0xI3,/work/ht203/repo/speech/reports/neuroprobe_stage0_l2_neuralset_2026_05_06/L.2.R0xI3/sub3_trial1
3,1,volume,0,-0.0,1.0,1.0,0.4654088050314465,1.0,0.7017575345676579,3,3498,1749,223232,train_set_fixed,177.71621417999268,L.2.R0xI3,/work/ht203/repo/speech/reports/neuroprobe_stage0_l2_neuralset_2026_05_06/L.2.R0xI3/sub3_trial1
3,1,delta_volume,0,-0.0,1.0,1.0,0.4682675814751286,1.0,0.6432433333627547,3,3498,1749,223232,train_set_fixed,175.82733917236328,L.2.R0xI3,/work/ht203/repo/speech/reports/neuroprobe_stage0_l2_neuralset_2026_05_06/L.2.R0xI3/sub3_trial1
3,1,pitch,0,-0.0,1.0,1.0,0.3259005145797599,1.0,0.4981037927087961,3,3498,1749,223232,train_set_fixed,181.87799382209775,L.2.R0xI3,/work/ht203/repo/speech/reports/neuroprobe_stage0_l2_neuralset_2026_05_06/L.2.R0xI3/sub3_trial1
3,1,word_index,0,-0.0,1.0,1.0,0.5258552108194113,1.0,0.7084128403612798,3,3498,1257,223232,train_set_fixed,156.49289417266846,L.2.R0xI3,/work/ht203/repo/speech/reports/neuroprobe_stage0_l2_neuralset_2026_05_06/L.2.R0xI3/sub3_trial1
3,1,word_gap,0,-0.0,1.0,1.0,0.4,1.0,0.5716852021902527,3,3498,1485,223232,train_set_fixed,162.74470257759094,L.2.R0xI3,/work/ht203/repo/speech/reports/neuroprobe_stage0_l2_neuralset_2026_05_06/L.2.R0xI3/sub3_trial1
3,1,gpt2_surprisal,0,-0.0,1.0,1.0,0.3819325328759291,1.0,0.5570985429556905,3,3498,1749,223232,train_set_fixed,175.74130368232727,L.2.R0xI3,/work/ht203/repo/speech/reports/neuroprobe_stage0_l2_neuralset_2026_05_06/L.2.R0xI3/sub3_trial1
3,1,word_head_pos,0,-0.0,1.0,1.0,0.5457142857142857,1.0,0.570817306122449,2,3500,1750,223232,train_set_fixed,170.35687136650083,L.2.R0xI3,/work/ht203/repo/speech/reports/neuroprobe_stage0_l2_neuralset_2026_05_06/L.2.R0xI3/sub3_trial1
3,1,word_part_speech,0,-0.0,1.0,1.0,0.2219492219492219,1.0,0.5654816022525986,6,3498,1221,223232,train_set_fixed,153.6283736228943,L.2.R0xI3,/work/ht203/repo/speech/reports/neuroprobe_stage0_l2_neuralset_2026_05_06/L.2.R0xI3/sub3_trial1
3,1,word_length,0,-0.0,1.0,1.0,0.400800457404231,1.0,0.5748621853997432,3,3498,1749,223232,train_set_fixed,201.15047883987427,L.2.R0xI3,/work/ht203/repo/speech/reports/neuroprobe_stage0_l2_neuralset_2026_05_06/L.2.R0xI3/sub3_trial1
3,1,global_flow,0,-0.0,1.0,1.0,0.3785020011435105,1.0,0.5479028937878739,3,3498,1749,223232,train_set_fixed,167.1414086818695,L.2.R0xI3,/work/ht203/repo/speech/reports/neuroprobe_stage0_l2_neuralset_2026_05_06/L.2.R0xI3/sub3_trial1
3,1,local_flow,0,-0.0,1.0,1.0,0.3853630646083476,1.0,0.5525833433856348,3,3498,1749,223232,train_set_fixed,167.0261881351471,L.2.R0xI3,/work/ht203/repo/speech/reports/neuroprobe_stage0_l2_neuralset_2026_05_06/L.2.R0xI3/sub3_trial1
3,1,frame_brightness,0,-0.0,1.0,1.0,0.3556317895940537,1.0,0.529003586464993,3,3498,1749,223232,train_set_fixed,166.20438623428345,L.2.R0xI3,/work/ht203/repo/speech/reports/neuroprobe_stage0_l2_neuralset_2026_05_06/L.2.R0xI3/sub3_trial1
3,1,face_num,0,-0.0,1.0,1.0,0.3476272155517438,1.0,0.5084066660978536,3,3498,1749,223232,train_set_fixed,172.2264325618744,L.2.R0xI3,/work/ht203/repo/speech/reports/neuroprobe_stage0_l2_neuralset_2026_05_06/L.2.R0xI3/sub3_trial1
4,0,onset,0,-0.0,1.0,1.0,0.7964015151515151,1.0,0.8615630739210285,2,2898,1056,245760,train_set_fixed,169.31234288215637,L.2.R0xI3,/work/ht203/repo/speech/reports/neuroprobe_stage0_l2_neuralset_2026_05_06/L.2.R0xI3/sub4_trial0
4,0,speech,0,-0.0,1.0,1.0,0.7222857142857143,1.0,0.7877968979591837,2,3500,1750,245760,train_set_fixed,365.80078506469727,L.2.R0xI3,/work/ht203/repo/speech/reports/neuroprobe_stage0_l2_neuralset_2026_05_06/L.2.R0xI3/sub4_trial0
4,0,volume,0,-0.0,1.0,1.0,0.3762149799885649,1.0,0.5452010313170869,3,3498,1749,245760,train_set_fixed,356.24155020713806,L.2.R0xI3,/work/ht203/repo/speech/reports/neuroprobe_stage0_l2_neuralset_2026_05_06/L.2.R0xI3/sub4_trial0
4,0,delta_volume,0,-0.0,1.0,1.0,0.4133790737564322,1.0,0.5911586821972272,3,3498,1749,245760,train_set_fixed,362.3423707485199,L.2.R0xI3,/work/ht203/repo/speech/reports/neuroprobe_stage0_l2_neuralset_2026_05_06/L.2.R0xI3/sub4_trial0
4,0,pitch,0,-0.0,1.0,1.0,0.3647798742138364,1.0,0.5409403265968203,3,3498,1749,245760,train_set_fixed,382.09524297714233,L.2.R0xI3,/work/ht203/repo/speech/reports/neuroprobe_stage0_l2_neuralset_2026_05_06/L.2.R0xI3/sub4_trial0
4,0,word_index,0,-0.0,1.0,1.0,0.4677846425419241,1.0,0.6387082342437447,3,3117,1133,245760,train_set_fixed,319.56582140922546,L.2.R0xI3,/work/ht203/repo/speech/reports/neuroprobe_stage0_l2_neuralset_2026_05_06/L.2.R0xI3/sub4_trial0
4,0,word_gap,0,-0.0,1.0,1.0,0.3619210977701543,1.0,0.5461194684146884,3,3498,1749,245760,train_set_fixed,381.70068740844727,L.2.R0xI3,/work/ht203/repo/speech/reports/neuroprobe_stage0_l2_neuralset_2026_05_06/L.2.R0xI3/sub4_trial0
4,0,gpt2_surprisal,0,-0.0,1.0,1.0,0.3659233847913093,1.0,0.5177312789371432,3,3498,1749,245760,train_set_fixed,360.1137709617615,L.2.R0xI3,/work/ht203/repo/speech/reports/neuroprobe_stage0_l2_neuralset_2026_05_06/L.2.R0xI3/sub4_trial0
4,0,word_head_pos,0,-0.0,1.0,1.0,0.5251428571428571,1.0,0.5211794285714286,2,3500,1750,245760,train_set_fixed,377.1468484401703,L.2.R0xI3,/work/ht203/repo/speech/reports/neuroprobe_stage0_l2_neuralset_2026_05_06/L.2.R0xI3/sub4_trial0
4,0,word_part_speech,0,-0.0,1.0,1.0,0.179553264604811,1.0,0.5310961136500514,6,3234,1164,245760,train_set_fixed,300.879988193512,L.2.R0xI3,/work/ht203/repo/speech/reports/neuroprobe_stage0_l2_neuralset_2026_05_06/L.2.R0xI3/sub4_trial0
4,0,word_length,0,-0.0,1.0,1.0,0.3779302458547741,1.0,0.5385802423732454,3,3498,1749,245760,train_set_fixed,347.2586340904236,L.2.R0xI3,/work/ht203/repo/speech/reports/neuroprobe_stage0_l2_neuralset_2026_05_06/L.2.R0xI3/sub4_trial0
4,0,global_flow,0,-0.0,1.0,1.0,0.3499142367066895,1.0,0.5255774679380621,3,3498,1749,245760,train_set_fixed,333.76293325424194,L.2.R0xI3,/work/ht203/repo/speech/reports/neuroprobe_stage0_l2_neuralset_2026_05_06/L.2.R0xI3/sub4_trial0
4,0,local_flow,0,-0.0,1.0,1.0,0.3390508862206975,1.0,0.5122387995296503,3,3498,1749,245760,train_set_fixed,326.1462051868439,L.2.R0xI3,/work/ht203/repo/speech/reports/neuroprobe_stage0_l2_neuralset_2026_05_06/L.2.R0xI3/sub4_trial0
4,0,frame_brightness,0,-0.0,1.0,1.0,0.3562035448827901,1.0,0.5296739033429542,3,3498,1749,245760,train_set_fixed,336.7020516395569,L.2.R0xI3,/work/ht203/repo/speech/reports/neuroprobe_stage0_l2_neuralset_2026_05_06/L.2.R0xI3/sub4_trial0
4,0,face_num,0,-0.0,1.0,1.0,0.3527730131503716,1.0,0.5164588046881972,3,3498,1749,245760,train_set_fixed,214.7569065093994,L.2.R0xI3,/work/ht203/repo/speech/reports/neuroprobe_stage0_l2_neuralset_2026_05_06/L.2.R0xI3/sub4_trial0
4,1,onset,0,-0.0,1.0,1.0,0.7163561076604554,1.0,0.7610906839397981,2,2112,1449,245760,train_set_fixed,105.78020024299622,L.2.R0xI3,/work/ht203/repo/speech/reports/neuroprobe_stage0_l2_neuralset_2026_05_06/L.2.R0xI3/sub4_trial1
4,1,speech,0,-0.0,1.0,1.0,0.6845714285714286,1.0,0.7337077551020408,2,3500,1750,245760,train_set_fixed,260.11145877838135,L.2.R0xI3,/work/ht203/repo/speech/reports/neuroprobe_stage0_l2_neuralset_2026_05_06/L.2.R0xI3/sub4_trial1
4,1,volume,0,-0.0,1.0,1.0,0.3716409376786735,1.0,0.5399716279922759,3,3498,1749,245760,train_set_fixed,379.6874873638153,L.2.R0xI3,/work/ht203/repo/speech/reports/neuroprobe_stage0_l2_neuralset_2026_05_06/L.2.R0xI3/sub4_trial1
4,1,delta_volume,0,-0.0,1.0,1.0,0.3905088622069754,1.0,0.5634856771867679,3,3498,1749,245760,train_set_fixed,357.7033841609955,L.2.R0xI3,/work/ht203/repo/speech/reports/neuroprobe_stage0_l2_neuralset_2026_05_06/L.2.R0xI3/sub4_trial1
4,1,pitch,0,-0.0,1.0,1.0,0.3584905660377358,1.0,0.5209318336280374,3,3498,1749,245760,train_set_fixed,378.8748536109924,L.2.R0xI3,/work/ht203/repo/speech/reports/neuroprobe_stage0_l2_neuralset_2026_05_06/L.2.R0xI3/sub4_trial1
4,1,word_index,0,-0.0,1.0,1.0,0.4348941629249518,1.0,0.6044600009728774,3,2265,1559,245760,train_set_fixed,300.1007242202759,L.2.R0xI3,/work/ht203/repo/speech/reports/neuroprobe_stage0_l2_neuralset_2026_05_06/L.2.R0xI3/sub4_trial1
4,1,word_gap,0,-0.0,1.0,1.0,0.3619210977701543,1.0,0.5385822037979066,3,3498,1749,245760,train_set_fixed,383.7926347255707,L.2.R0xI3,/work/ht203/repo/speech/reports/neuroprobe_stage0_l2_neuralset_2026_05_06/L.2.R0xI3/sub4_trial1
4,1,gpt2_surprisal,0,-0.0,1.0,1.0,0.3504859919954259,1.0,0.5254789063488374,3,3498,1749,245760,train_set_fixed,363.8957941532135,L.2.R0xI3,/work/ht203/repo/speech/reports/neuroprobe_stage0_l2_neuralset_2026_05_06/L.2.R0xI3/sub4_trial1
4,1,word_head_pos,0,-0.0,1.0,1.0,0.5057142857142857,1.0,0.5236460408163265,2,3500,1750,245760,train_set_fixed,366.8410220146179,L.2.R0xI3,/work/ht203/repo/speech/reports/neuroprobe_stage0_l2_neuralset_2026_05_06/L.2.R0xI3/sub4_trial1
4,1,word_part_speech,0,-0.0,1.0,1.0,0.1855287569573283,1.0,0.5315961760166371,6,2328,1617,245760,train_set_fixed,296.32327604293823,L.2.R0xI3,/work/ht203/repo/speech/reports/neuroprobe_stage0_l2_neuralset_2026_05_06/L.2.R0xI3/sub4_trial1
4,1,word_length,0,-0.0,1.0,1.0,0.3687821612349914,1.0,0.5414669691183495,3,3498,1749,245760,train_set_fixed,315.7744505405426,L.2.R0xI3,/work/ht203/repo/speech/reports/neuroprobe_stage0_l2_neuralset_2026_05_06/L.2.R0xI3/sub4_trial1
4,1,global_flow,0,-0.0,1.0,1.0,0.3453401943967982,1.0,0.513176605695781,3,3498,1749,245760,train_set_fixed,347.28462648391724,L.2.R0xI3,/work/ht203/repo/speech/reports/neuroprobe_stage0_l2_neuralset_2026_05_06/L.2.R0xI3/sub4_trial1
4,1,local_flow,0,-0.0,1.0,1.0,0.3499142367066895,1.0,0.5146775859177555,3,3498,1749,245760,train_set_fixed,311.1104781627655,L.2.R0xI3,/work/ht203/repo/speech/reports/neuroprobe_stage0_l2_neuralset_2026_05_06/L.2.R0xI3/sub4_trial1
4,1,frame_brightness,0,-0.0,1.0,1.0,0.3441966838193253,1.0,0.5224181031650529,3,3498,1749,245760,train_set_fixed,344.9260869026184,L.2.R0xI3,/work/ht203/repo/speech/reports/neuroprobe_stage0_l2_neuralset_2026_05_06/L.2.R0xI3/sub4_trial1
4,1,face_num,0,-0.0,1.0,1.0,0.3579188107489994,1.0,0.521073056203643,3,3498,1749,245760,train_set_fixed,335.0583441257477,L.2.R0xI3,/work/ht203/repo/speech/reports/neuroprobe_stage0_l2_neuralset_2026_05_06/L.2.R0xI3/sub4_trial1
7,0,onset,0,-0.0,1.0,1.0,0.6594285714285715,1.0,0.7359804081632654,2,2898,1750,243712,train_set_fixed,146.71959972381592,L.2.R0xI3,/work/ht203/repo/speech/reports/neuroprobe_stage0_l2_neuralset_2026_05_06/L.2.R0xI3/sub7_trial0
7,0,speech,0,-0.0,1.0,1.0,0.6445714285714286,1.0,0.7111627755102041,2,3108,1750,243712,train_set_fixed,155.64723014831543,L.2.R0xI3,/work/ht203/repo/speech/reports/neuroprobe_stage0_l2_neuralset_2026_05_06/L.2.R0xI3/sub7_trial0
7,0,volume,0,-0.0,1.0,1.0,0.3556317895940537,1.0,0.5411703036383447,3,3498,1749,243712,train_set_fixed,172.6269772052765,L.2.R0xI3,/work/ht203/repo/speech/reports/neuroprobe_stage0_l2_neuralset_2026_05_06/L.2.R0xI3/sub7_trial0
7,0,delta_volume,0,-0.0,1.0,1.0,0.3584905660377358,1.0,0.5349864220377829,3,3498,1749,243712,train_set_fixed,169.24370574951172,L.2.R0xI3,/work/ht203/repo/speech/reports/neuroprobe_stage0_l2_neuralset_2026_05_06/L.2.R0xI3/sub7_trial0
7,0,pitch,0,-0.0,1.0,1.0,0.3384791309319611,1.0,0.5075333417674593,3,3498,1749,243712,train_set_fixed,170.93384051322937,L.2.R0xI3,/work/ht203/repo/speech/reports/neuroprobe_stage0_l2_neuralset_2026_05_06/L.2.R0xI3/sub7_trial0
7,0,word_index,0,-0.0,1.0,1.0,0.353344768439108,1.0,0.5256083603764758,3,3117,1749,243712,train_set_fixed,161.70427680015564,L.2.R0xI3,/work/ht203/repo/speech/reports/neuroprobe_stage0_l2_neuralset_2026_05_06/L.2.R0xI3/sub7_trial0
7,0,word_gap,0,-0.0,1.0,1.0,0.3436249285305889,1.0,0.5027121599502582,3,3498,1749,243712,train_set_fixed,188.05030298233032,L.2.R0xI3,/work/ht203/repo/speech/reports/neuroprobe_stage0_l2_neuralset_2026_05_06/L.2.R0xI3/sub7_trial0
7,0,gpt2_surprisal,0,-0.0,1.0,1.0,0.3441966838193253,1.0,0.5105176493894575,3,3498,1749,243712,train_set_fixed,169.78019833564758,L.2.R0xI3,/work/ht203/repo/speech/reports/neuroprobe_stage0_l2_neuralset_2026_05_06/L.2.R0xI3/sub7_trial0
7,0,word_head_pos,0,-0.0,1.0,1.0,0.5211428571428571,1.0,0.5344953469387754,2,3500,1750,243712,train_set_fixed,162.43491506576538,L.2.R0xI3,/work/ht203/repo/speech/reports/neuroprobe_stage0_l2_neuralset_2026_05_06/L.2.R0xI3/sub7_trial0
7,0,word_part_speech,0,-0.0,1.0,1.0,0.1761006289308176,1.0,0.5166229190070952,6,3234,1749,243712,train_set_fixed,158.17358875274658,L.2.R0xI3,/work/ht203/repo/speech/reports/neuroprobe_stage0_l2_neuralset_2026_05_06/L.2.R0xI3/sub7_trial0
7,0,word_length,0,-0.0,1.0,1.0,0.3430531732418524,1.0,0.5262811290352635,3,3498,1749,243712,train_set_fixed,168.6554217338562,L.2.R0xI3,/work/ht203/repo/speech/reports/neuroprobe_stage0_l2_neuralset_2026_05_06/L.2.R0xI3/sub7_trial0
7,0,global_flow,0,-0.0,1.0,1.0,0.3562035448827901,1.0,0.5131479198601111,3,3498,1749,243712,train_set_fixed,170.10193800926208,L.2.R0xI3,/work/ht203/repo/speech/reports/neuroprobe_stage0_l2_neuralset_2026_05_06/L.2.R0xI3/sub7_trial0
7,0,local_flow,0,-0.0,1.0,1.0,0.342481417953116,1.0,0.5077368395760576,3,3498,1749,243712,train_set_fixed,166.6386821269989,L.2.R0xI3,/work/ht203/repo/speech/reports/neuroprobe_stage0_l2_neuralset_2026_05_06/L.2.R0xI3/sub7_trial0
7,0,frame_brightness,0,-0.0,1.0,1.0,0.328759291023442,1.0,0.5022781947439703,3,3498,1749,243712,train_set_fixed,165.16405296325684,L.2.R0xI3,/work/ht203/repo/speech/reports/neuroprobe_stage0_l2_neuralset_2026_05_06/L.2.R0xI3/sub7_trial0
7,0,face_num,0,-0.0,1.0,1.0,0.3481989708404803,1.0,0.504962894748972,3,3498,1749,243712,train_set_fixed,173.1144666671753,L.2.R0xI3,/work/ht203/repo/speech/reports/neuroprobe_stage0_l2_neuralset_2026_05_06/L.2.R0xI3/sub7_trial0
7,1,onset,0,-0.0,1.0,1.0,0.6977225672877847,1.0,0.7567517622404267,2,3500,1449,243712,train_set_fixed,178.90164613723755,L.2.R0xI3,/work/ht203/repo/speech/reports/neuroprobe_stage0_l2_neuralset_2026_05_06/L.2.R0xI3/sub7_trial1
7,1,speech,0,-0.0,1.0,1.0,0.6692406692406693,1.0,0.7332230189373046,2,3500,1554,243712,train_set_fixed,147.6291861534119,L.2.R0xI3,/work/ht203/repo/speech/reports/neuroprobe_stage0_l2_neuralset_2026_05_06/L.2.R0xI3/sub7_trial1
7,1,volume,0,-0.0,1.0,1.0,0.3687821612349914,1.0,0.5377731161251663,3,3498,1749,243712,train_set_fixed,143.53155159950256,L.2.R0xI3,/work/ht203/repo/speech/reports/neuroprobe_stage0_l2_neuralset_2026_05_06/L.2.R0xI3/sub7_trial1
7,1,delta_volume,0,-0.0,1.0,1.0,0.3659233847913093,1.0,0.5352414072437375,3,3498,1749,243712,train_set_fixed,140.9132022857666,L.2.R0xI3,/work/ht203/repo/speech/reports/neuroprobe_stage0_l2_neuralset_2026_05_06/L.2.R0xI3/sub7_trial1
7,1,pitch,0,-0.0,1.0,1.0,0.3619210977701543,1.0,0.530660499947532,3,3498,1749,243712,train_set_fixed,142.92573952674866,L.2.R0xI3,/work/ht203/repo/speech/reports/neuroprobe_stage0_l2_neuralset_2026_05_06/L.2.R0xI3/sub7_trial1
7,1,word_index,0,-0.0,1.0,1.0,0.386144964720975,1.0,0.5646900915907492,3,3498,1559,243712,train_set_fixed,136.36700677871704,L.2.R0xI3,/work/ht203/repo/speech/reports/neuroprobe_stage0_l2_neuralset_2026_05_06/L.2.R0xI3/sub7_trial1
7,1,word_gap,0,-0.0,1.0,1.0,0.3390508862206975,1.0,0.5070841755200473,3,3498,1749,243712,train_set_fixed,140.24724769592285,L.2.R0xI3,/work/ht203/repo/speech/reports/neuroprobe_stage0_l2_neuralset_2026_05_06/L.2.R0xI3/sub7_trial1
7,1,gpt2_surprisal,0,-0.0,1.0,1.0,0.3401943967981704,1.0,0.5109221932258277,3,3498,1749,243712,train_set_fixed,136.93554091453552,L.2.R0xI3,/work/ht203/repo/speech/reports/neuroprobe_stage0_l2_neuralset_2026_05_06/L.2.R0xI3/sub7_trial1
7,1,word_head_pos,0,-0.0,1.0,1.0,0.52,1.0,0.5336189387755101,2,3500,1750,243712,train_set_fixed,133.40256786346436,L.2.R0xI3,/work/ht203/repo/speech/reports/neuroprobe_stage0_l2_neuralset_2026_05_06/L.2.R0xI3/sub7_trial1
7,1,word_part_speech,0,-0.0,1.0,1.0,0.1929499072356215,1.0,0.5248667389487109,6,3498,1617,243712,train_set_fixed,137.97633743286133,L.2.R0xI3,/work/ht203/repo/speech/reports/neuroprobe_stage0_l2_neuralset_2026_05_06/L.2.R0xI3/sub7_trial1
7,1,word_length,0,-0.0,1.0,1.0,0.3567753001715266,1.0,0.5217884858488114,3,3498,1749,243712,train_set_fixed,136.53367018699646,L.2.R0xI3,/work/ht203/repo/speech/reports/neuroprobe_stage0_l2_neuralset_2026_05_06/L.2.R0xI3/sub7_trial1
7,1,global_flow,0,-0.0,1.0,1.0,0.3259005145797599,1.0,0.5041449806652564,3,3498,1749,243712,train_set_fixed,136.47318506240845,L.2.R0xI3,/work/ht203/repo/speech/reports/neuroprobe_stage0_l2_neuralset_2026_05_06/L.2.R0xI3/sub7_trial1
7,1,local_flow,0,-0.0,1.0,1.0,0.3470554602630074,1.0,0.516961910113792,3,3498,1749,243712,train_set_fixed,141.24043226242063,L.2.R0xI3,/work/ht203/repo/speech/reports/neuroprobe_stage0_l2_neuralset_2026_05_06/L.2.R0xI3/sub7_trial1
7,1,frame_brightness,0,-0.0,1.0,1.0,0.3390508862206975,1.0,0.5094633836340688,3,3498,1749,243712,train_set_fixed,138.65878987312317,L.2.R0xI3,/work/ht203/repo/speech/reports/neuroprobe_stage0_l2_neuralset_2026_05_06/L.2.R0xI3/sub7_trial1
7,1,face_num,0,-0.0,1.0,1.0,0.3413379073756432,1.0,0.5046260200634128,3,3498,1749,243712,train_set_fixed,139.27900767326355,L.2.R0xI3,/work/ht203/repo/speech/reports/neuroprobe_stage0_l2_neuralset_2026_05_06/L.2.R0xI3/sub7_trial1
10,0,onset,0,0.0,1.0,1.0,0.6722993361496681,1.0,0.7322413506756875,2,3500,1657,212992,train_set_fixed,432.1699106693268,L.2.R3xI0,/work/ht203/repo/speech/reports/neuroprobe_stage0_l2_neuralset_2026_05_06/L.2.R3xI0/sub10_trial0
10,0,speech,0,0.0,1.0,1.0,0.5805714285714285,1.0,0.6158445714285714,2,3500,1750,212992,train_set_fixed,397.5802330970764,L.2.R3xI0,/work/ht203/repo/speech/reports/neuroprobe_stage0_l2_neuralset_2026_05_06/L.2.R3xI0/sub10_trial0
10,0,volume,0,0.0,1.0,1.0,0.3481989708404803,1.0,0.5303498593168161,3,3498,1749,212992,train_set_fixed,405.27807688713074,L.2.R3xI0,/work/ht203/repo/speech/reports/neuroprobe_stage0_l2_neuralset_2026_05_06/L.2.R3xI0/sub10_trial0
10,0,delta_volume,0,0.0,1.0,0.9997141223556318,0.4013722126929674,1.0,0.581911790810137,3,3498,1749,212992,train_set_fixed,419.06851029396057,L.2.R3xI0,/work/ht203/repo/speech/reports/neuroprobe_stage0_l2_neuralset_2026_05_06/L.2.R3xI0/sub10_trial0
10,0,pitch,0,0.0,1.0,1.0,0.3436249285305889,1.0,0.5178774050744016,3,3498,1749,212992,train_set_fixed,396.8876552581787,L.2.R3xI0,/work/ht203/repo/speech/reports/neuroprobe_stage0_l2_neuralset_2026_05_06/L.2.R3xI0/sub10_trial0
10,0,word_index,0,0.0,1.0,1.0,0.4785591766723842,1.0,0.6558552939341962,3,3498,1749,212992,train_set_fixed,366.3554923534393,L.2.R3xI0,/work/ht203/repo/speech/reports/neuroprobe_stage0_l2_neuralset_2026_05_06/L.2.R3xI0/sub10_trial0
10,0,word_gap,0,0.0,1.0,1.0,0.379073756432247,1.0,0.5414924676389449,3,3498,1749,212992,train_set_fixed,386.9739763736725,L.2.R3xI0,/work/ht203/repo/speech/reports/neuroprobe_stage0_l2_neuralset_2026_05_06/L.2.R3xI0/sub10_trial0
10,0,gpt2_surprisal,0,0.0,1.0,1.0,0.3579188107489994,1.0,0.5222293160414135,3,3498,1749,212992,train_set_fixed,377.1286520957947,L.2.R3xI0,/work/ht203/repo/speech/reports/neuroprobe_stage0_l2_neuralset_2026_05_06/L.2.R3xI0/sub10_trial0
10,0,word_head_pos,0,0.0,1.0,1.0,0.5257142857142857,1.0,0.528046693877551,2,3500,1750,212992,train_set_fixed,371.9534401893616,L.2.R3xI0,/work/ht203/repo/speech/reports/neuroprobe_stage0_l2_neuralset_2026_05_06/L.2.R3xI0/sub10_trial0
10,0,word_part_speech,0,0.0,1.0,1.0,0.1860465116279069,1.0,0.5187123169681308,6,3498,1548,212992,train_set_fixed,386.910929441452,L.2.R3xI0,/work/ht203/repo/speech/reports/neuroprobe_stage0_l2_neuralset_2026_05_06/L.2.R3xI0/sub10_trial0
10,0,word_length,0,0.0,1.0,1.0,0.3762149799885649,1.0,0.551369221520359,3,3498,1749,212992,train_set_fixed,417.914589881897,L.2.R3xI0,/work/ht203/repo/speech/reports/neuroprobe_stage0_l2_neuralset_2026_05_06/L.2.R3xI0/sub10_trial0
10,0,global_flow,0,0.0,1.0,1.0,0.3367638650657518,1.0,0.5067504881495625,3,3498,1749,212992,train_set_fixed,415.3914659023285,L.2.R3xI0,/work/ht203/repo/speech/reports/neuroprobe_stage0_l2_neuralset_2026_05_06/L.2.R3xI0/sub10_trial0
10,0,local_flow,0,0.0,1.0,1.0,0.3270440251572327,1.0,0.5004042986582875,3,3498,1749,212992,train_set_fixed,413.8855378627777,L.2.R3xI0,/work/ht203/repo/speech/reports/neuroprobe_stage0_l2_neuralset_2026_05_06/L.2.R3xI0/sub10_trial0
10,0,frame_brightness,0,0.0,1.0,1.0,0.389937106918239,1.0,0.5544655755261276,3,3498,1749,212992,train_set_fixed,401.3569300174713,L.2.R3xI0,/work/ht203/repo/speech/reports/neuroprobe_stage0_l2_neuralset_2026_05_06/L.2.R3xI0/sub10_trial0
10,0,face_num,0,0.0,1.0,1.0,0.3539165237278445,1.0,0.5117160798574436,3,3498,1749,212992,train_set_fixed,429.7755801677704,L.2.R3xI0,/work/ht203/repo/speech/reports/neuroprobe_stage0_l2_neuralset_2026_05_06/L.2.R3xI0/sub10_trial0
10,1,onset,0,0.0,1.0,1.0,0.6691428571428572,1.0,0.719526857142857,2,3314,1750,212992,train_set_fixed,471.4817798137665,L.2.R3xI0,/work/ht203/repo/speech/reports/neuroprobe_stage0_l2_neuralset_2026_05_06/L.2.R3xI0/sub10_trial1
10,1,speech,0,0.0,1.0,1.0,0.5668571428571428,1.0,0.5969590204081632,2,3500,1750,212992,train_set_fixed,372.47722148895264,L.2.R3xI0,/work/ht203/repo/speech/reports/neuroprobe_stage0_l2_neuralset_2026_05_06/L.2.R3xI0/sub10_trial1
10,1,volume,0,0.0,1.0,1.0,0.3487707261292166,1.0,0.5148984913702218,3,3498,1749,212992,train_set_fixed,396.3114411830902,L.2.R3xI0,/work/ht203/repo/speech/reports/neuroprobe_stage0_l2_neuralset_2026_05_06/L.2.R3xI0/sub10_trial1
10,1,delta_volume,0,0.0,1.0,1.0,0.4082332761578044,1.0,0.5908051354020479,3,3498,1749,212992,train_set_fixed,408.42924523353577,L.2.R3xI0,/work/ht203/repo/speech/reports/neuroprobe_stage0_l2_neuralset_2026_05_06/L.2.R3xI0/sub10_trial1
10,1,pitch,0,0.0,1.0,1.0,0.3676386506575186,1.0,0.5275398733115811,3,3498,1749,212992,train_set_fixed,435.7122399806976,L.2.R3xI0,/work/ht203/repo/speech/reports/neuroprobe_stage0_l2_neuralset_2026_05_06/L.2.R3xI0/sub10_trial1
10,1,word_index,0,0.0,1.0,1.0,0.4516866781017724,1.0,0.6404855702891238,3,3498,1749,212992,train_set_fixed,382.8102331161499,L.2.R3xI0,/work/ht203/repo/speech/reports/neuroprobe_stage0_l2_neuralset_2026_05_06/L.2.R3xI0/sub10_trial1
10,1,word_gap,0,0.0,1.0,1.0,0.3642081189251001,1.0,0.5327709928829706,3,3498,1749,212992,train_set_fixed,385.7901270389557,L.2.R3xI0,/work/ht203/repo/speech/reports/neuroprobe_stage0_l2_neuralset_2026_05_06/L.2.R3xI0/sub10_trial1
10,1,gpt2_surprisal,0,0.0,1.0,1.0,0.361349342481418,1.0,0.5265157644603581,3,3498,1749,212992,train_set_fixed,392.416179895401,L.2.R3xI0,/work/ht203/repo/speech/reports/neuroprobe_stage0_l2_neuralset_2026_05_06/L.2.R3xI0/sub10_trial1
10,1,word_head_pos,0,0.0,1.0,1.0,0.5388571428571428,1.0,0.5494142040816326,2,3500,1750,212992,train_set_fixed,392.53488779067993,L.2.R3xI0,/work/ht203/repo/speech/reports/neuroprobe_stage0_l2_neuralset_2026_05_06/L.2.R3xI0/sub10_trial1
10,1,word_part_speech,0,0.0,1.0,0.9996770025839792,0.1978273299028016,1.0,0.5315960099566105,6,3096,1749,212992,train_set_fixed,367.992928981781,L.2.R3xI0,/work/ht203/repo/speech/reports/neuroprobe_stage0_l2_neuralset_2026_05_06/L.2.R3xI0/sub10_trial1
10,1,word_length,0,0.0,1.0,1.0,0.3567753001715266,1.0,0.5254455621295971,3,3498,1749,212992,train_set_fixed,388.7090222835541,L.2.R3xI0,/work/ht203/repo/speech/reports/neuroprobe_stage0_l2_neuralset_2026_05_06/L.2.R3xI0/sub10_trial1
10,1,global_flow,0,0.0,1.0,1.0,0.3184676958261864,1.0,0.4949287365384974,3,3498,1749,212992,train_set_fixed,408.1092646121979,L.2.R3xI0,/work/ht203/repo/speech/reports/neuroprobe_stage0_l2_neuralset_2026_05_06/L.2.R3xI0/sub10_trial1
10,1,local_flow,0,0.0,1.0,1.0,0.3224699828473413,1.0,0.4926257788081796,3,3498,1749,212992,train_set_fixed,403.3774039745331,L.2.R3xI0,/work/ht203/repo/speech/reports/neuroprobe_stage0_l2_neuralset_2026_05_06/L.2.R3xI0/sub10_trial1
10,1,frame_brightness,0,0.0,1.0,1.0,0.3590623213264722,1.0,0.5247455787036356,3,3498,1749,212992,train_set_fixed,423.49238300323486,L.2.R3xI0,/work/ht203/repo/speech/reports/neuroprobe_stage0_l2_neuralset_2026_05_06/L.2.R3xI0/sub10_trial1
10,1,face_num,0,0.0,1.0,1.0,0.3436249285305889,1.0,0.5061407302580156,3,3498,1749,212992,train_set_fixed,421.4480967521668,L.2.R3xI0,/work/ht203/repo/speech/reports/neuroprobe_stage0_l2_neuralset_2026_05_06/L.2.R3xI0/sub10_trial1
1,1,onset,0,0.0,1.0,1.0,0.5328653477983408,1.0,0.5597620513722731,2,2916,1567,210944,train_set_fixed,437.0682978630066,L.2.R3xI0,/work/ht203/repo/speech/reports/neuroprobe_stage0_l2_neuralset_2026_05_06/L.2.R3xI0/sub1_trial1
1,1,speech,0,0.0,1.0,1.0,0.6137142857142858,1.0,0.6431092244897959,2,3500,1750,210944,train_set_fixed,362.8469047546387,L.2.R3xI0,/work/ht203/repo/speech/reports/neuroprobe_stage0_l2_neuralset_2026_05_06/L.2.R3xI0/sub1_trial1
1,1,volume,0,0.0,1.0,1.0,0.3704974271012007,1.0,0.5390470614426083,3,3498,1749,210944,train_set_fixed,391.2030544281006,L.2.R3xI0,/work/ht203/repo/speech/reports/neuroprobe_stage0_l2_neuralset_2026_05_06/L.2.R3xI0/sub1_trial1
1,1,delta_volume,0,0.0,1.0,1.0,0.4042309891366495,1.0,0.584153944375958,3,3498,1749,210944,train_set_fixed,399.708643913269,L.2.R3xI0,/work/ht203/repo/speech/reports/neuroprobe_stage0_l2_neuralset_2026_05_06/L.2.R3xI0/sub1_trial1
1,1,pitch,0,0.0,1.0,1.0,0.3350485991995426,1.0,0.5039233396785421,3,3498,1749,210944,train_set_fixed,422.8419761657715,L.2.R3xI0,/work/ht203/repo/speech/reports/neuroprobe_stage0_l2_neuralset_2026_05_06/L.2.R3xI0/sub1_trial1
1,1,word_index,0,0.0,1.0,1.0,0.3707736389684813,1.0,0.5540353836636093,3,3060,1745,210944,train_set_fixed,347.48645520210266,L.2.R3xI0,/work/ht203/repo/speech/reports/neuroprobe_stage0_l2_neuralset_2026_05_06/L.2.R3xI0/sub1_trial1
1,1,word_gap,0,0.0,1.0,1.0,0.3430531732418524,1.0,0.5183179900889211,3,3498,1749,210944,train_set_fixed,390.91044092178345,L.2.R3xI0,/work/ht203/repo/speech/reports/neuroprobe_stage0_l2_neuralset_2026_05_06/L.2.R3xI0/sub1_trial1
1,1,gpt2_surprisal,0,0.0,1.0,1.0,0.3144654088050314,1.0,0.4794241649479683,3,3498,1749,210944,train_set_fixed,403.9762182235718,L.2.R3xI0,/work/ht203/repo/speech/reports/neuroprobe_stage0_l2_neuralset_2026_05_06/L.2.R3xI0/sub1_trial1
1,1,word_head_pos,0,0.0,1.0,1.0,0.512,1.0,0.5234115918367346,2,3500,1750,210944,train_set_fixed,380.7850251197815,L.2.R3xI0,/work/ht203/repo/speech/reports/neuroprobe_stage0_l2_neuralset_2026_05_06/L.2.R3xI0/sub1_trial1
1,1,word_part_speech,0,0.0,1.0,1.0,0.1675392670157068,1.0,0.5021306175168865,6,2760,1719,210944,train_set_fixed,318.2509701251984,L.2.R3xI0,/work/ht203/repo/speech/reports/neuroprobe_stage0_l2_neuralset_2026_05_06/L.2.R3xI0/sub1_trial1
1,1,word_length,0,0.0,1.0,1.0,0.3110348770726129,1.0,0.478655531658865,3,3498,1749,210944,train_set_fixed,413.6380214691162,L.2.R3xI0,/work/ht203/repo/speech/reports/neuroprobe_stage0_l2_neuralset_2026_05_06/L.2.R3xI0/sub1_trial1
1,1,global_flow,0,0.0,1.0,1.0,0.3390508862206975,1.0,0.510724579691213,3,3498,1749,210944,train_set_fixed,396.1884400844574,L.2.R3xI0,/work/ht203/repo/speech/reports/neuroprobe_stage0_l2_neuralset_2026_05_06/L.2.R3xI0/sub1_trial1
1,1,local_flow,0,0.0,1.0,1.0,0.3264722698684962,1.0,0.4945994623735004,3,3498,1749,210944,train_set_fixed,402.7444877624512,L.2.R3xI0,/work/ht203/repo/speech/reports/neuroprobe_stage0_l2_neuralset_2026_05_06/L.2.R3xI0/sub1_trial1
1,1,frame_brightness,0,0.0,1.0,1.0,0.3327615780445969,1.0,0.4909975511613105,3,3498,1749,210944,train_set_fixed,393.4235320091248,L.2.R3xI0,/work/ht203/repo/speech/reports/neuroprobe_stage0_l2_neuralset_2026_05_06/L.2.R3xI0/sub1_trial1
1,1,face_num,0,0.0,1.0,1.0,0.3453401943967982,1.0,0.5187607817061844,3,3498,1749,210944,train_set_fixed,414.7755348682404,L.2.R3xI0,/work/ht203/repo/speech/reports/neuroprobe_stage0_l2_neuralset_2026_05_06/L.2.R3xI0/sub1_trial1
1,2,onset,0,0.0,1.0,1.0,0.5397805212620027,1.0,0.5723749202639615,2,3134,1458,210944,train_set_fixed,395.4198670387268,L.2.R3xI0,/work/ht203/repo/speech/reports/neuroprobe_stage0_l2_neuralset_2026_05_06/L.2.R3xI0/sub1_trial2
1,2,speech,0,0.0,1.0,1.0,0.6257142857142857,1.0,0.672912,2,3500,1750,210944,train_set_fixed,399.8993349075317,L.2.R3xI0,/work/ht203/repo/speech/reports/neuroprobe_stage0_l2_neuralset_2026_05_06/L.2.R3xI0/sub1_trial2
1,2,volume,0,0.0,1.0,1.0,0.3447684391080617,1.0,0.5269668921324314,3,3498,1749,210944,train_set_fixed,399.5315690040589,L.2.R3xI0,/work/ht203/repo/speech/reports/neuroprobe_stage0_l2_neuralset_2026_05_06/L.2.R3xI0/sub1_trial2
1,2,delta_volume,0,0.0,1.0,1.0,0.3905088622069754,1.0,0.5623936540066512,3,3498,1749,210944,train_set_fixed,400.4722390174866,L.2.R3xI0,/work/ht203/repo/speech/reports/neuroprobe_stage0_l2_neuralset_2026_05_06/L.2.R3xI0/sub1_trial2
1,2,pitch,0,0.0,1.0,1.0,0.3304745568896512,1.0,0.5002285059730284,3,3498,1749,210944,train_set_fixed,379.1395049095154,L.2.R3xI0,/work/ht203/repo/speech/reports/neuroprobe_stage0_l2_neuralset_2026_05_06/L.2.R3xI0/sub1_trial2
1,2,word_index,0,0.0,1.0,1.0,0.3660130718954248,1.0,0.531238626169422,3,3489,1530,210944,train_set_fixed,348.9803795814514,L.2.R3xI0,/work/ht203/repo/speech/reports/neuroprobe_stage0_l2_neuralset_2026_05_06/L.2.R3xI0/sub1_trial2
1,2,word_gap,0,0.0,1.0,1.0,0.3493424814179531,1.0,0.5158654737281877,3,3498,1749,210944,train_set_fixed,370.19626903533936,L.2.R3xI0,/work/ht203/repo/speech/reports/neuroprobe_stage0_l2_neuralset_2026_05_06/L.2.R3xI0/sub1_trial2
1,2,gpt2_surprisal,0,0.0,1.0,1.0,0.328759291023442,1.0,0.4881449041696946,3,3498,1749,210944,train_set_fixed,380.1977047920227,L.2.R3xI0,/work/ht203/repo/speech/reports/neuroprobe_stage0_l2_neuralset_2026_05_06/L.2.R3xI0/sub1_trial2
1,2,word_head_pos,0,0.0,1.0,1.0,0.5165714285714286,1.0,0.5316538775510204,2,3500,1750,210944,train_set_fixed,374.7012724876404,L.2.R3xI0,/work/ht203/repo/speech/reports/neuroprobe_stage0_l2_neuralset_2026_05_06/L.2.R3xI0/sub1_trial2
1,2,word_part_speech,0,0.0,1.0,1.0,0.1666666666666666,1.0,0.4970604914933837,6,3438,1380,210944,train_set_fixed,371.1061520576477,L.2.R3xI0,/work/ht203/repo/speech/reports/neuroprobe_stage0_l2_neuralset_2026_05_06/L.2.R3xI0/sub1_trial2
1,2,word_length,0,0.0,1.0,1.0,0.3476272155517438,1.0,0.5030330980604453,3,3498,1749,210944,train_set_fixed,436.9396784305573,L.2.R3xI0,/work/ht203/repo/speech/reports/neuroprobe_stage0_l2_neuralset_2026_05_06/L.2.R3xI0/sub1_trial2
1,2,global_flow,0,0.0,1.0,1.0,0.3350485991995426,1.0,0.4949439375796216,3,3498,1749,210944,train_set_fixed,420.6909685134888,L.2.R3xI0,/work/ht203/repo/speech/reports/neuroprobe_stage0_l2_neuralset_2026_05_06/L.2.R3xI0/sub1_trial2
1,2,local_flow,0,0.0,1.0,1.0,0.3396226415094339,1.0,0.5123878678039007,3,3498,1749,210944,train_set_fixed,425.65966606140137,L.2.R3xI0,/work/ht203/repo/speech/reports/neuroprobe_stage0_l2_neuralset_2026_05_06/L.2.R3xI0/sub1_trial2
1,2,frame_brightness,0,0.0,1.0,1.0,0.2995997712978845,1.0,0.4769277617104407,3,3498,1749,210944,train_set_fixed,384.1660463809967,L.2.R3xI0,/work/ht203/repo/speech/reports/neuroprobe_stage0_l2_neuralset_2026_05_06/L.2.R3xI0/sub1_trial2
1,2,face_num,0,0.0,1.0,1.0,0.335620354488279,1.0,0.5214479334920127,3,3498,1749,210944,train_set_fixed,404.0260481834412,L.2.R3xI0,/work/ht203/repo/speech/reports/neuroprobe_stage0_l2_neuralset_2026_05_06/L.2.R3xI0/sub1_trial2
2,0,onset,0,0.0,1.0,1.0,0.6600760456273764,1.0,0.7559402367767276,2,2992,1315,210944,train_set_fixed,369.6750864982605,L.2.R3xI0,/work/ht203/repo/speech/reports/neuroprobe_stage0_l2_neuralset_2026_05_06/L.2.R3xI0/sub2_trial0
2,0,speech,0,0.0,1.0,1.0,0.6108571428571429,1.0,0.6561472653061224,2,3500,1750,210944,train_set_fixed,401.9388234615326,L.2.R3xI0,/work/ht203/repo/speech/reports/neuroprobe_stage0_l2_neuralset_2026_05_06/L.2.R3xI0/sub2_trial0
2,0,volume,0,0.0,1.0,1.0,0.3310463121783876,1.0,0.4908940860104328,3,3498,1749,210944,train_set_fixed,428.7283234596253,L.2.R3xI0,/work/ht203/repo/speech/reports/neuroprobe_stage0_l2_neuralset_2026_05_06/L.2.R3xI0/sub2_trial0
2,0,delta_volume,0,0.0,1.0,1.0,0.4156660949113779,1.0,0.5911736380602687,3,3498,1749,210944,train_set_fixed,446.247127532959,L.2.R3xI0,/work/ht203/repo/speech/reports/neuroprobe_stage0_l2_neuralset_2026_05_06/L.2.R3xI0/sub2_trial0
2,0,pitch,0,0.0,1.0,1.0,0.3373356203544883,1.0,0.4994704153414791,3,3498,1749,210944,train_set_fixed,432.46239137649536,L.2.R3xI0,/work/ht203/repo/speech/reports/neuroprobe_stage0_l2_neuralset_2026_05_06/L.2.R3xI0/sub2_trial0
2,0,word_index,0,0.0,1.0,1.0,0.5038381018841591,1.0,0.6658739060003612,3,3192,1433,210944,train_set_fixed,360.047819852829,L.2.R3xI0,/work/ht203/repo/speech/reports/neuroprobe_stage0_l2_neuralset_2026_05_06/L.2.R3xI0/sub2_trial0
2,0,word_gap,0,0.0,1.0,1.0,0.3423913043478261,1.0,0.5092026469404186,3,3498,1656,210944,train_set_fixed,426.34400486946106,L.2.R3xI0,/work/ht203/repo/speech/reports/neuroprobe_stage0_l2_neuralset_2026_05_06/L.2.R3xI0/sub2_trial0
2,0,gpt2_surprisal,0,0.0,1.0,1.0,0.3584905660377358,1.0,0.5291185749857551,3,3498,1749,210944,train_set_fixed,422.1990587711334,L.2.R3xI0,/work/ht203/repo/speech/reports/neuroprobe_stage0_l2_neuralset_2026_05_06/L.2.R3xI0/sub2_trial0
2,0,word_head_pos,0,0.0,1.0,1.0,0.54,1.0,0.5520114285714286,2,3500,1750,210944,train_set_fixed,407.640257358551,L.2.R3xI0,/work/ht203/repo/speech/reports/neuroprobe_stage0_l2_neuralset_2026_05_06/L.2.R3xI0/sub2_trial0
2,0,word_part_speech,0,0.0,1.0,1.0,0.1739130434782608,1.0,0.5317664028040329,6,2346,1104,210944,train_set_fixed,259.75181794166565,L.2.R3xI0,/work/ht203/repo/speech/reports/neuroprobe_stage0_l2_neuralset_2026_05_06/L.2.R3xI0/sub2_trial0
2,0,word_length,0,0.0,1.0,1.0,0.3556317895940537,1.0,0.5191655707206372,3,3498,1749,210944,train_set_fixed,430.7304663658142,L.2.R3xI0,/work/ht203/repo/speech/reports/neuroprobe_stage0_l2_neuralset_2026_05_06/L.2.R3xI0/sub2_trial0
2,0,global_flow,0,0.0,1.0,1.0,0.3522012578616352,1.0,0.5274749011196792,3,3498,1749,210944,train_set_fixed,423.2126615047455,L.2.R3xI0,/work/ht203/repo/speech/reports/neuroprobe_stage0_l2_neuralset_2026_05_06/L.2.R3xI0/sub2_trial0
2,0,local_flow,0,0.0,1.0,1.0,0.3493424814179531,1.0,0.5091657374417334,3,3498,1749,210944,train_set_fixed,427.2863667011261,L.2.R3xI0,/work/ht203/repo/speech/reports/neuroprobe_stage0_l2_neuralset_2026_05_06/L.2.R3xI0/sub2_trial0
2,0,frame_brightness,0,0.0,1.0,1.0,0.3173241852487135,1.0,0.490195573652967,3,3498,1749,210944,train_set_fixed,451.3027107715607,L.2.R3xI0,/work/ht203/repo/speech/reports/neuroprobe_stage0_l2_neuralset_2026_05_06/L.2.R3xI0/sub2_trial0
2,0,face_num,0,0.0,1.0,1.0,0.3281875357347055,1.0,0.497113273254896,3,2988,1749,210944,train_set_fixed,391.2146484851837,L.2.R3xI0,/work/ht203/repo/speech/reports/neuroprobe_stage0_l2_neuralset_2026_05_06/L.2.R3xI0/sub2_trial0
2,4,onset,0,0.0,1.0,1.0,0.5995989304812834,1.0,0.6481767780033745,2,2630,1496,210944,train_set_fixed,412.7987043857575,L.2.R3xI0,/work/ht203/repo/speech/reports/neuroprobe_stage0_l2_neuralset_2026_05_06/L.2.R3xI0/sub2_trial4
2,4,speech,0,0.0,1.0,1.0,0.5828571428571429,1.0,0.6014876734693877,2,3500,1750,210944,train_set_fixed,354.998398065567,L.2.R3xI0,/work/ht203/repo/speech/reports/neuroprobe_stage0_l2_neuralset_2026_05_06/L.2.R3xI0/sub2_trial4
2,4,volume,0,0.0,1.0,1.0,0.3487707261292166,1.0,0.520860241627904,3,3498,1749,210944,train_set_fixed,389.6389443874359,L.2.R3xI0,/work/ht203/repo/speech/reports/neuroprobe_stage0_l2_neuralset_2026_05_06/L.2.R3xI0/sub2_trial4
2,4,delta_volume,0,0.0,1.0,1.0,0.407661520869068,1.0,0.596351799165806,3,3498,1749,210944,train_set_fixed,408.46671628952026,L.2.R3xI0,/work/ht203/repo/speech/reports/neuroprobe_stage0_l2_neuralset_2026_05_06/L.2.R3xI0/sub2_trial4
2,4,pitch,0,0.0,1.0,1.0,0.3436249285305889,1.0,0.5140715056974483,3,3498,1749,210944,train_set_fixed,429.5170025825501,L.2.R3xI0,/work/ht203/repo/speech/reports/neuroprobe_stage0_l2_neuralset_2026_05_06/L.2.R3xI0/sub2_trial4
2,4,word_index,0,0.0,1.0,1.0,0.400375939849624,1.0,0.5691931897412704,3,2865,1596,210944,train_set_fixed,330.521470785141,L.2.R3xI0,/work/ht203/repo/speech/reports/neuroprobe_stage0_l2_neuralset_2026_05_06/L.2.R3xI0/sub2_trial4
2,4,word_gap,0,0.0,1.0,1.0,0.3310463121783876,1.0,0.5047343887759436,3,3312,1749,210944,train_set_fixed,380.2517139911652,L.2.R3xI0,/work/ht203/repo/speech/reports/neuroprobe_stage0_l2_neuralset_2026_05_06/L.2.R3xI0/sub2_trial4
2,4,gpt2_surprisal,0,0.0,1.0,1.0,0.3522012578616352,1.0,0.5273498602975285,3,3498,1749,210944,train_set_fixed,406.6290097236633,L.2.R3xI0,/work/ht203/repo/speech/reports/neuroprobe_stage0_l2_neuralset_2026_05_06/L.2.R3xI0/sub2_trial4
2,4,word_head_pos,0,0.0,1.0,1.0,0.5308571428571428,1.0,0.5426857142857143,2,3500,1750,210944,train_set_fixed,385.2284400463104,L.2.R3xI0,/work/ht203/repo/speech/reports/neuroprobe_stage0_l2_neuralset_2026_05_06/L.2.R3xI0/sub2_trial4
2,4,word_part_speech,0,0.0,1.0,1.0,0.1790281329923273,1.0,0.5206124445824779,6,2208,1173,210944,train_set_fixed,246.49897050857544,L.2.R3xI0,/work/ht203/repo/speech/reports/neuroprobe_stage0_l2_neuralset_2026_05_06/L.2.R3xI0/sub2_trial4
2,4,word_length,0,0.0,1.0,1.0,0.3624928530588908,1.0,0.5309233308521311,3,3498,1749,210944,train_set_fixed,410.95554518699646,L.2.R3xI0,/work/ht203/repo/speech/reports/neuroprobe_stage0_l2_neuralset_2026_05_06/L.2.R3xI0/sub2_trial4
2,4,global_flow,0,0.0,1.0,1.0,0.3344768439108062,1.0,0.4950236204564824,3,3498,1749,210944,train_set_fixed,428.80327129364014,L.2.R3xI0,/work/ht203/repo/speech/reports/neuroprobe_stage0_l2_neuralset_2026_05_06/L.2.R3xI0/sub2_trial4
2,4,local_flow,0,0.0,1.0,1.0,0.3230417381360778,1.0,0.4945778867022273,3,3498,1749,210944,train_set_fixed,420.2652366161346,L.2.R3xI0,/work/ht203/repo/speech/reports/neuroprobe_stage0_l2_neuralset_2026_05_06/L.2.R3xI0/sub2_trial4
2,4,frame_brightness,0,0.0,1.0,1.0,0.3459119496855345,1.0,0.522282764863431,3,3498,1749,210944,train_set_fixed,398.2533733844757,L.2.R3xI0,/work/ht203/repo/speech/reports/neuroprobe_stage0_l2_neuralset_2026_05_06/L.2.R3xI0/sub2_trial4
2,4,face_num,0,0.0,1.0,1.0,0.3293172690763052,1.0,0.4863785799153777,3,3498,1494,210944,train_set_fixed,394.4942650794983,L.2.R3xI0,/work/ht203/repo/speech/reports/neuroprobe_stage0_l2_neuralset_2026_05_06/L.2.R3xI0/sub2_trial4
3,0,onset,0,0.0,1.0,1.0,0.7337142857142858,1.0,0.8444760816326531,2,2244,1750,192512,train_set_fixed,333.83910369873047,L.2.R3xI0,/work/ht203/repo/speech/reports/neuroprobe_stage0_l2_neuralset_2026_05_06/L.2.R3xI0/sub3_trial0
3,0,speech,0,0.0,1.0,1.0,0.624,1.0,0.6893848163265306,2,3500,1750,192512,train_set_fixed,422.1732065677643,L.2.R3xI0,/work/ht203/repo/speech/reports/neuroprobe_stage0_l2_neuralset_2026_05_06/L.2.R3xI0/sub3_trial0
3,0,volume,0,0.0,1.0,1.0,0.3979416809605489,1.0,0.5585651982460941,3,3498,1749,192512,train_set_fixed,398.1792876720429,L.2.R3xI0,/work/ht203/repo/speech/reports/neuroprobe_stage0_l2_neuralset_2026_05_06/L.2.R3xI0/sub3_trial0
3,0,delta_volume,0,0.0,1.0,1.0,0.4305317324185249,1.0,0.6097578915469463,3,3498,1749,192512,train_set_fixed,376.622688293457,L.2.R3xI0,/work/ht203/repo/speech/reports/neuroprobe_stage0_l2_neuralset_2026_05_06/L.2.R3xI0/sub3_trial0
3,0,pitch,0,0.0,1.0,1.0,0.3579188107489994,1.0,0.5267398572278988,3,3498,1749,192512,train_set_fixed,357.0533068180084,L.2.R3xI0,/work/ht203/repo/speech/reports/neuroprobe_stage0_l2_neuralset_2026_05_06/L.2.R3xI0/sub3_trial0
3,0,word_index,0,0.0,1.0,1.0,0.5248713550600344,1.0,0.724379871075557,3,2514,1749,192512,train_set_fixed,276.2611360549927,L.2.R3xI0,/work/ht203/repo/speech/reports/neuroprobe_stage0_l2_neuralset_2026_05_06/L.2.R3xI0/sub3_trial0
3,0,word_gap,0,0.0,1.0,1.0,0.3659233847913093,1.0,0.5415951972555746,3,2970,1749,192512,train_set_fixed,335.8799800872803,L.2.R3xI0,/work/ht203/repo/speech/reports/neuroprobe_stage0_l2_neuralset_2026_05_06/L.2.R3xI0/sub3_trial0
3,0,gpt2_surprisal,0,0.0,1.0,1.0,0.3802172670097198,1.0,0.5601076135640362,3,3498,1749,192512,train_set_fixed,377.62657737731934,L.2.R3xI0,/work/ht203/repo/speech/reports/neuroprobe_stage0_l2_neuralset_2026_05_06/L.2.R3xI0/sub3_trial0
3,0,word_head_pos,0,0.0,1.0,1.0,0.5457142857142857,1.0,0.5393600000000001,2,3500,1750,192512,train_set_fixed,384.3705322742462,L.2.R3xI0,/work/ht203/repo/speech/reports/neuroprobe_stage0_l2_neuralset_2026_05_06/L.2.R3xI0/sub3_trial0
3,0,word_part_speech,0,0.0,1.0,1.0,0.2172670097198399,1.0,0.5495450179455645,6,2442,1749,192512,train_set_fixed,297.29458498954773,L.2.R3xI0,/work/ht203/repo/speech/reports/neuroprobe_stage0_l2_neuralset_2026_05_06/L.2.R3xI0/sub3_trial0
3,0,word_length,0,0.0,1.0,1.0,0.4042309891366495,1.0,0.5870512137786159,3,3498,1749,192512,train_set_fixed,381.8151001930237,L.2.R3xI0,/work/ht203/repo/speech/reports/neuroprobe_stage0_l2_neuralset_2026_05_06/L.2.R3xI0/sub3_trial0
3,0,global_flow,0,0.0,1.0,1.0,0.3642081189251001,1.0,0.535852145847615,3,3498,1749,192512,train_set_fixed,403.5231945514679,L.2.R3xI0,/work/ht203/repo/speech/reports/neuroprobe_stage0_l2_neuralset_2026_05_06/L.2.R3xI0/sub3_trial0
3,0,local_flow,0,0.0,1.0,1.0,0.3539165237278445,1.0,0.511327962952611,3,3498,1749,192512,train_set_fixed,392.3075661659241,L.2.R3xI0,/work/ht203/repo/speech/reports/neuroprobe_stage0_l2_neuralset_2026_05_06/L.2.R3xI0/sub3_trial0
3,0,frame_brightness,0,0.0,1.0,1.0,0.3642081189251001,1.0,0.5234480962902595,3,3498,1749,192512,train_set_fixed,411.33119440078735,L.2.R3xI0,/work/ht203/repo/speech/reports/neuroprobe_stage0_l2_neuralset_2026_05_06/L.2.R3xI0/sub3_trial0
3,0,face_num,0,0.0,1.0,1.0,0.3384791309319611,1.0,0.4983094971201383,3,3498,1749,192512,train_set_fixed,391.4870755672455,L.2.R3xI0,/work/ht203/repo/speech/reports/neuroprobe_stage0_l2_neuralset_2026_05_06/L.2.R3xI0/sub3_trial0
3,1,onset,0,0.0,1.0,1.0,0.7994652406417112,1.0,0.8904124605603059,2,3500,1122,192512,train_set_fixed,438.7629597187042,L.2.R3xI0,/work/ht203/repo/speech/reports/neuroprobe_stage0_l2_neuralset_2026_05_06/L.2.R3xI0/sub3_trial1
3,1,speech,0,0.0,1.0,1.0,0.6508571428571429,1.0,0.7127425306122449,2,3500,1750,192512,train_set_fixed,369.1632525920868,L.2.R3xI0,/work/ht203/repo/speech/reports/neuroprobe_stage0_l2_neuralset_2026_05_06/L.2.R3xI0/sub3_trial1
3,1,volume,0,0.0,1.0,1.0,0.3693539165237278,1.0,0.5408670183501084,3,3498,1749,192512,train_set_fixed,391.84717416763306,L.2.R3xI0,/work/ht203/repo/speech/reports/neuroprobe_stage0_l2_neuralset_2026_05_06/L.2.R3xI0/sub3_trial1
3,1,delta_volume,0,0.0,1.0,1.0,0.4642652944539737,1.0,0.6580018280477843,3,3498,1749,192512,train_set_fixed,394.9724020957947,L.2.R3xI0,/work/ht203/repo/speech/reports/neuroprobe_stage0_l2_neuralset_2026_05_06/L.2.R3xI0/sub3_trial1
3,1,pitch,0,0.0,1.0,1.0,0.3379073756432247,1.0,0.5001140078084316,3,3498,1749,192512,train_set_fixed,398.0755376815796,L.2.R3xI0,/work/ht203/repo/speech/reports/neuroprobe_stage0_l2_neuralset_2026_05_06/L.2.R3xI0/sub3_trial1
3,1,word_index,0,0.0,1.0,1.0,0.6364359586316627,1.0,0.8040804430748666,3,3498,1257,192512,train_set_fixed,335.2387285232544,L.2.R3xI0,/work/ht203/repo/speech/reports/neuroprobe_stage0_l2_neuralset_2026_05_06/L.2.R3xI0/sub3_trial1
3,1,word_gap,0,0.0,1.0,1.0,0.371043771043771,1.0,0.5487212189232392,3,3498,1485,192512,train_set_fixed,345.3914203643799,L.2.R3xI0,/work/ht203/repo/speech/reports/neuroprobe_stage0_l2_neuralset_2026_05_06/L.2.R3xI0/sub3_trial1
3,1,gpt2_surprisal,0,0.0,1.0,1.0,0.3910806174957118,1.0,0.5689090163749538,3,3498,1749,192512,train_set_fixed,362.15665912628174,L.2.R3xI0,/work/ht203/repo/speech/reports/neuroprobe_stage0_l2_neuralset_2026_05_06/L.2.R3xI0/sub3_trial1
3,1,word_head_pos,0,0.0,1.0,1.0,0.5765714285714286,1.0,0.5968375510204083,2,3500,1750,192512,train_set_fixed,371.5438599586487,L.2.R3xI0,/work/ht203/repo/speech/reports/neuroprobe_stage0_l2_neuralset_2026_05_06/L.2.R3xI0/sub3_trial1
3,1,word_part_speech,0,0.0,1.0,1.0,0.2153972153972154,1.0,0.5539627230460769,6,3498,1221,192512,train_set_fixed,357.96998167037964,L.2.R3xI0,/work/ht203/repo/speech/reports/neuroprobe_stage0_l2_neuralset_2026_05_06/L.2.R3xI0/sub3_trial1
3,1,word_length,0,0.0,1.0,1.0,0.4128073184676958,1.0,0.5912258609918729,3,3498,1749,192512,train_set_fixed,419.98909521102905,L.2.R3xI0,/work/ht203/repo/speech/reports/neuroprobe_stage0_l2_neuralset_2026_05_06/L.2.R3xI0/sub3_trial1
3,1,global_flow,0,0.0,1.0,1.0,0.3459119496855345,1.0,0.5184825045823783,3,3498,1749,192512,train_set_fixed,418.02055168151855,L.2.R3xI0,/work/ht203/repo/speech/reports/neuroprobe_stage0_l2_neuralset_2026_05_06/L.2.R3xI0/sub3_trial1
3,1,local_flow,0,0.0,1.0,1.0,0.3459119496855345,1.0,0.5257495829520814,3,3498,1749,192512,train_set_fixed,396.7982792854309,L.2.R3xI0,/work/ht203/repo/speech/reports/neuroprobe_stage0_l2_neuralset_2026_05_06/L.2.R3xI0/sub3_trial1
3,1,frame_brightness,0,0.0,1.0,1.0,0.324757004002287,1.0,0.496322083582189,3,3498,1749,192512,train_set_fixed,373.940283536911,L.2.R3xI0,/work/ht203/repo/speech/reports/neuroprobe_stage0_l2_neuralset_2026_05_06/L.2.R3xI0/sub3_trial1
3,1,face_num,0,0.0,1.0,1.0,0.3373356203544883,1.0,0.5009988555087103,3,3498,1749,192512,train_set_fixed,400.2416715621948,L.2.R3xI0,/work/ht203/repo/speech/reports/neuroprobe_stage0_l2_neuralset_2026_05_06/L.2.R3xI0/sub3_trial1
4,0,onset,0,0.0,1.0,1.0,0.6477272727272727,1.0,0.7145352674471993,2,2898,1056,223232,train_set_fixed,398.39229559898376,L.2.R3xI0,/work/ht203/repo/speech/reports/neuroprobe_stage0_l2_neuralset_2026_05_06/L.2.R3xI0/sub4_trial0
4,0,speech,0,0.0,1.0,1.0,0.5537142857142857,1.0,0.5689812244897959,2,3500,1750,223232,train_set_fixed,433.9980528354645,L.2.R3xI0,/work/ht203/repo/speech/reports/neuroprobe_stage0_l2_neuralset_2026_05_06/L.2.R3xI0/sub4_trial0
4,0,volume,0,0.0,1.0,1.0,0.357347055460263,1.0,0.5115282734461349,3,3498,1749,223232,train_set_fixed,474.7662971019745,L.2.R3xI0,/work/ht203/repo/speech/reports/neuroprobe_stage0_l2_neuralset_2026_05_06/L.2.R3xI0/sub4_trial0
4,0,delta_volume,0,0.0,1.0,1.0,0.4162378502001143,1.0,0.5879821549584325,3,3498,1749,223232,train_set_fixed,453.5673899650574,L.2.R3xI0,/work/ht203/repo/speech/reports/neuroprobe_stage0_l2_neuralset_2026_05_06/L.2.R3xI0/sub4_trial0
4,0,pitch,0,0.0,1.0,1.0,0.3344768439108062,1.0,0.5065310537655922,3,3498,1749,223232,train_set_fixed,448.92745876312256,L.2.R3xI0,/work/ht203/repo/speech/reports/neuroprobe_stage0_l2_neuralset_2026_05_06/L.2.R3xI0/sub4_trial0
4,0,word_index,0,0.0,1.0,1.0,0.4907325684024713,1.0,0.6656848746138538,3,3117,1133,223232,train_set_fixed,355.14156126976013,L.2.R3xI0,/work/ht203/repo/speech/reports/neuroprobe_stage0_l2_neuralset_2026_05_06/L.2.R3xI0/sub4_trial0
4,0,word_gap,0,0.0,1.0,1.0,0.3985134362492853,1.0,0.5609863318122484,3,3498,1749,223232,train_set_fixed,454.8582172393799,L.2.R3xI0,/work/ht203/repo/speech/reports/neuroprobe_stage0_l2_neuralset_2026_05_06/L.2.R3xI0/sub4_trial0
4,0,gpt2_surprisal,0,0.0,1.0,1.0,0.342481417953116,1.0,0.5148577918085021,3,3498,1749,223232,train_set_fixed,464.49078726768494,L.2.R3xI0,/work/ht203/repo/speech/reports/neuroprobe_stage0_l2_neuralset_2026_05_06/L.2.R3xI0/sub4_trial0
4,0,word_head_pos,0,0.0,1.0,1.0,0.5314285714285715,1.0,0.5441972244897959,2,3500,1750,223232,train_set_fixed,423.6723775863648,L.2.R3xI0,/work/ht203/repo/speech/reports/neuroprobe_stage0_l2_neuralset_2026_05_06/L.2.R3xI0/sub4_trial0
4,0,word_part_speech,0,0.0,1.0,1.0,0.1958762886597938,1.0,0.5297020583129629,6,3234,1164,223232,train_set_fixed,413.1119499206543,L.2.R3xI0,/work/ht203/repo/speech/reports/neuroprobe_stage0_l2_neuralset_2026_05_06/L.2.R3xI0/sub4_trial0
4,0,word_length,0,0.0,1.0,1.0,0.3722126929674099,1.0,0.5357030775733647,3,3498,1749,223232,train_set_fixed,484.55779218673706,L.2.R3xI0,/work/ht203/repo/speech/reports/neuroprobe_stage0_l2_neuralset_2026_05_06/L.2.R3xI0/sub4_trial0
4,0,global_flow,0,0.0,1.0,1.0,0.3470554602630074,1.0,0.5090046554414333,3,3498,1749,223232,train_set_fixed,479.4927949905396,L.2.R3xI0,/work/ht203/repo/speech/reports/neuroprobe_stage0_l2_neuralset_2026_05_06/L.2.R3xI0/sub4_trial0
4,0,local_flow,0,0.0,1.0,1.0,0.3333333333333333,1.0,0.5089102618796136,3,3498,1749,223232,train_set_fixed,489.7748227119446,L.2.R3xI0,/work/ht203/repo/speech/reports/neuroprobe_stage0_l2_neuralset_2026_05_06/L.2.R3xI0/sub4_trial0
4,0,frame_brightness,0,0.0,1.0,1.0,0.3596340766152087,1.0,0.5343734768311615,3,3498,1749,223232,train_set_fixed,484.4954013824463,L.2.R3xI0,/work/ht203/repo/speech/reports/neuroprobe_stage0_l2_neuralset_2026_05_06/L.2.R3xI0/sub4_trial0
4,0,face_num,0,0.0,1.0,1.0,0.3150371640937678,1.0,0.4808251125122221,3,3498,1749,223232,train_set_fixed,529.9318687915802,L.2.R3xI0,/work/ht203/repo/speech/reports/neuroprobe_stage0_l2_neuralset_2026_05_06/L.2.R3xI0/sub4_trial0
4,1,onset,0,0.0,1.0,1.0,0.6466528640441684,1.0,0.6861992760525815,2,2112,1449,223232,train_set_fixed,301.0563168525696,L.2.R3xI0,/work/ht203/repo/speech/reports/neuroprobe_stage0_l2_neuralset_2026_05_06/L.2.R3xI0/sub4_trial1
4,1,speech,0,0.0,1.0,1.0,0.5405714285714286,1.0,0.5559170612244899,2,3500,1750,223232,train_set_fixed,464.2201914787293,L.2.R3xI0,/work/ht203/repo/speech/reports/neuroprobe_stage0_l2_neuralset_2026_05_06/L.2.R3xI0/sub4_trial1
4,1,volume,0,0.0,1.0,1.0,0.3299028016009148,1.0,0.4948581252506945,3,3498,1749,223232,train_set_fixed,455.8862223625183,L.2.R3xI0,/work/ht203/repo/speech/reports/neuroprobe_stage0_l2_neuralset_2026_05_06/L.2.R3xI0/sub4_trial1
4,1,delta_volume,0,0.0,1.0,1.0,0.3744997141223556,1.0,0.5579358261079352,3,3498,1749,223232,train_set_fixed,445.6788160800934,L.2.R3xI0,/work/ht203/repo/speech/reports/neuroprobe_stage0_l2_neuralset_2026_05_06/L.2.R3xI0/sub4_trial1
4,1,pitch,0,0.0,1.0,1.0,0.3510577472841624,1.0,0.5254784159926721,3,3498,1749,223232,train_set_fixed,463.9014537334442,L.2.R3xI0,/work/ht203/repo/speech/reports/neuroprobe_stage0_l2_neuralset_2026_05_06/L.2.R3xI0/sub4_trial1
4,1,word_index,0,0.0,1.0,1.0,0.431686978832585,1.0,0.6102242047927859,3,2265,1559,223232,train_set_fixed,310.2975859642029,L.2.R3xI0,/work/ht203/repo/speech/reports/neuroprobe_stage0_l2_neuralset_2026_05_06/L.2.R3xI0/sub4_trial1
4,1,word_gap,0,0.0,1.0,1.0,0.3510577472841624,1.0,0.5249625613067795,3,3498,1749,223232,train_set_fixed,428.7339677810669,L.2.R3xI0,/work/ht203/repo/speech/reports/neuroprobe_stage0_l2_neuralset_2026_05_06/L.2.R3xI0/sub4_trial1
4,1,gpt2_surprisal,0,0.0,1.0,1.0,0.3562035448827901,1.0,0.5217524446706621,3,3498,1749,223232,train_set_fixed,441.6185054779053,L.2.R3xI0,/work/ht203/repo/speech/reports/neuroprobe_stage0_l2_neuralset_2026_05_06/L.2.R3xI0/sub4_trial1
4,1,word_head_pos,0,0.0,1.0,1.0,0.5285714285714286,1.0,0.536124081632653,2,3500,1750,223232,train_set_fixed,412.49026560783386,L.2.R3xI0,/work/ht203/repo/speech/reports/neuroprobe_stage0_l2_neuralset_2026_05_06/L.2.R3xI0/sub4_trial1
4,1,word_part_speech,0,0.0,1.0,1.0,0.1898577612863327,1.0,0.5271695837239586,6,2328,1617,223232,train_set_fixed,306.71400594711304,L.2.R3xI0,/work/ht203/repo/speech/reports/neuroprobe_stage0_l2_neuralset_2026_05_06/L.2.R3xI0/sub4_trial1
4,1,word_length,0,0.0,1.0,1.0,0.379073756432247,1.0,0.5463467484973036,3,3498,1749,223232,train_set_fixed,437.9987487792969,L.2.R3xI0,/work/ht203/repo/speech/reports/neuroprobe_stage0_l2_neuralset_2026_05_06/L.2.R3xI0/sub4_trial1
4,1,global_flow,0,0.0,1.0,1.0,0.3361921097770154,1.0,0.5050989685848419,3,3498,1749,223232,train_set_fixed,444.4295179843903,L.2.R3xI0,/work/ht203/repo/speech/reports/neuroprobe_stage0_l2_neuralset_2026_05_06/L.2.R3xI0/sub4_trial1
4,1,local_flow,0,0.0,1.0,1.0,0.3407661520869068,1.0,0.5117609474465683,3,3498,1749,223232,train_set_fixed,453.3236253261566,L.2.R3xI0,/work/ht203/repo/speech/reports/neuroprobe_stage0_l2_neuralset_2026_05_06/L.2.R3xI0/sub4_trial1
4,1,frame_brightness,0,0.0,1.0,1.0,0.3367638650657518,1.0,0.4980221484072742,3,3498,1749,223232,train_set_fixed,462.4733493328095,L.2.R3xI0,/work/ht203/repo/speech/reports/neuroprobe_stage0_l2_neuralset_2026_05_06/L.2.R3xI0/sub4_trial1
4,1,face_num,0,0.0,1.0,1.0,0.3276157804459691,1.0,0.495926611334877,3,3498,1749,223232,train_set_fixed,456.4424285888672,L.2.R3xI0,/work/ht203/repo/speech/reports/neuroprobe_stage0_l2_neuralset_2026_05_06/L.2.R3xI0/sub4_trial1
7,0,onset,0,0.0,1.0,1.0,0.6577142857142857,1.0,0.7032512653061225,2,2898,1750,227328,train_set_fixed,402.4598715305328,L.2.R3xI0,/work/ht203/repo/speech/reports/neuroprobe_stage0_l2_neuralset_2026_05_06/L.2.R3xI0/sub7_trial0
7,0,speech,0,0.0,1.0,1.0,0.5422857142857143,1.0,0.5476349387755102,2,3108,1750,227328,train_set_fixed,398.849249124527,L.2.R3xI0,/work/ht203/repo/speech/reports/neuroprobe_stage0_l2_neuralset_2026_05_06/L.2.R3xI0/sub7_trial0
7,0,volume,0,0.0,1.0,1.0,0.3544882790165809,1.0,0.5309762893179832,3,3498,1749,227328,train_set_fixed,461.8618488311768,L.2.R3xI0,/work/ht203/repo/speech/reports/neuroprobe_stage0_l2_neuralset_2026_05_06/L.2.R3xI0/sub7_trial0
7,0,delta_volume,0,0.0,1.0,1.0,0.411663807890223,1.0,0.5798039948336075,3,3498,1749,227328,train_set_fixed,457.0652942657471,L.2.R3xI0,/work/ht203/repo/speech/reports/neuroprobe_stage0_l2_neuralset_2026_05_06/L.2.R3xI0/sub7_trial0
7,0,pitch,0,0.0,1.0,1.0,0.3173241852487135,1.0,0.4866373041394887,3,3498,1749,227328,train_set_fixed,465.2044222354889,L.2.R3xI0,/work/ht203/repo/speech/reports/neuroprobe_stage0_l2_neuralset_2026_05_06/L.2.R3xI0/sub7_trial0
7,0,word_index,0,0.0,1.0,1.0,0.4448256146369354,1.0,0.6234204402025366,3,3117,1749,227328,train_set_fixed,390.0286583900452,L.2.R3xI0,/work/ht203/repo/speech/reports/neuroprobe_stage0_l2_neuralset_2026_05_06/L.2.R3xI0/sub7_trial0
7,0,word_gap,0,0.0,1.0,1.0,0.3327615780445969,1.0,0.5020587603599999,3,3498,1749,227328,train_set_fixed,424.35831570625305,L.2.R3xI0,/work/ht203/repo/speech/reports/neuroprobe_stage0_l2_neuralset_2026_05_06/L.2.R3xI0/sub7_trial0
7,0,gpt2_surprisal,0,0.0,1.0,1.0,0.3653516295025729,1.0,0.5499540536273116,3,3498,1749,227328,train_set_fixed,426.33105063438416,L.2.R3xI0,/work/ht203/repo/speech/reports/neuroprobe_stage0_l2_neuralset_2026_05_06/L.2.R3xI0/sub7_trial0
7,0,word_head_pos,0,0.0,1.0,1.0,0.5234285714285715,1.0,0.5363928163265306,2,3500,1750,227328,train_set_fixed,422.45767545700073,L.2.R3xI0,/work/ht203/repo/speech/reports/neuroprobe_stage0_l2_neuralset_2026_05_06/L.2.R3xI0/sub7_trial0
7,0,word_part_speech,0,0.0,1.0,1.0,0.1926815323041738,1.0,0.5360344791319603,6,3234,1749,227328,train_set_fixed,426.53741669654846,L.2.R3xI0,/work/ht203/repo/speech/reports/neuroprobe_stage0_l2_neuralset_2026_05_06/L.2.R3xI0/sub7_trial0
7,0,word_length,0,0.0,1.0,1.0,0.3447684391080617,1.0,0.5175839269094714,3,3498,1749,227328,train_set_fixed,478.3497197628021,L.2.R3xI0,/work/ht203/repo/speech/reports/neuroprobe_stage0_l2_neuralset_2026_05_06/L.2.R3xI0/sub7_trial0
7,0,global_flow,0,0.0,1.0,1.0,0.3710691823899371,1.0,0.5397745048138265,3,3498,1749,227328,train_set_fixed,454.4370262622833,L.2.R3xI0,/work/ht203/repo/speech/reports/neuroprobe_stage0_l2_neuralset_2026_05_06/L.2.R3xI0/sub7_trial0
7,0,local_flow,0,0.0,1.0,1.0,0.342481417953116,1.0,0.512626180900235,3,3498,1749,227328,train_set_fixed,432.32041335105896,L.2.R3xI0,/work/ht203/repo/speech/reports/neuroprobe_stage0_l2_neuralset_2026_05_06/L.2.R3xI0/sub7_trial0
7,0,frame_brightness,0,0.0,1.0,1.0,0.3201829616923956,1.0,0.4893428442815155,3,3498,1749,227328,train_set_fixed,458.1263453960418,L.2.R3xI0,/work/ht203/repo/speech/reports/neuroprobe_stage0_l2_neuralset_2026_05_06/L.2.R3xI0/sub7_trial0
7,0,face_num,0,0.0,1.0,1.0,0.3316180674671241,1.0,0.4902897220367041,3,3498,1749,227328,train_set_fixed,437.0398669242859,L.2.R3xI0,/work/ht203/repo/speech/reports/neuroprobe_stage0_l2_neuralset_2026_05_06/L.2.R3xI0/sub7_trial0
7,1,onset,0,0.0,1.0,1.0,0.6328502415458938,1.0,0.6895927795770623,2,3500,1449,227328,train_set_fixed,462.02415227890015,L.2.R3xI0,/work/ht203/repo/speech/reports/neuroprobe_stage0_l2_neuralset_2026_05_06/L.2.R3xI0/sub7_trial1
7,1,speech,0,0.0,1.0,1.0,0.5070785070785071,1.0,0.5306288086210866,2,3500,1554,227328,train_set_fixed,399.5658886432648,L.2.R3xI0,/work/ht203/repo/speech/reports/neuroprobe_stage0_l2_neuralset_2026_05_06/L.2.R3xI0/sub7_trial1
7,1,volume,0,0.0,1.0,1.0,0.3470554602630074,1.0,0.5162521195645245,3,3498,1749,227328,train_set_fixed,438.5784821510315,L.2.R3xI0,/work/ht203/repo/speech/reports/neuroprobe_stage0_l2_neuralset_2026_05_06/L.2.R3xI0/sub7_trial1
7,1,delta_volume,0,0.0,1.0,1.0,0.4128073184676958,1.0,0.5859155488997878,3,3498,1749,227328,train_set_fixed,443.1484541893005,L.2.R3xI0,/work/ht203/repo/speech/reports/neuroprobe_stage0_l2_neuralset_2026_05_06/L.2.R3xI0/sub7_trial1
7,1,pitch,0,0.0,1.0,1.0,0.3327615780445969,1.0,0.5103835369782488,3,3498,1749,227328,train_set_fixed,447.8011109828949,L.2.R3xI0,/work/ht203/repo/speech/reports/neuroprobe_stage0_l2_neuralset_2026_05_06/L.2.R3xI0/sub7_trial1
7,1,word_index,0,0.0,1.0,1.0,0.4496472097498396,1.0,0.6257923467714521,3,3498,1559,227328,train_set_fixed,416.5437650680542,L.2.R3xI0,/work/ht203/repo/speech/reports/neuroprobe_stage0_l2_neuralset_2026_05_06/L.2.R3xI0/sub7_trial1
7,1,word_gap,0,0.0,1.0,1.0,0.353344768439108,1.0,0.5274567579415633,3,3498,1749,227328,train_set_fixed,435.3006300926209,L.2.R3xI0,/work/ht203/repo/speech/reports/neuroprobe_stage0_l2_neuralset_2026_05_06/L.2.R3xI0/sub7_trial1
7,1,gpt2_surprisal,0,0.0,1.0,1.0,0.3802172670097198,1.0,0.5464131917577012,3,3498,1749,227328,train_set_fixed,444.7752916812897,L.2.R3xI0,/work/ht203/repo/speech/reports/neuroprobe_stage0_l2_neuralset_2026_05_06/L.2.R3xI0/sub7_trial1
7,1,word_head_pos,0,0.0,1.0,1.0,0.5451428571428572,1.0,0.5656767346938776,2,3500,1750,227328,train_set_fixed,410.3352711200714,L.2.R3xI0,/work/ht203/repo/speech/reports/neuroprobe_stage0_l2_neuralset_2026_05_06/L.2.R3xI0/sub7_trial1
7,1,word_part_speech,0,0.0,1.0,0.9997141223556318,0.1935683364254792,1.0,0.535883207120201,6,3498,1617,227328,train_set_fixed,456.3749990463257,L.2.R3xI0,/work/ht203/repo/speech/reports/neuroprobe_stage0_l2_neuralset_2026_05_06/L.2.R3xI0/sub7_trial1
7,1,word_length,0,0.0,1.0,1.0,0.3607775871926815,1.0,0.5233885180161758,3,3498,1749,227328,train_set_fixed,455.163140296936,L.2.R3xI0,/work/ht203/repo/speech/reports/neuroprobe_stage0_l2_neuralset_2026_05_06/L.2.R3xI0/sub7_trial1
7,1,global_flow,0,0.0,1.0,1.0,0.3333333333333333,1.0,0.5054471214622028,3,3498,1749,227328,train_set_fixed,450.6831302642822,L.2.R3xI0,/work/ht203/repo/speech/reports/neuroprobe_stage0_l2_neuralset_2026_05_06/L.2.R3xI0/sub7_trial1
7,1,local_flow,0,0.0,1.0,1.0,0.3436249285305889,1.0,0.5073904029452753,3,3498,1749,227328,train_set_fixed,478.06878757476807,L.2.R3xI0,/work/ht203/repo/speech/reports/neuroprobe_stage0_l2_neuralset_2026_05_06/L.2.R3xI0/sub7_trial1
7,1,frame_brightness,0,0.0,1.0,1.0,0.303030303030303,1.0,0.4728879624426406,3,3498,1749,227328,train_set_fixed,462.0984134674072,L.2.R3xI0,/work/ht203/repo/speech/reports/neuroprobe_stage0_l2_neuralset_2026_05_06/L.2.R3xI0/sub7_trial1
7,1,face_num,0,0.0,1.0,1.0,0.3081761006289308,1.0,0.4720013984957834,3,3498,1749,227328,train_set_fixed,499.64188623428345,L.2.R3xI0,/work/ht203/repo/speech/reports/neuroprobe_stage0_l2_neuralset_2026_05_06/L.2.R3xI0/sub7_trial1
10,0,onset,0,0.0,1.0,1.0,0.7398913699456849,1.0,0.9118539594296136,2,3500,1657,67184,train_set_fixed,272.8480739593506,L.2.R3xI2,/work/ht203/repo/speech/reports/neuroprobe_stage0_l2_neuralset_2026_05_06/L.2.R3xI2/sub10_trial0
10,0,speech,0,0.0,1.0,1.0,0.6708571428571428,1.0,0.8442831020408164,2,3500,1750,67184,train_set_fixed,263.03809213638306,L.2.R3xI2,/work/ht203/repo/speech/reports/neuroprobe_stage0_l2_neuralset_2026_05_06/L.2.R3xI2/sub10_trial0
10,0,volume,0,0.0,1.0,1.0,0.3459119496855345,1.0,0.5131979361889715,3,3498,1749,67184,train_set_fixed,357.5530846118927,L.2.R3xI2,/work/ht203/repo/speech/reports/neuroprobe_stage0_l2_neuralset_2026_05_06/L.2.R3xI2/sub10_trial0
10,0,delta_volume,0,0.0,1.0,1.0,0.3842195540308747,1.0,0.580748911164135,3,3498,1749,67184,train_set_fixed,501.7620904445648,L.2.R3xI2,/work/ht203/repo/speech/reports/neuroprobe_stage0_l2_neuralset_2026_05_06/L.2.R3xI2/sub10_trial0
10,0,pitch,0,0.0,1.0,1.0,0.3487707261292166,1.0,0.5208739716005323,3,3498,1749,67184,train_set_fixed,386.0075781345368,L.2.R3xI2,/work/ht203/repo/speech/reports/neuroprobe_stage0_l2_neuralset_2026_05_06/L.2.R3xI2/sub10_trial0
10,0,word_index,0,0.0,1.0,1.0,0.4716981132075472,1.0,0.6812064625019737,3,3498,1749,67184,train_set_fixed,343.7960407733917,L.2.R3xI2,/work/ht203/repo/speech/reports/neuroprobe_stage0_l2_neuralset_2026_05_06/L.2.R3xI2/sub10_trial0
10,0,word_gap,0,0.0,1.0,1.0,0.3893653516295026,1.0,0.5652085435735392,3,3498,1749,67184,train_set_fixed,323.69139647483826,L.2.R3xI2,/work/ht203/repo/speech/reports/neuroprobe_stage0_l2_neuralset_2026_05_06/L.2.R3xI2/sub10_trial0
10,0,gpt2_surprisal,0,0.0,1.0,1.0,0.3624928530588908,1.0,0.5429792275321256,3,3498,1749,67184,train_set_fixed,362.83513474464417,L.2.R3xI2,/work/ht203/repo/speech/reports/neuroprobe_stage0_l2_neuralset_2026_05_06/L.2.R3xI2/sub10_trial0
10,0,word_head_pos,0,0.0,1.0,1.0,0.5371428571428571,1.0,0.5593939591836734,2,3500,1750,67184,train_set_fixed,421.957722902298,L.2.R3xI2,/work/ht203/repo/speech/reports/neuroprobe_stage0_l2_neuralset_2026_05_06/L.2.R3xI2/sub10_trial0
10,0,word_part_speech,0,0.0,1.0,1.0,0.2002583979328165,1.0,0.5339693127416221,6,3498,1548,67184,train_set_fixed,345.27476978302,L.2.R3xI2,/work/ht203/repo/speech/reports/neuroprobe_stage0_l2_neuralset_2026_05_06/L.2.R3xI2/sub10_trial0
10,0,word_length,0,0.0,1.0,1.0,0.3722126929674099,1.0,0.551817897411606,3,3498,1749,67184,train_set_fixed,312.5131685733795,L.2.R3xI2,/work/ht203/repo/speech/reports/neuroprobe_stage0_l2_neuralset_2026_05_06/L.2.R3xI2/sub10_trial0
10,0,global_flow,0,0.0,1.0,1.0,0.3184676958261864,1.0,0.4728592766069707,3,3498,1749,67184,train_set_fixed,322.3163981437683,L.2.R3xI2,/work/ht203/repo/speech/reports/neuroprobe_stage0_l2_neuralset_2026_05_06/L.2.R3xI2/sub10_trial0
10,0,local_flow,0,0.0,1.0,1.0,0.3453401943967982,1.0,0.5217649487528772,3,3498,1749,67184,train_set_fixed,320.95395398139954,L.2.R3xI2,/work/ht203/repo/speech/reports/neuroprobe_stage0_l2_neuralset_2026_05_06/L.2.R3xI2/sub10_trial0
10,0,frame_brightness,0,0.0,1.0,1.0,0.2641509433962264,1.0,0.3949078473658557,3,3498,1749,67184,train_set_fixed,321.74048924446106,L.2.R3xI2,/work/ht203/repo/speech/reports/neuroprobe_stage0_l2_neuralset_2026_05_06/L.2.R3xI2/sub10_trial0
10,0,face_num,0,0.0,1.0,1.0,0.2830188679245283,1.0,0.4316247363109721,3,3498,1749,67184,train_set_fixed,383.53339076042175,L.2.R3xI2,/work/ht203/repo/speech/reports/neuroprobe_stage0_l2_neuralset_2026_05_06/L.2.R3xI2/sub10_trial0
10,1,onset,0,0.0,1.0,1.0,0.8611428571428571,1.0,0.9342537142857144,2,3314,1750,67184,train_set_fixed,209.80858969688416,L.2.R3xI2,/work/ht203/repo/speech/reports/neuroprobe_stage0_l2_neuralset_2026_05_06/L.2.R3xI2/sub10_trial1
10,1,speech,0,0.0,1.0,1.0,0.8285714285714286,1.0,0.9089462857142858,2,3500,1750,67184,train_set_fixed,155.79542756080627,L.2.R3xI2,/work/ht203/repo/speech/reports/neuroprobe_stage0_l2_neuralset_2026_05_06/L.2.R3xI2/sub10_trial1
10,1,volume,0,0.0,1.0,1.0,0.4431103487707261,1.0,0.6267384351950196,3,3498,1749,67184,train_set_fixed,196.5551998615265,L.2.R3xI2,/work/ht203/repo/speech/reports/neuroprobe_stage0_l2_neuralset_2026_05_06/L.2.R3xI2/sub10_trial1
10,1,delta_volume,0,0.0,1.0,1.0,0.4682675814751286,1.0,0.6652907272668429,3,3498,1749,67184,train_set_fixed,197.0366439819336,L.2.R3xI2,/work/ht203/repo/speech/reports/neuroprobe_stage0_l2_neuralset_2026_05_06/L.2.R3xI2/sub10_trial1
10,1,pitch,0,0.0,1.0,1.0,0.3865065751858205,1.0,0.5551567325411139,3,3498,1749,67184,train_set_fixed,176.73204612731934,L.2.R3xI2,/work/ht203/repo/speech/reports/neuroprobe_stage0_l2_neuralset_2026_05_06/L.2.R3xI2/sub10_trial1
10,1,word_index,0,0.0,1.0,0.9997141223556318,0.5134362492853058,1.0,0.7138864943162816,3,3498,1749,67184,train_set_fixed,329.2958779335022,L.2.R3xI2,/work/ht203/repo/speech/reports/neuroprobe_stage0_l2_neuralset_2026_05_06/L.2.R3xI2/sub10_trial1
10,1,word_gap,0,0.0,1.0,1.0,0.3922241280731847,1.0,0.574729789235113,3,3498,1749,67184,train_set_fixed,192.0343852043152,L.2.R3xI2,/work/ht203/repo/speech/reports/neuroprobe_stage0_l2_neuralset_2026_05_06/L.2.R3xI2/sub10_trial1
10,1,gpt2_surprisal,0,0.0,1.0,1.0,0.3636363636363636,1.0,0.5270397100229781,3,3498,1749,67184,train_set_fixed,349.151401758194,L.2.R3xI2,/work/ht203/repo/speech/reports/neuroprobe_stage0_l2_neuralset_2026_05_06/L.2.R3xI2/sub10_trial1
10,1,word_head_pos,0,0.0,1.0,1.0,0.5394285714285715,1.0,0.5597048163265306,2,3500,1750,67184,train_set_fixed,236.82578587532043,L.2.R3xI2,/work/ht203/repo/speech/reports/neuroprobe_stage0_l2_neuralset_2026_05_06/L.2.R3xI2/sub10_trial1
10,1,word_part_speech,0,0.0,1.0,1.0,0.1909662664379645,1.0,0.5346718922875549,6,3096,1749,67184,train_set_fixed,177.2352876663208,L.2.R3xI2,/work/ht203/repo/speech/reports/neuroprobe_stage0_l2_neuralset_2026_05_06/L.2.R3xI2/sub10_trial1
10,1,word_length,0,0.0,1.0,1.0,0.3802172670097198,1.0,0.5597204773715341,3,3498,1749,67184,train_set_fixed,205.9393060207367,L.2.R3xI2,/work/ht203/repo/speech/reports/neuroprobe_stage0_l2_neuralset_2026_05_06/L.2.R3xI2/sub10_trial1
10,1,global_flow,0,0.0,1.0,1.0,0.3779302458547741,1.0,0.558254802793461,3,3498,1749,67184,train_set_fixed,219.85851168632507,L.2.R3xI2,/work/ht203/repo/speech/reports/neuroprobe_stage0_l2_neuralset_2026_05_06/L.2.R3xI2/sub10_trial1
10,1,local_flow,0,0.0,1.0,1.0,0.3567753001715266,1.0,0.5210818826146183,3,3498,1749,67184,train_set_fixed,145.76166367530823,L.2.R3xI2,/work/ht203/repo/speech/reports/neuroprobe_stage0_l2_neuralset_2026_05_06/L.2.R3xI2/sub10_trial1
10,1,frame_brightness,0,0.0,1.0,1.0,0.3767867352773013,1.0,0.5474336229376846,3,3498,1749,67184,train_set_fixed,150.1402862071991,L.2.R3xI2,/work/ht203/repo/speech/reports/neuroprobe_stage0_l2_neuralset_2026_05_06/L.2.R3xI2/sub10_trial1
10,1,face_num,0,0.0,1.0,1.0,0.3299028016009148,1.0,0.5020609669627437,3,3498,1749,67184,train_set_fixed,160.9209108352661,L.2.R3xI2,/work/ht203/repo/speech/reports/neuroprobe_stage0_l2_neuralset_2026_05_06/L.2.R3xI2/sub10_trial1
1,1,onset,0,0.0,1.0,1.0,0.8028079132099554,1.0,0.8402712617614096,2,2916,1567,66538,train_set_fixed,250.8909323215485,L.2.R3xI2,/work/ht203/repo/speech/reports/neuroprobe_stage0_l2_neuralset_2026_05_06/L.2.R3xI2/sub1_trial1
1,1,speech,0,0.0,1.0,1.0,0.8142857142857143,1.0,0.875905306122449,2,3500,1750,66538,train_set_fixed,161.0139605998993,L.2.R3xI2,/work/ht203/repo/speech/reports/neuroprobe_stage0_l2_neuralset_2026_05_06/L.2.R3xI2/sub1_trial1
1,1,volume,0,0.0,1.0,1.0,0.4471126357918811,1.0,0.6800126904175579,3,3498,1749,66538,train_set_fixed,182.1239995956421,L.2.R3xI2,/work/ht203/repo/speech/reports/neuroprobe_stage0_l2_neuralset_2026_05_06/L.2.R3xI2/sub1_trial1
1,1,delta_volume,0,0.0,1.0,1.0,0.4648370497427101,1.0,0.6710744782365223,3,3498,1749,66538,train_set_fixed,156.540833234787,L.2.R3xI2,/work/ht203/repo/speech/reports/neuroprobe_stage0_l2_neuralset_2026_05_06/L.2.R3xI2/sub1_trial1
1,1,pitch,0,0.0,1.0,1.0,0.4219554030874786,1.0,0.6005009478584674,3,3498,1749,66538,train_set_fixed,160.2249846458435,L.2.R3xI2,/work/ht203/repo/speech/reports/neuroprobe_stage0_l2_neuralset_2026_05_06/L.2.R3xI2/sub1_trial1
1,1,word_index,0,0.0,1.0,1.0,0.4527220630372492,1.0,0.6398513933099982,3,3060,1745,66538,train_set_fixed,141.1619176864624,L.2.R3xI2,/work/ht203/repo/speech/reports/neuroprobe_stage0_l2_neuralset_2026_05_06/L.2.R3xI2/sub1_trial1
1,1,word_gap,0,0.0,1.0,1.0,0.3476272155517438,1.0,0.5239622347295735,3,3498,1749,66538,train_set_fixed,154.93517351150513,L.2.R3xI2,/work/ht203/repo/speech/reports/neuroprobe_stage0_l2_neuralset_2026_05_06/L.2.R3xI2/sub1_trial1
1,1,gpt2_surprisal,0,0.0,1.0,1.0,0.3853630646083476,1.0,0.5412060996384113,3,3498,1749,66538,train_set_fixed,152.08986377716064,L.2.R3xI2,/work/ht203/repo/speech/reports/neuroprobe_stage0_l2_neuralset_2026_05_06/L.2.R3xI2/sub1_trial1
1,1,word_head_pos,0,0.0,1.0,1.0,0.552,1.0,0.5669916734693878,2,3500,1750,66538,train_set_fixed,147.6237485408783,L.2.R3xI2,/work/ht203/repo/speech/reports/neuroprobe_stage0_l2_neuralset_2026_05_06/L.2.R3xI2/sub1_trial1
1,1,word_part_speech,0,0.0,1.0,1.0,0.1913903432228039,1.0,0.5218684485156864,6,2760,1719,66538,train_set_fixed,125.32437181472778,L.2.R3xI2,/work/ht203/repo/speech/reports/neuroprobe_stage0_l2_neuralset_2026_05_06/L.2.R3xI2/sub1_trial1
1,1,word_length,0,0.0,1.0,1.0,0.3556317895940537,1.0,0.5344916526669982,3,3498,1749,66538,train_set_fixed,203.1536636352539,L.2.R3xI2,/work/ht203/repo/speech/reports/neuroprobe_stage0_l2_neuralset_2026_05_06/L.2.R3xI2/sub1_trial1
1,1,global_flow,0,0.0,1.0,1.0,0.396798170383076,1.0,0.5736637549317571,3,3498,1749,66538,train_set_fixed,243.1293423175812,L.2.R3xI2,/work/ht203/repo/speech/reports/neuroprobe_stage0_l2_neuralset_2026_05_06/L.2.R3xI2/sub1_trial1
1,1,local_flow,0,0.0,1.0,1.0,0.3636363636363636,1.0,0.5336712868024561,3,3498,1749,66538,train_set_fixed,166.48219990730286,L.2.R3xI2,/work/ht203/repo/speech/reports/neuroprobe_stage0_l2_neuralset_2026_05_06/L.2.R3xI2/sub1_trial1
1,1,frame_brightness,0,0.0,1.0,1.0,0.3116066323613493,1.0,0.4830851640780764,3,3498,1749,66538,train_set_fixed,207.1315815448761,L.2.R3xI2,/work/ht203/repo/speech/reports/neuroprobe_stage0_l2_neuralset_2026_05_06/L.2.R3xI2/sub1_trial1
1,1,face_num,0,0.0,1.0,1.0,0.3762149799885649,1.0,0.5487276728579036,3,3498,1749,66538,train_set_fixed,156.34216976165771,L.2.R3xI2,/work/ht203/repo/speech/reports/neuroprobe_stage0_l2_neuralset_2026_05_06/L.2.R3xI2/sub1_trial1
1,2,onset,0,0.0,1.0,1.0,0.9026063100137174,1.0,0.9583246305798764,2,3134,1458,66538,train_set_fixed,109.69325089454652,L.2.R3xI2,/work/ht203/repo/speech/reports/neuroprobe_stage0_l2_neuralset_2026_05_06/L.2.R3xI2/sub1_trial2
1,2,speech,0,0.0,1.0,1.0,0.9022857142857142,1.0,0.9717537959183674,2,3500,1750,66538,train_set_fixed,121.01493906974792,L.2.R3xI2,/work/ht203/repo/speech/reports/neuroprobe_stage0_l2_neuralset_2026_05_06/L.2.R3xI2/sub1_trial2
1,2,volume,0,0.0,1.0,1.0,0.4648370497427101,1.0,0.6651141990473359,3,3498,1749,66538,train_set_fixed,118.23749589920044,L.2.R3xI2,/work/ht203/repo/speech/reports/neuroprobe_stage0_l2_neuralset_2026_05_06/L.2.R3xI2/sub1_trial2
1,2,delta_volume,0,0.0,1.0,1.0,0.4362492853058891,1.0,0.6195012685513995,3,3498,1749,66538,train_set_fixed,110.3640797138214,L.2.R3xI2,/work/ht203/repo/speech/reports/neuroprobe_stage0_l2_neuralset_2026_05_06/L.2.R3xI2/sub1_trial2
1,2,pitch,0,0.0,1.0,1.0,0.3887935963407661,1.0,0.5593634980831977,3,3498,1749,66538,train_set_fixed,109.32029366493224,L.2.R3xI2,/work/ht203/repo/speech/reports/neuroprobe_stage0_l2_neuralset_2026_05_06/L.2.R3xI2/sub1_trial2
1,2,word_index,0,0.0,1.0,1.0,0.3986928104575163,1.0,0.5825419710367807,3,3489,1530,66538,train_set_fixed,104.76082587242126,L.2.R3xI2,/work/ht203/repo/speech/reports/neuroprobe_stage0_l2_neuralset_2026_05_06/L.2.R3xI2/sub1_trial2
1,2,word_gap,0,0.0,1.0,1.0,0.335620354488279,1.0,0.5139746603548021,3,3498,1749,66538,train_set_fixed,108.82094264030457,L.2.R3xI2,/work/ht203/repo/speech/reports/neuroprobe_stage0_l2_neuralset_2026_05_06/L.2.R3xI2/sub1_trial2
1,2,gpt2_surprisal,0,0.0,1.0,1.0,0.3579188107489994,1.0,0.5272966566535938,3,3498,1749,66538,train_set_fixed,123.53284120559692,L.2.R3xI2,/work/ht203/repo/speech/reports/neuroprobe_stage0_l2_neuralset_2026_05_06/L.2.R3xI2/sub1_trial2
1,2,word_head_pos,0,0.0,1.0,1.0,0.5737142857142857,1.0,0.596030693877551,2,3500,1750,66538,train_set_fixed,107.40667462348938,L.2.R3xI2,/work/ht203/repo/speech/reports/neuroprobe_stage0_l2_neuralset_2026_05_06/L.2.R3xI2/sub1_trial2
1,2,word_part_speech,0,0.0,1.0,1.0,0.1797101449275362,1.0,0.5193579080025205,6,3438,1380,66538,train_set_fixed,104.78888726234436,L.2.R3xI2,/work/ht203/repo/speech/reports/neuroprobe_stage0_l2_neuralset_2026_05_06/L.2.R3xI2/sub1_trial2
1,2,word_length,0,0.0,1.0,1.0,0.3853630646083476,1.0,0.5554465330348045,3,3498,1749,66538,train_set_fixed,115.4340705871582,L.2.R3xI2,/work/ht203/repo/speech/reports/neuroprobe_stage0_l2_neuralset_2026_05_06/L.2.R3xI2/sub1_trial2
1,2,global_flow,0,0.0,1.0,1.0,0.407661520869068,1.0,0.6021779659437837,3,3498,1749,66538,train_set_fixed,104.27060103416444,L.2.R3xI2,/work/ht203/repo/speech/reports/neuroprobe_stage0_l2_neuralset_2026_05_06/L.2.R3xI2/sub1_trial2
1,2,local_flow,0,0.0,1.0,1.0,0.3893653516295026,1.0,0.5692471169509261,3,3498,1749,66538,train_set_fixed,110.4396755695343,L.2.R3xI2,/work/ht203/repo/speech/reports/neuroprobe_stage0_l2_neuralset_2026_05_06/L.2.R3xI2/sub1_trial2
1,2,frame_brightness,0,0.0,1.0,1.0,0.3401943967981704,1.0,0.5279051886547275,3,3498,1749,66538,train_set_fixed,107.24809122085573,L.2.R3xI2,/work/ht203/repo/speech/reports/neuroprobe_stage0_l2_neuralset_2026_05_06/L.2.R3xI2/sub1_trial2
1,2,face_num,0,0.0,1.0,1.0,0.3607775871926815,1.0,0.5428139775044206,3,3498,1749,66538,train_set_fixed,105.51508903503418,L.2.R3xI2,/work/ht203/repo/speech/reports/neuroprobe_stage0_l2_neuralset_2026_05_06/L.2.R3xI2/sub1_trial2
2,0,onset,0,0.0,1.0,1.0,0.8357414448669201,1.0,0.946093739156986,2,2992,1315,66538,train_set_fixed,106.11907267570496,L.2.R3xI2,/work/ht203/repo/speech/reports/neuroprobe_stage0_l2_neuralset_2026_05_06/L.2.R3xI2/sub2_trial0
2,0,speech,0,0.0,1.0,1.0,0.864,1.0,0.9566811428571428,2,3500,1750,66538,train_set_fixed,155.7872133255005,L.2.R3xI2,/work/ht203/repo/speech/reports/neuroprobe_stage0_l2_neuralset_2026_05_06/L.2.R3xI2/sub2_trial0
2,0,volume,0,0.0,1.0,1.0,0.3945111492281303,1.0,0.6032616530690902,3,3498,1749,66538,train_set_fixed,124.26732754707336,L.2.R3xI2,/work/ht203/repo/speech/reports/neuroprobe_stage0_l2_neuralset_2026_05_06/L.2.R3xI2/sub2_trial0
2,0,delta_volume,0,0.0,1.0,1.0,0.429388221841052,1.0,0.6846097794672182,3,3498,1749,66538,train_set_fixed,119.44930958747864,L.2.R3xI2,/work/ht203/repo/speech/reports/neuroprobe_stage0_l2_neuralset_2026_05_06/L.2.R3xI2/sub2_trial0
2,0,pitch,0,0.0,1.0,1.0,0.3430531732418524,1.0,0.5638134802832689,3,3498,1749,66538,train_set_fixed,120.44997310638428,L.2.R3xI2,/work/ht203/repo/speech/reports/neuroprobe_stage0_l2_neuralset_2026_05_06/L.2.R3xI2/sub2_trial0
2,0,word_index,0,0.0,1.0,1.0,0.5638520586182834,1.0,0.766177982763045,3,3192,1433,66538,train_set_fixed,114.3804337978363,L.2.R3xI2,/work/ht203/repo/speech/reports/neuroprobe_stage0_l2_neuralset_2026_05_06/L.2.R3xI2/sub2_trial0
2,0,word_gap,0,0.0,1.0,1.0,0.4015700483091787,1.0,0.5791369110130925,3,3498,1656,66538,train_set_fixed,116.1158595085144,L.2.R3xI2,/work/ht203/repo/speech/reports/neuroprobe_stage0_l2_neuralset_2026_05_06/L.2.R3xI2/sub2_trial0
2,0,gpt2_surprisal,0,0.0,1.0,1.0,0.3945111492281303,1.0,0.586852374353588,3,3498,1749,66538,train_set_fixed,120.41291451454164,L.2.R3xI2,/work/ht203/repo/speech/reports/neuroprobe_stage0_l2_neuralset_2026_05_06/L.2.R3xI2/sub2_trial0
2,0,word_head_pos,0,0.0,1.0,1.0,0.5617142857142857,1.0,0.6093544489795919,2,3500,1750,66538,train_set_fixed,110.12223100662231,L.2.R3xI2,/work/ht203/repo/speech/reports/neuroprobe_stage0_l2_neuralset_2026_05_06/L.2.R3xI2/sub2_trial0
2,0,word_part_speech,0,0.0,1.0,1.0,0.2228260869565217,1.0,0.5694628229363579,6,2346,1104,66538,train_set_fixed,77.0183584690094,L.2.R3xI2,/work/ht203/repo/speech/reports/neuroprobe_stage0_l2_neuralset_2026_05_06/L.2.R3xI2/sub2_trial0
2,0,word_length,0,0.0,1.0,1.0,0.3430531732418524,1.0,0.6192546194002552,3,3498,1749,66538,train_set_fixed,121.66212582588196,L.2.R3xI2,/work/ht203/repo/speech/reports/neuroprobe_stage0_l2_neuralset_2026_05_06/L.2.R3xI2/sub2_trial0
2,0,global_flow,0,0.0,1.0,1.0,0.3476272155517438,1.0,0.5651148855459674,3,3498,1749,66538,train_set_fixed,112.42778086662292,L.2.R3xI2,/work/ht203/repo/speech/reports/neuroprobe_stage0_l2_neuralset_2026_05_06/L.2.R3xI2/sub2_trial0
2,0,local_flow,0,0.0,1.0,1.0,0.346483704974271,1.0,0.5397487611151484,3,3498,1749,66538,train_set_fixed,118.7639524936676,L.2.R3xI2,/work/ht203/repo/speech/reports/neuroprobe_stage0_l2_neuralset_2026_05_06/L.2.R3xI2/sub2_trial0
2,0,frame_brightness,0,0.0,1.0,1.0,0.3567753001715266,1.0,0.5530001461261373,3,3498,1749,66538,train_set_fixed,122.23362112045288,L.2.R3xI2,/work/ht203/repo/speech/reports/neuroprobe_stage0_l2_neuralset_2026_05_06/L.2.R3xI2/sub2_trial0
2,0,face_num,0,0.0,1.0,1.0,0.357347055460263,1.0,0.52697694443382,3,2988,1749,66538,train_set_fixed,117.77670407295228,L.2.R3xI2,/work/ht203/repo/speech/reports/neuroprobe_stage0_l2_neuralset_2026_05_06/L.2.R3xI2/sub2_trial0
2,4,onset,0,0.0,1.0,1.0,0.535427807486631,1.0,0.9460128971374646,2,2630,1496,66538,train_set_fixed,216.888925075531,L.2.R3xI2,/work/ht203/repo/speech/reports/neuroprobe_stage0_l2_neuralset_2026_05_06/L.2.R3xI2/sub2_trial4
2,4,speech,0,0.0,1.0,1.0,0.5788571428571428,1.0,0.9488339591836734,2,3500,1750,66538,train_set_fixed,258.42187118530273,L.2.R3xI2,/work/ht203/repo/speech/reports/neuroprobe_stage0_l2_neuralset_2026_05_06/L.2.R3xI2/sub2_trial4
2,4,volume,0,0.0,1.0,1.0,0.3893653516295026,1.0,0.6299316345434343,3,3498,1749,66538,train_set_fixed,261.85600662231445,L.2.R3xI2,/work/ht203/repo/speech/reports/neuroprobe_stage0_l2_neuralset_2026_05_06/L.2.R3xI2/sub2_trial4
2,4,delta_volume,0,0.0,1.0,1.0,0.4190966266437964,1.0,0.6358247349379749,3,3498,1749,66538,train_set_fixed,226.59857821464536,L.2.R3xI2,/work/ht203/repo/speech/reports/neuroprobe_stage0_l2_neuralset_2026_05_06/L.2.R3xI2/sub2_trial4
2,4,pitch,0,0.0,1.0,1.0,0.3830760434534019,1.0,0.5543363666765718,3,3498,1749,66538,train_set_fixed,249.67442274093628,L.2.R3xI2,/work/ht203/repo/speech/reports/neuroprobe_stage0_l2_neuralset_2026_05_06/L.2.R3xI2/sub2_trial4
2,4,word_index,0,0.0,1.0,1.0,0.4692982456140351,1.0,0.7004238156481429,3,2865,1596,66538,train_set_fixed,164.08084392547607,L.2.R3xI2,/work/ht203/repo/speech/reports/neuroprobe_stage0_l2_neuralset_2026_05_06/L.2.R3xI2/sub2_trial4
2,4,word_gap,0,0.0,1.0,1.0,0.3762149799885649,1.0,0.5521204471655943,3,3312,1749,66538,train_set_fixed,250.17158126831052,L.2.R3xI2,/work/ht203/repo/speech/reports/neuroprobe_stage0_l2_neuralset_2026_05_06/L.2.R3xI2/sub2_trial4
2,4,gpt2_surprisal,0,0.0,1.0,1.0,0.3807890222984562,1.0,0.5634712116798916,3,3498,1749,66538,train_set_fixed,183.2897131443024,L.2.R3xI2,/work/ht203/repo/speech/reports/neuroprobe_stage0_l2_neuralset_2026_05_06/L.2.R3xI2/sub2_trial4
2,4,word_head_pos,0,0.0,1.0,1.0,0.5748571428571428,1.0,0.6139157551020409,2,3500,1750,66538,train_set_fixed,235.7923448085785,L.2.R3xI2,/work/ht203/repo/speech/reports/neuroprobe_stage0_l2_neuralset_2026_05_06/L.2.R3xI2/sub2_trial4
2,4,word_part_speech,0,0.0,1.0,1.0,0.2020460358056266,1.0,0.5568857851055675,6,2208,1173,66538,train_set_fixed,111.85158228874208,L.2.R3xI2,/work/ht203/repo/speech/reports/neuroprobe_stage0_l2_neuralset_2026_05_06/L.2.R3xI2/sub2_trial4
2,4,word_length,0,0.0,1.0,1.0,0.4019439679817038,1.0,0.5957783276304911,3,3498,1749,66538,train_set_fixed,244.53570342063904,L.2.R3xI2,/work/ht203/repo/speech/reports/neuroprobe_stage0_l2_neuralset_2026_05_06/L.2.R3xI2/sub2_trial4
2,4,global_flow,0,0.0,1.0,1.0,0.425385934819897,1.0,0.6005536611462369,3,3498,1749,66538,train_set_fixed,157.02475142478943,L.2.R3xI2,/work/ht203/repo/speech/reports/neuroprobe_stage0_l2_neuralset_2026_05_06/L.2.R3xI2/sub2_trial4
2,4,local_flow,0,0.0,1.0,1.0,0.3579188107489994,1.0,0.5452142709335499,3,3498,1749,66538,train_set_fixed,265.4680407047272,L.2.R3xI2,/work/ht203/repo/speech/reports/neuroprobe_stage0_l2_neuralset_2026_05_06/L.2.R3xI2/sub2_trial4
2,4,frame_brightness,0,0.0,1.0,1.0,0.3562035448827901,1.0,0.5388769078532502,3,3498,1749,66538,train_set_fixed,167.33080983161926,L.2.R3xI2,/work/ht203/repo/speech/reports/neuroprobe_stage0_l2_neuralset_2026_05_06/L.2.R3xI2/sub2_trial4
2,4,face_num,0,0.0,1.0,1.0,0.3460508701472556,1.0,0.5180205426794192,3,3498,1494,66538,train_set_fixed,248.290146112442,L.2.R3xI2,/work/ht203/repo/speech/reports/neuroprobe_stage0_l2_neuralset_2026_05_06/L.2.R3xI2/sub2_trial4
3,0,onset,0,0.0,1.0,1.0,0.9057142857142856,1.0,0.9600365714285716,2,2244,1750,60724,train_set_fixed,102.14179182052612,L.2.R3xI2,/work/ht203/repo/speech/reports/neuroprobe_stage0_l2_neuralset_2026_05_06/L.2.R3xI2/sub3_trial0
3,0,speech,0,0.0,1.0,1.0,0.9142857142857144,1.0,0.9589133061224492,2,3500,1750,60724,train_set_fixed,118.59079194068909,L.2.R3xI2,/work/ht203/repo/speech/reports/neuroprobe_stage0_l2_neuralset_2026_05_06/L.2.R3xI2/sub3_trial0
3,0,volume,0,0.0,1.0,1.0,0.4814179531160663,1.0,0.6900483196965284,3,3498,1749,60724,train_set_fixed,117.30408668518066,L.2.R3xI2,/work/ht203/repo/speech/reports/neuroprobe_stage0_l2_neuralset_2026_05_06/L.2.R3xI2/sub3_trial0
3,0,delta_volume,0,0.0,1.0,1.0,0.4585477415666095,1.0,0.6637157032639087,3,3498,1749,60724,train_set_fixed,116.98346543312071,L.2.R3xI2,/work/ht203/repo/speech/reports/neuroprobe_stage0_l2_neuralset_2026_05_06/L.2.R3xI2/sub3_trial0
3,0,pitch,0,0.0,1.0,1.0,0.3407661520869068,1.0,0.5198555018452103,3,3498,1749,60724,train_set_fixed,116.15930390357973,L.2.R3xI2,/work/ht203/repo/speech/reports/neuroprobe_stage0_l2_neuralset_2026_05_06/L.2.R3xI2/sub3_trial0
3,0,word_index,0,0.0,1.0,1.0,0.5431675242995998,1.0,0.7582887354400997,3,2514,1749,60724,train_set_fixed,102.01522827148438,L.2.R3xI2,/work/ht203/repo/speech/reports/neuroprobe_stage0_l2_neuralset_2026_05_06/L.2.R3xI2/sub3_trial0
3,0,word_gap,0,0.0,1.0,1.0,0.3744997141223556,1.0,0.557059804818632,3,2970,1749,60724,train_set_fixed,117.19390726089478,L.2.R3xI2,/work/ht203/repo/speech/reports/neuroprobe_stage0_l2_neuralset_2026_05_06/L.2.R3xI2/sub3_trial0
3,0,gpt2_surprisal,0,0.0,1.0,1.0,0.400800457404231,1.0,0.5778043223915258,3,3498,1749,60724,train_set_fixed,120.7251124382019,L.2.R3xI2,/work/ht203/repo/speech/reports/neuroprobe_stage0_l2_neuralset_2026_05_06/L.2.R3xI2/sub3_trial0
3,0,word_head_pos,0,0.0,1.0,1.0,0.5965714285714285,1.0,0.6250292244897959,2,3500,1750,60724,train_set_fixed,134.61325359344482,L.2.R3xI2,/work/ht203/repo/speech/reports/neuroprobe_stage0_l2_neuralset_2026_05_06/L.2.R3xI2/sub3_trial0
3,0,word_part_speech,0,0.0,1.0,1.0,0.2104059462550028,1.0,0.5448468102075846,6,2442,1749,60724,train_set_fixed,100.44854521751404,L.2.R3xI2,/work/ht203/repo/speech/reports/neuroprobe_stage0_l2_neuralset_2026_05_06/L.2.R3xI2/sub3_trial0
3,0,word_length,0,0.0,1.0,1.0,0.4070897655803316,1.0,0.5836425028955532,3,3498,1749,60724,train_set_fixed,118.43117356300354,L.2.R3xI2,/work/ht203/repo/speech/reports/neuroprobe_stage0_l2_neuralset_2026_05_06/L.2.R3xI2/sub3_trial0
3,0,global_flow,0,0.0,1.0,1.0,0.3945111492281303,1.0,0.5816987310563154,3,3498,1749,60724,train_set_fixed,125.08866286277772,L.2.R3xI2,/work/ht203/repo/speech/reports/neuroprobe_stage0_l2_neuralset_2026_05_06/L.2.R3xI2/sub3_trial0
3,0,local_flow,0,0.0,1.0,1.0,0.368210405946255,1.0,0.5749994851260265,3,3498,1749,60724,train_set_fixed,119.78890824317932,L.2.R3xI2,/work/ht203/repo/speech/reports/neuroprobe_stage0_l2_neuralset_2026_05_06/L.2.R3xI2/sub3_trial0
3,0,frame_brightness,0,0.0,1.0,1.0,0.3636363636363636,1.0,0.5437765466568988,3,3498,1749,60724,train_set_fixed,114.05780005455016,L.2.R3xI2,/work/ht203/repo/speech/reports/neuroprobe_stage0_l2_neuralset_2026_05_06/L.2.R3xI2/sub3_trial0
3,0,face_num,0,0.0,1.0,1.0,0.3264722698684962,1.0,0.4995802551225057,3,3498,1749,60724,train_set_fixed,114.35742330551147,L.2.R3xI2,/work/ht203/repo/speech/reports/neuroprobe_stage0_l2_neuralset_2026_05_06/L.2.R3xI2/sub3_trial0
3,1,onset,0,0.0,1.0,1.0,0.893048128342246,1.0,0.9515189644161018,2,3500,1122,60724,train_set_fixed,203.18240022659305,L.2.R3xI2,/work/ht203/repo/speech/reports/neuroprobe_stage0_l2_neuralset_2026_05_06/L.2.R3xI2/sub3_trial1
3,1,speech,0,0.0,1.0,1.0,0.8788571428571429,1.0,0.9489606530612246,2,3500,1750,60724,train_set_fixed,239.9293692111969,L.2.R3xI2,/work/ht203/repo/speech/reports/neuroprobe_stage0_l2_neuralset_2026_05_06/L.2.R3xI2/sub3_trial1
3,1,volume,0,0.0,1.0,1.0,0.440251572327044,1.0,0.6338745884685882,3,3498,1749,60724,train_set_fixed,237.51253533363345,L.2.R3xI2,/work/ht203/repo/speech/reports/neuroprobe_stage0_l2_neuralset_2026_05_06/L.2.R3xI2/sub3_trial1
3,1,delta_volume,0,0.0,1.0,1.0,0.5231560891938251,1.0,0.7136702472473857,3,3498,1749,60724,train_set_fixed,235.2022325992584,L.2.R3xI2,/work/ht203/repo/speech/reports/neuroprobe_stage0_l2_neuralset_2026_05_06/L.2.R3xI2/sub3_trial1
3,1,pitch,0,0.0,1.0,1.0,0.3361921097770154,1.0,0.501880025537749,3,3498,1749,60724,train_set_fixed,199.0177812576294,L.2.R3xI2,/work/ht203/repo/speech/reports/neuroprobe_stage0_l2_neuralset_2026_05_06/L.2.R3xI2/sub3_trial1
3,1,word_index,0,0.0,1.0,1.0,0.6467780429594272,1.0,0.8423567876692432,3,3498,1257,60724,train_set_fixed,231.14677262306213,L.2.R3xI2,/work/ht203/repo/speech/reports/neuroprobe_stage0_l2_neuralset_2026_05_06/L.2.R3xI2/sub3_trial1
3,1,word_gap,0,0.0,1.0,1.0,0.4134680134680135,1.0,0.585233479576914,3,3498,1485,60724,train_set_fixed,192.81510734558103,L.2.R3xI2,/work/ht203/repo/speech/reports/neuroprobe_stage0_l2_neuralset_2026_05_06/L.2.R3xI2/sub3_trial1
3,1,gpt2_surprisal,0,0.0,1.0,1.0,0.4082332761578044,1.0,0.6012516831475374,3,3498,1749,60724,train_set_fixed,201.3503987789154,L.2.R3xI2,/work/ht203/repo/speech/reports/neuroprobe_stage0_l2_neuralset_2026_05_06/L.2.R3xI2/sub3_trial1
3,1,word_head_pos,0,0.0,1.0,1.0,0.6011428571428571,1.0,0.6453407346938775,2,3500,1750,60724,train_set_fixed,201.93953013420105,L.2.R3xI2,/work/ht203/repo/speech/reports/neuroprobe_stage0_l2_neuralset_2026_05_06/L.2.R3xI2/sub3_trial1
3,1,word_part_speech,0,0.0,1.0,1.0,0.2145782145782145,1.0,0.5729639332555411,6,3498,1221,60724,train_set_fixed,181.49027276039124,L.2.R3xI2,/work/ht203/repo/speech/reports/neuroprobe_stage0_l2_neuralset_2026_05_06/L.2.R3xI2/sub3_trial1
3,1,word_length,0,0.0,1.0,1.0,0.4048027444253859,1.0,0.5905898690454825,3,3498,1749,60724,train_set_fixed,184.35060787200928,L.2.R3xI2,/work/ht203/repo/speech/reports/neuroprobe_stage0_l2_neuralset_2026_05_06/L.2.R3xI2/sub3_trial1
3,1,global_flow,0,0.0,1.0,1.0,0.3842195540308747,1.0,0.5746684947144508,3,3498,1749,60724,train_set_fixed,195.3763327598572,L.2.R3xI2,/work/ht203/repo/speech/reports/neuroprobe_stage0_l2_neuralset_2026_05_06/L.2.R3xI2/sub3_trial1
3,1,local_flow,0,0.0,1.0,1.0,0.3825042881646655,1.0,0.5529158048657061,3,3498,1749,60724,train_set_fixed,202.93090295791623,L.2.R3xI2,/work/ht203/repo/speech/reports/neuroprobe_stage0_l2_neuralset_2026_05_06/L.2.R3xI2/sub3_trial1
3,1,frame_brightness,0,0.0,1.0,1.0,0.3413379073756432,1.0,0.5260678241033592,3,3498,1749,60724,train_set_fixed,198.8590865135193,L.2.R3xI2,/work/ht203/repo/speech/reports/neuroprobe_stage0_l2_neuralset_2026_05_06/L.2.R3xI2/sub3_trial1
3,1,face_num,0,0.0,1.0,1.0,0.342481417953116,1.0,0.512040205282705,3,3498,1749,60724,train_set_fixed,192.02914214134216,L.2.R3xI2,/work/ht203/repo/speech/reports/neuroprobe_stage0_l2_neuralset_2026_05_06/L.2.R3xI2/sub3_trial1
4,0,onset,0,0.0,1.0,1.0,0.8645833333333334,1.0,0.921918044077135,2,2898,1056,70414,train_set_fixed,286.0244357585907,L.2.R3xI2,/work/ht203/repo/speech/reports/neuroprobe_stage0_l2_neuralset_2026_05_06/L.2.R3xI2/sub4_trial0
4,0,speech,0,0.0,1.0,1.0,0.8291428571428572,1.0,0.8949080816326531,2,3500,1750,70414,train_set_fixed,330.15432047843933,L.2.R3xI2,/work/ht203/repo/speech/reports/neuroprobe_stage0_l2_neuralset_2026_05_06/L.2.R3xI2/sub4_trial0
4,0,volume,0,0.0,1.0,1.0,0.4316752429959977,1.0,0.5979128480180295,3,3498,1749,70414,train_set_fixed,410.9417850971222,L.2.R3xI2,/work/ht203/repo/speech/reports/neuroprobe_stage0_l2_neuralset_2026_05_06/L.2.R3xI2/sub4_trial0
4,0,delta_volume,0,0.0,1.0,1.0,0.4745568896512293,1.0,0.6612521538894561,3,3498,1749,70414,train_set_fixed,502.5251576900482,L.2.R3xI2,/work/ht203/repo/speech/reports/neuroprobe_stage0_l2_neuralset_2026_05_06/L.2.R3xI2/sub4_trial0
4,0,pitch,0,0.0,1.0,1.0,0.3516295025728988,1.0,0.5332907704181855,3,3498,1749,70414,train_set_fixed,389.7529668807984,L.2.R3xI2,/work/ht203/repo/speech/reports/neuroprobe_stage0_l2_neuralset_2026_05_06/L.2.R3xI2/sub4_trial0
4,0,word_index,0,0.0,1.0,1.0,0.5383936451897617,1.0,0.7031589530067114,3,3117,1133,70414,train_set_fixed,278.0961821079254,L.2.R3xI2,/work/ht203/repo/speech/reports/neuroprobe_stage0_l2_neuralset_2026_05_06/L.2.R3xI2/sub4_trial0
4,0,word_gap,0,0.0,1.0,1.0,0.407661520869068,1.0,0.5791704546680436,3,3498,1749,70414,train_set_fixed,349.10477781295776,L.2.R3xI2,/work/ht203/repo/speech/reports/neuroprobe_stage0_l2_neuralset_2026_05_06/L.2.R3xI2/sub4_trial0
4,0,gpt2_surprisal,0,0.0,1.0,1.0,0.3996569468267582,1.0,0.5740486845215153,3,3498,1749,70414,train_set_fixed,435.2284045219421,L.2.R3xI2,/work/ht203/repo/speech/reports/neuroprobe_stage0_l2_neuralset_2026_05_06/L.2.R3xI2/sub4_trial0
4,0,word_head_pos,0,0.0,1.0,1.0,0.5542857142857143,1.0,0.5839020408163266,2,3500,1750,70414,train_set_fixed,420.2261507511139,L.2.R3xI2,/work/ht203/repo/speech/reports/neuroprobe_stage0_l2_neuralset_2026_05_06/L.2.R3xI2/sub4_trial0
4,0,word_part_speech,0,0.0,1.0,1.0,0.1915807560137457,1.0,0.5257590250469408,6,3234,1164,70414,train_set_fixed,283.5011694431305,L.2.R3xI2,/work/ht203/repo/speech/reports/neuroprobe_stage0_l2_neuralset_2026_05_06/L.2.R3xI2/sub4_trial0
4,0,word_length,0,0.0,1.0,1.0,0.4099485420240137,1.0,0.5828657787297226,3,3498,1749,70414,train_set_fixed,319.77687549591064,L.2.R3xI2,/work/ht203/repo/speech/reports/neuroprobe_stage0_l2_neuralset_2026_05_06/L.2.R3xI2/sub4_trial0
4,0,global_flow,0,0.0,1.0,1.0,0.3470554602630074,1.0,0.5274476863525054,3,3498,1749,70414,train_set_fixed,327.58907651901245,L.2.R3xI2,/work/ht203/repo/speech/reports/neuroprobe_stage0_l2_neuralset_2026_05_06/L.2.R3xI2/sub4_trial0
4,0,local_flow,0,0.0,1.0,1.0,0.357347055460263,1.0,0.5307897087970876,3,3498,1749,70414,train_set_fixed,350.9235146045685,L.2.R3xI2,/work/ht203/repo/speech/reports/neuroprobe_stage0_l2_neuralset_2026_05_06/L.2.R3xI2/sub4_trial0
4,0,frame_brightness,0,0.0,1.0,1.0,0.3630646083476272,1.0,0.5474586311021147,3,3498,1749,70414,train_set_fixed,436.9459109306336,L.2.R3xI2,/work/ht203/repo/speech/reports/neuroprobe_stage0_l2_neuralset_2026_05_06/L.2.R3xI2/sub4_trial0
4,0,face_num,0,0.0,1.0,1.0,0.3481989708404803,1.0,0.5180828643076613,3,3498,1749,70414,train_set_fixed,285.30137610435486,L.2.R3xI2,/work/ht203/repo/speech/reports/neuroprobe_stage0_l2_neuralset_2026_05_06/L.2.R3xI2/sub4_trial0
4,1,onset,0,0.0,1.0,1.0,0.7729468599033816,1.0,0.8339093160602019,2,2112,1449,70414,train_set_fixed,178.37341237068176,L.2.R3xI2,/work/ht203/repo/speech/reports/neuroprobe_stage0_l2_neuralset_2026_05_06/L.2.R3xI2/sub4_trial1
4,1,speech,0,0.0,1.0,1.0,0.7548571428571429,1.0,0.8148466938775509,2,3500,1750,70414,train_set_fixed,291.90325450897217,L.2.R3xI2,/work/ht203/repo/speech/reports/neuroprobe_stage0_l2_neuralset_2026_05_06/L.2.R3xI2/sub4_trial1
4,1,volume,0,0.0,1.0,1.0,0.3876500857632933,1.0,0.5683625144287302,3,3498,1749,70414,train_set_fixed,367.80271220207214,L.2.R3xI2,/work/ht203/repo/speech/reports/neuroprobe_stage0_l2_neuralset_2026_05_06/L.2.R3xI2/sub4_trial1
4,1,delta_volume,0,0.0,1.0,1.0,0.4545454545454545,1.0,0.6298713207351029,3,3498,1749,70414,train_set_fixed,481.37381887435913,L.2.R3xI2,/work/ht203/repo/speech/reports/neuroprobe_stage0_l2_neuralset_2026_05_06/L.2.R3xI2/sub4_trial1
4,1,pitch,0,0.0,1.0,1.0,0.3619210977701543,1.0,0.5318069526619965,3,3498,1749,70414,train_set_fixed,455.3277156352997,L.2.R3xI2,/work/ht203/repo/speech/reports/neuroprobe_stage0_l2_neuralset_2026_05_06/L.2.R3xI2/sub4_trial1
4,1,word_index,0,0.0,1.0,1.0,0.4708146247594612,1.0,0.644379194255896,3,2265,1559,70414,train_set_fixed,295.25797748565674,L.2.R3xI2,/work/ht203/repo/speech/reports/neuroprobe_stage0_l2_neuralset_2026_05_06/L.2.R3xI2/sub4_trial1
4,1,word_gap,0,0.0,1.0,1.0,0.3950829045168668,1.0,0.575618559784714,3,3498,1749,70414,train_set_fixed,356.6569609642029,L.2.R3xI2,/work/ht203/repo/speech/reports/neuroprobe_stage0_l2_neuralset_2026_05_06/L.2.R3xI2/sub4_trial1
4,1,gpt2_surprisal,0,0.0,1.0,1.0,0.346483704974271,1.0,0.5368397231645233,3,3498,1749,70414,train_set_fixed,368.2611570358277,L.2.R3xI2,/work/ht203/repo/speech/reports/neuroprobe_stage0_l2_neuralset_2026_05_06/L.2.R3xI2/sub4_trial1
4,1,word_head_pos,0,0.0,1.0,1.0,0.5537142857142857,1.0,0.5532731428571429,2,3500,1750,70414,train_set_fixed,441.1035976409912,L.2.R3xI2,/work/ht203/repo/speech/reports/neuroprobe_stage0_l2_neuralset_2026_05_06/L.2.R3xI2/sub4_trial1
4,1,word_part_speech,0,0.0,1.0,1.0,0.1793444650587507,1.0,0.5217663084674246,6,2328,1617,70414,train_set_fixed,320.61476731300354,L.2.R3xI2,/work/ht203/repo/speech/reports/neuroprobe_stage0_l2_neuralset_2026_05_06/L.2.R3xI2/sub4_trial1
4,1,word_length,0,0.0,1.0,1.0,0.3847913093196112,1.0,0.5591384246033263,3,3498,1749,70414,train_set_fixed,336.321834564209,L.2.R3xI2,/work/ht203/repo/speech/reports/neuroprobe_stage0_l2_neuralset_2026_05_06/L.2.R3xI2/sub4_trial1
4,1,global_flow,0,0.0,1.0,1.0,0.3882218410520297,1.0,0.5570544109008136,3,3498,1749,70414,train_set_fixed,338.43841004371643,L.2.R3xI2,/work/ht203/repo/speech/reports/neuroprobe_stage0_l2_neuralset_2026_05_06/L.2.R3xI2/sub4_trial1
4,1,local_flow,0,0.0,1.0,1.0,0.375071469411092,1.0,0.5505687150805115,3,3498,1749,70414,train_set_fixed,340.5119984149933,L.2.R3xI2,/work/ht203/repo/speech/reports/neuroprobe_stage0_l2_neuralset_2026_05_06/L.2.R3xI2/sub4_trial1
4,1,frame_brightness,0,0.0,1.0,1.0,0.3842195540308747,1.0,0.5536076974149404,3,3498,1749,70414,train_set_fixed,375.59288907051086,L.2.R3xI2,/work/ht203/repo/speech/reports/neuroprobe_stage0_l2_neuralset_2026_05_06/L.2.R3xI2/sub4_trial1
4,1,face_num,0,0.0,1.0,1.0,0.3413379073756432,1.0,0.5068760193278786,3,3498,1749,70414,train_set_fixed,442.6917963027954,L.2.R3xI2,/work/ht203/repo/speech/reports/neuroprobe_stage0_l2_neuralset_2026_05_06/L.2.R3xI2/sub4_trial1
7,0,onset,0,0.0,1.0,1.0,0.8057142857142857,1.0,0.8894850612244899,2,2898,1750,71706,train_set_fixed,242.45165348052976,L.2.R3xI2,/work/ht203/repo/speech/reports/neuroprobe_stage0_l2_neuralset_2026_05_06/L.2.R3xI2/sub7_trial0
7,0,speech,0,0.0,1.0,1.0,0.792,1.0,0.8854896326530612,2,3108,1750,71706,train_set_fixed,264.6253824234009,L.2.R3xI2,/work/ht203/repo/speech/reports/neuroprobe_stage0_l2_neuralset_2026_05_06/L.2.R3xI2/sub7_trial0
7,0,volume,0,0.0,1.0,1.0,0.3584905660377358,1.0,0.5448151210149981,3,3498,1749,71706,train_set_fixed,433.6180770397186,L.2.R3xI2,/work/ht203/repo/speech/reports/neuroprobe_stage0_l2_neuralset_2026_05_06/L.2.R3xI2/sub7_trial0
7,0,delta_volume,0,0.0,1.0,1.0,0.3836477987421384,1.0,0.5470045612930495,3,3498,1749,71706,train_set_fixed,510.42163825035095,L.2.R3xI2,/work/ht203/repo/speech/reports/neuroprobe_stage0_l2_neuralset_2026_05_06/L.2.R3xI2/sub7_trial0
7,0,pitch,0,0.0,1.0,1.0,0.3510577472841624,1.0,0.5173664539501622,3,3498,1749,71706,train_set_fixed,473.3425395488739,L.2.R3xI2,/work/ht203/repo/speech/reports/neuroprobe_stage0_l2_neuralset_2026_05_06/L.2.R3xI2/sub7_trial0
7,0,word_index,0,0.0,1.0,0.9996791786974656,0.4196683819325328,1.0,0.6101599836024899,3,3117,1749,71706,train_set_fixed,336.37261414527893,L.2.R3xI2,/work/ht203/repo/speech/reports/neuroprobe_stage0_l2_neuralset_2026_05_06/L.2.R3xI2/sub7_trial0
7,0,word_gap,0,0.0,1.0,1.0,0.3527730131503716,1.0,0.5151269973432503,3,3498,1749,71706,train_set_fixed,337.5381395816803,L.2.R3xI2,/work/ht203/repo/speech/reports/neuroprobe_stage0_l2_neuralset_2026_05_06/L.2.R3xI2/sub7_trial0
7,0,gpt2_surprisal,0,0.0,1.0,1.0,0.3361921097770154,1.0,0.4961663954997072,3,3498,1749,71706,train_set_fixed,386.9911689758301,L.2.R3xI2,/work/ht203/repo/speech/reports/neuroprobe_stage0_l2_neuralset_2026_05_06/L.2.R3xI2/sub7_trial0
7,0,word_head_pos,0,0.0,1.0,1.0,0.5468571428571428,1.0,0.5666703673469388,2,3500,1750,71706,train_set_fixed,384.0829021930695,L.2.R3xI2,/work/ht203/repo/speech/reports/neuroprobe_stage0_l2_neuralset_2026_05_06/L.2.R3xI2/sub7_trial0
7,0,word_part_speech,0,0.0,1.0,1.0,0.1909662664379645,1.0,0.5277884577497031,6,3234,1749,71706,train_set_fixed,322.0195722579956,L.2.R3xI2,/work/ht203/repo/speech/reports/neuroprobe_stage0_l2_neuralset_2026_05_06/L.2.R3xI2/sub7_trial0
7,0,word_length,0,0.0,1.0,1.0,0.3847913093196112,1.0,0.5624252819793129,3,3498,1749,71706,train_set_fixed,294.3444964885712,L.2.R3xI2,/work/ht203/repo/speech/reports/neuroprobe_stage0_l2_neuralset_2026_05_06/L.2.R3xI2/sub7_trial0
7,0,global_flow,0,0.0,1.0,1.0,0.379073756432247,1.0,0.5583371826292308,3,3498,1749,71706,train_set_fixed,309.1413366794586,L.2.R3xI2,/work/ht203/repo/speech/reports/neuroprobe_stage0_l2_neuralset_2026_05_06/L.2.R3xI2/sub7_trial0
7,0,local_flow,0,0.0,1.0,1.0,0.3653516295025729,1.0,0.5403788687875551,3,3498,1749,71706,train_set_fixed,320.51733922958374,L.2.R3xI2,/work/ht203/repo/speech/reports/neuroprobe_stage0_l2_neuralset_2026_05_06/L.2.R3xI2/sub7_trial0
7,0,frame_brightness,0,0.0,1.0,1.0,0.3201829616923956,1.0,0.506740435848174,3,3498,1749,71706,train_set_fixed,381.4424822330475,L.2.R3xI2,/work/ht203/repo/speech/reports/neuroprobe_stage0_l2_neuralset_2026_05_06/L.2.R3xI2/sub7_trial0
7,0,face_num,0,0.0,1.0,1.0,0.3264722698684962,1.0,0.5018731605514349,3,3498,1749,71706,train_set_fixed,408.0318434238434,L.2.R3xI2,/work/ht203/repo/speech/reports/neuroprobe_stage0_l2_neuralset_2026_05_06/L.2.R3xI2/sub7_trial0
7,1,onset,0,0.0,1.0,1.0,0.8178053830227743,1.0,0.8954924747570965,2,3500,1449,71706,train_set_fixed,467.3545303344727,L.2.R3xI2,/work/ht203/repo/speech/reports/neuroprobe_stage0_l2_neuralset_2026_05_06/L.2.R3xI2/sub7_trial1
7,1,speech,0,0.0,1.0,1.0,0.8217503217503217,1.0,0.8986449218109451,2,3500,1554,71706,train_set_fixed,356.88203167915344,L.2.R3xI2,/work/ht203/repo/speech/reports/neuroprobe_stage0_l2_neuralset_2026_05_06/L.2.R3xI2/sub7_trial1
7,1,volume,0,0.0,1.0,1.0,0.3796455117209834,1.0,0.5650325057101976,3,3498,1749,71706,train_set_fixed,477.00353145599365,L.2.R3xI2,/work/ht203/repo/speech/reports/neuroprobe_stage0_l2_neuralset_2026_05_06/L.2.R3xI2/sub7_trial1
7,1,delta_volume,0,0.0,1.0,1.0,0.3819325328759291,1.0,0.5739182497815464,3,3498,1749,71706,train_set_fixed,422.3684124946594,L.2.R3xI2,/work/ht203/repo/speech/reports/neuroprobe_stage0_l2_neuralset_2026_05_06/L.2.R3xI2/sub7_trial1
7,1,pitch,0,0.0,1.0,1.0,0.3642081189251001,1.0,0.5258952187331747,3,3498,1749,71706,train_set_fixed,366.4917416572571,L.2.R3xI2,/work/ht203/repo/speech/reports/neuroprobe_stage0_l2_neuralset_2026_05_06/L.2.R3xI2/sub7_trial1
7,1,word_index,0,0.0,1.0,1.0,0.4361770365618986,1.0,0.626217171985182,3,3498,1559,71706,train_set_fixed,470.75658202171326,L.2.R3xI2,/work/ht203/repo/speech/reports/neuroprobe_stage0_l2_neuralset_2026_05_06/L.2.R3xI2/sub7_trial1
7,1,word_gap,0,0.0,1.0,1.0,0.3499142367066895,1.0,0.5128841082431814,3,3498,1749,71706,train_set_fixed,440.4203321933746,L.2.R3xI2,/work/ht203/repo/speech/reports/neuroprobe_stage0_l2_neuralset_2026_05_06/L.2.R3xI2/sub7_trial1
7,1,gpt2_surprisal,0,0.0,1.0,1.0,0.3579188107489994,1.0,0.5243986517166879,3,3498,1749,71706,train_set_fixed,364.8225929737091,L.2.R3xI2,/work/ht203/repo/speech/reports/neuroprobe_stage0_l2_neuralset_2026_05_06/L.2.R3xI2/sub7_trial1
7,1,word_head_pos,0,0.0,1.0,1.0,0.5297142857142857,1.0,0.5774145306122449,2,3500,1750,71706,train_set_fixed,392.0880618095398,L.2.R3xI2,/work/ht203/repo/speech/reports/neuroprobe_stage0_l2_neuralset_2026_05_06/L.2.R3xI2/sub7_trial1
7,1,word_part_speech,0,0.0,1.0,1.0,0.2183055040197897,1.0,0.5606229231083711,6,3498,1617,71706,train_set_fixed,364.3510901927948,L.2.R3xI2,/work/ht203/repo/speech/reports/neuroprobe_stage0_l2_neuralset_2026_05_06/L.2.R3xI2/sub7_trial1
7,1,word_length,0,0.0,1.0,1.0,0.3870783304745568,1.0,0.564236167297755,3,3498,1749,71706,train_set_fixed,171.39263153076172,L.2.R3xI2,/work/ht203/repo/speech/reports/neuroprobe_stage0_l2_neuralset_2026_05_06/L.2.R3xI2/sub7_trial1
7,1,global_flow,0,0.0,1.0,1.0,0.3441966838193253,1.0,0.5358661209983259,3,3498,1749,71706,train_set_fixed,121.85749769210815,L.2.R3xI2,/work/ht203/repo/speech/reports/neuroprobe_stage0_l2_neuralset_2026_05_06/L.2.R3xI2/sub7_trial1
7,1,local_flow,0,0.0,1.0,1.0,0.3276157804459691,1.0,0.5110089862670852,3,3498,1749,71706,train_set_fixed,121.31686758995056,L.2.R3xI2,/work/ht203/repo/speech/reports/neuroprobe_stage0_l2_neuralset_2026_05_06/L.2.R3xI2/sub7_trial1
7,1,frame_brightness,0,0.0,1.0,1.0,0.3390508862206975,1.0,0.5101945046765267,3,3498,1749,71706,train_set_fixed,127.25183176994324,L.2.R3xI2,/work/ht203/repo/speech/reports/neuroprobe_stage0_l2_neuralset_2026_05_06/L.2.R3xI2/sub7_trial1
7,1,face_num,0,0.0,1.0,1.0,0.3562035448827901,1.0,0.5275104519416635,3,3498,1749,71706,train_set_fixed,117.97116208076476,L.2.R3xI2,/work/ht203/repo/speech/reports/neuroprobe_stage0_l2_neuralset_2026_05_06/L.2.R3xI2/sub7_trial1
10,0,onset,0,0.0,1.0,1.0,0.7380808690404346,1.0,0.8359323554949506,2,3500,1657,212992,train_set_fixed,465.4558863639832,L.2.R3xI3,/work/ht203/repo/speech/reports/neuroprobe_stage0_l2_neuralset_2026_05_06/L.2.R3xI3/sub10_trial0
10,0,speech,0,0.0,1.0,1.0,0.6605714285714286,1.0,0.7302151836734694,2,3500,1750,212992,train_set_fixed,410.6889848709106,L.2.R3xI3,/work/ht203/repo/speech/reports/neuroprobe_stage0_l2_neuralset_2026_05_06/L.2.R3xI3/sub10_trial0
10,0,volume,0,0.0,1.0,1.0,0.342481417953116,1.0,0.5233865565915147,3,3498,1749,212992,train_set_fixed,396.0080206394196,L.2.R3xI3,/work/ht203/repo/speech/reports/neuroprobe_stage0_l2_neuralset_2026_05_06/L.2.R3xI3/sub10_trial0
10,0,delta_volume,0,0.0,1.0,1.0,0.3550600343053173,1.0,0.5563414330364718,3,3498,1749,212992,train_set_fixed,405.3038737773895,L.2.R3xI3,/work/ht203/repo/speech/reports/neuroprobe_stage0_l2_neuralset_2026_05_06/L.2.R3xI3/sub10_trial0
10,0,pitch,0,0.0,1.0,1.0,0.3476272155517438,1.0,0.5400696992253353,3,3498,1749,212992,train_set_fixed,409.5224676132202,L.2.R3xI3,/work/ht203/repo/speech/reports/neuroprobe_stage0_l2_neuralset_2026_05_06/L.2.R3xI3/sub10_trial0
10,0,word_index,0,0.0,1.0,1.0,0.4070897655803316,1.0,0.6258847251112374,3,3498,1749,212992,train_set_fixed,399.0950539112091,L.2.R3xI3,/work/ht203/repo/speech/reports/neuroprobe_stage0_l2_neuralset_2026_05_06/L.2.R3xI3/sub10_trial0
10,0,word_gap,0,0.0,1.0,1.0,0.3619210977701543,1.0,0.526079102295161,3,3498,1749,212992,train_set_fixed,401.1425094604492,L.2.R3xI3,/work/ht203/repo/speech/reports/neuroprobe_stage0_l2_neuralset_2026_05_06/L.2.R3xI3/sub10_trial0
10,0,gpt2_surprisal,0,0.0,1.0,1.0,0.3493424814179531,1.0,0.5279640313945632,3,3498,1749,212992,train_set_fixed,399.8371512889862,L.2.R3xI3,/work/ht203/repo/speech/reports/neuroprobe_stage0_l2_neuralset_2026_05_06/L.2.R3xI3/sub10_trial0
10,0,word_head_pos,0,0.0,1.0,1.0,0.5268571428571428,1.0,0.5373688163265307,2,3500,1750,212992,train_set_fixed,414.7968056201935,L.2.R3xI3,/work/ht203/repo/speech/reports/neuroprobe_stage0_l2_neuralset_2026_05_06/L.2.R3xI3/sub10_trial0
10,0,word_part_speech,0,0.0,1.0,1.0,0.1757105943152454,1.0,0.5150922420527613,6,3498,1548,212992,train_set_fixed,406.19327330589294,L.2.R3xI3,/work/ht203/repo/speech/reports/neuroprobe_stage0_l2_neuralset_2026_05_06/L.2.R3xI3/sub10_trial0
10,0,word_length,0,0.0,1.0,1.0,0.3487707261292166,1.0,0.5396197974436753,3,3498,1749,212992,train_set_fixed,410.6190552711487,L.2.R3xI3,/work/ht203/repo/speech/reports/neuroprobe_stage0_l2_neuralset_2026_05_06/L.2.R3xI3/sub10_trial0
10,0,global_flow,0,0.0,1.0,1.0,0.3476272155517438,1.0,0.5276570684350871,3,3498,1749,212992,train_set_fixed,403.3529918193817,L.2.R3xI3,/work/ht203/repo/speech/reports/neuroprobe_stage0_l2_neuralset_2026_05_06/L.2.R3xI3/sub10_trial0
10,0,local_flow,0,0.0,1.0,1.0,0.3522012578616352,1.0,0.5272500728178905,3,3498,1749,212992,train_set_fixed,397.2248868942261,L.2.R3xI3,/work/ht203/repo/speech/reports/neuroprobe_stage0_l2_neuralset_2026_05_06/L.2.R3xI3/sub10_trial0
10,0,frame_brightness,0,0.0,1.0,1.0,0.2955974842767295,1.0,0.4540197927362561,3,3498,1749,212992,train_set_fixed,436.10739278793335,L.2.R3xI3,/work/ht203/repo/speech/reports/neuroprobe_stage0_l2_neuralset_2026_05_06/L.2.R3xI3/sub10_trial0
10,0,face_num,0,0.0,1.0,1.0,0.3590623213264722,1.0,0.5206381102850245,3,3498,1749,212992,train_set_fixed,434.9494800567627,L.2.R3xI3,/work/ht203/repo/speech/reports/neuroprobe_stage0_l2_neuralset_2026_05_06/L.2.R3xI3/sub10_trial0
10,1,onset,0,0.0,1.0,1.0,0.8131428571428572,1.0,0.8921861224489798,2,3314,1750,212992,train_set_fixed,498.6269800662994,L.2.R3xI3,/work/ht203/repo/speech/reports/neuroprobe_stage0_l2_neuralset_2026_05_06/L.2.R3xI3/sub10_trial1
10,1,speech,0,0.0,1.0,1.0,0.7742857142857142,1.0,0.8379702857142858,2,3500,1750,212992,train_set_fixed,381.9821429252625,L.2.R3xI3,/work/ht203/repo/speech/reports/neuroprobe_stage0_l2_neuralset_2026_05_06/L.2.R3xI3/sub10_trial1
10,1,volume,0,0.0,1.0,1.0,0.4059462550028588,1.0,0.5883911120002904,3,3498,1749,212992,train_set_fixed,379.1428005695343,L.2.R3xI3,/work/ht203/repo/speech/reports/neuroprobe_stage0_l2_neuralset_2026_05_06/L.2.R3xI3/sub10_trial1
10,1,delta_volume,0,0.0,1.0,1.0,0.4288164665523156,1.0,0.6346694558125349,3,3498,1749,212992,train_set_fixed,388.4192864894867,L.2.R3xI3,/work/ht203/repo/speech/reports/neuroprobe_stage0_l2_neuralset_2026_05_06/L.2.R3xI3/sub10_trial1
10,1,pitch,0,0.0,1.0,1.0,0.3539165237278445,1.0,0.5348167588045901,3,3498,1749,212992,train_set_fixed,404.6771671772003,L.2.R3xI3,/work/ht203/repo/speech/reports/neuroprobe_stage0_l2_neuralset_2026_05_06/L.2.R3xI3/sub10_trial1
10,1,word_index,0,0.0,1.0,1.0,0.4757004002287021,1.0,0.6530578120111762,3,3498,1749,212992,train_set_fixed,397.6677227020264,L.2.R3xI3,/work/ht203/repo/speech/reports/neuroprobe_stage0_l2_neuralset_2026_05_06/L.2.R3xI3/sub10_trial1
10,1,word_gap,0,0.0,1.0,1.0,0.3767867352773013,1.0,0.5394594509776232,3,3498,1749,212992,train_set_fixed,397.9684114456177,L.2.R3xI3,/work/ht203/repo/speech/reports/neuroprobe_stage0_l2_neuralset_2026_05_06/L.2.R3xI3/sub10_trial1
10,1,gpt2_surprisal,0,0.0,1.0,1.0,0.3579188107489994,1.0,0.5224220260143753,3,3498,1749,212992,train_set_fixed,397.0665435791016,L.2.R3xI3,/work/ht203/repo/speech/reports/neuroprobe_stage0_l2_neuralset_2026_05_06/L.2.R3xI3/sub10_trial1
10,1,word_head_pos,0,0.0,1.0,1.0,0.5171428571428571,1.0,0.5381511836734694,2,3500,1750,212992,train_set_fixed,409.5156655311585,L.2.R3xI3,/work/ht203/repo/speech/reports/neuroprobe_stage0_l2_neuralset_2026_05_06/L.2.R3xI3/sub10_trial1
10,1,word_part_speech,0,0.0,1.0,1.0,0.194396798170383,1.0,0.5278028983242806,6,3096,1749,212992,train_set_fixed,386.2922234535217,L.2.R3xI3,/work/ht203/repo/speech/reports/neuroprobe_stage0_l2_neuralset_2026_05_06/L.2.R3xI3/sub10_trial1
10,1,word_length,0,0.0,1.0,1.0,0.3887935963407661,1.0,0.5625385542534965,3,3498,1749,212992,train_set_fixed,408.6109240055084,L.2.R3xI3,/work/ht203/repo/speech/reports/neuroprobe_stage0_l2_neuralset_2026_05_06/L.2.R3xI3/sub10_trial1
10,1,global_flow,0,0.0,1.0,1.0,0.3704974271012007,1.0,0.5367369935478936,3,3498,1749,212992,train_set_fixed,398.1701650619507,L.2.R3xI3,/work/ht203/repo/speech/reports/neuroprobe_stage0_l2_neuralset_2026_05_06/L.2.R3xI3/sub10_trial1
10,1,local_flow,0,0.0,1.0,1.0,0.3339050886220697,1.0,0.5049506358448396,3,3498,1749,212992,train_set_fixed,398.4033133983612,L.2.R3xI3,/work/ht203/repo/speech/reports/neuroprobe_stage0_l2_neuralset_2026_05_06/L.2.R3xI3/sub10_trial1
10,1,frame_brightness,0,0.0,1.0,1.0,0.3133218982275586,1.0,0.4840040915318432,3,3498,1749,212992,train_set_fixed,439.675838470459,L.2.R3xI3,/work/ht203/repo/speech/reports/neuroprobe_stage0_l2_neuralset_2026_05_06/L.2.R3xI3/sub10_trial1
10,1,face_num,0,0.0,1.0,1.0,0.3333333333333333,1.0,0.5036158863629008,3,3498,1749,212992,train_set_fixed,429.2417304515839,L.2.R3xI3,/work/ht203/repo/speech/reports/neuroprobe_stage0_l2_neuralset_2026_05_06/L.2.R3xI3/sub10_trial1
1,1,onset,0,0.0,1.0,1.0,0.7619655392469687,1.0,0.8237955143743321,2,2916,1567,210944,train_set_fixed,454.7681784629822,L.2.R3xI3,/work/ht203/repo/speech/reports/neuroprobe_stage0_l2_neuralset_2026_05_06/L.2.R3xI3/sub1_trial1
1,1,speech,0,0.0,1.0,1.0,0.7542857142857143,1.0,0.8637635918367347,2,3500,1750,210944,train_set_fixed,387.0436646938324,L.2.R3xI3,/work/ht203/repo/speech/reports/neuroprobe_stage0_l2_neuralset_2026_05_06/L.2.R3xI3/sub1_trial1
1,1,volume,0,0.0,1.0,1.0,0.4391080617495712,1.0,0.6563525150858074,3,3498,1749,210944,train_set_fixed,384.5706233978272,L.2.R3xI3,/work/ht203/repo/speech/reports/neuroprobe_stage0_l2_neuralset_2026_05_06/L.2.R3xI3/sub1_trial1
1,1,delta_volume,0,0.0,1.0,1.0,0.3905088622069754,1.0,0.5626547686646718,3,3498,1749,210944,train_set_fixed,394.473849773407,L.2.R3xI3,/work/ht203/repo/speech/reports/neuroprobe_stage0_l2_neuralset_2026_05_06/L.2.R3xI3/sub1_trial1
1,1,pitch,0,0.0,1.0,1.0,0.3905088622069754,1.0,0.566329007411243,3,3498,1749,210944,train_set_fixed,406.08321928977966,L.2.R3xI3,/work/ht203/repo/speech/reports/neuroprobe_stage0_l2_neuralset_2026_05_06/L.2.R3xI3/sub1_trial1
1,1,word_index,0,0.0,1.0,1.0,0.3851002865329513,1.0,0.5571115087725554,3,3060,1745,210944,train_set_fixed,369.03751277923584,L.2.R3xI3,/work/ht203/repo/speech/reports/neuroprobe_stage0_l2_neuralset_2026_05_06/L.2.R3xI3/sub1_trial1
1,1,word_gap,0,0.0,1.0,1.0,0.342481417953116,1.0,0.5106623044582203,3,3498,1749,210944,train_set_fixed,399.9144923686981,L.2.R3xI3,/work/ht203/repo/speech/reports/neuroprobe_stage0_l2_neuralset_2026_05_06/L.2.R3xI3/sub1_trial1
1,1,gpt2_surprisal,0,0.0,1.0,1.0,0.3276157804459691,1.0,0.5056175202296437,3,3498,1749,210944,train_set_fixed,398.65924763679504,L.2.R3xI3,/work/ht203/repo/speech/reports/neuroprobe_stage0_l2_neuralset_2026_05_06/L.2.R3xI3/sub1_trial1
1,1,word_head_pos,0,0.0,1.0,1.0,0.5251428571428571,1.0,0.552510693877551,2,3500,1750,210944,train_set_fixed,411.4751615524292,L.2.R3xI3,/work/ht203/repo/speech/reports/neuroprobe_stage0_l2_neuralset_2026_05_06/L.2.R3xI3/sub1_trial1
1,1,word_part_speech,0,0.0,1.0,1.0,0.1716114019778941,1.0,0.5193745478050169,6,2760,1719,210944,train_set_fixed,351.71281266212463,L.2.R3xI3,/work/ht203/repo/speech/reports/neuroprobe_stage0_l2_neuralset_2026_05_06/L.2.R3xI3/sub1_trial1
1,1,word_length,0,0.0,1.0,1.0,0.3316180674671241,1.0,0.5151098348774649,3,3498,1749,210944,train_set_fixed,411.6081030368805,L.2.R3xI3,/work/ht203/repo/speech/reports/neuroprobe_stage0_l2_neuralset_2026_05_06/L.2.R3xI3/sub1_trial1
1,1,global_flow,0,0.0,1.0,1.0,0.3556317895940537,1.0,0.5434617379987781,3,3498,1749,210944,train_set_fixed,402.6483380794525,L.2.R3xI3,/work/ht203/repo/speech/reports/neuroprobe_stage0_l2_neuralset_2026_05_06/L.2.R3xI3/sub1_trial1
1,1,local_flow,0,0.0,1.0,1.0,0.361349342481418,1.0,0.5267557938032711,3,3498,1749,210944,train_set_fixed,406.8667230606079,L.2.R3xI3,/work/ht203/repo/speech/reports/neuroprobe_stage0_l2_neuralset_2026_05_06/L.2.R3xI3/sub1_trial1
1,1,frame_brightness,0,0.0,1.0,1.0,0.3344768439108062,1.0,0.5020305648804954,3,3498,1749,210944,train_set_fixed,441.9294855594635,L.2.R3xI3,/work/ht203/repo/speech/reports/neuroprobe_stage0_l2_neuralset_2026_05_06/L.2.R3xI3/sub1_trial1
1,1,face_num,0,0.0,1.0,1.0,0.3476272155517438,1.0,0.5283558259706355,3,3498,1749,210944,train_set_fixed,431.0368599891663,L.2.R3xI3,/work/ht203/repo/speech/reports/neuroprobe_stage0_l2_neuralset_2026_05_06/L.2.R3xI3/sub1_trial1
1,2,onset,0,0.0,1.0,1.0,0.8045267489711934,1.0,0.8919635481643305,2,3134,1458,210944,train_set_fixed,418.0640478134155,L.2.R3xI3,/work/ht203/repo/speech/reports/neuroprobe_stage0_l2_neuralset_2026_05_06/L.2.R3xI3/sub1_trial2
1,2,speech,0,0.0,1.0,1.0,0.8108571428571428,1.0,0.930493387755102,2,3500,1750,210944,train_set_fixed,421.2194983959198,L.2.R3xI3,/work/ht203/repo/speech/reports/neuroprobe_stage0_l2_neuralset_2026_05_06/L.2.R3xI3/sub1_trial2
1,2,volume,0,0.0,1.0,1.0,0.4345340194396798,1.0,0.6199960379221845,3,3498,1749,210944,train_set_fixed,398.0463764667511,L.2.R3xI3,/work/ht203/repo/speech/reports/neuroprobe_stage0_l2_neuralset_2026_05_06/L.2.R3xI3/sub1_trial2
1,2,delta_volume,0,0.0,1.0,1.0,0.3939393939393939,1.0,0.5649525776552542,3,3498,1749,210944,train_set_fixed,402.5628752708435,L.2.R3xI3,/work/ht203/repo/speech/reports/neuroprobe_stage0_l2_neuralset_2026_05_06/L.2.R3xI3/sub1_trial2
1,2,pitch,0,0.0,1.0,1.0,0.3630646083476272,1.0,0.541951441009663,3,3498,1749,210944,train_set_fixed,407.0269293785095,L.2.R3xI3,/work/ht203/repo/speech/reports/neuroprobe_stage0_l2_neuralset_2026_05_06/L.2.R3xI3/sub1_trial2
1,2,word_index,0,0.0,1.0,1.0,0.3503267973856209,1.0,0.5351121363578111,3,3489,1530,210944,train_set_fixed,376.3691549301148,L.2.R3xI3,/work/ht203/repo/speech/reports/neuroprobe_stage0_l2_neuralset_2026_05_06/L.2.R3xI3/sub1_trial2
1,2,word_gap,0,0.0,1.0,1.0,0.3510577472841624,1.0,0.5144306915885285,3,3498,1749,210944,train_set_fixed,398.4020895957947,L.2.R3xI3,/work/ht203/repo/speech/reports/neuroprobe_stage0_l2_neuralset_2026_05_06/L.2.R3xI3/sub1_trial2
1,2,gpt2_surprisal,0,0.0,1.0,1.0,0.3304745568896512,1.0,0.4977659373109064,3,3498,1749,210944,train_set_fixed,401.249440908432,L.2.R3xI3,/work/ht203/repo/speech/reports/neuroprobe_stage0_l2_neuralset_2026_05_06/L.2.R3xI3/sub1_trial2
1,2,word_head_pos,0,0.0,1.0,1.0,0.5491428571428572,1.0,0.5677557551020408,2,3500,1750,210944,train_set_fixed,406.3764271736145,L.2.R3xI3,/work/ht203/repo/speech/reports/neuroprobe_stage0_l2_neuralset_2026_05_06/L.2.R3xI3/sub1_trial2
1,2,word_part_speech,0,0.0,1.0,1.0,0.1615942028985507,1.0,0.5085721487082545,6,3438,1380,210944,train_set_fixed,371.71006989479065,L.2.R3xI3,/work/ht203/repo/speech/reports/neuroprobe_stage0_l2_neuralset_2026_05_06/L.2.R3xI3/sub1_trial2
1,2,word_length,0,0.0,1.0,1.0,0.3310463121783876,1.0,0.5148700507126346,3,3498,1749,210944,train_set_fixed,410.8030421733856,L.2.R3xI3,/work/ht203/repo/speech/reports/neuroprobe_stage0_l2_neuralset_2026_05_06/L.2.R3xI3/sub1_trial2
1,2,global_flow,0,0.0,1.0,1.0,0.3979416809605489,1.0,0.5786443025026798,3,3498,1749,210944,train_set_fixed,403.8866894245148,L.2.R3xI3,/work/ht203/repo/speech/reports/neuroprobe_stage0_l2_neuralset_2026_05_06/L.2.R3xI3/sub1_trial2
1,2,local_flow,0,0.0,1.0,1.0,0.3762149799885649,1.0,0.5447866803574107,3,3498,1749,210944,train_set_fixed,406.1947102546692,L.2.R3xI3,/work/ht203/repo/speech/reports/neuroprobe_stage0_l2_neuralset_2026_05_06/L.2.R3xI3/sub1_trial2
1,2,frame_brightness,0,0.0,1.0,1.0,0.3590623213264722,1.0,0.5294816837261577,3,3498,1749,210944,train_set_fixed,425.6947276592255,L.2.R3xI3,/work/ht203/repo/speech/reports/neuroprobe_stage0_l2_neuralset_2026_05_06/L.2.R3xI3/sub1_trial2
1,2,face_num,0,0.0,1.0,1.0,0.3447684391080617,1.0,0.5155585107687118,3,3498,1749,210944,train_set_fixed,429.2079141139984,L.2.R3xI3,/work/ht203/repo/speech/reports/neuroprobe_stage0_l2_neuralset_2026_05_06/L.2.R3xI3/sub1_trial2
2,0,onset,0,0.0,1.0,1.0,0.5673003802281369,1.0,0.9173872210887656,2,2992,1315,210944,train_set_fixed,390.79865741729736,L.2.R3xI3,/work/ht203/repo/speech/reports/neuroprobe_stage0_l2_neuralset_2026_05_06/L.2.R3xI3/sub2_trial0
2,0,speech,0,0.0,1.0,1.0,0.6142857142857143,1.0,0.9286543673469388,2,3500,1750,210944,train_set_fixed,423.4639916419983,L.2.R3xI3,/work/ht203/repo/speech/reports/neuroprobe_stage0_l2_neuralset_2026_05_06/L.2.R3xI3/sub2_trial0
2,0,volume,0,0.0,1.0,1.0,0.3693539165237278,1.0,0.585454368926326,3,3498,1749,210944,train_set_fixed,402.1852953433991,L.2.R3xI3,/work/ht203/repo/speech/reports/neuroprobe_stage0_l2_neuralset_2026_05_06/L.2.R3xI3/sub2_trial0
2,0,delta_volume,0,0.0,1.0,1.0,0.4271012006861063,1.0,0.6213871783631322,3,3498,1749,210944,train_set_fixed,406.577951669693,L.2.R3xI3,/work/ht203/repo/speech/reports/neuroprobe_stage0_l2_neuralset_2026_05_06/L.2.R3xI3/sub2_trial0
2,0,pitch,0,0.0,1.0,1.0,0.357347055460263,1.0,0.550368894943153,3,3498,1749,210944,train_set_fixed,407.0370795726776,L.2.R3xI3,/work/ht203/repo/speech/reports/neuroprobe_stage0_l2_neuralset_2026_05_06/L.2.R3xI3/sub2_trial0
2,0,word_index,0,0.0,1.0,1.0,0.5108164689462665,1.0,0.6891108725760088,3,3192,1433,210944,train_set_fixed,347.3412892818451,L.2.R3xI3,/work/ht203/repo/speech/reports/neuroprobe_stage0_l2_neuralset_2026_05_06/L.2.R3xI3/sub2_trial0
2,0,word_gap,0,0.0,1.0,1.0,0.3695652173913043,1.0,0.539344194146888,3,3498,1656,210944,train_set_fixed,390.3926935195923,L.2.R3xI3,/work/ht203/repo/speech/reports/neuroprobe_stage0_l2_neuralset_2026_05_06/L.2.R3xI3/sub2_trial0
2,0,gpt2_surprisal,0,0.0,1.0,1.0,0.3807890222984562,1.0,0.5492092026122254,3,3498,1749,210944,train_set_fixed,395.4672133922577,L.2.R3xI3,/work/ht203/repo/speech/reports/neuroprobe_stage0_l2_neuralset_2026_05_06/L.2.R3xI3/sub2_trial0
2,0,word_head_pos,0,0.0,1.0,1.0,0.5365714285714286,1.0,0.5569645714285714,2,3500,1750,210944,train_set_fixed,402.5080585479736,L.2.R3xI3,/work/ht203/repo/speech/reports/neuroprobe_stage0_l2_neuralset_2026_05_06/L.2.R3xI3/sub2_trial0
2,0,word_part_speech,0,0.0,1.0,1.0,0.2010869565217391,1.0,0.5338187224322621,6,2346,1104,210944,train_set_fixed,270.2765254974365,L.2.R3xI3,/work/ht203/repo/speech/reports/neuroprobe_stage0_l2_neuralset_2026_05_06/L.2.R3xI3/sub2_trial0
2,0,word_length,0,0.0,1.0,1.0,0.3693539165237278,1.0,0.5750480303863909,3,3498,1749,210944,train_set_fixed,423.6602127552033,L.2.R3xI3,/work/ht203/repo/speech/reports/neuroprobe_stage0_l2_neuralset_2026_05_06/L.2.R3xI3/sub2_trial0
2,0,global_flow,0,0.0,1.0,1.0,0.3607775871926815,1.0,0.5572927239971481,3,3498,1749,210944,train_set_fixed,413.3372330665589,L.2.R3xI3,/work/ht203/repo/speech/reports/neuroprobe_stage0_l2_neuralset_2026_05_06/L.2.R3xI3/sub2_trial0
2,0,local_flow,0,0.0,1.0,1.0,0.3493424814179531,1.0,0.5340895606114545,3,3498,1749,210944,train_set_fixed,414.9854309558869,L.2.R3xI3,/work/ht203/repo/speech/reports/neuroprobe_stage0_l2_neuralset_2026_05_06/L.2.R3xI3/sub2_trial0
2,0,frame_brightness,0,0.0,1.0,1.0,0.3241852487135506,1.0,0.4815518203491924,3,3498,1749,210944,train_set_fixed,411.80113077163696,L.2.R3xI3,/work/ht203/repo/speech/reports/neuroprobe_stage0_l2_neuralset_2026_05_06/L.2.R3xI3/sub2_trial0
2,0,face_num,0,0.0,1.0,1.0,0.3344768439108062,1.0,0.5156889455086808,3,2988,1749,210944,train_set_fixed,387.77485036849976,L.2.R3xI3,/work/ht203/repo/speech/reports/neuroprobe_stage0_l2_neuralset_2026_05_06/L.2.R3xI3/sub2_trial0
2,4,onset,0,0.0,1.0,1.0,0.6156417112299465,1.0,0.9323347107438016,2,2630,1496,210944,train_set_fixed,426.3920867443085,L.2.R3xI3,/work/ht203/repo/speech/reports/neuroprobe_stage0_l2_neuralset_2026_05_06/L.2.R3xI3/sub2_trial4
2,4,speech,0,0.0,1.0,1.0,0.6937142857142857,1.0,0.9295869387755102,2,3500,1750,210944,train_set_fixed,384.7880170345306,L.2.R3xI3,/work/ht203/repo/speech/reports/neuroprobe_stage0_l2_neuralset_2026_05_06/L.2.R3xI3/sub2_trial4
2,4,volume,0,0.0,1.0,1.0,0.3847913093196112,1.0,0.6233319309147006,3,3498,1749,210944,train_set_fixed,380.9639046192169,L.2.R3xI3,/work/ht203/repo/speech/reports/neuroprobe_stage0_l2_neuralset_2026_05_06/L.2.R3xI3/sub2_trial4
2,4,delta_volume,0,0.0,1.0,1.0,0.4425385934819897,1.0,0.6202198855116425,3,3498,1749,210944,train_set_fixed,394.99282574653625,L.2.R3xI3,/work/ht203/repo/speech/reports/neuroprobe_stage0_l2_neuralset_2026_05_06/L.2.R3xI3/sub2_trial4
2,4,pitch,0,0.0,1.0,1.0,0.3813607775871926,1.0,0.5608497676202133,3,3498,1749,210944,train_set_fixed,405.382474899292,L.2.R3xI3,/work/ht203/repo/speech/reports/neuroprobe_stage0_l2_neuralset_2026_05_06/L.2.R3xI3/sub2_trial4
2,4,word_index,0,0.0,1.0,1.0,0.4567669172932331,1.0,0.6521655407315281,3,2865,1596,210944,train_set_fixed,345.5134913921356,L.2.R3xI3,/work/ht203/repo/speech/reports/neuroprobe_stage0_l2_neuralset_2026_05_06/L.2.R3xI3/sub2_trial4
2,4,word_gap,0,0.0,1.0,1.0,0.3813607775871926,1.0,0.5499535632711464,3,3312,1749,210944,train_set_fixed,386.3372185230255,L.2.R3xI3,/work/ht203/repo/speech/reports/neuroprobe_stage0_l2_neuralset_2026_05_06/L.2.R3xI3/sub2_trial4
2,4,gpt2_surprisal,0,0.0,1.0,0.9997141223556318,0.3624928530588908,1.0,0.5329377139791717,3,3498,1749,210944,train_set_fixed,406.9326391220093,L.2.R3xI3,/work/ht203/repo/speech/reports/neuroprobe_stage0_l2_neuralset_2026_05_06/L.2.R3xI3/sub2_trial4
2,4,word_head_pos,0,0.0,1.0,1.0,0.5388571428571428,1.0,0.5827604897959183,2,3500,1750,210944,train_set_fixed,408.657178401947,L.2.R3xI3,/work/ht203/repo/speech/reports/neuroprobe_stage0_l2_neuralset_2026_05_06/L.2.R3xI3/sub2_trial4
2,4,word_part_speech,0,0.0,1.0,1.0,0.1790281329923273,1.0,0.5265548184306935,6,2208,1173,210944,train_set_fixed,257.95822620391846,L.2.R3xI3,/work/ht203/repo/speech/reports/neuroprobe_stage0_l2_neuralset_2026_05_06/L.2.R3xI3/sub2_trial4
2,4,word_length,0,0.0,1.0,1.0,0.3699256718124643,1.0,0.5460998541680765,3,3498,1749,210944,train_set_fixed,423.7750906944275,L.2.R3xI3,/work/ht203/repo/speech/reports/neuroprobe_stage0_l2_neuralset_2026_05_06/L.2.R3xI3/sub2_trial4
2,4,global_flow,0,0.0,1.0,1.0,0.3727844482561464,1.0,0.5625780279248028,3,3498,1749,210944,train_set_fixed,414.579705953598,L.2.R3xI3,/work/ht203/repo/speech/reports/neuroprobe_stage0_l2_neuralset_2026_05_06/L.2.R3xI3/sub2_trial4
2,4,local_flow,0,0.0,1.0,1.0,0.353344768439108,1.0,0.5252651110607679,3,3498,1749,210944,train_set_fixed,413.0588502883911,L.2.R3xI3,/work/ht203/repo/speech/reports/neuroprobe_stage0_l2_neuralset_2026_05_06/L.2.R3xI3/sub2_trial4
2,4,frame_brightness,0,0.0,1.0,1.0,0.3184676958261864,1.0,0.4982021091199382,3,3498,1749,210944,train_set_fixed,414.64684009552,L.2.R3xI3,/work/ht203/repo/speech/reports/neuroprobe_stage0_l2_neuralset_2026_05_06/L.2.R3xI3/sub2_trial4
2,4,face_num,0,0.0,1.0,1.0,0.3654618473895582,1.0,0.5347743047155152,3,3498,1494,210944,train_set_fixed,428.7771046161652,L.2.R3xI3,/work/ht203/repo/speech/reports/neuroprobe_stage0_l2_neuralset_2026_05_06/L.2.R3xI3/sub2_trial4
3,0,onset,0,0.0,1.0,1.0,0.8594285714285714,1.0,0.9230093061224488,2,2244,1750,192512,train_set_fixed,369.96297454833984,L.2.R3xI3,/work/ht203/repo/speech/reports/neuroprobe_stage0_l2_neuralset_2026_05_06/L.2.R3xI3/sub3_trial0
3,0,speech,0,0.0,1.0,1.0,0.8422857142857143,1.0,0.914758530612245,2,3500,1750,192512,train_set_fixed,426.7250072956085,L.2.R3xI3,/work/ht203/repo/speech/reports/neuroprobe_stage0_l2_neuralset_2026_05_06/L.2.R3xI3/sub3_trial0
3,0,volume,0,0.0,1.0,1.0,0.451114922813036,1.0,0.6443466347346732,3,3498,1749,192512,train_set_fixed,399.2556371688843,L.2.R3xI3,/work/ht203/repo/speech/reports/neuroprobe_stage0_l2_neuralset_2026_05_06/L.2.R3xI3/sub3_trial0
3,0,delta_volume,0,0.0,1.0,1.0,0.4042309891366495,1.0,0.5991578623217187,3,3498,1749,192512,train_set_fixed,405.76932549476624,L.2.R3xI3,/work/ht203/repo/speech/reports/neuroprobe_stage0_l2_neuralset_2026_05_06/L.2.R3xI3/sub3_trial0
3,0,pitch,0,0.0,1.0,1.0,0.3327615780445969,1.0,0.505918598915136,3,3498,1749,192512,train_set_fixed,399.1264753341675,L.2.R3xI3,/work/ht203/repo/speech/reports/neuroprobe_stage0_l2_neuralset_2026_05_06/L.2.R3xI3/sub3_trial0
3,0,word_index,0,0.0,1.0,1.0,0.4911377930245855,1.0,0.6771107626313296,3,2514,1749,192512,train_set_fixed,307.9885265827179,L.2.R3xI3,/work/ht203/repo/speech/reports/neuroprobe_stage0_l2_neuralset_2026_05_06/L.2.R3xI3/sub3_trial0
3,0,word_gap,0,0.0,1.0,1.0,0.3796455117209834,1.0,0.5569161304621999,3,2970,1749,192512,train_set_fixed,346.52388644218445,L.2.R3xI3,/work/ht203/repo/speech/reports/neuroprobe_stage0_l2_neuralset_2026_05_06/L.2.R3xI3/sub3_trial0
3,0,gpt2_surprisal,0,0.0,1.0,1.0,0.3762149799885649,1.0,0.5474404879239987,3,3498,1749,192512,train_set_fixed,387.4017601013184,L.2.R3xI3,/work/ht203/repo/speech/reports/neuroprobe_stage0_l2_neuralset_2026_05_06/L.2.R3xI3/sub3_trial0
3,0,word_head_pos,0,0.0,1.0,1.0,0.5628571428571428,1.0,0.5803977142857144,2,3500,1750,192512,train_set_fixed,397.6383526325226,L.2.R3xI3,/work/ht203/repo/speech/reports/neuroprobe_stage0_l2_neuralset_2026_05_06/L.2.R3xI3/sub3_trial0
3,0,word_part_speech,0,0.0,1.0,1.0,0.1909662664379645,1.0,0.5274432536960728,6,2442,1749,192512,train_set_fixed,334.00822854042053,L.2.R3xI3,/work/ht203/repo/speech/reports/neuroprobe_stage0_l2_neuralset_2026_05_06/L.2.R3xI3/sub3_trial0
3,0,word_length,0,0.0,1.0,1.0,0.3842195540308747,1.0,0.5728124966288014,3,3498,1749,192512,train_set_fixed,425.6028730869293,L.2.R3xI3,/work/ht203/repo/speech/reports/neuroprobe_stage0_l2_neuralset_2026_05_06/L.2.R3xI3/sub3_trial0
3,0,global_flow,0,0.0,1.0,1.0,0.4025157232704403,1.0,0.5818634907278554,3,3498,1749,192512,train_set_fixed,411.0470654964447,L.2.R3xI3,/work/ht203/repo/speech/reports/neuroprobe_stage0_l2_neuralset_2026_05_06/L.2.R3xI3/sub3_trial0
3,0,local_flow,0,0.0,1.0,1.0,0.3853630646083476,1.0,0.5720573481342438,3,3498,1749,192512,train_set_fixed,402.9221796989441,L.2.R3xI3,/work/ht203/repo/speech/reports/neuroprobe_stage0_l2_neuralset_2026_05_06/L.2.R3xI3/sub3_trial0
3,0,frame_brightness,0,0.0,1.0,1.0,0.3310463121783876,1.0,0.5088607359069187,3,3498,1749,192512,train_set_fixed,396.1910498142242,L.2.R3xI3,/work/ht203/repo/speech/reports/neuroprobe_stage0_l2_neuralset_2026_05_06/L.2.R3xI3/sub3_trial0
3,0,face_num,0,0.0,1.0,1.0,0.3178959405374499,1.0,0.4914016046415153,3,3498,1749,192512,train_set_fixed,427.9015488624573,L.2.R3xI3,/work/ht203/repo/speech/reports/neuroprobe_stage0_l2_neuralset_2026_05_06/L.2.R3xI3/sub3_trial0
3,1,onset,0,0.0,1.0,1.0,0.8680926916221033,1.0,0.9357144899768368,2,3500,1122,192512,train_set_fixed,171.97552871704102,L.2.R3xI3,/work/ht203/repo/speech/reports/neuroprobe_stage0_l2_neuralset_2026_05_06/L.2.R3xI3/sub3_trial1
3,1,speech,0,0.0,1.0,1.0,0.8862857142857142,1.0,0.9408444081632654,2,3500,1750,192512,train_set_fixed,165.164808511734,L.2.R3xI3,/work/ht203/repo/speech/reports/neuroprobe_stage0_l2_neuralset_2026_05_06/L.2.R3xI3/sub3_trial1
3,1,volume,0,0.0,1.0,1.0,0.4625500285877644,1.0,0.6662336821727094,3,3498,1749,192512,train_set_fixed,155.73675179481506,L.2.R3xI3,/work/ht203/repo/speech/reports/neuroprobe_stage0_l2_neuralset_2026_05_06/L.2.R3xI3/sub3_trial1
3,1,delta_volume,0,0.0,1.0,1.0,0.4448256146369354,1.0,0.6372452967488406,3,3498,1749,192512,train_set_fixed,155.2689607143402,L.2.R3xI3,/work/ht203/repo/speech/reports/neuroprobe_stage0_l2_neuralset_2026_05_06/L.2.R3xI3/sub3_trial1
3,1,pitch,0,0.0,1.0,1.0,0.3453401943967982,1.0,0.5069561925609047,3,3498,1749,192512,train_set_fixed,153.98995065689087,L.2.R3xI3,/work/ht203/repo/speech/reports/neuroprobe_stage0_l2_neuralset_2026_05_06/L.2.R3xI3/sub3_trial1
3,1,word_index,0,0.0,1.0,1.0,0.5409705648369133,1.0,0.7283337415485215,3,3498,1257,192512,train_set_fixed,140.36500072479248,L.2.R3xI3,/work/ht203/repo/speech/reports/neuroprobe_stage0_l2_neuralset_2026_05_06/L.2.R3xI3/sub3_trial1
3,1,word_gap,0,0.0,1.0,1.0,0.4,1.0,0.5717926742169167,3,3498,1485,192512,train_set_fixed,147.36348795890808,L.2.R3xI3,/work/ht203/repo/speech/reports/neuroprobe_stage0_l2_neuralset_2026_05_06/L.2.R3xI3/sub3_trial1
3,1,gpt2_surprisal,0,0.0,1.0,1.0,0.3773584905660377,1.0,0.5523406170838127,3,3498,1749,192512,train_set_fixed,158.93093943595886,L.2.R3xI3,/work/ht203/repo/speech/reports/neuroprobe_stage0_l2_neuralset_2026_05_06/L.2.R3xI3/sub3_trial1
3,1,word_head_pos,0,0.0,1.0,1.0,0.5594285714285714,1.0,0.5836081632653062,2,3500,1750,192512,train_set_fixed,156.3915657997131,L.2.R3xI3,/work/ht203/repo/speech/reports/neuroprobe_stage0_l2_neuralset_2026_05_06/L.2.R3xI3/sub3_trial1
3,1,word_part_speech,0,0.0,1.0,1.0,0.2022932022932023,1.0,0.5382632769982637,6,3498,1221,192512,train_set_fixed,141.47628140449524,L.2.R3xI3,/work/ht203/repo/speech/reports/neuroprobe_stage0_l2_neuralset_2026_05_06/L.2.R3xI3/sub3_trial1
3,1,word_length,0,0.0,1.0,1.0,0.4036592338479131,1.0,0.5821449551667358,3,3498,1749,192512,train_set_fixed,155.56091856956482,L.2.R3xI3,/work/ht203/repo/speech/reports/neuroprobe_stage0_l2_neuralset_2026_05_06/L.2.R3xI3/sub3_trial1
3,1,global_flow,0,0.0,1.0,1.0,0.3785020011435105,1.0,0.5456962910440368,3,3498,1749,192512,train_set_fixed,157.86906480789185,L.2.R3xI3,/work/ht203/repo/speech/reports/neuroprobe_stage0_l2_neuralset_2026_05_06/L.2.R3xI3/sub3_trial1
3,1,local_flow,0,0.0,1.0,1.0,0.3779302458547741,1.0,0.5471129300055803,3,3498,1749,192512,train_set_fixed,159.54194402694702,L.2.R3xI3,/work/ht203/repo/speech/reports/neuroprobe_stage0_l2_neuralset_2026_05_06/L.2.R3xI3/sub3_trial1
3,1,frame_brightness,0,0.0,1.0,1.0,0.3562035448827901,1.0,0.5236238889755185,3,3498,1749,192512,train_set_fixed,161.83074116706848,L.2.R3xI3,/work/ht203/repo/speech/reports/neuroprobe_stage0_l2_neuralset_2026_05_06/L.2.R3xI3/sub3_trial1
3,1,face_num,0,0.0,1.0,1.0,0.328759291023442,1.0,0.4960148754446304,3,3498,1749,192512,train_set_fixed,155.48299193382263,L.2.R3xI3,/work/ht203/repo/speech/reports/neuroprobe_stage0_l2_neuralset_2026_05_06/L.2.R3xI3/sub3_trial1
4,0,onset,0,0.0,1.0,1.0,0.821969696969697,1.0,0.8860802628558311,2,2898,1056,223232,train_set_fixed,198.77109599113464,L.2.R3xI3,/work/ht203/repo/speech/reports/neuroprobe_stage0_l2_neuralset_2026_05_06/L.2.R3xI3/sub4_trial0
4,0,speech,0,0.0,1.0,1.0,0.752,1.0,0.8235902040816326,2,3500,1750,223232,train_set_fixed,196.6215295791626,L.2.R3xI3,/work/ht203/repo/speech/reports/neuroprobe_stage0_l2_neuralset_2026_05_06/L.2.R3xI3/sub4_trial0
4,0,volume,0,0.0,1.0,1.0,0.375071469411092,1.0,0.5492347011328208,3,3498,1749,223232,train_set_fixed,195.55800366401672,L.2.R3xI3,/work/ht203/repo/speech/reports/neuroprobe_stage0_l2_neuralset_2026_05_06/L.2.R3xI3/sub4_trial0
4,0,delta_volume,0,0.0,1.0,1.0,0.4213836477987421,1.0,0.604345830550562,3,3498,1749,223232,train_set_fixed,187.02597093582156,L.2.R3xI3,/work/ht203/repo/speech/reports/neuroprobe_stage0_l2_neuralset_2026_05_06/L.2.R3xI3/sub4_trial0
4,0,pitch,0,0.0,1.0,1.0,0.3722126929674099,1.0,0.54615943244216,3,3498,1749,223232,train_set_fixed,189.23347234725952,L.2.R3xI3,/work/ht203/repo/speech/reports/neuroprobe_stage0_l2_neuralset_2026_05_06/L.2.R3xI3/sub4_trial0
4,0,word_index,0,0.0,1.0,1.0,0.4563106796116505,1.0,0.6349506448882258,3,3117,1133,223232,train_set_fixed,152.70202708244324,L.2.R3xI3,/work/ht203/repo/speech/reports/neuroprobe_stage0_l2_neuralset_2026_05_06/L.2.R3xI3/sub4_trial0
4,0,word_gap,0,0.0,1.0,1.0,0.3756432246998284,1.0,0.5348246045032349,3,3498,1749,223232,train_set_fixed,188.22608399391171,L.2.R3xI3,/work/ht203/repo/speech/reports/neuroprobe_stage0_l2_neuralset_2026_05_06/L.2.R3xI3/sub4_trial0
4,0,gpt2_surprisal,0,0.0,1.0,1.0,0.3653516295025729,1.0,0.5288903141908093,3,3498,1749,223232,train_set_fixed,184.6664655208588,L.2.R3xI3,/work/ht203/repo/speech/reports/neuroprobe_stage0_l2_neuralset_2026_05_06/L.2.R3xI3/sub4_trial0
4,0,word_head_pos,0,0.0,1.0,1.0,0.5245714285714286,1.0,0.5376483265306122,2,3500,1750,223232,train_set_fixed,180.7064311504364,L.2.R3xI3,/work/ht203/repo/speech/reports/neuroprobe_stage0_l2_neuralset_2026_05_06/L.2.R3xI3/sub4_trial0
4,0,word_part_speech,0,0.0,1.0,1.0,0.1606529209621993,1.0,0.5034169412264853,6,3234,1164,223232,train_set_fixed,154.0004677772522,L.2.R3xI3,/work/ht203/repo/speech/reports/neuroprobe_stage0_l2_neuralset_2026_05_06/L.2.R3xI3/sub4_trial0
4,0,word_length,0,0.0,1.0,1.0,0.3653516295025729,1.0,0.5425864522437227,3,3498,1749,223232,train_set_fixed,189.81518054008484,L.2.R3xI3,/work/ht203/repo/speech/reports/neuroprobe_stage0_l2_neuralset_2026_05_06/L.2.R3xI3/sub4_trial0
4,0,global_flow,0,0.0,1.0,1.0,0.3339050886220697,1.0,0.5025979069637441,3,3498,1749,223232,train_set_fixed,191.29287886619568,L.2.R3xI3,/work/ht203/repo/speech/reports/neuroprobe_stage0_l2_neuralset_2026_05_06/L.2.R3xI3/sub4_trial0
4,0,local_flow,0,0.0,1.0,1.0,0.3584905660377358,1.0,0.5273353947906524,3,3498,1749,223232,train_set_fixed,185.9207510948181,L.2.R3xI3,/work/ht203/repo/speech/reports/neuroprobe_stage0_l2_neuralset_2026_05_06/L.2.R3xI3/sub4_trial0
4,0,frame_brightness,0,0.0,1.0,1.0,0.3481989708404803,1.0,0.5059892102029387,3,3498,1749,223232,train_set_fixed,183.76169896125796,L.2.R3xI3,/work/ht203/repo/speech/reports/neuroprobe_stage0_l2_neuralset_2026_05_06/L.2.R3xI3/sub4_trial0
4,0,face_num,0,0.0,1.0,1.0,0.3476272155517438,1.0,0.51295619059948,3,3498,1749,223232,train_set_fixed,190.91377592086792,L.2.R3xI3,/work/ht203/repo/speech/reports/neuroprobe_stage0_l2_neuralset_2026_05_06/L.2.R3xI3/sub4_trial0
4,1,onset,0,0.0,1.0,1.0,0.7218771566597654,1.0,0.7787007048961707,2,2112,1449,223232,train_set_fixed,180.9403474330902,L.2.R3xI3,/work/ht203/repo/speech/reports/neuroprobe_stage0_l2_neuralset_2026_05_06/L.2.R3xI3/sub4_trial1
4,1,speech,0,0.0,1.0,1.0,0.7062857142857143,1.0,0.7709041632653062,2,3500,1750,223232,train_set_fixed,305.69485807418823,L.2.R3xI3,/work/ht203/repo/speech/reports/neuroprobe_stage0_l2_neuralset_2026_05_06/L.2.R3xI3/sub4_trial1
4,1,volume,0,0.0,1.0,1.0,0.3653516295025729,1.0,0.5360213187246424,3,3498,1749,223232,train_set_fixed,301.1886990070343,L.2.R3xI3,/work/ht203/repo/speech/reports/neuroprobe_stage0_l2_neuralset_2026_05_06/L.2.R3xI3/sub4_trial1
4,1,delta_volume,0,0.0,1.0,1.0,0.4099485420240137,1.0,0.5790233478184544,3,3498,1749,223232,train_set_fixed,298.9592583179474,L.2.R3xI3,/work/ht203/repo/speech/reports/neuroprobe_stage0_l2_neuralset_2026_05_06/L.2.R3xI3/sub4_trial1
4,1,pitch,0,0.0,1.0,1.0,0.3562035448827901,1.0,0.5258859019660339,3,3498,1749,223232,train_set_fixed,325.74586606025696,L.2.R3xI3,/work/ht203/repo/speech/reports/neuroprobe_stage0_l2_neuralset_2026_05_06/L.2.R3xI3/sub4_trial1
4,1,word_index,0,0.0,1.0,1.0,0.4265554842847979,1.0,0.6059078051728833,3,2265,1559,223232,train_set_fixed,204.6312198638916,L.2.R3xI3,/work/ht203/repo/speech/reports/neuroprobe_stage0_l2_neuralset_2026_05_06/L.2.R3xI3/sub4_trial1
4,1,word_gap,0,0.0,1.0,1.0,0.3836477987421384,1.0,0.5521930198780582,3,3498,1749,223232,train_set_fixed,303.1946518421173,L.2.R3xI3,/work/ht203/repo/speech/reports/neuroprobe_stage0_l2_neuralset_2026_05_06/L.2.R3xI3/sub4_trial1
4,1,gpt2_surprisal,0,0.0,1.0,1.0,0.3527730131503716,1.0,0.5183238743629048,3,3498,1749,223232,train_set_fixed,319.904581785202,L.2.R3xI3,/work/ht203/repo/speech/reports/neuroprobe_stage0_l2_neuralset_2026_05_06/L.2.R3xI3/sub4_trial1
4,1,word_head_pos,0,0.0,1.0,1.0,0.5291428571428571,1.0,0.5433090612244899,2,3500,1750,223232,train_set_fixed,303.4789535999298,L.2.R3xI3,/work/ht203/repo/speech/reports/neuroprobe_stage0_l2_neuralset_2026_05_06/L.2.R3xI3/sub4_trial1
4,1,word_part_speech,0,0.0,1.0,1.0,0.1991341991341991,1.0,0.526516314599363,6,2328,1617,223232,train_set_fixed,202.7596385478973,L.2.R3xI3,/work/ht203/repo/speech/reports/neuroprobe_stage0_l2_neuralset_2026_05_06/L.2.R3xI3/sub4_trial1
4,1,word_length,0,0.0,1.0,1.0,0.3642081189251001,1.0,0.53946656114202,3,3498,1749,223232,train_set_fixed,312.01752829551697,L.2.R3xI3,/work/ht203/repo/speech/reports/neuroprobe_stage0_l2_neuralset_2026_05_06/L.2.R3xI3/sub4_trial1
4,1,global_flow,0,0.0,1.0,1.0,0.3516295025728988,1.0,0.523225229413132,3,3498,1749,223232,train_set_fixed,304.29955101013184,L.2.R3xI3,/work/ht203/repo/speech/reports/neuroprobe_stage0_l2_neuralset_2026_05_06/L.2.R3xI3/sub4_trial1
4,1,local_flow,0,0.0,1.0,1.0,0.3590623213264722,1.0,0.5287432073412202,3,3498,1749,223232,train_set_fixed,294.39144682884216,L.2.R3xI3,/work/ht203/repo/speech/reports/neuroprobe_stage0_l2_neuralset_2026_05_06/L.2.R3xI3/sub4_trial1
4,1,frame_brightness,0,0.0,1.0,1.0,0.379073756432247,1.0,0.5385412590581041,3,3498,1749,223232,train_set_fixed,311.20262908935547,L.2.R3xI3,/work/ht203/repo/speech/reports/neuroprobe_stage0_l2_neuralset_2026_05_06/L.2.R3xI3/sub4_trial1
4,1,face_num,0,0.0,1.0,1.0,0.3367638650657518,1.0,0.5047959284746883,3,3498,1749,223232,train_set_fixed,317.15523409843445,L.2.R3xI3,/work/ht203/repo/speech/reports/neuroprobe_stage0_l2_neuralset_2026_05_06/L.2.R3xI3/sub4_trial1
7,0,onset,0,0.0,1.0,1.0,0.7022857142857143,1.0,0.8069446530612243,2,2898,1750,227328,train_set_fixed,203.9910933971405,L.2.R3xI3,/work/ht203/repo/speech/reports/neuroprobe_stage0_l2_neuralset_2026_05_06/L.2.R3xI3/sub7_trial0
7,0,speech,0,0.0,1.0,1.0,0.6982857142857143,1.0,0.7831484081632654,2,3108,1750,227328,train_set_fixed,208.2027921676636,L.2.R3xI3,/work/ht203/repo/speech/reports/neuroprobe_stage0_l2_neuralset_2026_05_06/L.2.R3xI3/sub7_trial0
7,0,volume,0,0.0,1.0,1.0,0.3596340766152087,1.0,0.5391931875798668,3,3498,1749,227328,train_set_fixed,236.02910494804385,L.2.R3xI3,/work/ht203/repo/speech/reports/neuroprobe_stage0_l2_neuralset_2026_05_06/L.2.R3xI3/sub7_trial0
7,0,delta_volume,0,0.0,1.0,1.0,0.3539165237278445,1.0,0.5219552069450125,3,3498,1749,227328,train_set_fixed,225.4779179096222,L.2.R3xI3,/work/ht203/repo/speech/reports/neuroprobe_stage0_l2_neuralset_2026_05_06/L.2.R3xI3/sub7_trial0
7,0,pitch,0,0.0,1.0,1.0,0.3401943967981704,1.0,0.5073960420411762,3,3498,1749,227328,train_set_fixed,226.68330335617063,L.2.R3xI3,/work/ht203/repo/speech/reports/neuroprobe_stage0_l2_neuralset_2026_05_06/L.2.R3xI3/sub7_trial0
7,0,word_index,0,0.0,1.0,1.0,0.3950829045168668,1.0,0.5761287753747056,3,3117,1749,227328,train_set_fixed,207.47796726226807,L.2.R3xI3,/work/ht203/repo/speech/reports/neuroprobe_stage0_l2_neuralset_2026_05_06/L.2.R3xI3/sub7_trial0
7,0,word_gap,0,0.0,1.0,1.0,0.3596340766152087,1.0,0.5405603005687151,3,3498,1749,227328,train_set_fixed,226.95248460769653,L.2.R3xI3,/work/ht203/repo/speech/reports/neuroprobe_stage0_l2_neuralset_2026_05_06/L.2.R3xI3/sub7_trial0
7,0,gpt2_surprisal,0,0.0,1.0,1.0,0.3350485991995426,1.0,0.4978443942973539,3,3498,1749,227328,train_set_fixed,225.38617587089536,L.2.R3xI3,/work/ht203/repo/speech/reports/neuroprobe_stage0_l2_neuralset_2026_05_06/L.2.R3xI3/sub7_trial0
7,0,word_head_pos,0,0.0,1.0,1.0,0.5342857142857143,1.0,0.5330390204081632,2,3500,1750,227328,train_set_fixed,221.02569913864136,L.2.R3xI3,/work/ht203/repo/speech/reports/neuroprobe_stage0_l2_neuralset_2026_05_06/L.2.R3xI3/sub7_trial0
7,0,word_part_speech,0,0.0,1.0,1.0,0.1869639794168096,1.0,0.5315644863813438,6,3234,1749,227328,train_set_fixed,212.0359537601471,L.2.R3xI3,/work/ht203/repo/speech/reports/neuroprobe_stage0_l2_neuralset_2026_05_06/L.2.R3xI3/sub7_trial0
7,0,word_length,0,0.0,1.0,1.0,0.3744997141223556,1.0,0.5472590561428388,3,3498,1749,227328,train_set_fixed,223.7705292701721,L.2.R3xI3,/work/ht203/repo/speech/reports/neuroprobe_stage0_l2_neuralset_2026_05_06/L.2.R3xI3/sub7_trial0
7,0,global_flow,0,0.0,1.0,1.0,0.3470554602630074,1.0,0.5298729879460647,3,3498,1749,227328,train_set_fixed,222.3876657485962,L.2.R3xI3,/work/ht203/repo/speech/reports/neuroprobe_stage0_l2_neuralset_2026_05_06/L.2.R3xI3/sub7_trial0
7,0,local_flow,0,0.0,1.0,1.0,0.3384791309319611,1.0,0.5233546834407704,3,3498,1749,227328,train_set_fixed,224.65536761283877,L.2.R3xI3,/work/ht203/repo/speech/reports/neuroprobe_stage0_l2_neuralset_2026_05_06/L.2.R3xI3/sub7_trial0
7,0,frame_brightness,0,0.0,1.0,1.0,0.3156089193825043,1.0,0.4826428628169785,3,3498,1749,227328,train_set_fixed,212.3778395652771,L.2.R3xI3,/work/ht203/repo/speech/reports/neuroprobe_stage0_l2_neuralset_2026_05_06/L.2.R3xI3/sub7_trial0
7,0,face_num,0,0.0,1.0,1.0,0.3333333333333333,1.0,0.4913878746688869,3,3498,1749,227328,train_set_fixed,218.84396076202395,L.2.R3xI3,/work/ht203/repo/speech/reports/neuroprobe_stage0_l2_neuralset_2026_05_06/L.2.R3xI3/sub7_trial0
7,1,onset,0,0.0,1.0,1.0,0.7432712215320911,1.0,0.8195408649266527,2,3500,1449,227328,train_set_fixed,426.1456661224365,L.2.R3xI3,/work/ht203/repo/speech/reports/neuroprobe_stage0_l2_neuralset_2026_05_06/L.2.R3xI3/sub7_trial1
7,1,speech,0,0.0,1.0,1.0,0.7271557271557272,1.0,0.8059940801253542,2,3500,1554,227328,train_set_fixed,335.02788853645325,L.2.R3xI3,/work/ht203/repo/speech/reports/neuroprobe_stage0_l2_neuralset_2026_05_06/L.2.R3xI3/sub7_trial1
7,1,volume,0,0.0,1.0,1.0,0.368210405946255,1.0,0.5418381687354793,3,3498,1749,227328,train_set_fixed,312.40252447128296,L.2.R3xI3,/work/ht203/repo/speech/reports/neuroprobe_stage0_l2_neuralset_2026_05_06/L.2.R3xI3/sub7_trial1
7,1,delta_volume,0,0.0,1.0,1.0,0.3785020011435105,1.0,0.5446047582200856,3,3498,1749,227328,train_set_fixed,301.1306674480438,L.2.R3xI3,/work/ht203/repo/speech/reports/neuroprobe_stage0_l2_neuralset_2026_05_06/L.2.R3xI3/sub7_trial1
7,1,pitch,0,0.0,1.0,1.0,0.3487707261292166,1.0,0.5154118942752879,3,3498,1749,227328,train_set_fixed,294.2166419029236,L.2.R3xI3,/work/ht203/repo/speech/reports/neuroprobe_stage0_l2_neuralset_2026_05_06/L.2.R3xI3/sub7_trial1
7,1,word_index,0,0.0,1.0,1.0,0.3899935856318152,1.0,0.5860171090905122,3,3498,1559,227328,train_set_fixed,431.4246780872345,L.2.R3xI3,/work/ht203/repo/speech/reports/neuroprobe_stage0_l2_neuralset_2026_05_06/L.2.R3xI3/sub7_trial1
7,1,word_gap,0,0.0,1.0,1.0,0.3544882790165809,1.0,0.5276276470651693,3,3498,1749,227328,train_set_fixed,328.260977268219,L.2.R3xI3,/work/ht203/repo/speech/reports/neuroprobe_stage0_l2_neuralset_2026_05_06/L.2.R3xI3/sub7_trial1
7,1,gpt2_surprisal,0,0.0,1.0,1.0,0.353344768439108,1.0,0.5183206870478303,3,3498,1749,227328,train_set_fixed,335.33150911331177,L.2.R3xI3,/work/ht203/repo/speech/reports/neuroprobe_stage0_l2_neuralset_2026_05_06/L.2.R3xI3/sub7_trial1
7,1,word_head_pos,0,0.0,1.0,1.0,0.5308571428571428,1.0,0.5319849795918368,2,3500,1750,227328,train_set_fixed,381.4748644828797,L.2.R3xI3,/work/ht203/repo/speech/reports/neuroprobe_stage0_l2_neuralset_2026_05_06/L.2.R3xI3/sub7_trial1
7,1,word_part_speech,0,0.0,1.0,1.0,0.2108843537414966,1.0,0.5518935629463666,6,3498,1617,227328,train_set_fixed,329.56898617744446,L.2.R3xI3,/work/ht203/repo/speech/reports/neuroprobe_stage0_l2_neuralset_2026_05_06/L.2.R3xI3/sub7_trial1
7,1,word_length,0,0.0,1.0,1.0,0.3722126929674099,1.0,0.5484540541176678,3,3498,1749,227328,train_set_fixed,423.863751411438,L.2.R3xI3,/work/ht203/repo/speech/reports/neuroprobe_stage0_l2_neuralset_2026_05_06/L.2.R3xI3/sub7_trial1
7,1,global_flow,0,0.0,1.0,1.0,0.3642081189251001,1.0,0.5282023444908975,3,3498,1749,227328,train_set_fixed,347.17950987815857,L.2.R3xI3,/work/ht203/repo/speech/reports/neuroprobe_stage0_l2_neuralset_2026_05_06/L.2.R3xI3/sub7_trial1
7,1,local_flow,0,0.0,1.0,1.0,0.3367638650657518,1.0,0.5178058130742683,3,3498,1749,227328,train_set_fixed,452.6053967475891,L.2.R3xI3,/work/ht203/repo/speech/reports/neuroprobe_stage0_l2_neuralset_2026_05_06/L.2.R3xI3/sub7_trial1
7,1,frame_brightness,0,0.0,1.0,1.0,0.3367638650657518,1.0,0.4990197780255711,3,3498,1749,227328,train_set_fixed,280.7566068172455,L.2.R3xI3,/work/ht203/repo/speech/reports/neuroprobe_stage0_l2_neuralset_2026_05_06/L.2.R3xI3/sub7_trial1
7,1,face_num,0,0.0,1.0,1.0,0.3396226415094339,1.0,0.5035948010477931,3,3498,1749,227328,train_set_fixed,290.0124840736389,L.2.R3xI3,/work/ht203/repo/speech/reports/neuroprobe_stage0_l2_neuralset_2026_05_06/L.2.R3xI3/sub7_trial1
10,0,onset,0,0.0,1.0,0.9997142857142856,0.652383826191913,1.0,0.7208768203353089,2,3500,1657,245760,train_set_fixed,232.0557668209076,L.2.R4xI0,/work/ht203/repo/speech/reports/neuroprobe_stage0_l2_neuralset_2026_05_06/L.2.R4xI0/sub10_trial0
10,0,speech,0,0.0,1.0,1.0,0.564,1.0,0.5923379591836735,2,3500,1750,245760,train_set_fixed,339.23172211647034,L.2.R4xI0,/work/ht203/repo/speech/reports/neuroprobe_stage0_l2_neuralset_2026_05_06/L.2.R4xI0/sub10_trial0
10,0,volume,0,0.0,1.0,1.0,0.361349342481418,1.0,0.5203179077090854,3,3498,1749,245760,train_set_fixed,443.2311458587647,L.2.R4xI0,/work/ht203/repo/speech/reports/neuroprobe_stage0_l2_neuralset_2026_05_06/L.2.R4xI0/sub10_trial0
10,0,delta_volume,0,0.0,1.0,1.0,0.4002287021154945,1.0,0.5863218089827366,3,3498,1749,245760,train_set_fixed,415.9439768791199,L.2.R4xI0,/work/ht203/repo/speech/reports/neuroprobe_stage0_l2_neuralset_2026_05_06/L.2.R4xI0/sub10_trial0
10,0,pitch,0,0.0,1.0,1.0,0.3624928530588908,1.0,0.5238693122362497,3,3498,1749,245760,train_set_fixed,396.5907332897186,L.2.R4xI0,/work/ht203/repo/speech/reports/neuroprobe_stage0_l2_neuralset_2026_05_06/L.2.R4xI0/sub10_trial0
10,0,word_index,0,0.0,1.0,1.0,0.4699828473413379,1.0,0.6545507013564232,3,3498,1749,245760,train_set_fixed,376.1881835460663,L.2.R4xI0,/work/ht203/repo/speech/reports/neuroprobe_stage0_l2_neuralset_2026_05_06/L.2.R4xI0/sub10_trial0
10,0,word_gap,0,0.0,1.0,1.0,0.3802172670097198,1.0,0.543073866272028,3,3498,1749,245760,train_set_fixed,377.5655598640442,L.2.R4xI0,/work/ht203/repo/speech/reports/neuroprobe_stage0_l2_neuralset_2026_05_06/L.2.R4xI0/sub10_trial0
10,0,gpt2_surprisal,0,0.0,1.0,1.0,0.3499142367066895,1.0,0.5197047173243815,3,3498,1749,245760,train_set_fixed,399.7880983352661,L.2.R4xI0,/work/ht203/repo/speech/reports/neuroprobe_stage0_l2_neuralset_2026_05_06/L.2.R4xI0/sub10_trial0
10,0,word_head_pos,0,0.0,1.0,1.0,0.5194285714285715,1.0,0.5262635102040816,2,3500,1750,245760,train_set_fixed,358.75520634651184,L.2.R4xI0,/work/ht203/repo/speech/reports/neuroprobe_stage0_l2_neuralset_2026_05_06/L.2.R4xI0/sub10_trial0
10,0,word_part_speech,0,0.0,1.0,1.0,0.1750645994832041,1.0,0.517668960198706,6,3498,1548,245760,train_set_fixed,456.768214225769,L.2.R4xI0,/work/ht203/repo/speech/reports/neuroprobe_stage0_l2_neuralset_2026_05_06/L.2.R4xI0/sub10_trial0
10,0,word_length,0,0.0,1.0,1.0,0.3870783304745568,1.0,0.5551255949246175,3,3498,1749,245760,train_set_fixed,360.14516162872314,L.2.R4xI0,/work/ht203/repo/speech/reports/neuroprobe_stage0_l2_neuralset_2026_05_06/L.2.R4xI0/sub10_trial0
10,0,global_flow,0,0.0,1.0,1.0,0.328759291023442,1.0,0.5045558991317755,3,3498,1749,245760,train_set_fixed,369.16616225242615,L.2.R4xI0,/work/ht203/repo/speech/reports/neuroprobe_stage0_l2_neuralset_2026_05_06/L.2.R4xI0/sub10_trial0
10,0,local_flow,0,0.0,1.0,1.0,0.3413379073756432,1.0,0.5068495400949525,3,3498,1749,245760,train_set_fixed,367.3386301994324,L.2.R4xI0,/work/ht203/repo/speech/reports/neuroprobe_stage0_l2_neuralset_2026_05_06/L.2.R4xI0/sub10_trial0
10,0,frame_brightness,0,0.0,1.0,1.0,0.3865065751858205,1.0,0.550433131600807,3,3498,1749,245760,train_set_fixed,424.42235946655273,L.2.R4xI0,/work/ht203/repo/speech/reports/neuroprobe_stage0_l2_neuralset_2026_05_06/L.2.R4xI0/sub10_trial0
10,0,face_num,0,0.0,1.0,1.0,0.3316180674671241,1.0,0.5060855651894196,3,3498,1749,245760,train_set_fixed,336.212632894516,L.2.R4xI0,/work/ht203/repo/speech/reports/neuroprobe_stage0_l2_neuralset_2026_05_06/L.2.R4xI0/sub10_trial0
10,1,onset,0,0.0,1.0,1.0,0.6382857142857142,1.0,0.7015689795918367,2,3314,1750,245760,train_set_fixed,295.4103982448578,L.2.R4xI0,/work/ht203/repo/speech/reports/neuroprobe_stage0_l2_neuralset_2026_05_06/L.2.R4xI0/sub10_trial1
10,1,speech,0,0.0,1.0,1.0,0.5548571428571428,1.0,0.5783993469387755,2,3500,1750,245760,train_set_fixed,414.26934146881104,L.2.R4xI0,/work/ht203/repo/speech/reports/neuroprobe_stage0_l2_neuralset_2026_05_06/L.2.R4xI0/sub10_trial1
10,1,volume,0,0.0,1.0,1.0,0.3333333333333333,1.0,0.5121076292554334,3,3498,1749,245760,train_set_fixed,411.10996532440186,L.2.R4xI0,/work/ht203/repo/speech/reports/neuroprobe_stage0_l2_neuralset_2026_05_06/L.2.R4xI0/sub10_trial1
10,1,delta_volume,0,0.0,1.0,1.0,0.4162378502001143,1.0,0.5939542026955859,3,3498,1749,245760,train_set_fixed,393.4771201610565,L.2.R4xI0,/work/ht203/repo/speech/reports/neuroprobe_stage0_l2_neuralset_2026_05_06/L.2.R4xI0/sub10_trial1
10,1,pitch,0,0.0,1.0,1.0,0.3493424814179531,1.0,0.5206131021205943,3,3498,1749,245760,train_set_fixed,381.35668182373047,L.2.R4xI0,/work/ht203/repo/speech/reports/neuroprobe_stage0_l2_neuralset_2026_05_06/L.2.R4xI0/sub10_trial1
10,1,word_index,0,0.0,1.0,1.0,0.4585477415666095,1.0,0.6345669713739878,3,3498,1749,245760,train_set_fixed,357.7155568599701,L.2.R4xI0,/work/ht203/repo/speech/reports/neuroprobe_stage0_l2_neuralset_2026_05_06/L.2.R4xI0/sub10_trial1
10,1,word_gap,0,0.0,1.0,1.0,0.3619210977701543,1.0,0.5319305224156513,3,3498,1749,245760,train_set_fixed,340.5233497619629,L.2.R4xI0,/work/ht203/repo/speech/reports/neuroprobe_stage0_l2_neuralset_2026_05_06/L.2.R4xI0/sub10_trial1
10,1,gpt2_surprisal,0,0.0,1.0,1.0,0.3602058319039451,1.0,0.5249167130053243,3,3498,1749,245760,train_set_fixed,386.2331092357636,L.2.R4xI0,/work/ht203/repo/speech/reports/neuroprobe_stage0_l2_neuralset_2026_05_06/L.2.R4xI0/sub10_trial1
10,1,word_head_pos,0,0.0,1.0,1.0,0.5131428571428571,1.0,0.5400933877551021,2,3500,1750,245760,train_set_fixed,370.93822479248047,L.2.R4xI0,/work/ht203/repo/speech/reports/neuroprobe_stage0_l2_neuralset_2026_05_06/L.2.R4xI0/sub10_trial1
10,1,word_part_speech,0,0.0,1.0,1.0,0.1938250428816466,1.0,0.525739257009815,6,3096,1749,245760,train_set_fixed,384.9931535720825,L.2.R4xI0,/work/ht203/repo/speech/reports/neuroprobe_stage0_l2_neuralset_2026_05_06/L.2.R4xI0/sub10_trial1
10,1,word_length,0,0.0,1.0,1.0,0.3590623213264722,1.0,0.5280437142714239,3,3498,1749,245760,train_set_fixed,358.1413679122925,L.2.R4xI0,/work/ht203/repo/speech/reports/neuroprobe_stage0_l2_neuralset_2026_05_06/L.2.R4xI0/sub10_trial1
10,1,global_flow,0,0.0,1.0,1.0,0.3230417381360778,1.0,0.4953281316351318,3,3498,1749,245760,train_set_fixed,358.218435049057,L.2.R4xI0,/work/ht203/repo/speech/reports/neuroprobe_stage0_l2_neuralset_2026_05_06/L.2.R4xI0/sub10_trial1
10,1,local_flow,0,0.0,1.0,1.0,0.3190394511149228,1.0,0.4949937087303993,3,3498,1749,245760,train_set_fixed,363.60350346565247,L.2.R4xI0,/work/ht203/repo/speech/reports/neuroprobe_stage0_l2_neuralset_2026_05_06/L.2.R4xI0/sub10_trial1
10,1,frame_brightness,0,0.0,1.0,1.0,0.3493424814179531,1.0,0.5141021529577795,3,3498,1749,245760,train_set_fixed,424.7246398925781,L.2.R4xI0,/work/ht203/repo/speech/reports/neuroprobe_stage0_l2_neuralset_2026_05_06/L.2.R4xI0/sub10_trial1
10,1,face_num,0,0.0,1.0,1.0,0.3459119496855345,1.0,0.5063837017379204,3,3498,1749,245760,train_set_fixed,331.05137848854065,L.2.R4xI0,/work/ht203/repo/speech/reports/neuroprobe_stage0_l2_neuralset_2026_05_06/L.2.R4xI0/sub10_trial1
1,1,onset,0,-0.0,1.0,1.0,0.5149968091895342,1.0,0.5323226991946204,2,2916,1567,245760,train_set_fixed,393.7895267009735,L.2.R4xI0,/work/ht203/repo/speech/reports/neuroprobe_stage0_l2_neuralset_2026_05_06/L.2.R4xI0/sub1_trial1
1,1,speech,0,-0.0,1.0,1.0,0.6068571428571429,1.0,0.6305087346938776,2,3500,1750,245760,train_set_fixed,265.7371385097504,L.2.R4xI0,/work/ht203/repo/speech/reports/neuroprobe_stage0_l2_neuralset_2026_05_06/L.2.R4xI0/sub1_trial1
1,1,volume,0,-0.0,1.0,1.0,0.357347055460263,1.0,0.5296677738908878,3,3498,1749,245760,train_set_fixed,216.1517789363861,L.2.R4xI0,/work/ht203/repo/speech/reports/neuroprobe_stage0_l2_neuralset_2026_05_06/L.2.R4xI0/sub1_trial1
1,1,delta_volume,0,-0.0,1.0,1.0,0.4122355631789594,1.0,0.5817568382619032,3,3498,1749,245760,train_set_fixed,242.67236518859863,L.2.R4xI0,/work/ht203/repo/speech/reports/neuroprobe_stage0_l2_neuralset_2026_05_06/L.2.R4xI0/sub1_trial1
1,1,pitch,0,-0.0,1.0,1.0,0.3373356203544883,1.0,0.5085861364543524,3,3498,1749,245760,train_set_fixed,245.8143148422241,L.2.R4xI0,/work/ht203/repo/speech/reports/neuroprobe_stage0_l2_neuralset_2026_05_06/L.2.R4xI0/sub1_trial1
1,1,word_index,0,-0.0,1.0,1.0,0.3759312320916905,1.0,0.5540425000482166,3,3060,1745,245760,train_set_fixed,191.53280997276303,L.2.R4xI0,/work/ht203/repo/speech/reports/neuroprobe_stage0_l2_neuralset_2026_05_06/L.2.R4xI0/sub1_trial1
1,1,word_gap,0,-0.0,1.0,1.0,0.3653516295025729,1.0,0.5275837601883753,3,3498,1749,245760,train_set_fixed,232.06879258155823,L.2.R4xI0,/work/ht203/repo/speech/reports/neuroprobe_stage0_l2_neuralset_2026_05_06/L.2.R4xI0/sub1_trial1
1,1,gpt2_surprisal,0,-0.0,1.0,1.0,0.324757004002287,1.0,0.487075192195099,3,3498,1749,245760,train_set_fixed,236.84519815444943,L.2.R4xI0,/work/ht203/repo/speech/reports/neuroprobe_stage0_l2_neuralset_2026_05_06/L.2.R4xI0/sub1_trial1
1,1,word_head_pos,0,-0.0,1.0,1.0,0.504,1.0,0.5182125714285715,2,3500,1750,245760,train_set_fixed,191.7033622264862,L.2.R4xI0,/work/ht203/repo/speech/reports/neuroprobe_stage0_l2_neuralset_2026_05_06/L.2.R4xI0/sub1_trial1
1,1,word_part_speech,0,-0.0,1.0,1.0,0.1733566026759744,1.0,0.4968651809181739,6,2760,1719,245760,train_set_fixed,174.2843415737152,L.2.R4xI0,/work/ht203/repo/speech/reports/neuroprobe_stage0_l2_neuralset_2026_05_06/L.2.R4xI0/sub1_trial1
1,1,word_length,0,-0.0,1.0,1.0,0.3190394511149228,1.0,0.489063341267296,3,3498,1749,245760,train_set_fixed,233.2769947052002,L.2.R4xI0,/work/ht203/repo/speech/reports/neuroprobe_stage0_l2_neuralset_2026_05_06/L.2.R4xI0/sub1_trial1
1,1,global_flow,0,-0.0,1.0,1.0,0.3476272155517438,1.0,0.5152145259187558,3,3498,1749,245760,train_set_fixed,214.1577694416046,L.2.R4xI0,/work/ht203/repo/speech/reports/neuroprobe_stage0_l2_neuralset_2026_05_06/L.2.R4xI0/sub1_trial1
1,1,local_flow,0,-0.0,1.0,1.0,0.3413379073756432,1.0,0.5008961258920804,3,3498,1749,245760,train_set_fixed,218.89437103271484,L.2.R4xI0,/work/ht203/repo/speech/reports/neuroprobe_stage0_l2_neuralset_2026_05_06/L.2.R4xI0/sub1_trial1
1,1,frame_brightness,0,-0.0,1.0,1.0,0.328759291023442,1.0,0.4933152195765872,3,3498,1749,245760,train_set_fixed,232.6972336769104,L.2.R4xI0,/work/ht203/repo/speech/reports/neuroprobe_stage0_l2_neuralset_2026_05_06/L.2.R4xI0/sub1_trial1
1,1,face_num,0,-0.0,1.0,1.0,0.3579188107489994,1.0,0.5251449738002701,3,3498,1749,245760,train_set_fixed,233.6681215763092,L.2.R4xI0,/work/ht203/repo/speech/reports/neuroprobe_stage0_l2_neuralset_2026_05_06/L.2.R4xI0/sub1_trial1
1,2,onset,0,-0.0,1.0,1.0,0.5253772290809328,1.0,0.55121876181928,2,3134,1458,245760,train_set_fixed,142.29244256019592,L.2.R4xI0,/work/ht203/repo/speech/reports/neuroprobe_stage0_l2_neuralset_2026_05_06/L.2.R4xI0/sub1_trial2
1,2,speech,0,-0.0,1.0,1.0,0.6245714285714286,1.0,0.6652995918367347,2,3500,1750,245760,train_set_fixed,164.56436419487,L.2.R4xI0,/work/ht203/repo/speech/reports/neuroprobe_stage0_l2_neuralset_2026_05_06/L.2.R4xI0/sub1_trial2
1,2,volume,0,-0.0,1.0,1.0,0.3481989708404803,1.0,0.5214878975194843,3,3498,1749,245760,train_set_fixed,177.29346179962158,L.2.R4xI0,/work/ht203/repo/speech/reports/neuroprobe_stage0_l2_neuralset_2026_05_06/L.2.R4xI0/sub1_trial2
1,2,delta_volume,0,-0.0,1.0,1.0,0.3865065751858205,1.0,0.5687033119636117,3,3498,1749,245760,train_set_fixed,176.84453868865967,L.2.R4xI0,/work/ht203/repo/speech/reports/neuroprobe_stage0_l2_neuralset_2026_05_06/L.2.R4xI0/sub1_trial2
1,2,pitch,0,-0.0,1.0,1.0,0.3184676958261864,1.0,0.4976759569545743,3,3498,1749,245760,train_set_fixed,179.3670003414154,L.2.R4xI0,/work/ht203/repo/speech/reports/neuroprobe_stage0_l2_neuralset_2026_05_06/L.2.R4xI0/sub1_trial2
1,2,word_index,0,-0.0,1.0,1.0,0.3666666666666666,1.0,0.5325342816865308,3,3489,1530,245760,train_set_fixed,171.60621118545532,L.2.R4xI0,/work/ht203/repo/speech/reports/neuroprobe_stage0_l2_neuralset_2026_05_06/L.2.R4xI0/sub1_trial2
1,2,word_gap,0,-0.0,1.0,1.0,0.3499142367066895,1.0,0.5171345154839767,3,3498,1749,245760,train_set_fixed,179.4973976612091,L.2.R4xI0,/work/ht203/repo/speech/reports/neuroprobe_stage0_l2_neuralset_2026_05_06/L.2.R4xI0/sub1_trial2
1,2,gpt2_surprisal,0,-0.0,1.0,1.0,0.3333333333333333,1.0,0.4933098256587689,3,3498,1749,245760,train_set_fixed,183.9975254535675,L.2.R4xI0,/work/ht203/repo/speech/reports/neuroprobe_stage0_l2_neuralset_2026_05_06/L.2.R4xI0/sub1_trial2
1,2,word_head_pos,0,-0.0,1.0,1.0,0.5108571428571429,1.0,0.5339608163265306,2,3500,1750,245760,train_set_fixed,169.78180646896362,L.2.R4xI0,/work/ht203/repo/speech/reports/neuroprobe_stage0_l2_neuralset_2026_05_06/L.2.R4xI0/sub1_trial2
1,2,word_part_speech,0,-0.0,1.0,1.0,0.1507246376811594,1.0,0.4889760554505356,6,3438,1380,245760,train_set_fixed,173.99971890449524,L.2.R4xI0,/work/ht203/repo/speech/reports/neuroprobe_stage0_l2_neuralset_2026_05_06/L.2.R4xI0/sub1_trial2
1,2,word_length,0,-0.0,1.0,1.0,0.3596340766152087,1.0,0.5067830968345548,3,3498,1749,245760,train_set_fixed,187.9934613704681,L.2.R4xI0,/work/ht203/repo/speech/reports/neuroprobe_stage0_l2_neuralset_2026_05_06/L.2.R4xI0/sub1_trial2
1,2,global_flow,0,-0.0,1.0,0.9997141223556318,0.3230417381360778,1.0,0.4931884625078579,3,3498,1749,245760,train_set_fixed,177.20937204360962,L.2.R4xI0,/work/ht203/repo/speech/reports/neuroprobe_stage0_l2_neuralset_2026_05_06/L.2.R4xI0/sub1_trial2
1,2,local_flow,0,-0.0,1.0,1.0,0.3459119496855345,1.0,0.5137586584639887,3,3498,1749,245760,train_set_fixed,167.73194003105164,L.2.R4xI0,/work/ht203/repo/speech/reports/neuroprobe_stage0_l2_neuralset_2026_05_06/L.2.R4xI0/sub1_trial2
1,2,frame_brightness,0,-0.0,1.0,1.0,0.3196112064036592,1.0,0.4893345082267054,3,3498,1749,245760,train_set_fixed,169.63565182685852,L.2.R4xI0,/work/ht203/repo/speech/reports/neuroprobe_stage0_l2_neuralset_2026_05_06/L.2.R4xI0/sub1_trial2
1,2,face_num,0,-0.0,1.0,1.0,0.3441966838193253,1.0,0.5162886510988391,3,3498,1749,245760,train_set_fixed,182.2132239341736,L.2.R4xI0,/work/ht203/repo/speech/reports/neuroprobe_stage0_l2_neuralset_2026_05_06/L.2.R4xI0/sub1_trial2
2,0,onset,0,-0.0,1.0,0.9996657754010696,0.6585551330798479,1.0,0.7358838415381697,2,2992,1315,243712,train_set_fixed,130.1760380268097,L.2.R4xI0,/work/ht203/repo/speech/reports/neuroprobe_stage0_l2_neuralset_2026_05_06/L.2.R4xI0/sub2_trial0
2,0,speech,0,-0.0,1.0,1.0,0.5948571428571429,1.0,0.6400208979591837,2,3500,1750,243712,train_set_fixed,150.2071623802185,L.2.R4xI0,/work/ht203/repo/speech/reports/neuroprobe_stage0_l2_neuralset_2026_05_06/L.2.R4xI0/sub2_trial0
2,0,volume,0,-0.0,1.0,1.0,0.324757004002287,1.0,0.4879470454569972,3,3498,1749,243712,train_set_fixed,189.10650038719177,L.2.R4xI0,/work/ht203/repo/speech/reports/neuroprobe_stage0_l2_neuralset_2026_05_06/L.2.R4xI0/sub2_trial0
2,0,delta_volume,0,-0.0,1.0,1.0,0.4088050314465409,1.0,0.5969875459341139,3,3498,1749,243712,train_set_fixed,182.42733883857727,L.2.R4xI0,/work/ht203/repo/speech/reports/neuroprobe_stage0_l2_neuralset_2026_05_06/L.2.R4xI0/sub2_trial0
2,0,pitch,0,-0.0,1.0,1.0,0.3481989708404803,1.0,0.5021075507984469,3,3498,1749,243712,train_set_fixed,189.14319586753845,L.2.R4xI0,/work/ht203/repo/speech/reports/neuroprobe_stage0_l2_neuralset_2026_05_06/L.2.R4xI0/sub2_trial0
2,0,word_index,0,-0.0,1.0,1.0,0.4829030006978367,1.0,0.6576666685189801,3,3192,1433,243712,train_set_fixed,167.83003187179563,L.2.R4xI0,/work/ht203/repo/speech/reports/neuroprobe_stage0_l2_neuralset_2026_05_06/L.2.R4xI0/sub2_trial0
2,0,word_gap,0,-0.0,1.0,1.0,0.3375603864734299,1.0,0.5082336737730169,3,3498,1656,243712,train_set_fixed,194.1280345916748,L.2.R4xI0,/work/ht203/repo/speech/reports/neuroprobe_stage0_l2_neuralset_2026_05_06/L.2.R4xI0/sub2_trial0
2,0,gpt2_surprisal,0,-0.0,1.0,1.0,0.3607775871926815,1.0,0.5393182284020175,3,3498,1749,243712,train_set_fixed,194.54282999038696,L.2.R4xI0,/work/ht203/repo/speech/reports/neuroprobe_stage0_l2_neuralset_2026_05_06/L.2.R4xI0/sub2_trial0
2,0,word_head_pos,0,-0.0,1.0,1.0,0.5337142857142857,1.0,0.5509906938775511,2,3500,1750,243712,train_set_fixed,162.89049410820007,L.2.R4xI0,/work/ht203/repo/speech/reports/neuroprobe_stage0_l2_neuralset_2026_05_06/L.2.R4xI0/sub2_trial0
2,0,word_part_speech,0,-0.0,1.0,1.0,0.1947463768115942,1.0,0.5373341012917453,6,2346,1104,243712,train_set_fixed,112.39678406715392,L.2.R4xI0,/work/ht203/repo/speech/reports/neuroprobe_stage0_l2_neuralset_2026_05_06/L.2.R4xI0/sub2_trial0
2,0,word_length,0,-0.0,1.0,1.0,0.3499142367066895,1.0,0.5230538499333606,3,3498,1749,243712,train_set_fixed,186.5275857448578,L.2.R4xI0,/work/ht203/repo/speech/reports/neuroprobe_stage0_l2_neuralset_2026_05_06/L.2.R4xI0/sub2_trial0
2,0,global_flow,0,-0.0,1.0,1.0,0.3499142367066895,1.0,0.5270235282695234,3,3498,1749,243712,train_set_fixed,189.44062733650208,L.2.R4xI0,/work/ht203/repo/speech/reports/neuroprobe_stage0_l2_neuralset_2026_05_06/L.2.R4xI0/sub2_trial0
2,0,local_flow,0,-0.0,1.0,1.0,0.3510577472841624,1.0,0.5128465959965361,3,3498,1749,243712,train_set_fixed,215.50512552261355,L.2.R4xI0,/work/ht203/repo/speech/reports/neuroprobe_stage0_l2_neuralset_2026_05_06/L.2.R4xI0/sub2_trial0
2,0,frame_brightness,0,-0.0,1.0,1.0,0.3230417381360778,1.0,0.4888443972394909,3,3498,1749,243712,train_set_fixed,205.89538669586184,L.2.R4xI0,/work/ht203/repo/speech/reports/neuroprobe_stage0_l2_neuralset_2026_05_06/L.2.R4xI0/sub2_trial0
2,0,face_num,0,-0.0,1.0,1.0,0.3321898227558605,1.0,0.4900673455157419,3,2988,1749,243712,train_set_fixed,180.52552318573,L.2.R4xI0,/work/ht203/repo/speech/reports/neuroprobe_stage0_l2_neuralset_2026_05_06/L.2.R4xI0/sub2_trial0
2,4,onset,0,-0.0,1.0,1.0,0.6002673796791443,1.0,0.644832297892419,2,2630,1496,243712,train_set_fixed,442.8212161064148,L.2.R4xI0,/work/ht203/repo/speech/reports/neuroprobe_stage0_l2_neuralset_2026_05_06/L.2.R4xI0/sub2_trial4
2,4,speech,0,-0.0,1.0,1.0,0.572,1.0,0.6003235918367347,2,3500,1750,243712,train_set_fixed,437.54231095314026,L.2.R4xI0,/work/ht203/repo/speech/reports/neuroprobe_stage0_l2_neuralset_2026_05_06/L.2.R4xI0/sub2_trial4
2,4,volume,0,-0.0,1.0,1.0,0.3607775871926815,1.0,0.5301468518643832,3,3498,1749,243712,train_set_fixed,342.94989800453186,L.2.R4xI0,/work/ht203/repo/speech/reports/neuroprobe_stage0_l2_neuralset_2026_05_06/L.2.R4xI0/sub2_trial4
2,4,delta_volume,0,-0.0,1.0,1.0,0.4105202973127501,1.0,0.586530700709153,3,3498,1749,243712,train_set_fixed,455.30806064605713,L.2.R4xI0,/work/ht203/repo/speech/reports/neuroprobe_stage0_l2_neuralset_2026_05_06/L.2.R4xI0/sub2_trial4
2,4,pitch,0,-0.0,1.0,1.0,0.3539165237278445,1.0,0.5201251977361236,3,3498,1749,243712,train_set_fixed,316.4105758666992,L.2.R4xI0,/work/ht203/repo/speech/reports/neuroprobe_stage0_l2_neuralset_2026_05_06/L.2.R4xI0/sub2_trial4
2,4,word_index,0,-0.0,1.0,1.0,0.3865914786967419,1.0,0.5547459461623984,3,2865,1596,243712,train_set_fixed,261.80203557014465,L.2.R4xI0,/work/ht203/repo/speech/reports/neuroprobe_stage0_l2_neuralset_2026_05_06/L.2.R4xI0/sub2_trial4
2,4,word_gap,0,-0.0,1.0,1.0,0.3373356203544883,1.0,0.5065945548889981,3,3312,1749,243712,train_set_fixed,310.87373781204224,L.2.R4xI0,/work/ht203/repo/speech/reports/neuroprobe_stage0_l2_neuralset_2026_05_06/L.2.R4xI0/sub2_trial4
2,4,gpt2_surprisal,0,-0.0,1.0,1.0,0.3647798742138364,1.0,0.5311952333457883,3,3498,1749,243712,train_set_fixed,312.1126525402069,L.2.R4xI0,/work/ht203/repo/speech/reports/neuroprobe_stage0_l2_neuralset_2026_05_06/L.2.R4xI0/sub2_trial4
2,4,word_head_pos,0,-0.0,1.0,1.0,0.5377142857142857,1.0,0.5469926530612246,2,3500,1750,243712,train_set_fixed,284.5377004146576,L.2.R4xI0,/work/ht203/repo/speech/reports/neuroprobe_stage0_l2_neuralset_2026_05_06/L.2.R4xI0/sub2_trial4
2,4,word_part_speech,0,-0.0,1.0,1.0,0.1764705882352941,1.0,0.5192385606975961,6,2208,1173,243712,train_set_fixed,194.31940507888797,L.2.R4xI0,/work/ht203/repo/speech/reports/neuroprobe_stage0_l2_neuralset_2026_05_06/L.2.R4xI0/sub2_trial4
2,4,word_length,0,-0.0,1.0,1.0,0.3579188107489994,1.0,0.5271625442423851,3,3498,1749,243712,train_set_fixed,311.6120843887329,L.2.R4xI0,/work/ht203/repo/speech/reports/neuroprobe_stage0_l2_neuralset_2026_05_06/L.2.R4xI0/sub2_trial4
2,4,global_flow,0,-0.0,1.0,1.0,0.3350485991995426,1.0,0.4991239787106967,3,3498,1749,243712,train_set_fixed,335.5924174785614,L.2.R4xI0,/work/ht203/repo/speech/reports/neuroprobe_stage0_l2_neuralset_2026_05_06/L.2.R4xI0/sub2_trial4
2,4,local_flow,0,-0.0,1.0,1.0,0.3281875357347055,1.0,0.4948625384561822,3,3498,1749,243712,train_set_fixed,326.54168367385864,L.2.R4xI0,/work/ht203/repo/speech/reports/neuroprobe_stage0_l2_neuralset_2026_05_06/L.2.R4xI0/sub2_trial4
2,4,frame_brightness,0,-0.0,1.0,1.0,0.3499142367066895,1.0,0.5163671080852866,3,3498,1749,243712,train_set_fixed,331.286319732666,L.2.R4xI0,/work/ht203/repo/speech/reports/neuroprobe_stage0_l2_neuralset_2026_05_06/L.2.R4xI0/sub2_trial4
2,4,face_num,0,-0.0,1.0,1.0,0.3326639892904953,1.0,0.4940404187029241,3,3498,1494,243712,train_set_fixed,315.1952645778656,L.2.R4xI0,/work/ht203/repo/speech/reports/neuroprobe_stage0_l2_neuralset_2026_05_06/L.2.R4xI0/sub2_trial4
3,0,onset,0,-0.0,1.0,1.0,0.7251428571428571,1.0,0.8356884897959183,2,2244,1750,223232,train_set_fixed,130.0809347629547,L.2.R4xI0,/work/ht203/repo/speech/reports/neuroprobe_stage0_l2_neuralset_2026_05_06/L.2.R4xI0/sub3_trial0
3,0,speech,0,-0.0,1.0,1.0,0.6308571428571429,1.0,0.6986687346938776,2,3500,1750,223232,train_set_fixed,165.53811311721802,L.2.R4xI0,/work/ht203/repo/speech/reports/neuroprobe_stage0_l2_neuralset_2026_05_06/L.2.R4xI0/sub3_trial0
3,0,volume,0,-0.0,1.0,1.0,0.3927958833619211,1.0,0.5592661623843863,3,3498,1749,223232,train_set_fixed,183.0408947467804,L.2.R4xI0,/work/ht203/repo/speech/reports/neuroprobe_stage0_l2_neuralset_2026_05_06/L.2.R4xI0/sub3_trial0
3,0,delta_volume,0,-0.0,1.0,1.0,0.4259576901086335,1.0,0.6075743355428782,3,3498,1749,223232,train_set_fixed,179.3451271057129,L.2.R4xI0,/work/ht203/repo/speech/reports/neuroprobe_stage0_l2_neuralset_2026_05_06/L.2.R4xI0/sub3_trial0
3,0,pitch,0,-0.0,1.0,1.0,0.3659233847913093,1.0,0.5324444156768828,3,3498,1749,223232,train_set_fixed,182.0276017189026,L.2.R4xI0,/work/ht203/repo/speech/reports/neuroprobe_stage0_l2_neuralset_2026_05_06/L.2.R4xI0/sub3_trial0
3,0,word_index,0,-0.0,1.0,1.0,0.5077186963979416,1.0,0.7222470669345973,3,2514,1749,223232,train_set_fixed,134.70816898345947,L.2.R4xI0,/work/ht203/repo/speech/reports/neuroprobe_stage0_l2_neuralset_2026_05_06/L.2.R4xI0/sub3_trial0
3,0,word_gap,0,-0.0,1.0,1.0,0.3584905660377358,1.0,0.5397617555535287,3,2970,1749,223232,train_set_fixed,157.7313210964203,L.2.R4xI0,/work/ht203/repo/speech/reports/neuroprobe_stage0_l2_neuralset_2026_05_06/L.2.R4xI0/sub3_trial0
3,0,gpt2_surprisal,0,-0.0,1.0,1.0,0.3865065751858205,1.0,0.5541890146489,3,3498,1749,223232,train_set_fixed,185.1736795902252,L.2.R4xI0,/work/ht203/repo/speech/reports/neuroprobe_stage0_l2_neuralset_2026_05_06/L.2.R4xI0/sub3_trial0
3,0,word_head_pos,0,-0.0,1.0,1.0,0.52,1.0,0.5347343673469388,2,3500,1750,223232,train_set_fixed,165.86199188232422,L.2.R4xI0,/work/ht203/repo/speech/reports/neuroprobe_stage0_l2_neuralset_2026_05_06/L.2.R4xI0/sub3_trial0
3,0,word_part_speech,0,-0.0,1.0,1.0,0.2075471698113207,1.0,0.5540929922833899,6,2442,1749,223232,train_set_fixed,138.3998258113861,L.2.R4xI0,/work/ht203/repo/speech/reports/neuroprobe_stage0_l2_neuralset_2026_05_06/L.2.R4xI0/sub3_trial0
3,0,word_length,0,-0.0,1.0,1.0,0.3927958833619211,1.0,0.583776615306762,3,3498,1749,223232,train_set_fixed,182.7748806476593,L.2.R4xI0,/work/ht203/repo/speech/reports/neuroprobe_stage0_l2_neuralset_2026_05_06/L.2.R4xI0/sub3_trial0
3,0,global_flow,0,-0.0,1.0,1.0,0.3607775871926815,1.0,0.5391544494428083,3,3498,1749,223232,train_set_fixed,186.93320322036743,L.2.R4xI0,/work/ht203/repo/speech/reports/neuroprobe_stage0_l2_neuralset_2026_05_06/L.2.R4xI0/sub3_trial0
3,0,local_flow,0,-0.0,1.0,1.0,0.3459119496855345,1.0,0.5054211325854421,3,3498,1749,223232,train_set_fixed,180.19463849067688,L.2.R4xI0,/work/ht203/repo/speech/reports/neuroprobe_stage0_l2_neuralset_2026_05_06/L.2.R4xI0/sub3_trial0
3,0,frame_brightness,0,-0.0,1.0,1.0,0.3710691823899371,1.0,0.5234319145368047,3,3498,1749,223232,train_set_fixed,182.2587959766388,L.2.R4xI0,/work/ht203/repo/speech/reports/neuroprobe_stage0_l2_neuralset_2026_05_06/L.2.R4xI0/sub3_trial0
3,0,face_num,0,-0.0,1.0,1.0,0.3407661520869068,1.0,0.5030139741699987,3,3498,1749,223232,train_set_fixed,187.275089263916,L.2.R4xI0,/work/ht203/repo/speech/reports/neuroprobe_stage0_l2_neuralset_2026_05_06/L.2.R4xI0/sub3_trial0
3,1,onset,0,-0.0,1.0,1.0,0.7976827094474154,1.0,0.8872128011794573,2,3500,1122,223232,train_set_fixed,368.97539353370667,L.2.R4xI0,/work/ht203/repo/speech/reports/neuroprobe_stage0_l2_neuralset_2026_05_06/L.2.R4xI0/sub3_trial1
3,1,speech,0,-0.0,1.0,1.0,0.6497142857142857,1.0,0.7078863673469387,2,3500,1750,223232,train_set_fixed,247.4133710861206,L.2.R4xI0,/work/ht203/repo/speech/reports/neuroprobe_stage0_l2_neuralset_2026_05_06/L.2.R4xI0/sub3_trial1
3,1,volume,0,-0.0,1.0,1.0,0.3596340766152087,1.0,0.5326756186088203,3,3498,1749,223232,train_set_fixed,333.02364683151245,L.2.R4xI0,/work/ht203/repo/speech/reports/neuroprobe_stage0_l2_neuralset_2026_05_06/L.2.R4xI0/sub3_trial1
3,1,delta_volume,0,-0.0,1.0,1.0,0.4585477415666095,1.0,0.6624255761930121,3,3498,1749,223232,train_set_fixed,298.1662471294403,L.2.R4xI0,/work/ht203/repo/speech/reports/neuroprobe_stage0_l2_neuralset_2026_05_06/L.2.R4xI0/sub3_trial1
3,1,pitch,0,-0.0,1.0,1.0,0.3264722698684962,1.0,0.5004209707679076,3,3498,1749,223232,train_set_fixed,373.44114112854,L.2.R4xI0,/work/ht203/repo/speech/reports/neuroprobe_stage0_l2_neuralset_2026_05_06/L.2.R4xI0/sub3_trial1
3,1,word_index,0,-0.0,1.0,1.0,0.6189339697692919,1.0,0.8003718555563782,3,3498,1257,223232,train_set_fixed,242.44263911247253,L.2.R4xI0,/work/ht203/repo/speech/reports/neuroprobe_stage0_l2_neuralset_2026_05_06/L.2.R4xI0/sub3_trial1
3,1,word_gap,0,-0.0,1.0,1.0,0.3838383838383838,1.0,0.552473897221372,3,3498,1485,223232,train_set_fixed,239.2124617099762,L.2.R4xI0,/work/ht203/repo/speech/reports/neuroprobe_stage0_l2_neuralset_2026_05_06/L.2.R4xI0/sub3_trial1
3,1,gpt2_surprisal,0,-0.0,1.0,1.0,0.400800457404231,1.0,0.5677716352495471,3,3498,1749,223232,train_set_fixed,275.8637447357178,L.2.R4xI0,/work/ht203/repo/speech/reports/neuroprobe_stage0_l2_neuralset_2026_05_06/L.2.R4xI0/sub3_trial1
3,1,word_head_pos,0,-0.0,1.0,1.0,0.5851428571428572,1.0,0.6075728979591837,2,3500,1750,223232,train_set_fixed,242.18973541259768,L.2.R4xI0,/work/ht203/repo/speech/reports/neuroprobe_stage0_l2_neuralset_2026_05_06/L.2.R4xI0/sub3_trial1
3,1,word_part_speech,0,-0.0,1.0,1.0,0.2137592137592137,1.0,0.5551459077282109,6,3498,1221,223232,train_set_fixed,381.4908423423767,L.2.R4xI0,/work/ht203/repo/speech/reports/neuroprobe_stage0_l2_neuralset_2026_05_06/L.2.R4xI0/sub3_trial1
3,1,word_length,0,-0.0,1.0,1.0,0.4196683819325328,1.0,0.5902946746339737,3,3498,1749,223232,train_set_fixed,385.3857171535492,L.2.R4xI0,/work/ht203/repo/speech/reports/neuroprobe_stage0_l2_neuralset_2026_05_06/L.2.R4xI0/sub3_trial1
3,1,global_flow,0,-0.0,1.0,1.0,0.3384791309319611,1.0,0.515477356823355,3,3498,1749,223232,train_set_fixed,440.9329071044922,L.2.R4xI0,/work/ht203/repo/speech/reports/neuroprobe_stage0_l2_neuralset_2026_05_06/L.2.R4xI0/sub3_trial1
3,1,local_flow,0,-0.0,1.0,1.0,0.3510577472841624,1.0,0.5188446326104503,3,3498,1749,223232,train_set_fixed,365.8577618598938,L.2.R4xI0,/work/ht203/repo/speech/reports/neuroprobe_stage0_l2_neuralset_2026_05_06/L.2.R4xI0/sub3_trial1
3,1,frame_brightness,0,-0.0,1.0,1.0,0.3304745568896512,1.0,0.5021526635656542,3,3498,1749,223232,train_set_fixed,305.95407152175903,L.2.R4xI0,/work/ht203/repo/speech/reports/neuroprobe_stage0_l2_neuralset_2026_05_06/L.2.R4xI0/sub3_trial1
3,1,face_num,0,-0.0,1.0,1.0,0.3344768439108062,1.0,0.5016417124414146,3,3498,1749,223232,train_set_fixed,326.5224134922028,L.2.R4xI0,/work/ht203/repo/speech/reports/neuroprobe_stage0_l2_neuralset_2026_05_06/L.2.R4xI0/sub3_trial1
4,0,onset,0,-0.0,1.0,1.0,0.6960227272727273,1.0,0.7470371326905418,2,2898,1056,245760,train_set_fixed,325.0074346065521,L.2.R4xI0,/work/ht203/repo/speech/reports/neuroprobe_stage0_l2_neuralset_2026_05_06/L.2.R4xI0/sub4_trial0
4,0,speech,0,-0.0,1.0,1.0,0.536,1.0,0.5555964081632653,2,3500,1750,245760,train_set_fixed,304.5021884441376,L.2.R4xI0,/work/ht203/repo/speech/reports/neuroprobe_stage0_l2_neuralset_2026_05_06/L.2.R4xI0/sub4_trial0
4,0,volume,0,-0.0,1.0,1.0,0.3390508862206975,1.0,0.5046900115429841,3,3498,1749,245760,train_set_fixed,506.9691588878632,L.2.R4xI0,/work/ht203/repo/speech/reports/neuroprobe_stage0_l2_neuralset_2026_05_06/L.2.R4xI0/sub4_trial0
4,0,delta_volume,0,-0.0,1.0,1.0,0.4013722126929674,1.0,0.581632778152083,3,3498,1749,245760,train_set_fixed,608.6319606304169,L.2.R4xI0,/work/ht203/repo/speech/reports/neuroprobe_stage0_l2_neuralset_2026_05_06/L.2.R4xI0/sub4_trial0
4,0,pitch,0,-0.0,1.0,1.0,0.3447684391080617,1.0,0.5039135325552362,3,3498,1749,245760,train_set_fixed,478.09546852111816,L.2.R4xI0,/work/ht203/repo/speech/reports/neuroprobe_stage0_l2_neuralset_2026_05_06/L.2.R4xI0/sub4_trial0
4,0,word_index,0,-0.0,1.0,1.0,0.4819064430714916,1.0,0.6646793974113758,3,3117,1133,245760,train_set_fixed,318.0856914520264,L.2.R4xI0,/work/ht203/repo/speech/reports/neuroprobe_stage0_l2_neuralset_2026_05_06/L.2.R4xI0/sub4_trial0
4,0,word_gap,0,-0.0,1.0,1.0,0.3676386506575186,1.0,0.5493271332699793,3,3498,1749,245760,train_set_fixed,638.863242149353,L.2.R4xI0,/work/ht203/repo/speech/reports/neuroprobe_stage0_l2_neuralset_2026_05_06/L.2.R4xI0/sub4_trial0
4,0,gpt2_surprisal,0,-0.0,1.0,1.0,0.3487707261292166,1.0,0.5109133668148523,3,3498,1749,245760,train_set_fixed,648.5941941738129,L.2.R4xI0,/work/ht203/repo/speech/reports/neuroprobe_stage0_l2_neuralset_2026_05_06/L.2.R4xI0/sub4_trial0
4,0,word_head_pos,0,-0.0,1.0,1.0,0.5285714285714286,1.0,0.5431085714285715,2,3500,1750,245760,train_set_fixed,432.98229598999023,L.2.R4xI0,/work/ht203/repo/speech/reports/neuroprobe_stage0_l2_neuralset_2026_05_06/L.2.R4xI0/sub4_trial0
4,0,word_part_speech,0,-0.0,1.0,1.0,0.1890034364261168,1.0,0.5261327806709888,6,3234,1164,245760,train_set_fixed,478.21534872055054,L.2.R4xI0,/work/ht203/repo/speech/reports/neuroprobe_stage0_l2_neuralset_2026_05_06/L.2.R4xI0/sub4_trial0
4,0,word_length,0,-0.0,1.0,1.0,0.3636363636363636,1.0,0.5330325978971566,3,3498,1749,245760,train_set_fixed,451.7568182945252,L.2.R4xI0,/work/ht203/repo/speech/reports/neuroprobe_stage0_l2_neuralset_2026_05_06/L.2.R4xI0/sub4_trial0
4,0,global_flow,0,-0.0,1.0,1.0,0.3316180674671241,1.0,0.5054843885307655,3,3498,1749,245760,train_set_fixed,560.8760380744934,L.2.R4xI0,/work/ht203/repo/speech/reports/neuroprobe_stage0_l2_neuralset_2026_05_06/L.2.R4xI0/sub4_trial0
4,0,local_flow,0,-0.0,1.0,1.0,0.3327615780445969,1.0,0.50324738370468,3,3498,1749,245760,train_set_fixed,446.7241003513336,L.2.R4xI0,/work/ht203/repo/speech/reports/neuroprobe_stage0_l2_neuralset_2026_05_06/L.2.R4xI0/sub4_trial0
4,0,frame_brightness,0,-0.0,1.0,1.0,0.3693539165237278,1.0,0.5364192427527811,3,3498,1749,245760,train_set_fixed,480.87317061424255,L.2.R4xI0,/work/ht203/repo/speech/reports/neuroprobe_stage0_l2_neuralset_2026_05_06/L.2.R4xI0/sub4_trial0
4,0,face_num,0,-0.0,1.0,1.0,0.3167524299599771,1.0,0.4835848370105142,3,3498,1749,245760,train_set_fixed,491.7624497413635,L.2.R4xI0,/work/ht203/repo/speech/reports/neuroprobe_stage0_l2_neuralset_2026_05_06/L.2.R4xI0/sub4_trial0
4,1,onset,0,-0.0,1.0,1.0,0.6652864044168392,1.0,0.7000119070299105,2,2112,1449,245760,train_set_fixed,201.7602970600128,L.2.R4xI0,/work/ht203/repo/speech/reports/neuroprobe_stage0_l2_neuralset_2026_05_06/L.2.R4xI0/sub4_trial1
4,1,speech,0,-0.0,1.0,1.0,0.5371428571428571,1.0,0.5620698775510204,2,3500,1750,245760,train_set_fixed,444.89118003845215,L.2.R4xI0,/work/ht203/repo/speech/reports/neuroprobe_stage0_l2_neuralset_2026_05_06/L.2.R4xI0/sub4_trial1
4,1,volume,0,-0.0,1.0,1.0,0.3373356203544883,1.0,0.4975604780776468,3,3498,1749,245760,train_set_fixed,435.32306361198425,L.2.R4xI0,/work/ht203/repo/speech/reports/neuroprobe_stage0_l2_neuralset_2026_05_06/L.2.R4xI0/sub4_trial1
4,1,delta_volume,0,-0.0,1.0,1.0,0.3893653516295026,1.0,0.5579681896148448,3,3498,1749,245760,train_set_fixed,379.68271684646606,L.2.R4xI0,/work/ht203/repo/speech/reports/neuroprobe_stage0_l2_neuralset_2026_05_06/L.2.R4xI0/sub4_trial1
4,1,pitch,0,-0.0,1.0,1.0,0.3567753001715266,1.0,0.5228339251932249,3,3498,1749,245760,train_set_fixed,516.9992070198059,L.2.R4xI0,/work/ht203/repo/speech/reports/neuroprobe_stage0_l2_neuralset_2026_05_06/L.2.R4xI0/sub4_trial1
4,1,word_index,0,-0.0,1.0,1.0,0.4284797947402181,1.0,0.6032723879846502,3,2265,1559,245760,train_set_fixed,346.8536853790283,L.2.R4xI0,/work/ht203/repo/speech/reports/neuroprobe_stage0_l2_neuralset_2026_05_06/L.2.R4xI0/sub4_trial1
4,1,word_gap,0,-0.0,1.0,1.0,0.3527730131503716,1.0,0.5238582792225305,3,3498,1749,245760,train_set_fixed,573.3939344882965,L.2.R4xI0,/work/ht203/repo/speech/reports/neuroprobe_stage0_l2_neuralset_2026_05_06/L.2.R4xI0/sub4_trial1
4,1,gpt2_surprisal,0,-0.0,1.0,1.0,0.3527730131503716,1.0,0.5153756079190558,3,3498,1749,245760,train_set_fixed,476.2434220314026,L.2.R4xI0,/work/ht203/repo/speech/reports/neuroprobe_stage0_l2_neuralset_2026_05_06/L.2.R4xI0/sub4_trial1
4,1,word_head_pos,0,-0.0,1.0,1.0,0.5257142857142857,1.0,0.5322563265306122,2,3500,1750,245760,train_set_fixed,485.8814160823822,L.2.R4xI0,/work/ht203/repo/speech/reports/neuroprobe_stage0_l2_neuralset_2026_05_06/L.2.R4xI0/sub4_trial1
4,1,word_part_speech,0,-0.0,1.0,1.0,0.1731601731601731,1.0,0.5192638305440492,6,2328,1617,245760,train_set_fixed,249.3193545341492,L.2.R4xI0,/work/ht203/repo/speech/reports/neuroprobe_stage0_l2_neuralset_2026_05_06/L.2.R4xI0/sub4_trial1
4,1,word_length,0,-0.0,1.0,1.0,0.3664951400800457,1.0,0.5366832995477936,3,3498,1749,245760,train_set_fixed,540.1562850475311,L.2.R4xI0,/work/ht203/repo/speech/reports/neuroprobe_stage0_l2_neuralset_2026_05_06/L.2.R4xI0/sub4_trial1
4,1,global_flow,0,-0.0,1.0,1.0,0.3401943967981704,1.0,0.5129022514212973,3,3498,1749,245760,train_set_fixed,378.4898679256439,L.2.R4xI0,/work/ht203/repo/speech/reports/neuroprobe_stage0_l2_neuralset_2026_05_06/L.2.R4xI0/sub4_trial1
4,1,local_flow,0,-0.0,1.0,1.0,0.3321898227558605,1.0,0.5013099864955911,3,3498,1749,245760,train_set_fixed,404.3379321098328,L.2.R4xI0,/work/ht203/repo/speech/reports/neuroprobe_stage0_l2_neuralset_2026_05_06/L.2.R4xI0/sub4_trial1
4,1,frame_brightness,0,-0.0,1.0,1.0,0.3276157804459691,1.0,0.4998815789860808,3,3498,1749,245760,train_set_fixed,415.0804088115692,L.2.R4xI0,/work/ht203/repo/speech/reports/neuroprobe_stage0_l2_neuralset_2026_05_06/L.2.R4xI0/sub4_trial1
4,1,face_num,0,-0.0,1.0,1.0,0.3253287592910234,1.0,0.4921577338484034,3,3498,1749,245760,train_set_fixed,443.0730259418488,L.2.R4xI0,/work/ht203/repo/speech/reports/neuroprobe_stage0_l2_neuralset_2026_05_06/L.2.R4xI0/sub4_trial1
7,0,onset,0,-0.0,1.0,1.0,0.6531428571428571,1.0,0.6944208979591836,2,2898,1750,243712,train_set_fixed,151.12720608711243,L.2.R4xI0,/work/ht203/repo/speech/reports/neuroprobe_stage0_l2_neuralset_2026_05_06/L.2.R4xI0/sub7_trial0
7,0,speech,0,-0.0,1.0,1.0,0.5411428571428571,1.0,0.5384822857142857,2,3108,1750,243712,train_set_fixed,149.22808170318604,L.2.R4xI0,/work/ht203/repo/speech/reports/neuroprobe_stage0_l2_neuralset_2026_05_06/L.2.R4xI0/sub7_trial0
7,0,volume,0,-0.0,1.0,1.0,0.3499142367066895,1.0,0.528340134573346,3,3498,1749,243712,train_set_fixed,212.59042191505432,L.2.R4xI0,/work/ht203/repo/speech/reports/neuroprobe_stage0_l2_neuralset_2026_05_06/L.2.R4xI0/sub7_trial0
7,0,delta_volume,0,-0.0,1.0,1.0,0.4139508290451686,1.0,0.5780311121179758,3,3498,1749,243712,train_set_fixed,203.8791265487671,L.2.R4xI0,/work/ht203/repo/speech/reports/neuroprobe_stage0_l2_neuralset_2026_05_06/L.2.R4xI0/sub7_trial0
7,0,pitch,0,-0.0,1.0,1.0,0.3350485991995426,1.0,0.4918581262314069,3,3498,1749,243712,train_set_fixed,202.97693037986755,L.2.R4xI0,/work/ht203/repo/speech/reports/neuroprobe_stage0_l2_neuralset_2026_05_06/L.2.R4xI0/sub7_trial0
7,0,word_index,0,-0.0,1.0,1.0,0.425385934819897,1.0,0.6091638250526888,3,3117,1749,243712,train_set_fixed,181.4821286201477,L.2.R4xI0,/work/ht203/repo/speech/reports/neuroprobe_stage0_l2_neuralset_2026_05_06/L.2.R4xI0/sub7_trial0
7,0,word_gap,0,-0.0,1.0,1.0,0.3178959405374499,1.0,0.4932117544257095,3,3498,1749,243712,train_set_fixed,209.05587530136108,L.2.R4xI0,/work/ht203/repo/speech/reports/neuroprobe_stage0_l2_neuralset_2026_05_06/L.2.R4xI0/sub7_trial0
7,0,gpt2_surprisal,0,-0.0,1.0,1.0,0.3716409376786735,1.0,0.5520162464804687,3,3498,1749,243712,train_set_fixed,218.4207742214203,L.2.R4xI0,/work/ht203/repo/speech/reports/neuroprobe_stage0_l2_neuralset_2026_05_06/L.2.R4xI0/sub7_trial0
7,0,word_head_pos,0,-0.0,1.0,1.0,0.5171428571428571,1.0,0.5319402448979591,2,3500,1750,243712,train_set_fixed,175.960857629776,L.2.R4xI0,/work/ht203/repo/speech/reports/neuroprobe_stage0_l2_neuralset_2026_05_06/L.2.R4xI0/sub7_trial0
7,0,word_part_speech,0,-0.0,1.0,1.0,0.1869639794168096,1.0,0.5329505864231944,6,3234,1749,243712,train_set_fixed,198.9480128288269,L.2.R4xI0,/work/ht203/repo/speech/reports/neuroprobe_stage0_l2_neuralset_2026_05_06/L.2.R4xI0/sub7_trial0
7,0,word_length,0,-0.0,1.0,1.0,0.3544882790165809,1.0,0.5207798232167953,3,3498,1749,243712,train_set_fixed,246.83709812164307,L.2.R4xI0,/work/ht203/repo/speech/reports/neuroprobe_stage0_l2_neuralset_2026_05_06/L.2.R4xI0/sub7_trial0
7,0,global_flow,0,-0.0,1.0,1.0,0.3767867352773013,1.0,0.5420610356126069,3,3498,1749,243712,train_set_fixed,224.29494786262512,L.2.R4xI0,/work/ht203/repo/speech/reports/neuroprobe_stage0_l2_neuralset_2026_05_06/L.2.R4xI0/sub7_trial0
7,0,local_flow,0,-0.0,1.0,1.0,0.3390508862206975,1.0,0.5100277835803259,3,3498,1749,243712,train_set_fixed,221.47313785552976,L.2.R4xI0,/work/ht203/repo/speech/reports/neuroprobe_stage0_l2_neuralset_2026_05_06/L.2.R4xI0/sub7_trial0
7,0,frame_brightness,0,-0.0,1.0,1.0,0.3218982275586049,1.0,0.4895169207201959,3,3498,1749,243712,train_set_fixed,215.44001412391663,L.2.R4xI0,/work/ht203/repo/speech/reports/neuroprobe_stage0_l2_neuralset_2026_05_06/L.2.R4xI0/sub7_trial0
7,0,face_num,0,-0.0,1.0,1.0,0.3241852487135506,1.0,0.4959584844856213,3,3498,1749,243712,train_set_fixed,216.00169205665588,L.2.R4xI0,/work/ht203/repo/speech/reports/neuroprobe_stage0_l2_neuralset_2026_05_06/L.2.R4xI0/sub7_trial0
7,1,onset,0,-0.0,1.0,1.0,0.6107660455486542,1.0,0.6650871594589446,2,3500,1449,243712,train_set_fixed,341.2553143501282,L.2.R4xI0,/work/ht203/repo/speech/reports/neuroprobe_stage0_l2_neuralset_2026_05_06/L.2.R4xI0/sub7_trial1
7,1,speech,0,-0.0,1.0,1.0,0.4967824967824968,1.0,0.5179919301540923,2,3500,1554,243712,train_set_fixed,310.53675174713135,L.2.R4xI0,/work/ht203/repo/speech/reports/neuroprobe_stage0_l2_neuralset_2026_05_06/L.2.R4xI0/sub7_trial1
7,1,volume,0,-0.0,1.0,1.0,0.3316180674671241,1.0,0.5087388823998423,3,3498,1749,243712,train_set_fixed,425.766706943512,L.2.R4xI0,/work/ht203/repo/speech/reports/neuroprobe_stage0_l2_neuralset_2026_05_06/L.2.R4xI0/sub7_trial1
7,1,delta_volume,0,-0.0,1.0,1.0,0.4065180102915952,1.0,0.5822378776600596,3,3498,1749,243712,train_set_fixed,397.69665026664734,L.2.R4xI0,/work/ht203/repo/speech/reports/neuroprobe_stage0_l2_neuralset_2026_05_06/L.2.R4xI0/sub7_trial1
7,1,pitch,0,-0.0,1.0,1.0,0.335620354488279,1.0,0.5095119288944332,3,3498,1749,243712,train_set_fixed,417.980420589447,L.2.R4xI0,/work/ht203/repo/speech/reports/neuroprobe_stage0_l2_neuralset_2026_05_06/L.2.R4xI0/sub7_trial1
7,1,word_index,0,-0.0,1.0,1.0,0.4387427838357922,1.0,0.6086962966085426,3,3498,1559,243712,train_set_fixed,400.26953291893005,L.2.R4xI0,/work/ht203/repo/speech/reports/neuroprobe_stage0_l2_neuralset_2026_05_06/L.2.R4xI0/sub7_trial1
7,1,word_gap,0,-0.0,1.0,1.0,0.353344768439108,1.0,0.5226372923709407,3,3498,1749,243712,train_set_fixed,407.598507642746,L.2.R4xI0,/work/ht203/repo/speech/reports/neuroprobe_stage0_l2_neuralset_2026_05_06/L.2.R4xI0/sub7_trial1
7,1,gpt2_surprisal,0,-0.0,1.0,1.0,0.3882218410520297,1.0,0.5526287013309247,3,3498,1749,243712,train_set_fixed,415.1011047363281,L.2.R4xI0,/work/ht203/repo/speech/reports/neuroprobe_stage0_l2_neuralset_2026_05_06/L.2.R4xI0/sub7_trial1
7,1,word_head_pos,0,-0.0,1.0,1.0,0.5342857142857143,1.0,0.5587438367346939,2,3500,1750,243712,train_set_fixed,326.4847483634949,L.2.R4xI0,/work/ht203/repo/speech/reports/neuroprobe_stage0_l2_neuralset_2026_05_06/L.2.R4xI0/sub7_trial1
7,1,word_part_speech,0,-0.0,1.0,1.0,0.1923314780457637,1.0,0.5332876432753745,6,3498,1617,243712,train_set_fixed,422.9924924373626,L.2.R4xI0,/work/ht203/repo/speech/reports/neuroprobe_stage0_l2_neuralset_2026_05_06/L.2.R4xI0/sub7_trial1
7,1,word_length,0,-0.0,1.0,1.0,0.3522012578616352,1.0,0.5207280906413564,3,3498,1749,243712,train_set_fixed,443.8449411392212,L.2.R4xI0,/work/ht203/repo/speech/reports/neuroprobe_stage0_l2_neuralset_2026_05_06/L.2.R4xI0/sub7_trial1
7,1,global_flow,0,-0.0,1.0,1.0,0.3413379073756432,1.0,0.5150985566856631,3,3498,1749,243712,train_set_fixed,429.34165024757385,L.2.R4xI0,/work/ht203/repo/speech/reports/neuroprobe_stage0_l2_neuralset_2026_05_06/L.2.R4xI0/sub7_trial1
7,1,local_flow,0,-0.0,1.0,1.0,0.3550600343053173,1.0,0.5242233493875942,3,3498,1749,243712,train_set_fixed,432.90217781066895,L.2.R4xI0,/work/ht203/repo/speech/reports/neuroprobe_stage0_l2_neuralset_2026_05_06/L.2.R4xI0/sub7_trial1
7,1,frame_brightness,0,-0.0,1.0,1.0,0.2933104631217839,1.0,0.4646063371669378,3,3498,1749,243712,train_set_fixed,416.9888470172882,L.2.R4xI0,/work/ht203/repo/speech/reports/neuroprobe_stage0_l2_neuralset_2026_05_06/L.2.R4xI0/sub7_trial1
7,1,face_num,0,-0.0,1.0,1.0,0.3156089193825043,1.0,0.4765474905042528,3,3498,1749,243712,train_set_fixed,439.0936524868012,L.2.R4xI0,/work/ht203/repo/speech/reports/neuroprobe_stage0_l2_neuralset_2026_05_06/L.2.R4xI0/sub7_trial1
10,0,onset,0,0.0,1.0,1.0,0.7628243814121907,1.0,0.909088127829933,2,3500,1657,77520,train_set_fixed,148.19790506362915,L.2.R4xI2,/work/ht203/repo/speech/reports/neuroprobe_stage0_l2_neuralset_2026_05_06/L.2.R4xI2/sub10_trial0
10,0,speech,0,0.0,1.0,1.0,0.6971428571428572,1.0,0.8431898775510204,2,3500,1750,77520,train_set_fixed,146.0985972881317,L.2.R4xI2,/work/ht203/repo/speech/reports/neuroprobe_stage0_l2_neuralset_2026_05_06/L.2.R4xI2/sub10_trial0
10,0,volume,0,0.0,1.0,1.0,0.3396226415094339,1.0,0.5148224861646007,3,3498,1749,77520,train_set_fixed,149.93472051620483,L.2.R4xI2,/work/ht203/repo/speech/reports/neuroprobe_stage0_l2_neuralset_2026_05_06/L.2.R4xI2/sub10_trial0
10,0,delta_volume,0,0.0,1.0,1.0,0.3939393939393939,1.0,0.5781009878715306,3,3498,1749,77520,train_set_fixed,144.43027138710022,L.2.R4xI2,/work/ht203/repo/speech/reports/neuroprobe_stage0_l2_neuralset_2026_05_06/L.2.R4xI2/sub10_trial0
10,0,pitch,0,0.0,1.0,1.0,0.3441966838193253,1.0,0.5219100941778051,3,3498,1749,77520,train_set_fixed,138.21523642539978,L.2.R4xI2,/work/ht203/repo/speech/reports/neuroprobe_stage0_l2_neuralset_2026_05_06/L.2.R4xI2/sub10_trial0
10,0,word_index,0,0.0,1.0,1.0,0.4705546026300743,1.0,0.679308048608026,3,3498,1749,77520,train_set_fixed,147.91798496246338,L.2.R4xI2,/work/ht203/repo/speech/reports/neuroprobe_stage0_l2_neuralset_2026_05_06/L.2.R4xI2/sub10_trial0
10,0,word_gap,0,0.0,1.0,1.0,0.3716409376786735,1.0,0.5536258405930563,3,3498,1749,77520,train_set_fixed,141.0434513092041,L.2.R4xI2,/work/ht203/repo/speech/reports/neuroprobe_stage0_l2_neuralset_2026_05_06/L.2.R4xI2/sub10_trial0
10,0,gpt2_surprisal,0,0.0,1.0,1.0,0.3562035448827901,1.0,0.5421220849551863,3,3498,1749,77520,train_set_fixed,140.42025518417358,L.2.R4xI2,/work/ht203/repo/speech/reports/neuroprobe_stage0_l2_neuralset_2026_05_06/L.2.R4xI2/sub10_trial0
10,0,word_head_pos,0,0.0,1.0,1.0,0.5245714285714286,1.0,0.5477381224489796,2,3500,1750,77520,train_set_fixed,141.10024118423462,L.2.R4xI2,/work/ht203/repo/speech/reports/neuroprobe_stage0_l2_neuralset_2026_05_06/L.2.R4xI2/sub10_trial0
10,0,word_part_speech,0,0.0,1.0,1.0,0.1912144702842377,1.0,0.5321870680848507,6,3498,1548,77520,train_set_fixed,131.58887434005737,L.2.R4xI2,/work/ht203/repo/speech/reports/neuroprobe_stage0_l2_neuralset_2026_05_06/L.2.R4xI2/sub10_trial0
10,0,word_length,0,0.0,1.0,1.0,0.3699256718124643,1.0,0.5483574539531042,3,3498,1749,77520,train_set_fixed,132.26056504249573,L.2.R4xI2,/work/ht203/repo/speech/reports/neuroprobe_stage0_l2_neuralset_2026_05_06/L.2.R4xI2/sub10_trial0
10,0,global_flow,0,0.0,1.0,1.0,0.3156089193825043,1.0,0.4806716310324841,3,3498,1749,77520,train_set_fixed,137.66667890548706,L.2.R4xI2,/work/ht203/repo/speech/reports/neuroprobe_stage0_l2_neuralset_2026_05_06/L.2.R4xI2/sub10_trial0
10,0,local_flow,0,0.0,1.0,1.0,0.3419096626643796,1.0,0.5160547512079924,3,3498,1749,77520,train_set_fixed,135.0418198108673,L.2.R4xI2,/work/ht203/repo/speech/reports/neuroprobe_stage0_l2_neuralset_2026_05_06/L.2.R4xI2/sub10_trial0
10,0,frame_brightness,0,0.0,1.0,1.0,0.2492853058890794,1.0,0.3968339663831428,3,3498,1749,77520,train_set_fixed,136.47531628608704,L.2.R4xI2,/work/ht203/repo/speech/reports/neuroprobe_stage0_l2_neuralset_2026_05_06/L.2.R4xI2/sub10_trial0
10,0,face_num,0,0.0,1.0,1.0,0.2790165809033733,1.0,0.4376418968153328,3,3498,1749,77520,train_set_fixed,131.0429813861847,L.2.R4xI2,/work/ht203/repo/speech/reports/neuroprobe_stage0_l2_neuralset_2026_05_06/L.2.R4xI2/sub10_trial0
10,1,onset,0,-0.0,1.0,1.0,0.8571428571428571,1.0,0.9336568163265306,2,3314,1750,77520,train_set_fixed,444.83826303482056,L.2.R4xI2,/work/ht203/repo/speech/reports/neuroprobe_stage0_l2_neuralset_2026_05_06/L.2.R4xI2/sub10_trial1
10,1,speech,0,-0.0,1.0,1.0,0.82,1.0,0.9065521632653062,2,3500,1750,77520,train_set_fixed,451.6382911205292,L.2.R4xI2,/work/ht203/repo/speech/reports/neuroprobe_stage0_l2_neuralset_2026_05_06/L.2.R4xI2/sub10_trial1
10,1,volume,0,-0.0,1.0,1.0,0.4568324757004002,1.0,0.6302204543247943,3,3498,1749,77520,train_set_fixed,452.5628728866577,L.2.R4xI2,/work/ht203/repo/speech/reports/neuroprobe_stage0_l2_neuralset_2026_05_06/L.2.R4xI2/sub10_trial1
10,1,delta_volume,0,-0.0,1.0,1.0,0.4522584333905088,1.0,0.6510757923910453,3,3498,1749,77520,train_set_fixed,420.9537978172302,L.2.R4xI2,/work/ht203/repo/speech/reports/neuroprobe_stage0_l2_neuralset_2026_05_06/L.2.R4xI2/sub10_trial1
10,1,pitch,0,-0.0,1.0,1.0,0.3762149799885649,1.0,0.5504650047515511,3,3498,1749,77520,train_set_fixed,383.4241511821747,L.2.R4xI2,/work/ht203/repo/speech/reports/neuroprobe_stage0_l2_neuralset_2026_05_06/L.2.R4xI2/sub10_trial1
10,1,word_index,0,-0.0,1.0,1.0,0.4997141223556318,1.0,0.7107830301461164,3,3498,1749,77520,train_set_fixed,380.09773302078247,L.2.R4xI2,/work/ht203/repo/speech/reports/neuroprobe_stage0_l2_neuralset_2026_05_06/L.2.R4xI2/sub10_trial1
10,1,word_gap,0,-0.0,1.0,1.0,0.385934819897084,1.0,0.5709015786526385,3,3498,1749,77520,train_set_fixed,390.030535697937,L.2.R4xI2,/work/ht203/repo/speech/reports/neuroprobe_stage0_l2_neuralset_2026_05_06/L.2.R4xI2/sub10_trial1
10,1,gpt2_surprisal,0,-0.0,1.0,1.0,0.3493424814179531,1.0,0.5228898257960687,3,3498,1749,77520,train_set_fixed,388.77023100852966,L.2.R4xI2,/work/ht203/repo/speech/reports/neuroprobe_stage0_l2_neuralset_2026_05_06/L.2.R4xI2/sub10_trial1
10,1,word_head_pos,0,-0.0,1.0,0.9997142857142856,0.5354285714285715,1.0,0.5575262040816327,2,3500,1750,77520,train_set_fixed,409.6261856555939,L.2.R4xI2,/work/ht203/repo/speech/reports/neuroprobe_stage0_l2_neuralset_2026_05_06/L.2.R4xI2/sub10_trial1
10,1,word_part_speech,0,-0.0,1.0,1.0,0.1995425957690108,1.0,0.5330994484989943,6,3096,1749,77520,train_set_fixed,373.7874095439911,L.2.R4xI2,/work/ht203/repo/speech/reports/neuroprobe_stage0_l2_neuralset_2026_05_06/L.2.R4xI2/sub10_trial1
10,1,word_length,0,-0.0,1.0,1.0,0.3739279588336192,1.0,0.5551479061301385,3,3498,1749,77520,train_set_fixed,393.8405692577362,L.2.R4xI2,/work/ht203/repo/speech/reports/neuroprobe_stage0_l2_neuralset_2026_05_06/L.2.R4xI2/sub10_trial1
10,1,global_flow,0,-0.0,1.0,1.0,0.3865065751858205,1.0,0.5588731419179006,3,3498,1749,77520,train_set_fixed,367.55462551116943,L.2.R4xI2,/work/ht203/repo/speech/reports/neuroprobe_stage0_l2_neuralset_2026_05_06/L.2.R4xI2/sub10_trial1
10,1,local_flow,0,-0.0,1.0,1.0,0.3447684391080617,1.0,0.5039385407196663,3,3498,1749,77520,train_set_fixed,382.8192603588104,L.2.R4xI2,/work/ht203/repo/speech/reports/neuroprobe_stage0_l2_neuralset_2026_05_06/L.2.R4xI2/sub10_trial1
10,1,frame_brightness,0,-0.0,1.0,1.0,0.3767867352773013,1.0,0.5630377368297689,3,3498,1749,77520,train_set_fixed,376.52114486694336,L.2.R4xI2,/work/ht203/repo/speech/reports/neuroprobe_stage0_l2_neuralset_2026_05_06/L.2.R4xI2/sub10_trial1
10,1,face_num,0,-0.0,1.0,1.0,0.3413379073756432,1.0,0.4957765623482961,3,3498,1749,77520,train_set_fixed,354.7871479988098,L.2.R4xI2,/work/ht203/repo/speech/reports/neuroprobe_stage0_l2_neuralset_2026_05_06/L.2.R4xI2/sub10_trial1
1,1,onset,0,-0.0,1.0,1.0,0.8200382897255903,1.0,0.8581235176062763,2,2916,1567,77520,train_set_fixed,168.44872307777405,L.2.R4xI2,/work/ht203/repo/speech/reports/neuroprobe_stage0_l2_neuralset_2026_05_06/L.2.R4xI2/sub1_trial1
1,1,speech,0,-0.0,1.0,1.0,0.8245714285714286,1.0,0.8897554285714286,2,3500,1750,77520,train_set_fixed,139.66863203048706,L.2.R4xI2,/work/ht203/repo/speech/reports/neuroprobe_stage0_l2_neuralset_2026_05_06/L.2.R4xI2/sub1_trial1
1,1,volume,0,-0.0,1.0,1.0,0.440251572327044,1.0,0.6756181184641652,3,3498,1749,77520,train_set_fixed,141.26077604293823,L.2.R4xI2,/work/ht203/repo/speech/reports/neuroprobe_stage0_l2_neuralset_2026_05_06/L.2.R4xI2/sub1_trial1
1,1,delta_volume,0,-0.0,1.0,1.0,0.4642652944539737,1.0,0.6733009404050537,3,3498,1749,77520,train_set_fixed,143.3482105731964,L.2.R4xI2,/work/ht203/repo/speech/reports/neuroprobe_stage0_l2_neuralset_2026_05_06/L.2.R4xI2/sub1_trial1
1,1,pitch,0,-0.0,1.0,1.0,0.4139508290451686,1.0,0.5937982694350215,3,3498,1749,77520,train_set_fixed,151.26084852218628,L.2.R4xI2,/work/ht203/repo/speech/reports/neuroprobe_stage0_l2_neuralset_2026_05_06/L.2.R4xI2/sub1_trial1
1,1,word_index,0,-0.0,1.0,1.0,0.4779369627507163,1.0,0.6526354761498668,3,3060,1745,77520,train_set_fixed,138.05053091049194,L.2.R4xI2,/work/ht203/repo/speech/reports/neuroprobe_stage0_l2_neuralset_2026_05_06/L.2.R4xI2/sub1_trial1
1,1,word_gap,0,-0.0,1.0,1.0,0.3687821612349914,1.0,0.5297302943019632,3,3498,1749,77520,train_set_fixed,155.04448890686035,L.2.R4xI2,/work/ht203/repo/speech/reports/neuroprobe_stage0_l2_neuralset_2026_05_06/L.2.R4xI2/sub1_trial1
1,1,gpt2_surprisal,0,-0.0,1.0,1.0,0.3670668953687822,1.0,0.5398502648413649,3,3498,1749,77520,train_set_fixed,153.0578145980835,L.2.R4xI2,/work/ht203/repo/speech/reports/neuroprobe_stage0_l2_neuralset_2026_05_06/L.2.R4xI2/sub1_trial1
1,1,word_head_pos,0,-0.0,1.0,1.0,0.548,1.0,0.5685603265306123,2,3500,1750,77520,train_set_fixed,189.81824254989624,L.2.R4xI2,/work/ht203/repo/speech/reports/neuroprobe_stage0_l2_neuralset_2026_05_06/L.2.R4xI2/sub1_trial1
1,1,word_part_speech,0,-0.0,1.0,1.0,0.1797556719022687,1.0,0.5290196319349996,6,2760,1719,77520,train_set_fixed,160.69724917411804,L.2.R4xI2,/work/ht203/repo/speech/reports/neuroprobe_stage0_l2_neuralset_2026_05_06/L.2.R4xI2/sub1_trial1
1,1,word_length,0,-0.0,1.0,1.0,0.3384791309319611,1.0,0.529399794246553,3,3498,1749,77520,train_set_fixed,167.09809494018555,L.2.R4xI2,/work/ht203/repo/speech/reports/neuroprobe_stage0_l2_neuralset_2026_05_06/L.2.R4xI2/sub1_trial1
1,1,global_flow,0,-0.0,1.0,1.0,0.3842195540308747,1.0,0.571937210873746,3,3498,1749,77520,train_set_fixed,153.84231567382812,L.2.R4xI2,/work/ht203/repo/speech/reports/neuroprobe_stage0_l2_neuralset_2026_05_06/L.2.R4xI2/sub1_trial1
1,1,local_flow,0,-0.0,1.0,1.0,0.3733562035448828,1.0,0.5383281993042828,3,3498,1749,77520,train_set_fixed,158.96905303001404,L.2.R4xI2,/work/ht203/repo/speech/reports/neuroprobe_stage0_l2_neuralset_2026_05_06/L.2.R4xI2/sub1_trial1
1,1,frame_brightness,0,-0.0,1.0,1.0,0.3241852487135506,1.0,0.4873669541134507,3,3498,1749,77520,train_set_fixed,150.2482509613037,L.2.R4xI2,/work/ht203/repo/speech/reports/neuroprobe_stage0_l2_neuralset_2026_05_06/L.2.R4xI2/sub1_trial1
1,1,face_num,0,-0.0,1.0,1.0,0.3687821612349914,1.0,0.5478729820617908,3,3498,1749,77520,train_set_fixed,148.9575047492981,L.2.R4xI2,/work/ht203/repo/speech/reports/neuroprobe_stage0_l2_neuralset_2026_05_06/L.2.R4xI2/sub1_trial1
1,2,onset,0,0.0,1.0,1.0,0.8717421124828533,1.0,0.9577958795049686,2,3134,1458,77520,train_set_fixed,275.3474490642548,L.2.R4xI2,/work/ht203/repo/speech/reports/neuroprobe_stage0_l2_neuralset_2026_05_06/L.2.R4xI2/sub1_trial2
1,2,speech,0,0.0,1.0,1.0,0.9062857142857144,1.0,0.9795565714285714,2,3500,1750,77520,train_set_fixed,205.66581439971924,L.2.R4xI2,/work/ht203/repo/speech/reports/neuroprobe_stage0_l2_neuralset_2026_05_06/L.2.R4xI2/sub1_trial2
1,2,volume,0,0.0,1.0,1.0,0.457975986277873,1.0,0.6471946233427188,3,3498,1749,77520,train_set_fixed,246.99294471740723,L.2.R4xI2,/work/ht203/repo/speech/reports/neuroprobe_stage0_l2_neuralset_2026_05_06/L.2.R4xI2/sub1_trial2
1,2,delta_volume,0,0.0,1.0,1.0,0.4288164665523156,1.0,0.6195708991268717,3,3498,1749,77520,train_set_fixed,240.7274076938629,L.2.R4xI2,/work/ht203/repo/speech/reports/neuroprobe_stage0_l2_neuralset_2026_05_06/L.2.R4xI2/sub1_trial2
1,2,pitch,0,0.0,1.0,1.0,0.3950829045168668,1.0,0.5691936681289088,3,3498,1749,77520,train_set_fixed,162.6640944480896,L.2.R4xI2,/work/ht203/repo/speech/reports/neuroprobe_stage0_l2_neuralset_2026_05_06/L.2.R4xI2/sub1_trial2
1,2,word_index,0,0.0,1.0,1.0,0.403921568627451,1.0,0.5960124311162374,3,3489,1530,77520,train_set_fixed,171.95728015899658,L.2.R4xI2,/work/ht203/repo/speech/reports/neuroprobe_stage0_l2_neuralset_2026_05_06/L.2.R4xI2/sub1_trial2
1,2,word_gap,0,0.0,1.0,1.0,0.3373356203544883,1.0,0.5150858074253652,3,3498,1749,77520,train_set_fixed,171.87973594665527,L.2.R4xI2,/work/ht203/repo/speech/reports/neuroprobe_stage0_l2_neuralset_2026_05_06/L.2.R4xI2/sub1_trial2
1,2,gpt2_surprisal,0,0.0,1.0,1.0,0.3636363636363636,1.0,0.5237347094688757,3,3498,1749,77520,train_set_fixed,153.37077283859253,L.2.R4xI2,/work/ht203/repo/speech/reports/neuroprobe_stage0_l2_neuralset_2026_05_06/L.2.R4xI2/sub1_trial2
1,2,word_head_pos,0,0.0,1.0,1.0,0.5748571428571428,1.0,0.5947258775510205,2,3500,1750,77520,train_set_fixed,144.4307816028595,L.2.R4xI2,/work/ht203/repo/speech/reports/neuroprobe_stage0_l2_neuralset_2026_05_06/L.2.R4xI2/sub1_trial2
1,2,word_part_speech,0,0.0,1.0,1.0,0.1876811594202898,1.0,0.5274057971014493,6,3438,1380,77520,train_set_fixed,144.45198512077332,L.2.R4xI2,/work/ht203/repo/speech/reports/neuroprobe_stage0_l2_neuralset_2026_05_06/L.2.R4xI2/sub1_trial2
1,2,word_length,0,0.0,1.0,1.0,0.3807890222984562,1.0,0.5515182897946094,3,3498,1749,77520,train_set_fixed,153.22599983215332,L.2.R4xI2,/work/ht203/repo/speech/reports/neuroprobe_stage0_l2_neuralset_2026_05_06/L.2.R4xI2/sub1_trial2
1,2,global_flow,0,0.0,1.0,1.0,0.4036592338479131,1.0,0.5935555431331992,3,3498,1749,77520,train_set_fixed,150.50838088989258,L.2.R4xI2,/work/ht203/repo/speech/reports/neuroprobe_stage0_l2_neuralset_2026_05_06/L.2.R4xI2/sub1_trial2
1,2,local_flow,0,0.0,1.0,1.0,0.3870783304745568,1.0,0.5617392737040622,3,3498,1749,77520,train_set_fixed,148.1252987384796,L.2.R4xI2,/work/ht203/repo/speech/reports/neuroprobe_stage0_l2_neuralset_2026_05_06/L.2.R4xI2/sub1_trial2
1,2,frame_brightness,0,0.0,1.0,1.0,0.3401943967981704,1.0,0.522850597302845,3,3498,1749,77520,train_set_fixed,143.74739933013916,L.2.R4xI2,/work/ht203/repo/speech/reports/neuroprobe_stage0_l2_neuralset_2026_05_06/L.2.R4xI2/sub1_trial2
1,2,face_num,0,0.0,1.0,0.9997141223556318,0.3813607775871926,1.0,0.5496627820651252,3,3498,1749,77520,train_set_fixed,152.03308129310608,L.2.R4xI2,/work/ht203/repo/speech/reports/neuroprobe_stage0_l2_neuralset_2026_05_06/L.2.R4xI2/sub1_trial2
2,0,onset,0,-0.0,1.0,1.0,0.8167300380228137,1.0,0.9416940778059986,2,2992,1315,76874,train_set_fixed,159.0548975467682,L.2.R4xI2,/work/ht203/repo/speech/reports/neuroprobe_stage0_l2_neuralset_2026_05_06/L.2.R4xI2/sub2_trial0
2,0,speech,0,-0.0,1.0,1.0,0.7571428571428571,1.0,0.9519934693877552,2,3500,1750,76874,train_set_fixed,410.2234399318695,L.2.R4xI2,/work/ht203/repo/speech/reports/neuroprobe_stage0_l2_neuralset_2026_05_06/L.2.R4xI2/sub2_trial0
2,0,volume,0,-0.0,1.0,1.0,0.4065180102915952,1.0,0.613290907717912,3,3498,1749,76874,train_set_fixed,384.12577390670776,L.2.R4xI2,/work/ht203/repo/speech/reports/neuroprobe_stage0_l2_neuralset_2026_05_06/L.2.R4xI2/sub2_trial0
2,0,delta_volume,0,-0.0,1.0,1.0,0.4539736992567181,1.0,0.6853722833042551,3,3498,1749,76874,train_set_fixed,369.6244502067566,L.2.R4xI2,/work/ht203/repo/speech/reports/neuroprobe_stage0_l2_neuralset_2026_05_06/L.2.R4xI2/sub2_trial0
2,0,pitch,0,-0.0,1.0,1.0,0.3447684391080617,1.0,0.5626116173221257,3,3498,1749,76874,train_set_fixed,303.12155532836914,L.2.R4xI2,/work/ht203/repo/speech/reports/neuroprobe_stage0_l2_neuralset_2026_05_06/L.2.R4xI2/sub2_trial0
2,0,word_index,0,-0.0,1.0,1.0,0.5533845080251221,1.0,0.7632931676777313,3,3192,1433,76874,train_set_fixed,226.70375442504883,L.2.R4xI2,/work/ht203/repo/speech/reports/neuroprobe_stage0_l2_neuralset_2026_05_06/L.2.R4xI2/sub2_trial0
2,0,word_gap,0,-0.0,1.0,1.0,0.3876811594202898,1.0,0.5683712717916404,3,3498,1656,76874,train_set_fixed,267.97040462493896,L.2.R4xI2,/work/ht203/repo/speech/reports/neuroprobe_stage0_l2_neuralset_2026_05_06/L.2.R4xI2/sub2_trial0
2,0,gpt2_surprisal,0,-0.0,1.0,1.0,0.41852487135506,1.0,0.5986111151974125,3,3498,1749,76874,train_set_fixed,288.6030411720276,L.2.R4xI2,/work/ht203/repo/speech/reports/neuroprobe_stage0_l2_neuralset_2026_05_06/L.2.R4xI2/sub2_trial0
2,0,word_head_pos,0,-0.0,1.0,1.0,0.52,1.0,0.6115696326530613,2,3500,1750,76874,train_set_fixed,224.4230690002441,L.2.R4xI2,/work/ht203/repo/speech/reports/neuroprobe_stage0_l2_neuralset_2026_05_06/L.2.R4xI2/sub2_trial0
2,0,word_part_speech,0,-0.0,1.0,1.0,0.2028985507246377,1.0,0.5608508585381222,6,2346,1104,76874,train_set_fixed,193.3696711063385,L.2.R4xI2,/work/ht203/repo/speech/reports/neuroprobe_stage0_l2_neuralset_2026_05_06/L.2.R4xI2/sub2_trial0
2,0,word_length,0,-0.0,1.0,1.0,0.3459119496855345,1.0,0.6219697214875052,3,3498,1749,76874,train_set_fixed,368.7810306549072,L.2.R4xI2,/work/ht203/repo/speech/reports/neuroprobe_stage0_l2_neuralset_2026_05_06/L.2.R4xI2/sub2_trial0
2,0,global_flow,0,-0.0,1.0,1.0,0.3504859919954259,1.0,0.572871339368637,3,3498,1749,76874,train_set_fixed,216.0533890724182,L.2.R4xI2,/work/ht203/repo/speech/reports/neuroprobe_stage0_l2_neuralset_2026_05_06/L.2.R4xI2/sub2_trial0
2,0,local_flow,0,-0.0,1.0,1.0,0.3636363636363636,1.0,0.5411889371726261,3,3498,1749,76874,train_set_fixed,263.69290685653687,L.2.R4xI2,/work/ht203/repo/speech/reports/neuroprobe_stage0_l2_neuralset_2026_05_06/L.2.R4xI2/sub2_trial0
2,0,frame_brightness,0,-0.0,1.0,1.0,0.3664951400800457,1.0,0.5496421871061826,3,3498,1749,76874,train_set_fixed,250.18584942817688,L.2.R4xI2,/work/ht203/repo/speech/reports/neuroprobe_stage0_l2_neuralset_2026_05_06/L.2.R4xI2/sub2_trial0
2,0,face_num,0,-0.0,1.0,1.0,0.3762149799885649,1.0,0.5392706638539838,3,2988,1749,76874,train_set_fixed,250.23060536384585,L.2.R4xI2,/work/ht203/repo/speech/reports/neuroprobe_stage0_l2_neuralset_2026_05_06/L.2.R4xI2/sub2_trial0
2,4,onset,0,-0.0,1.0,1.0,0.5862299465240641,1.0,0.9427242700677744,2,2630,1496,76874,train_set_fixed,344.6592302322388,L.2.R4xI2,/work/ht203/repo/speech/reports/neuroprobe_stage0_l2_neuralset_2026_05_06/L.2.R4xI2/sub2_trial4
2,4,speech,0,-0.0,1.0,1.0,0.6034285714285714,1.0,0.945408,2,3500,1750,76874,train_set_fixed,399.0171639919281,L.2.R4xI2,/work/ht203/repo/speech/reports/neuroprobe_stage0_l2_neuralset_2026_05_06/L.2.R4xI2/sub2_trial4
2,4,volume,0,-0.0,1.0,1.0,0.4145225843339051,1.0,0.6258611880153031,3,3498,1749,76874,train_set_fixed,430.9560253620148,L.2.R4xI2,/work/ht203/repo/speech/reports/neuroprobe_stage0_l2_neuralset_2026_05_06/L.2.R4xI2/sub2_trial4
2,4,delta_volume,0,-0.0,1.0,1.0,0.4528301886792453,1.0,0.6423773643748399,3,3498,1749,76874,train_set_fixed,287.980229139328,L.2.R4xI2,/work/ht203/repo/speech/reports/neuroprobe_stage0_l2_neuralset_2026_05_06/L.2.R4xI2/sub2_trial4
2,4,pitch,0,-0.0,1.0,1.0,0.3590623213264722,1.0,0.55157296450704,3,3498,1749,76874,train_set_fixed,296.01342606544495,L.2.R4xI2,/work/ht203/repo/speech/reports/neuroprobe_stage0_l2_neuralset_2026_05_06/L.2.R4xI2/sub2_trial4
2,4,word_index,0,-0.0,1.0,1.0,0.4317042606516291,1.0,0.7037892546215162,3,2865,1596,76874,train_set_fixed,236.32251381874084,L.2.R4xI2,/work/ht203/repo/speech/reports/neuroprobe_stage0_l2_neuralset_2026_05_06/L.2.R4xI2/sub2_trial4
2,4,word_gap,0,-0.0,1.0,1.0,0.3361921097770154,1.0,0.5317304571002102,3,3312,1749,76874,train_set_fixed,312.3612678050995,L.2.R4xI2,/work/ht203/repo/speech/reports/neuroprobe_stage0_l2_neuralset_2026_05_06/L.2.R4xI2/sub2_trial4
2,4,gpt2_surprisal,0,-0.0,1.0,1.0,0.3893653516295026,1.0,0.5671591803990911,3,3498,1749,76874,train_set_fixed,231.97153186798096,L.2.R4xI2,/work/ht203/repo/speech/reports/neuroprobe_stage0_l2_neuralset_2026_05_06/L.2.R4xI2/sub2_trial4
2,4,word_head_pos,0,-0.0,1.0,1.0,0.5468571428571428,1.0,0.6001753469387755,2,3500,1750,76874,train_set_fixed,328.684264421463,L.2.R4xI2,/work/ht203/repo/speech/reports/neuroprobe_stage0_l2_neuralset_2026_05_06/L.2.R4xI2/sub2_trial4
2,4,word_part_speech,0,-0.0,1.0,1.0,0.1875532821824382,1.0,0.5540005667133373,6,2208,1173,76874,train_set_fixed,218.58475136756897,L.2.R4xI2,/work/ht203/repo/speech/reports/neuroprobe_stage0_l2_neuralset_2026_05_06/L.2.R4xI2/sub2_trial4
2,4,word_length,0,-0.0,1.0,1.0,0.3916523727844482,1.0,0.5897557732083122,3,3498,1749,76874,train_set_fixed,219.43795466423035,L.2.R4xI2,/work/ht203/repo/speech/reports/neuroprobe_stage0_l2_neuralset_2026_05_06/L.2.R4xI2/sub2_trial4
2,4,global_flow,0,-0.0,1.0,1.0,0.3927958833619211,1.0,0.5780325831864718,3,3498,1749,76874,train_set_fixed,249.04950737953183,L.2.R4xI2,/work/ht203/repo/speech/reports/neuroprobe_stage0_l2_neuralset_2026_05_06/L.2.R4xI2/sub2_trial4
2,4,local_flow,0,-0.0,1.0,1.0,0.3510577472841624,1.0,0.5315117582504877,3,3498,1749,76874,train_set_fixed,244.14493465423584,L.2.R4xI2,/work/ht203/repo/speech/reports/neuroprobe_stage0_l2_neuralset_2026_05_06/L.2.R4xI2/sub2_trial4
2,4,frame_brightness,0,-0.0,1.0,1.0,0.3619210977701543,1.0,0.5430949515871358,3,3498,1749,76874,train_set_fixed,287.3287260532379,L.2.R4xI2,/work/ht203/repo/speech/reports/neuroprobe_stage0_l2_neuralset_2026_05_06/L.2.R4xI2/sub2_trial4
2,4,face_num,0,-0.0,1.0,1.0,0.3393574297188755,1.0,0.5073009575114379,3,3498,1494,76874,train_set_fixed,186.64470839500427,L.2.R4xI2,/work/ht203/repo/speech/reports/neuroprobe_stage0_l2_neuralset_2026_05_06/L.2.R4xI2/sub2_trial4
3,0,onset,0,0.0,1.0,1.0,0.896,1.0,0.954113306122449,2,2244,1750,70414,train_set_fixed,114.4076337814331,L.2.R4xI2,/work/ht203/repo/speech/reports/neuroprobe_stage0_l2_neuralset_2026_05_06/L.2.R4xI2/sub3_trial0
3,0,speech,0,0.0,1.0,1.0,0.9234285714285714,1.0,0.9636989387755102,2,3500,1750,70414,train_set_fixed,144.58266067504883,L.2.R4xI2,/work/ht203/repo/speech/reports/neuroprobe_stage0_l2_neuralset_2026_05_06/L.2.R4xI2/sub3_trial0
3,0,volume,0,0.0,1.0,1.0,0.4671240708976558,1.0,0.6552124370014917,3,3498,1749,70414,train_set_fixed,148.3354148864746,L.2.R4xI2,/work/ht203/repo/speech/reports/neuroprobe_stage0_l2_neuralset_2026_05_06/L.2.R4xI2/sub3_trial0
3,0,delta_volume,0,0.0,1.0,1.0,0.4699828473413379,1.0,0.6559465001809414,3,3498,1749,70414,train_set_fixed,152.89060282707214,L.2.R4xI2,/work/ht203/repo/speech/reports/neuroprobe_stage0_l2_neuralset_2026_05_06/L.2.R4xI2/sub3_trial0
3,0,pitch,0,0.0,1.0,1.0,0.3550600343053173,1.0,0.525385738677431,3,3498,1749,70414,train_set_fixed,152.90835642814636,L.2.R4xI2,/work/ht203/repo/speech/reports/neuroprobe_stage0_l2_neuralset_2026_05_06/L.2.R4xI2/sub3_trial0
3,0,word_index,0,0.0,1.0,1.0,0.5220125786163522,1.0,0.7518768382226747,3,2514,1749,70414,train_set_fixed,116.64017844200134,L.2.R4xI2,/work/ht203/repo/speech/reports/neuroprobe_stage0_l2_neuralset_2026_05_06/L.2.R4xI2/sub3_trial0
3,0,word_gap,0,0.0,1.0,1.0,0.3567753001715266,1.0,0.5508754328619049,3,2970,1749,70414,train_set_fixed,126.9235520362854,L.2.R4xI2,/work/ht203/repo/speech/reports/neuroprobe_stage0_l2_neuralset_2026_05_06/L.2.R4xI2/sub3_trial0
3,0,gpt2_surprisal,0,0.0,1.0,1.0,0.385934819897084,1.0,0.5700517914181787,3,3498,1749,70414,train_set_fixed,138.62014150619507,L.2.R4xI2,/work/ht203/repo/speech/reports/neuroprobe_stage0_l2_neuralset_2026_05_06/L.2.R4xI2/sub3_trial0
3,0,word_head_pos,0,0.0,1.0,1.0,0.58,1.0,0.6248097959183674,2,3500,1750,70414,train_set_fixed,154.55094075202942,L.2.R4xI2,/work/ht203/repo/speech/reports/neuroprobe_stage0_l2_neuralset_2026_05_06/L.2.R4xI2/sub3_trial0
3,0,word_part_speech,0,0.0,1.0,1.0,0.2012578616352201,1.0,0.5417216941202326,6,2442,1749,70414,train_set_fixed,118.40675354003906,L.2.R4xI2,/work/ht203/repo/speech/reports/neuroprobe_stage0_l2_neuralset_2026_05_06/L.2.R4xI2/sub3_trial0
3,0,word_length,0,0.0,1.0,1.0,0.4093767867352773,1.0,0.5864595990651851,3,3498,1749,70414,train_set_fixed,146.3689091205597,L.2.R4xI2,/work/ht203/repo/speech/reports/neuroprobe_stage0_l2_neuralset_2026_05_06/L.2.R4xI2/sub3_trial0
3,0,global_flow,0,0.0,1.0,1.0,0.3882218410520297,1.0,0.581221124151316,3,3498,1749,70414,train_set_fixed,140.6777150630951,L.2.R4xI2,/work/ht203/repo/speech/reports/neuroprobe_stage0_l2_neuralset_2026_05_06/L.2.R4xI2/sub3_trial0
3,0,local_flow,0,0.0,1.0,1.0,0.3876500857632933,1.0,0.5765563659508447,3,3498,1749,70414,train_set_fixed,141.4508183002472,L.2.R4xI2,/work/ht203/repo/speech/reports/neuroprobe_stage0_l2_neuralset_2026_05_06/L.2.R4xI2/sub3_trial0
3,0,frame_brightness,0,0.0,1.0,1.0,0.3870783304745568,1.0,0.5646676807232165,3,3498,1749,70414,train_set_fixed,137.9923450946808,L.2.R4xI2,/work/ht203/repo/speech/reports/neuroprobe_stage0_l2_neuralset_2026_05_06/L.2.R4xI2/sub3_trial0
3,0,face_num,0,0.0,1.0,1.0,0.3150371640937678,1.0,0.4834195869828091,3,3498,1749,70414,train_set_fixed,139.18123292922974,L.2.R4xI2,/work/ht203/repo/speech/reports/neuroprobe_stage0_l2_neuralset_2026_05_06/L.2.R4xI2/sub3_trial0
3,1,onset,0,-0.0,1.0,1.0,0.8912655971479501,1.0,0.9516968997937856,2,3500,1122,70414,train_set_fixed,208.5289921760559,L.2.R4xI2,/work/ht203/repo/speech/reports/neuroprobe_stage0_l2_neuralset_2026_05_06/L.2.R4xI2/sub3_trial1
3,1,speech,0,-0.0,1.0,1.0,0.8965714285714286,1.0,0.951879836734694,2,3500,1750,70414,train_set_fixed,165.49833154678345,L.2.R4xI2,/work/ht203/repo/speech/reports/neuroprobe_stage0_l2_neuralset_2026_05_06/L.2.R4xI2/sub3_trial1
3,1,volume,0,-0.0,1.0,1.0,0.4351057747284162,1.0,0.6125965633878511,3,3498,1749,70414,train_set_fixed,170.14049100875854,L.2.R4xI2,/work/ht203/repo/speech/reports/neuroprobe_stage0_l2_neuralset_2026_05_06/L.2.R4xI2/sub3_trial1
3,1,delta_volume,0,-0.0,1.0,1.0,0.5082904516866781,1.0,0.7104265412139453,3,3498,1749,70414,train_set_fixed,170.00920248031616,L.2.R4xI2,/work/ht203/repo/speech/reports/neuroprobe_stage0_l2_neuralset_2026_05_06/L.2.R4xI2/sub3_trial1
3,1,pitch,0,-0.0,1.0,1.0,0.3379073756432247,1.0,0.5078540346995637,3,3498,1749,70414,train_set_fixed,169.68017029762268,L.2.R4xI2,/work/ht203/repo/speech/reports/neuroprobe_stage0_l2_neuralset_2026_05_06/L.2.R4xI2/sub3_trial1
3,1,word_index,0,-0.0,1.0,1.0,0.6483691328560064,1.0,0.8384512125889767,3,3498,1257,70414,train_set_fixed,152.4101836681366,L.2.R4xI2,/work/ht203/repo/speech/reports/neuroprobe_stage0_l2_neuralset_2026_05_06/L.2.R4xI2/sub3_trial1
3,1,word_gap,0,-0.0,1.0,1.0,0.4053872053872054,1.0,0.5892099445634799,3,3498,1485,70414,train_set_fixed,163.2484314441681,L.2.R4xI2,/work/ht203/repo/speech/reports/neuroprobe_stage0_l2_neuralset_2026_05_06/L.2.R4xI2/sub3_trial1
3,1,gpt2_surprisal,0,-0.0,1.0,1.0,0.4133790737564322,1.0,0.6060145125810682,3,3498,1749,70414,train_set_fixed,174.80306720733645,L.2.R4xI2,/work/ht203/repo/speech/reports/neuroprobe_stage0_l2_neuralset_2026_05_06/L.2.R4xI2/sub3_trial1
3,1,word_head_pos,0,-0.0,1.0,1.0,0.604,1.0,0.6490396734693877,2,3500,1750,70414,train_set_fixed,248.5405192375183,L.2.R4xI2,/work/ht203/repo/speech/reports/neuroprobe_stage0_l2_neuralset_2026_05_06/L.2.R4xI2/sub3_trial1
3,1,word_part_speech,0,-0.0,1.0,1.0,0.2104832104832104,1.0,0.5754613450138323,6,3498,1221,70414,train_set_fixed,165.3628489971161,L.2.R4xI2,/work/ht203/repo/speech/reports/neuroprobe_stage0_l2_neuralset_2026_05_06/L.2.R4xI2/sub3_trial1
3,1,word_length,0,-0.0,1.0,1.0,0.4110920526014865,1.0,0.5967649242350689,3,3498,1749,70414,train_set_fixed,180.62236881256104,L.2.R4xI2,/work/ht203/repo/speech/reports/neuroprobe_stage0_l2_neuralset_2026_05_06/L.2.R4xI2/sub3_trial1
3,1,global_flow,0,-0.0,1.0,1.0,0.4013722126929674,1.0,0.5827784953322996,3,3498,1749,70414,train_set_fixed,174.5575361251831,L.2.R4xI2,/work/ht203/repo/speech/reports/neuroprobe_stage0_l2_neuralset_2026_05_06/L.2.R4xI2/sub3_trial1
3,1,local_flow,0,-0.0,1.0,1.0,0.3825042881646655,1.0,0.5564154768174315,3,3498,1749,70414,train_set_fixed,175.11480140686035,L.2.R4xI2,/work/ht203/repo/speech/reports/neuroprobe_stage0_l2_neuralset_2026_05_06/L.2.R4xI2/sub3_trial1
3,1,frame_brightness,0,-0.0,1.0,1.0,0.3367638650657518,1.0,0.5160052252352973,3,3498,1749,70414,train_set_fixed,177.45042181015015,L.2.R4xI2,/work/ht203/repo/speech/reports/neuroprobe_stage0_l2_neuralset_2026_05_06/L.2.R4xI2/sub3_trial1
3,1,face_num,0,-0.0,1.0,1.0,0.3344768439108062,1.0,0.4961237345133264,3,3498,1749,70414,train_set_fixed,172.8564453125,L.2.R4xI2,/work/ht203/repo/speech/reports/neuroprobe_stage0_l2_neuralset_2026_05_06/L.2.R4xI2/sub3_trial1
4,0,onset,0,0.0,1.0,1.0,0.8560606060606061,1.0,0.9175741792929292,2,2898,1056,77520,train_set_fixed,634.643171787262,L.2.R4xI2,/work/ht203/repo/speech/reports/neuroprobe_stage0_l2_neuralset_2026_05_06/L.2.R4xI2/sub4_trial0
4,0,speech,0,0.0,1.0,1.0,0.816,1.0,0.8914318367346938,2,3500,1750,77520,train_set_fixed,416.5703043937683,L.2.R4xI2,/work/ht203/repo/speech/reports/neuroprobe_stage0_l2_neuralset_2026_05_06/L.2.R4xI2/sub4_trial0
4,0,volume,0,0.0,1.0,1.0,0.4391080617495712,1.0,0.6091871169705404,3,3498,1749,77520,train_set_fixed,218.8611626625061,L.2.R4xI2,/work/ht203/repo/speech/reports/neuroprobe_stage0_l2_neuralset_2026_05_06/L.2.R4xI2/sub4_trial0
4,0,delta_volume,0,0.0,1.0,1.0,0.4636935391652372,1.0,0.649528718689533,3,3498,1749,77520,train_set_fixed,152.93700623512268,L.2.R4xI2,/work/ht203/repo/speech/reports/neuroprobe_stage0_l2_neuralset_2026_05_06/L.2.R4xI2/sub4_trial0
4,0,pitch,0,0.0,1.0,1.0,0.3733562035448828,1.0,0.5433916170671406,3,3498,1749,77520,train_set_fixed,148.31405305862427,L.2.R4xI2,/work/ht203/repo/speech/reports/neuroprobe_stage0_l2_neuralset_2026_05_06/L.2.R4xI2/sub4_trial0
4,0,word_index,0,0.0,1.0,1.0,0.5119152691968226,1.0,0.6904859635049175,3,3117,1133,77520,train_set_fixed,118.20581150054932,L.2.R4xI2,/work/ht203/repo/speech/reports/neuroprobe_stage0_l2_neuralset_2026_05_06/L.2.R4xI2/sub4_trial0
4,0,word_gap,0,0.0,1.0,1.0,0.3905088622069754,1.0,0.570981506707582,3,3498,1749,77520,train_set_fixed,144.1830542087555,L.2.R4xI2,/work/ht203/repo/speech/reports/neuroprobe_stage0_l2_neuralset_2026_05_06/L.2.R4xI2/sub4_trial0
4,0,gpt2_surprisal,0,0.0,1.0,1.0,0.396798170383076,1.0,0.5651894196830926,3,3498,1749,77520,train_set_fixed,142.97921633720398,L.2.R4xI2,/work/ht203/repo/speech/reports/neuroprobe_stage0_l2_neuralset_2026_05_06/L.2.R4xI2/sub4_trial0
4,0,word_head_pos,0,0.0,1.0,1.0,0.5491428571428572,1.0,0.5821890612244898,2,3500,1750,77520,train_set_fixed,144.59294176101685,L.2.R4xI2,/work/ht203/repo/speech/reports/neuroprobe_stage0_l2_neuralset_2026_05_06/L.2.R4xI2/sub4_trial0
4,0,word_part_speech,0,0.0,1.0,1.0,0.1915807560137457,1.0,0.5257581393701066,6,3234,1164,77520,train_set_fixed,127.66822981834412,L.2.R4xI2,/work/ht203/repo/speech/reports/neuroprobe_stage0_l2_neuralset_2026_05_06/L.2.R4xI2/sub4_trial0
4,0,word_length,0,0.0,1.0,1.0,0.4190966266437964,1.0,0.5854725121044418,3,3498,1749,77520,train_set_fixed,150.0868799686432,L.2.R4xI2,/work/ht203/repo/speech/reports/neuroprobe_stage0_l2_neuralset_2026_05_06/L.2.R4xI2/sub4_trial0
4,0,global_flow,0,0.0,1.0,1.0,0.342481417953116,1.0,0.5045299102550146,3,3498,1749,77520,train_set_fixed,147.9550175666809,L.2.R4xI2,/work/ht203/repo/speech/reports/neuroprobe_stage0_l2_neuralset_2026_05_06/L.2.R4xI2/sub4_trial0
4,0,local_flow,0,0.0,1.0,1.0,0.3516295025728988,1.0,0.5224291361787721,3,3498,1749,77520,train_set_fixed,149.23875832557678,L.2.R4xI2,/work/ht203/repo/speech/reports/neuroprobe_stage0_l2_neuralset_2026_05_06/L.2.R4xI2/sub4_trial0
4,0,frame_brightness,0,0.0,1.0,1.0,0.361349342481418,1.0,0.5404504607876884,3,3498,1749,77520,train_set_fixed,145.31452012062073,L.2.R4xI2,/work/ht203/repo/speech/reports/neuroprobe_stage0_l2_neuralset_2026_05_06/L.2.R4xI2/sub4_trial0
4,0,face_num,0,0.0,1.0,1.0,0.3596340766152087,1.0,0.5187213080348779,3,3498,1749,77520,train_set_fixed,165.37209463119507,L.2.R4xI2,/work/ht203/repo/speech/reports/neuroprobe_stage0_l2_neuralset_2026_05_06/L.2.R4xI2/sub4_trial0
4,1,onset,0,0.0,1.0,1.0,0.7791580400276052,1.0,0.8375061916555534,2,2112,1449,77520,train_set_fixed,96.92649054527284,L.2.R4xI2,/work/ht203/repo/speech/reports/neuroprobe_stage0_l2_neuralset_2026_05_06/L.2.R4xI2/sub4_trial1
4,1,speech,0,0.0,1.0,1.0,0.7611428571428571,1.0,0.8270151836734694,2,3500,1750,77520,train_set_fixed,150.71285438537598,L.2.R4xI2,/work/ht203/repo/speech/reports/neuroprobe_stage0_l2_neuralset_2026_05_06/L.2.R4xI2/sub4_trial1
4,1,volume,0,0.0,1.0,1.0,0.4013722126929674,1.0,0.5793999413534027,3,3498,1749,77520,train_set_fixed,142.08458065986633,L.2.R4xI2,/work/ht203/repo/speech/reports/neuroprobe_stage0_l2_neuralset_2026_05_06/L.2.R4xI2/sub4_trial1
4,1,delta_volume,0,0.0,1.0,1.0,0.4488279016580903,1.0,0.6157039504073389,3,3498,1749,77520,train_set_fixed,138.8392584323883,L.2.R4xI2,/work/ht203/repo/speech/reports/neuroprobe_stage0_l2_neuralset_2026_05_06/L.2.R4xI2/sub4_trial1
4,1,pitch,0,0.0,1.0,1.0,0.3676386506575186,1.0,0.5396305852793117,3,3498,1749,77520,train_set_fixed,142.50207781791687,L.2.R4xI2,/work/ht203/repo/speech/reports/neuroprobe_stage0_l2_neuralset_2026_05_06/L.2.R4xI2/sub4_trial1
4,1,word_index,0,0.0,1.0,1.0,0.463758819756254,1.0,0.6360161961263787,3,2265,1559,77520,train_set_fixed,93.02779984474182,L.2.R4xI2,/work/ht203/repo/speech/reports/neuroprobe_stage0_l2_neuralset_2026_05_06/L.2.R4xI2/sub4_trial1
4,1,word_gap,0,0.0,1.0,1.0,0.3927958833619211,1.0,0.5770285789380258,3,3498,1749,77520,train_set_fixed,123.61320424079896,L.2.R4xI2,/work/ht203/repo/speech/reports/neuroprobe_stage0_l2_neuralset_2026_05_06/L.2.R4xI2/sub4_trial1
4,1,gpt2_surprisal,0,0.0,1.0,1.0,0.3636363636363636,1.0,0.5434546278343813,3,3498,1749,77520,train_set_fixed,121.06215023994446,L.2.R4xI2,/work/ht203/repo/speech/reports/neuroprobe_stage0_l2_neuralset_2026_05_06/L.2.R4xI2/sub4_trial1
4,1,word_head_pos,0,0.0,1.0,1.0,0.544,1.0,0.5537665306122449,2,3500,1750,77520,train_set_fixed,125.2759325504303,L.2.R4xI2,/work/ht203/repo/speech/reports/neuroprobe_stage0_l2_neuralset_2026_05_06/L.2.R4xI2/sub4_trial1
4,1,word_part_speech,0,0.0,1.0,1.0,0.1923314780457637,1.0,0.5265012126926315,6,2328,1617,77520,train_set_fixed,94.72835326194765,L.2.R4xI2,/work/ht203/repo/speech/reports/neuroprobe_stage0_l2_neuralset_2026_05_06/L.2.R4xI2/sub4_trial1
4,1,word_length,0,0.0,1.0,1.0,0.3945111492281303,1.0,0.5703467406516048,3,3498,1749,77520,train_set_fixed,134.68071341514587,L.2.R4xI2,/work/ht203/repo/speech/reports/neuroprobe_stage0_l2_neuralset_2026_05_06/L.2.R4xI2/sub4_trial1
4,1,global_flow,0,0.0,1.0,1.0,0.3642081189251001,1.0,0.538612605880155,3,3498,1749,77520,train_set_fixed,127.862610578537,L.2.R4xI2,/work/ht203/repo/speech/reports/neuroprobe_stage0_l2_neuralset_2026_05_06/L.2.R4xI2/sub4_trial1
4,1,local_flow,0,0.0,1.0,1.0,0.3767867352773013,1.0,0.5530673249207829,3,3498,1749,77520,train_set_fixed,125.4258017539978,L.2.R4xI2,/work/ht203/repo/speech/reports/neuroprobe_stage0_l2_neuralset_2026_05_06/L.2.R4xI2/sub4_trial1
4,1,frame_brightness,0,0.0,1.0,1.0,0.3733562035448828,1.0,0.5362147642318521,3,3498,1749,77520,train_set_fixed,125.52064347267152,L.2.R4xI2,/work/ht203/repo/speech/reports/neuroprobe_stage0_l2_neuralset_2026_05_06/L.2.R4xI2/sub4_trial1
4,1,face_num,0,0.0,1.0,1.0,0.328759291023442,1.0,0.5057057843393972,3,3498,1749,77520,train_set_fixed,123.96828126907349,L.2.R4xI2,/work/ht203/repo/speech/reports/neuroprobe_stage0_l2_neuralset_2026_05_06/L.2.R4xI2/sub4_trial1
7,0,onset,0,0.0,1.0,1.0,0.7965714285714286,1.0,0.8792933877551021,2,2898,1750,76874,train_set_fixed,148.7847499847412,L.2.R4xI2,/work/ht203/repo/speech/reports/neuroprobe_stage0_l2_neuralset_2026_05_06/L.2.R4xI2/sub7_trial0
7,0,speech,0,0.0,1.0,1.0,0.7942857142857143,1.0,0.8740323265306122,2,3108,1750,76874,train_set_fixed,159.15336561203003,L.2.R4xI2,/work/ht203/repo/speech/reports/neuroprobe_stage0_l2_neuralset_2026_05_06/L.2.R4xI2/sub7_trial0
7,0,volume,0,0.0,1.0,1.0,0.3567753001715266,1.0,0.5344730191327168,3,3498,1749,76874,train_set_fixed,180.59729719161987,L.2.R4xI2,/work/ht203/repo/speech/reports/neuroprobe_stage0_l2_neuralset_2026_05_06/L.2.R4xI2/sub7_trial0
7,0,delta_volume,0,0.0,1.0,1.0,0.3710691823899371,1.0,0.5458031886880716,3,3498,1749,76874,train_set_fixed,175.11544847488403,L.2.R4xI2,/work/ht203/repo/speech/reports/neuroprobe_stage0_l2_neuralset_2026_05_06/L.2.R4xI2/sub7_trial0
7,0,pitch,0,0.0,1.0,1.0,0.3539165237278445,1.0,0.5267700141320647,3,3498,1749,76874,train_set_fixed,171.4829387664795,L.2.R4xI2,/work/ht203/repo/speech/reports/neuroprobe_stage0_l2_neuralset_2026_05_06/L.2.R4xI2/sub7_trial0
7,0,word_index,0,0.0,1.0,1.0,0.4173813607775872,1.0,0.6043149381121483,3,3117,1749,76874,train_set_fixed,158.9568476676941,L.2.R4xI2,/work/ht203/repo/speech/reports/neuroprobe_stage0_l2_neuralset_2026_05_06/L.2.R4xI2/sub7_trial0
7,0,word_gap,0,0.0,1.0,1.0,0.3481989708404803,1.0,0.5178798568552282,3,3498,1749,76874,train_set_fixed,174.28373670578003,L.2.R4xI2,/work/ht203/repo/speech/reports/neuroprobe_stage0_l2_neuralset_2026_05_06/L.2.R4xI2/sub7_trial0
7,0,gpt2_surprisal,0,0.0,1.0,1.0,0.3459119496855345,1.0,0.5038184034591685,3,3498,1749,76874,train_set_fixed,166.1818425655365,L.2.R4xI2,/work/ht203/repo/speech/reports/neuroprobe_stage0_l2_neuralset_2026_05_06/L.2.R4xI2/sub7_trial0
7,0,word_head_pos,0,0.0,1.0,1.0,0.5297142857142857,1.0,0.5567764897959184,2,3500,1750,76874,train_set_fixed,161.01248240470886,L.2.R4xI2,/work/ht203/repo/speech/reports/neuroprobe_stage0_l2_neuralset_2026_05_06/L.2.R4xI2/sub7_trial0
7,0,word_part_speech,0,0.0,1.0,1.0,0.1783876500857633,1.0,0.517737834699988,6,3234,1749,76874,train_set_fixed,146.88215160369873,L.2.R4xI2,/work/ht203/repo/speech/reports/neuroprobe_stage0_l2_neuralset_2026_05_06/L.2.R4xI2/sub7_trial0
7,0,word_length,0,0.0,1.0,1.0,0.3624928530588908,1.0,0.547797467212335,3,3498,1749,76874,train_set_fixed,154.3220820426941,L.2.R4xI2,/work/ht203/repo/speech/reports/neuroprobe_stage0_l2_neuralset_2026_05_06/L.2.R4xI2/sub7_trial0
7,0,global_flow,0,0.0,1.0,1.0,0.3853630646083476,1.0,0.5658195273554993,3,3498,1749,76874,train_set_fixed,150.3597640991211,L.2.R4xI2,/work/ht203/repo/speech/reports/neuroprobe_stage0_l2_neuralset_2026_05_06/L.2.R4xI2/sub7_trial0
7,0,local_flow,0,0.0,1.0,1.0,0.3636363636363636,1.0,0.5430846541076645,3,3498,1749,76874,train_set_fixed,156.46675848960876,L.2.R4xI2,/work/ht203/repo/speech/reports/neuroprobe_stage0_l2_neuralset_2026_05_06/L.2.R4xI2/sub7_trial0
7,0,frame_brightness,0,0.0,1.0,1.0,0.3230417381360778,1.0,0.4983342601064857,3,3498,1749,76874,train_set_fixed,156.04895949363708,L.2.R4xI2,/work/ht203/repo/speech/reports/neuroprobe_stage0_l2_neuralset_2026_05_06/L.2.R4xI2/sub7_trial0
7,0,face_num,0,0.0,1.0,1.0,0.3453401943967982,1.0,0.5038806786921612,3,3498,1749,76874,train_set_fixed,156.5390386581421,L.2.R4xI2,/work/ht203/repo/speech/reports/neuroprobe_stage0_l2_neuralset_2026_05_06/L.2.R4xI2/sub7_trial0
7,1,onset,0,0.0,1.0,1.0,0.7819185645272602,1.0,0.8735987807201371,2,3500,1449,76874,train_set_fixed,679.5399122238159,L.2.R4xI2,/work/ht203/repo/speech/reports/neuroprobe_stage0_l2_neuralset_2026_05_06/L.2.R4xI2/sub7_trial1
7,1,speech,0,0.0,1.0,1.0,0.7831402831402832,1.0,0.8663125342662024,2,3500,1554,76874,train_set_fixed,375.69958448410034,L.2.R4xI2,/work/ht203/repo/speech/reports/neuroprobe_stage0_l2_neuralset_2026_05_06/L.2.R4xI2/sub7_trial1
7,1,volume,0,0.0,1.0,1.0,0.3813607775871926,1.0,0.5588858911781984,3,3498,1749,76874,train_set_fixed,166.7106113433838,L.2.R4xI2,/work/ht203/repo/speech/reports/neuroprobe_stage0_l2_neuralset_2026_05_06/L.2.R4xI2/sub7_trial1
7,1,delta_volume,0,0.0,1.0,1.0,0.3773584905660377,1.0,0.5589457146303646,3,3498,1749,76874,train_set_fixed,148.55003333091736,L.2.R4xI2,/work/ht203/repo/speech/reports/neuroprobe_stage0_l2_neuralset_2026_05_06/L.2.R4xI2/sub7_trial1
7,1,pitch,0,0.0,1.0,1.0,0.3504859919954259,1.0,0.5221444844248172,3,3498,1749,76874,train_set_fixed,145.37398052215576,L.2.R4xI2,/work/ht203/repo/speech/reports/neuroprobe_stage0_l2_neuralset_2026_05_06/L.2.R4xI2/sub7_trial1
7,1,word_index,0,0.0,1.0,1.0,0.4246311738293778,1.0,0.6135972396434323,3,3498,1559,76874,train_set_fixed,140.24914526939392,L.2.R4xI2,/work/ht203/repo/speech/reports/neuroprobe_stage0_l2_neuralset_2026_05_06/L.2.R4xI2/sub7_trial1
7,1,word_gap,0,0.0,1.0,1.0,0.3384791309319611,1.0,0.5115817222681522,3,3498,1749,76874,train_set_fixed,139.36302971839905,L.2.R4xI2,/work/ht203/repo/speech/reports/neuroprobe_stage0_l2_neuralset_2026_05_06/L.2.R4xI2/sub7_trial1
7,1,gpt2_surprisal,0,0.0,1.0,1.0,0.3562035448827901,1.0,0.523418429742259,3,3498,1749,76874,train_set_fixed,144.71367287635803,L.2.R4xI2,/work/ht203/repo/speech/reports/neuroprobe_stage0_l2_neuralset_2026_05_06/L.2.R4xI2/sub7_trial1
7,1,word_head_pos,0,0.0,1.0,1.0,0.5274285714285715,1.0,0.5671797551020408,2,3500,1750,76874,train_set_fixed,143.29410433769226,L.2.R4xI2,/work/ht203/repo/speech/reports/neuroprobe_stage0_l2_neuralset_2026_05_06/L.2.R4xI2/sub7_trial1
7,1,word_part_speech,0,0.0,1.0,1.0,0.1985157699443413,1.0,0.551733242638503,6,3498,1617,76874,train_set_fixed,148.05903315544128,L.2.R4xI2,/work/ht203/repo/speech/reports/neuroprobe_stage0_l2_neuralset_2026_05_06/L.2.R4xI2/sub7_trial1
7,1,word_length,0,0.0,1.0,1.0,0.3756432246998284,1.0,0.555972194844003,3,3498,1749,76874,train_set_fixed,147.1918728351593,L.2.R4xI2,/work/ht203/repo/speech/reports/neuroprobe_stage0_l2_neuralset_2026_05_06/L.2.R4xI2/sub7_trial1
7,1,global_flow,0,0.0,1.0,1.0,0.3407661520869068,1.0,0.5416837065434108,3,3498,1749,76874,train_set_fixed,148.95934319496155,L.2.R4xI2,/work/ht203/repo/speech/reports/neuroprobe_stage0_l2_neuralset_2026_05_06/L.2.R4xI2/sub7_trial1
7,1,local_flow,0,0.0,1.0,1.0,0.3236134934248141,1.0,0.4961585498010625,3,3498,1749,76874,train_set_fixed,142.0662441253662,L.2.R4xI2,/work/ht203/repo/speech/reports/neuroprobe_stage0_l2_neuralset_2026_05_06/L.2.R4xI2/sub7_trial1
7,1,frame_brightness,0,0.0,1.0,1.0,0.3133218982275586,1.0,0.4857232802473749,3,3498,1749,76874,train_set_fixed,153.839834690094,L.2.R4xI2,/work/ht203/repo/speech/reports/neuroprobe_stage0_l2_neuralset_2026_05_06/L.2.R4xI2/sub7_trial1
7,1,face_num,0,0.0,1.0,1.0,0.3441966838193253,1.0,0.5134391914222977,3,3498,1749,76874,train_set_fixed,146.32653045654297,L.2.R4xI2,/work/ht203/repo/speech/reports/neuroprobe_stage0_l2_neuralset_2026_05_06/L.2.R4xI2/sub7_trial1
10,0,onset,0,-0.0,1.0,1.0,0.7435123717561859,1.0,0.8292468663135261,2,3500,1657,245760,train_set_fixed,453.1031842231751,L.2.R4xI3,/work/ht203/repo/speech/reports/neuroprobe_stage0_l2_neuralset_2026_05_06/L.2.R4xI3/sub10_trial0
10,0,speech,0,-0.0,1.0,1.0,0.684,1.0,0.7449188571428572,2,3500,1750,245760,train_set_fixed,497.0033600330353,L.2.R4xI3,/work/ht203/repo/speech/reports/neuroprobe_stage0_l2_neuralset_2026_05_06/L.2.R4xI3/sub10_trial0
10,0,volume,0,-0.0,1.0,1.0,0.346483704974271,1.0,0.5253528848143562,3,3498,1749,245760,train_set_fixed,498.2223265171051,L.2.R4xI3,/work/ht203/repo/speech/reports/neuroprobe_stage0_l2_neuralset_2026_05_06/L.2.R4xI3/sub10_trial0
10,0,delta_volume,0,-0.0,1.0,1.0,0.3476272155517438,1.0,0.547521887047438,3,3498,1749,245760,train_set_fixed,435.1109268665314,L.2.R4xI3,/work/ht203/repo/speech/reports/neuroprobe_stage0_l2_neuralset_2026_05_06/L.2.R4xI3/sub10_trial0
10,0,pitch,0,-0.0,1.0,1.0,0.3544882790165809,1.0,0.5338978313508234,3,3498,1749,245760,train_set_fixed,434.01762223243713,L.2.R4xI3,/work/ht203/repo/speech/reports/neuroprobe_stage0_l2_neuralset_2026_05_06/L.2.R4xI3/sub10_trial0
10,0,word_index,0,-0.0,1.0,1.0,0.4168096054888507,1.0,0.6221099633507802,3,3498,1749,245760,train_set_fixed,441.86857628822327,L.2.R4xI3,/work/ht203/repo/speech/reports/neuroprobe_stage0_l2_neuralset_2026_05_06/L.2.R4xI3/sub10_trial0
10,0,word_gap,0,-0.0,1.0,1.0,0.3453401943967982,1.0,0.516032685180554,3,3498,1749,245760,train_set_fixed,431.9824724197388,L.2.R4xI3,/work/ht203/repo/speech/reports/neuroprobe_stage0_l2_neuralset_2026_05_06/L.2.R4xI3/sub10_trial0
10,0,gpt2_surprisal,0,-0.0,1.0,1.0,0.3499142367066895,1.0,0.5254597824583909,3,3498,1749,245760,train_set_fixed,440.89369225502014,L.2.R4xI3,/work/ht203/repo/speech/reports/neuroprobe_stage0_l2_neuralset_2026_05_06/L.2.R4xI3/sub10_trial0
10,0,word_head_pos,0,-0.0,1.0,1.0,0.5234285714285715,1.0,0.5274775510204082,2,3500,1750,245760,train_set_fixed,443.92382192611694,L.2.R4xI3,/work/ht203/repo/speech/reports/neuroprobe_stage0_l2_neuralset_2026_05_06/L.2.R4xI3/sub10_trial0
10,0,word_part_speech,0,-0.0,1.0,1.0,0.1744186046511628,1.0,0.5217590088736656,6,3498,1548,245760,train_set_fixed,435.18235754966736,L.2.R4xI3,/work/ht203/repo/speech/reports/neuroprobe_stage0_l2_neuralset_2026_05_06/L.2.R4xI3/sub10_trial0
10,0,word_length,0,-0.0,1.0,1.0,0.3550600343053173,1.0,0.5365737049448497,3,3498,1749,245760,train_set_fixed,442.17343640327454,L.2.R4xI3,/work/ht203/repo/speech/reports/neuroprobe_stage0_l2_neuralset_2026_05_06/L.2.R4xI3/sub10_trial0
10,0,global_flow,0,-0.0,1.0,1.0,0.3390508862206975,1.0,0.5268913772829756,3,3498,1749,245760,train_set_fixed,436.72539591789246,L.2.R4xI3,/work/ht203/repo/speech/reports/neuroprobe_stage0_l2_neuralset_2026_05_06/L.2.R4xI3/sub10_trial0
10,0,local_flow,0,-0.0,1.0,1.0,0.3504859919954259,1.0,0.5188899905557403,3,3498,1749,245760,train_set_fixed,416.26005029678345,L.2.R4xI3,/work/ht203/repo/speech/reports/neuroprobe_stage0_l2_neuralset_2026_05_06/L.2.R4xI3/sub10_trial0
10,0,frame_brightness,0,-0.0,1.0,1.0,0.296169239565466,1.0,0.4601664072682552,3,3498,1749,245760,train_set_fixed,383.4870431423187,L.2.R4xI3,/work/ht203/repo/speech/reports/neuroprobe_stage0_l2_neuralset_2026_05_06/L.2.R4xI3/sub10_trial0
10,0,face_num,0,-0.0,1.0,1.0,0.3401943967981704,1.0,0.5013043473996903,3,3498,1749,245760,train_set_fixed,382.1462347507477,L.2.R4xI3,/work/ht203/repo/speech/reports/neuroprobe_stage0_l2_neuralset_2026_05_06/L.2.R4xI3/sub10_trial0
10,1,onset,0,-0.0,1.0,1.0,0.8085714285714286,1.0,0.8922083265306122,2,3314,1750,245760,train_set_fixed,521.1457788944244,L.2.R4xI3,/work/ht203/repo/speech/reports/neuroprobe_stage0_l2_neuralset_2026_05_06/L.2.R4xI3/sub10_trial1
10,1,speech,0,-0.0,1.0,1.0,0.7537142857142857,1.0,0.8297312653061224,2,3500,1750,245760,train_set_fixed,517.1908671855927,L.2.R4xI3,/work/ht203/repo/speech/reports/neuroprobe_stage0_l2_neuralset_2026_05_06/L.2.R4xI3/sub10_trial1
10,1,volume,0,-0.0,1.0,1.0,0.3985134362492853,1.0,0.5737892861100732,3,3498,1749,245760,train_set_fixed,511.1346564292908,L.2.R4xI3,/work/ht203/repo/speech/reports/neuroprobe_stage0_l2_neuralset_2026_05_06/L.2.R4xI3/sub10_trial1
10,1,delta_volume,0,-0.0,1.0,1.0,0.451114922813036,1.0,0.6359375168559932,3,3498,1749,245760,train_set_fixed,492.6146926879883,L.2.R4xI3,/work/ht203/repo/speech/reports/neuroprobe_stage0_l2_neuralset_2026_05_06/L.2.R4xI3/sub10_trial1
10,1,pitch,0,-0.0,1.0,1.0,0.3539165237278445,1.0,0.5268568071733223,3,3498,1749,245760,train_set_fixed,488.4125633239746,L.2.R4xI3,/work/ht203/repo/speech/reports/neuroprobe_stage0_l2_neuralset_2026_05_06/L.2.R4xI3/sub10_trial1
10,1,word_index,0,-0.0,1.0,1.0,0.4694110920526015,1.0,0.6546058664250192,3,3498,1749,245760,train_set_fixed,480.7725737094879,L.2.R4xI3,/work/ht203/repo/speech/reports/neuroprobe_stage0_l2_neuralset_2026_05_06/L.2.R4xI3/sub10_trial1
10,1,word_gap,0,-0.0,1.0,1.0,0.3836477987421384,1.0,0.5493602323111368,3,3498,1749,245760,train_set_fixed,472.65153193473816,L.2.R4xI3,/work/ht203/repo/speech/reports/neuroprobe_stage0_l2_neuralset_2026_05_06/L.2.R4xI3/sub10_trial1
10,1,gpt2_surprisal,0,-0.0,1.0,1.0,0.3607775871926815,1.0,0.5265743620221112,3,3498,1749,245760,train_set_fixed,486.61604499816895,L.2.R4xI3,/work/ht203/repo/speech/reports/neuroprobe_stage0_l2_neuralset_2026_05_06/L.2.R4xI3/sub10_trial1
10,1,word_head_pos,0,-0.0,1.0,1.0,0.5131428571428571,1.0,0.5290514285714285,2,3500,1750,245760,train_set_fixed,472.86843037605286,L.2.R4xI3,/work/ht203/repo/speech/reports/neuroprobe_stage0_l2_neuralset_2026_05_06/L.2.R4xI3/sub10_trial1
10,1,word_part_speech,0,-0.0,1.0,1.0,0.1989708404802744,1.0,0.5316921864230313,6,3096,1749,245760,train_set_fixed,419.8021144866944,L.2.R4xI3,/work/ht203/repo/speech/reports/neuroprobe_stage0_l2_neuralset_2026_05_06/L.2.R4xI3/sub10_trial1
10,1,word_length,0,-0.0,1.0,1.0,0.379073756432247,1.0,0.5517163936853895,3,3498,1749,245760,train_set_fixed,441.9769804477692,L.2.R4xI3,/work/ht203/repo/speech/reports/neuroprobe_stage0_l2_neuralset_2026_05_06/L.2.R4xI3/sub10_trial1
10,1,global_flow,0,-0.0,1.0,1.0,0.3699256718124643,1.0,0.5456918778385492,3,3498,1749,245760,train_set_fixed,415.4062430858612,L.2.R4xI3,/work/ht203/repo/speech/reports/neuroprobe_stage0_l2_neuralset_2026_05_06/L.2.R4xI3/sub10_trial1
10,1,local_flow,0,-0.0,1.0,1.0,0.3390508862206975,1.0,0.5120156874744403,3,3498,1749,245760,train_set_fixed,387.4468977451325,L.2.R4xI3,/work/ht203/repo/speech/reports/neuroprobe_stage0_l2_neuralset_2026_05_06/L.2.R4xI3/sub10_trial1
10,1,frame_brightness,0,-0.0,1.0,1.0,0.3133218982275586,1.0,0.4891567541167852,3,3498,1749,245760,train_set_fixed,389.4705829620361,L.2.R4xI3,/work/ht203/repo/speech/reports/neuroprobe_stage0_l2_neuralset_2026_05_06/L.2.R4xI3/sub10_trial1
10,1,face_num,0,-0.0,1.0,1.0,0.3253287592910234,1.0,0.4934002963712663,3,3498,1749,245760,train_set_fixed,312.2891459465027,L.2.R4xI3,/work/ht203/repo/speech/reports/neuroprobe_stage0_l2_neuralset_2026_05_06/L.2.R4xI3/sub10_trial1
1,1,onset,0,-0.0,1.0,1.0,0.7606892150606254,1.0,0.8196464409518598,2,2916,1567,245760,train_set_fixed,488.9908938407898,L.2.R4xI3,/work/ht203/repo/speech/reports/neuroprobe_stage0_l2_neuralset_2026_05_06/L.2.R4xI3/sub1_trial1
1,1,speech,0,-0.0,1.0,1.0,0.7548571428571429,1.0,0.8613511836734693,2,3500,1750,245760,train_set_fixed,516.2721638679504,L.2.R4xI3,/work/ht203/repo/speech/reports/neuroprobe_stage0_l2_neuralset_2026_05_06/L.2.R4xI3/sub1_trial1
1,1,volume,0,-0.0,1.0,1.0,0.4048027444253859,1.0,0.6384074408605948,3,3498,1749,245760,train_set_fixed,484.819628238678,L.2.R4xI3,/work/ht203/repo/speech/reports/neuroprobe_stage0_l2_neuralset_2026_05_06/L.2.R4xI3/sub1_trial1
1,1,delta_volume,0,-0.0,1.0,1.0,0.3813607775871926,1.0,0.5638757555162617,3,3498,1749,245760,train_set_fixed,479.65501499176025,L.2.R4xI3,/work/ht203/repo/speech/reports/neuroprobe_stage0_l2_neuralset_2026_05_06/L.2.R4xI3/sub1_trial1
1,1,pitch,0,-0.0,1.0,1.0,0.3796455117209834,1.0,0.564612270476538,3,3498,1749,245760,train_set_fixed,476.76879620552063,L.2.R4xI3,/work/ht203/repo/speech/reports/neuroprobe_stage0_l2_neuralset_2026_05_06/L.2.R4xI3/sub1_trial1
1,1,word_index,0,-0.0,1.0,1.0,0.3982808022922636,1.0,0.5678757695483239,3,3060,1745,245760,train_set_fixed,442.0076148509979,L.2.R4xI3,/work/ht203/repo/speech/reports/neuroprobe_stage0_l2_neuralset_2026_05_06/L.2.R4xI3/sub1_trial1
1,1,word_gap,0,-0.0,1.0,1.0,0.3453401943967982,1.0,0.5163435709893526,3,3498,1749,245760,train_set_fixed,477.705472946167,L.2.R4xI3,/work/ht203/repo/speech/reports/neuroprobe_stage0_l2_neuralset_2026_05_06/L.2.R4xI3/sub1_trial1
1,1,gpt2_surprisal,0,-0.0,1.0,1.0,0.3407661520869068,1.0,0.5118783877481571,3,3498,1749,245760,train_set_fixed,489.6257746219635,L.2.R4xI3,/work/ht203/repo/speech/reports/neuroprobe_stage0_l2_neuralset_2026_05_06/L.2.R4xI3/sub1_trial1
1,1,word_head_pos,0,-0.0,1.0,1.0,0.5342857142857143,1.0,0.5536979591836735,2,3500,1750,245760,train_set_fixed,473.01760721206665,L.2.R4xI3,/work/ht203/repo/speech/reports/neuroprobe_stage0_l2_neuralset_2026_05_06/L.2.R4xI3/sub1_trial1
1,1,word_part_speech,0,-0.0,1.0,1.0,0.1785922047702152,1.0,0.5154512606436196,6,2760,1719,245760,train_set_fixed,402.32677006721497,L.2.R4xI3,/work/ht203/repo/speech/reports/neuroprobe_stage0_l2_neuralset_2026_05_06/L.2.R4xI3/sub1_trial1
1,1,word_length,0,-0.0,1.0,1.0,0.3550600343053173,1.0,0.5182824392669372,3,3498,1749,245760,train_set_fixed,456.8883891105652,L.2.R4xI3,/work/ht203/repo/speech/reports/neuroprobe_stage0_l2_neuralset_2026_05_06/L.2.R4xI3/sub1_trial1
1,1,global_flow,0,-0.0,1.0,1.0,0.3516295025728988,1.0,0.5300401993984311,3,3498,1749,245760,train_set_fixed,422.6780185699463,L.2.R4xI3,/work/ht203/repo/speech/reports/neuroprobe_stage0_l2_neuralset_2026_05_06/L.2.R4xI3/sub1_trial1
1,1,local_flow,0,-0.0,1.0,1.0,0.3459119496855345,1.0,0.5156874744401849,3,3498,1749,245760,train_set_fixed,394.07301235198975,L.2.R4xI3,/work/ht203/repo/speech/reports/neuroprobe_stage0_l2_neuralset_2026_05_06/L.2.R4xI3/sub1_trial1
1,1,frame_brightness,0,-0.0,1.0,1.0,0.3259005145797599,1.0,0.4930266449733099,3,3498,1749,245760,train_set_fixed,396.4457275867462,L.2.R4xI3,/work/ht203/repo/speech/reports/neuroprobe_stage0_l2_neuralset_2026_05_06/L.2.R4xI3/sub1_trial1
1,1,face_num,0,-0.0,1.0,1.0,0.357347055460263,1.0,0.5361157122864622,3,3498,1749,245760,train_set_fixed,315.47066044807434,L.2.R4xI3,/work/ht203/repo/speech/reports/neuroprobe_stage0_l2_neuralset_2026_05_06/L.2.R4xI3/sub1_trial1
1,2,onset,0,-0.0,1.0,1.0,0.7818930041152263,1.0,0.9097472720396054,2,3134,1458,245760,train_set_fixed,429.941251039505,L.2.R4xI3,/work/ht203/repo/speech/reports/neuroprobe_stage0_l2_neuralset_2026_05_06/L.2.R4xI3/sub1_trial2
1,2,speech,0,-0.0,1.0,1.0,0.8062857142857143,1.0,0.9380493061224492,2,3500,1750,245760,train_set_fixed,504.2407805919647,L.2.R4xI3,/work/ht203/repo/speech/reports/neuroprobe_stage0_l2_neuralset_2026_05_06/L.2.R4xI3/sub1_trial2
1,2,volume,0,-0.0,1.0,1.0,0.4122355631789594,1.0,0.5974676046199398,3,3498,1749,245760,train_set_fixed,473.7019109725952,L.2.R4xI3,/work/ht203/repo/speech/reports/neuroprobe_stage0_l2_neuralset_2026_05_06/L.2.R4xI3/sub1_trial2
1,2,delta_volume,0,-0.0,1.0,1.0,0.3990851915380217,1.0,0.5675166500435926,3,3498,1749,245760,train_set_fixed,439.7955324649811,L.2.R4xI3,/work/ht203/repo/speech/reports/neuroprobe_stage0_l2_neuralset_2026_05_06/L.2.R4xI3/sub1_trial2
1,2,pitch,0,-0.0,1.0,1.0,0.3956546598056032,1.0,0.5534311691954334,3,3498,1749,245760,train_set_fixed,433.9025251865387,L.2.R4xI3,/work/ht203/repo/speech/reports/neuroprobe_stage0_l2_neuralset_2026_05_06/L.2.R4xI3/sub1_trial2
1,2,word_index,0,-0.0,1.0,1.0,0.3836601307189543,1.0,0.5416641035499167,3,3489,1530,245760,train_set_fixed,409.4909586906433,L.2.R4xI3,/work/ht203/repo/speech/reports/neuroprobe_stage0_l2_neuralset_2026_05_06/L.2.R4xI3/sub1_trial2
1,2,word_gap,0,-0.0,1.0,1.0,0.3447684391080617,1.0,0.5114620753638198,3,3498,1749,245760,train_set_fixed,421.3448359966278,L.2.R4xI3,/work/ht203/repo/speech/reports/neuroprobe_stage0_l2_neuralset_2026_05_06/L.2.R4xI3/sub1_trial2
1,2,gpt2_surprisal,0,-0.0,1.0,1.0,0.346483704974271,1.0,0.5005972538093318,3,3498,1749,245760,train_set_fixed,433.5419538021088,L.2.R4xI3,/work/ht203/repo/speech/reports/neuroprobe_stage0_l2_neuralset_2026_05_06/L.2.R4xI3/sub1_trial2
1,2,word_head_pos,0,-0.0,1.0,1.0,0.5537142857142857,1.0,0.5674840816326531,2,3500,1750,245760,train_set_fixed,445.97810792922974,L.2.R4xI3,/work/ht203/repo/speech/reports/neuroprobe_stage0_l2_neuralset_2026_05_06/L.2.R4xI3/sub1_trial2
1,2,word_part_speech,0,-0.0,1.0,1.0,0.1514492753623188,1.0,0.4997025834908632,6,3438,1380,245760,train_set_fixed,413.71492648124695,L.2.R4xI3,/work/ht203/repo/speech/reports/neuroprobe_stage0_l2_neuralset_2026_05_06/L.2.R4xI3/sub1_trial2
1,2,word_length,0,-0.0,1.0,1.0,0.3390508862206975,1.0,0.5210612876556758,3,3498,1749,245760,train_set_fixed,443.01773500442505,L.2.R4xI3,/work/ht203/repo/speech/reports/neuroprobe_stage0_l2_neuralset_2026_05_06/L.2.R4xI3/sub1_trial2
1,2,global_flow,0,-0.0,1.0,1.0,0.4019439679817038,1.0,0.5692726154715215,3,3498,1749,245760,train_set_fixed,436.9796469211578,L.2.R4xI3,/work/ht203/repo/speech/reports/neuroprobe_stage0_l2_neuralset_2026_05_06/L.2.R4xI3/sub1_trial2
1,2,local_flow,0,-0.0,1.0,1.0,0.3647798742138364,1.0,0.530102964987589,3,3498,1749,245760,train_set_fixed,416.7988045215607,L.2.R4xI3,/work/ht203/repo/speech/reports/neuroprobe_stage0_l2_neuralset_2026_05_06/L.2.R4xI3/sub1_trial2
1,2,frame_brightness,0,-0.0,1.0,1.0,0.368210405946255,1.0,0.5312141120581523,3,3498,1749,245760,train_set_fixed,383.4612412452698,L.2.R4xI3,/work/ht203/repo/speech/reports/neuroprobe_stage0_l2_neuralset_2026_05_06/L.2.R4xI3/sub1_trial2
1,2,face_num,0,-0.0,1.0,1.0,0.3470554602630074,1.0,0.5245035879360614,3,3498,1749,245760,train_set_fixed,380.86129903793335,L.2.R4xI3,/work/ht203/repo/speech/reports/neuroprobe_stage0_l2_neuralset_2026_05_06/L.2.R4xI3/sub1_trial2
2,0,onset,0,-0.0,1.0,1.0,0.6045627376425855,1.0,0.9106975151860024,2,2992,1315,243712,train_set_fixed,427.1310088634491,L.2.R4xI3,/work/ht203/repo/speech/reports/neuroprobe_stage0_l2_neuralset_2026_05_06/L.2.R4xI3/sub2_trial0
2,0,speech,0,-0.0,1.0,1.0,0.6108571428571429,1.0,0.9195872653061224,2,3500,1750,243712,train_set_fixed,526.269496679306,L.2.R4xI3,/work/ht203/repo/speech/reports/neuroprobe_stage0_l2_neuralset_2026_05_06/L.2.R4xI3/sub2_trial0
2,0,volume,0,-0.0,1.0,1.0,0.3664951400800457,1.0,0.5830236734149482,3,3498,1749,243712,train_set_fixed,512.9141409397125,L.2.R4xI3,/work/ht203/repo/speech/reports/neuroprobe_stage0_l2_neuralset_2026_05_06/L.2.R4xI3/sub2_trial0
2,0,delta_volume,0,-0.0,1.0,1.0,0.4156660949113779,1.0,0.5999806799670874,3,3498,1749,243712,train_set_fixed,493.1446740627289,L.2.R4xI3,/work/ht203/repo/speech/reports/neuroprobe_stage0_l2_neuralset_2026_05_06/L.2.R4xI3/sub2_trial0
2,0,pitch,0,-0.0,1.0,1.0,0.3522012578616352,1.0,0.5565361044340946,3,3498,1749,243712,train_set_fixed,485.90511083602905,L.2.R4xI3,/work/ht203/repo/speech/reports/neuroprobe_stage0_l2_neuralset_2026_05_06/L.2.R4xI3/sub2_trial0
2,0,word_index,0,-0.0,1.0,1.0,0.5331472435450104,1.0,0.7146609679402974,3,3192,1433,243712,train_set_fixed,432.0995087623596,L.2.R4xI3,/work/ht203/repo/speech/reports/neuroprobe_stage0_l2_neuralset_2026_05_06/L.2.R4xI3/sub2_trial0
2,0,word_gap,0,-0.0,1.0,1.0,0.3647342995169082,1.0,0.5380363675348316,3,3498,1656,243712,train_set_fixed,479.9255332946777,L.2.R4xI3,/work/ht203/repo/speech/reports/neuroprobe_stage0_l2_neuralset_2026_05_06/L.2.R4xI3/sub2_trial0
2,0,gpt2_surprisal,0,-0.0,1.0,1.0,0.3813607775871926,1.0,0.5494538903387086,3,3498,1749,243712,train_set_fixed,501.2755901813507,L.2.R4xI3,/work/ht203/repo/speech/reports/neuroprobe_stage0_l2_neuralset_2026_05_06/L.2.R4xI3/sub2_trial0
2,0,word_head_pos,0,-0.0,1.0,1.0,0.544,1.0,0.5650507755102041,2,3500,1750,243712,train_set_fixed,467.475857257843,L.2.R4xI3,/work/ht203/repo/speech/reports/neuroprobe_stage0_l2_neuralset_2026_05_06/L.2.R4xI3/sub2_trial0
2,0,word_part_speech,0,-0.0,1.0,1.0,0.1911231884057971,1.0,0.5298086011342155,6,2346,1104,243712,train_set_fixed,305.9884934425354,L.2.R4xI3,/work/ht203/repo/speech/reports/neuroprobe_stage0_l2_neuralset_2026_05_06/L.2.R4xI3/sub2_trial0
2,0,word_length,0,-0.0,1.0,1.0,0.3596340766152087,1.0,0.5641258371605632,3,3498,1749,243712,train_set_fixed,472.7291193008423,L.2.R4xI3,/work/ht203/repo/speech/reports/neuroprobe_stage0_l2_neuralset_2026_05_06/L.2.R4xI3/sub2_trial0
2,0,global_flow,0,-0.0,1.0,1.0,0.3476272155517438,1.0,0.566911550535616,3,3498,1749,243712,train_set_fixed,454.2586283683777,L.2.R4xI3,/work/ht203/repo/speech/reports/neuroprobe_stage0_l2_neuralset_2026_05_06/L.2.R4xI3/sub2_trial0
2,0,local_flow,0,-0.0,1.0,1.0,0.3579188107489994,1.0,0.5328067888830373,3,3498,1749,243712,train_set_fixed,388.9636509418488,L.2.R4xI3,/work/ht203/repo/speech/reports/neuroprobe_stage0_l2_neuralset_2026_05_06/L.2.R4xI3/sub2_trial0
2,0,frame_brightness,0,-0.0,1.0,1.0,0.3178959405374499,1.0,0.4755150455982198,3,3498,1749,243712,train_set_fixed,387.6627388000488,L.2.R4xI3,/work/ht203/repo/speech/reports/neuroprobe_stage0_l2_neuralset_2026_05_06/L.2.R4xI3/sub2_trial0
2,0,face_num,0,-0.0,1.0,1.0,0.3453401943967982,1.0,0.5216453018485446,3,2988,1749,243712,train_set_fixed,295.0015368461609,L.2.R4xI3,/work/ht203/repo/speech/reports/neuroprobe_stage0_l2_neuralset_2026_05_06/L.2.R4xI3/sub2_trial0
2,4,onset,0,-0.0,1.0,1.0,0.6296791443850267,1.0,0.9225456833195116,2,2630,1496,243712,train_set_fixed,491.2805459499359,L.2.R4xI3,/work/ht203/repo/speech/reports/neuroprobe_stage0_l2_neuralset_2026_05_06/L.2.R4xI3/sub2_trial4
2,4,speech,0,-0.0,1.0,1.0,0.6554285714285715,1.0,0.9232195918367349,2,3500,1750,243712,train_set_fixed,519.0468060970306,L.2.R4xI3,/work/ht203/repo/speech/reports/neuroprobe_stage0_l2_neuralset_2026_05_06/L.2.R4xI3/sub2_trial4
2,4,volume,0,-0.0,1.0,1.0,0.3733562035448828,1.0,0.6128797440733101,3,3498,1749,243712,train_set_fixed,455.8929748535156,L.2.R4xI3,/work/ht203/repo/speech/reports/neuroprobe_stage0_l2_neuralset_2026_05_06/L.2.R4xI3/sub2_trial4
2,4,delta_volume,0,-0.0,1.0,1.0,0.3876500857632933,1.0,0.5875587324096986,3,3498,1749,243712,train_set_fixed,459.4462285041809,L.2.R4xI3,/work/ht203/repo/speech/reports/neuroprobe_stage0_l2_neuralset_2026_05_06/L.2.R4xI3/sub2_trial4
2,4,pitch,0,-0.0,1.0,1.0,0.385934819897084,1.0,0.5543339148957455,3,3498,1749,243712,train_set_fixed,452.5967128276825,L.2.R4xI3,/work/ht203/repo/speech/reports/neuroprobe_stage0_l2_neuralset_2026_05_06/L.2.R4xI3/sub2_trial4
2,4,word_index,0,-0.0,1.0,1.0,0.4479949874686716,1.0,0.6638924614166996,3,2865,1596,243712,train_set_fixed,408.01786279678345,L.2.R4xI3,/work/ht203/repo/speech/reports/neuroprobe_stage0_l2_neuralset_2026_05_06/L.2.R4xI3/sub2_trial4
2,4,word_gap,0,-0.0,1.0,1.0,0.3527730131503716,1.0,0.5331838727741508,3,3312,1749,243712,train_set_fixed,468.9890766143799,L.2.R4xI3,/work/ht203/repo/speech/reports/neuroprobe_stage0_l2_neuralset_2026_05_06/L.2.R4xI3/sub2_trial4
2,4,gpt2_surprisal,0,-0.0,1.0,1.0,0.3481989708404803,1.0,0.5286372904095161,3,3498,1749,243712,train_set_fixed,492.02729296684265,L.2.R4xI3,/work/ht203/repo/speech/reports/neuroprobe_stage0_l2_neuralset_2026_05_06/L.2.R4xI3/sub2_trial4
2,4,word_head_pos,0,-0.0,1.0,1.0,0.5428571428571428,1.0,0.579421387755102,2,3500,1750,243712,train_set_fixed,475.2851765155792,L.2.R4xI3,/work/ht203/repo/speech/reports/neuroprobe_stage0_l2_neuralset_2026_05_06/L.2.R4xI3/sub2_trial4
2,4,word_part_speech,0,-0.0,1.0,1.0,0.185848252344416,1.0,0.5353256317554366,6,2208,1173,243712,train_set_fixed,296.5943717956543,L.2.R4xI3,/work/ht203/repo/speech/reports/neuroprobe_stage0_l2_neuralset_2026_05_06/L.2.R4xI3/sub2_trial4
2,4,word_length,0,-0.0,1.0,1.0,0.3539165237278445,1.0,0.5355272848881056,3,3498,1749,243712,train_set_fixed,463.7669863700866,L.2.R4xI3,/work/ht203/repo/speech/reports/neuroprobe_stage0_l2_neuralset_2026_05_06/L.2.R4xI3/sub2_trial4
2,4,global_flow,0,-0.0,1.0,1.0,0.3802172670097198,1.0,0.5658369349993674,3,3498,1749,243712,train_set_fixed,451.493887424469,L.2.R4xI3,/work/ht203/repo/speech/reports/neuroprobe_stage0_l2_neuralset_2026_05_06/L.2.R4xI3/sub2_trial4
2,4,local_flow,0,-0.0,1.0,1.0,0.3476272155517438,1.0,0.5201104870511647,3,3498,1749,243712,train_set_fixed,395.5977807044983,L.2.R4xI3,/work/ht203/repo/speech/reports/neuroprobe_stage0_l2_neuralset_2026_05_06/L.2.R4xI3/sub2_trial4
2,4,frame_brightness,0,-0.0,1.0,1.0,0.320754716981132,1.0,0.4959197463485629,3,3498,1749,243712,train_set_fixed,384.9122476577759,L.2.R4xI3,/work/ht203/repo/speech/reports/neuroprobe_stage0_l2_neuralset_2026_05_06/L.2.R4xI3/sub2_trial4
2,4,face_num,0,-0.0,1.0,1.0,0.3755020080321285,1.0,0.5435208034279017,3,3498,1494,243712,train_set_fixed,309.85180854797363,L.2.R4xI3,/work/ht203/repo/speech/reports/neuroprobe_stage0_l2_neuralset_2026_05_06/L.2.R4xI3/sub2_trial4
3,0,onset,0,-0.0,1.0,1.0,0.8537142857142858,1.0,0.9349890612244898,2,2244,1750,223232,train_set_fixed,119.68452048301695,L.2.R4xI3,/work/ht203/repo/speech/reports/neuroprobe_stage0_l2_neuralset_2026_05_06/L.2.R4xI3/sub3_trial0
3,0,speech,0,-0.0,1.0,1.0,0.8571428571428571,1.0,0.9281750204081634,2,3500,1750,223232,train_set_fixed,155.10526371002197,L.2.R4xI3,/work/ht203/repo/speech/reports/neuroprobe_stage0_l2_neuralset_2026_05_06/L.2.R4xI3/sub3_trial0
3,0,volume,0,-0.0,1.0,1.0,0.4465408805031446,1.0,0.6203927360599097,3,3498,1749,223232,train_set_fixed,164.28634667396545,L.2.R4xI3,/work/ht203/repo/speech/reports/neuroprobe_stage0_l2_neuralset_2026_05_06/L.2.R4xI3/sub3_trial0
3,0,delta_volume,0,-0.0,1.0,1.0,0.411663807890223,1.0,0.5979525668674185,3,3498,1749,223232,train_set_fixed,162.8647496700287,L.2.R4xI3,/work/ht203/repo/speech/reports/neuroprobe_stage0_l2_neuralset_2026_05_06/L.2.R4xI3/sub3_trial0
3,0,pitch,0,-0.0,1.0,1.0,0.3401943967981704,1.0,0.5078202001241582,3,3498,1749,223232,train_set_fixed,154.36642980575562,L.2.R4xI3,/work/ht203/repo/speech/reports/neuroprobe_stage0_l2_neuralset_2026_05_06/L.2.R4xI3/sub3_trial0
3,0,word_index,0,-0.0,1.0,1.0,0.4802744425385934,1.0,0.6701109283717135,3,2514,1749,223232,train_set_fixed,120.30422854423524,L.2.R4xI3,/work/ht203/repo/speech/reports/neuroprobe_stage0_l2_neuralset_2026_05_06/L.2.R4xI3/sub3_trial0
3,0,word_gap,0,-0.0,1.0,1.0,0.3676386506575186,1.0,0.5407814511992641,3,2970,1749,223232,train_set_fixed,137.23920893669128,L.2.R4xI3,/work/ht203/repo/speech/reports/neuroprobe_stage0_l2_neuralset_2026_05_06/L.2.R4xI3/sub3_trial0
3,0,gpt2_surprisal,0,-0.0,1.0,1.0,0.3773584905660377,1.0,0.5484731780081145,3,3498,1749,223232,train_set_fixed,156.20473670959473,L.2.R4xI3,/work/ht203/repo/speech/reports/neuroprobe_stage0_l2_neuralset_2026_05_06/L.2.R4xI3/sub3_trial0
3,0,word_head_pos,0,-0.0,1.0,1.0,0.5811428571428572,1.0,0.603328,2,3500,1750,223232,train_set_fixed,166.26089215278623,L.2.R4xI3,/work/ht203/repo/speech/reports/neuroprobe_stage0_l2_neuralset_2026_05_06/L.2.R4xI3/sub3_trial0
3,0,word_part_speech,0,-0.0,1.0,1.0,0.1835334476843911,1.0,0.5259690186485243,6,2442,1749,223232,train_set_fixed,123.36878180503844,L.2.R4xI3,/work/ht203/repo/speech/reports/neuroprobe_stage0_l2_neuralset_2026_05_06/L.2.R4xI3/sub3_trial0
3,0,word_length,0,-0.0,1.0,1.0,0.3870783304745568,1.0,0.5672631359061341,3,3498,1749,223232,train_set_fixed,166.19761991500854,L.2.R4xI3,/work/ht203/repo/speech/reports/neuroprobe_stage0_l2_neuralset_2026_05_06/L.2.R4xI3/sub3_trial0
3,0,global_flow,0,-0.0,1.0,1.0,0.4088050314465409,1.0,0.5749058270984547,3,3498,1749,223232,train_set_fixed,162.0615406036377,L.2.R4xI3,/work/ht203/repo/speech/reports/neuroprobe_stage0_l2_neuralset_2026_05_06/L.2.R4xI3/sub3_trial0
3,0,local_flow,0,-0.0,1.0,1.0,0.3910806174957118,1.0,0.5716542753663696,3,3498,1749,223232,train_set_fixed,155.2918848991394,L.2.R4xI3,/work/ht203/repo/speech/reports/neuroprobe_stage0_l2_neuralset_2026_05_06/L.2.R4xI3/sub3_trial0
3,0,frame_brightness,0,-0.0,1.0,1.0,0.3276157804459691,1.0,0.5047000638443727,3,3498,1749,223232,train_set_fixed,153.24380135536194,L.2.R4xI3,/work/ht203/repo/speech/reports/neuroprobe_stage0_l2_neuralset_2026_05_06/L.2.R4xI3/sub3_trial0
3,0,face_num,0,-0.0,1.0,1.0,0.328759291023442,1.0,0.5031088580879836,3,3498,1749,223232,train_set_fixed,156.76915836334229,L.2.R4xI3,/work/ht203/repo/speech/reports/neuroprobe_stage0_l2_neuralset_2026_05_06/L.2.R4xI3/sub3_trial0
3,1,onset,0,-0.0,1.0,1.0,0.8689839572192514,1.0,0.9303732512288664,2,3500,1122,223232,train_set_fixed,513.1715667247772,L.2.R4xI3,/work/ht203/repo/speech/reports/neuroprobe_stage0_l2_neuralset_2026_05_06/L.2.R4xI3/sub3_trial1
3,1,speech,0,-0.0,1.0,1.0,0.8765714285714286,1.0,0.9389857959183674,2,3500,1750,223232,train_set_fixed,518.6403419971466,L.2.R4xI3,/work/ht203/repo/speech/reports/neuroprobe_stage0_l2_neuralset_2026_05_06/L.2.R4xI3/sub3_trial1
3,1,volume,0,-0.0,1.0,1.0,0.4608347627215551,1.0,0.6422729185116317,3,3498,1749,223232,train_set_fixed,464.5661041736603,L.2.R4xI3,/work/ht203/repo/speech/reports/neuroprobe_stage0_l2_neuralset_2026_05_06/L.2.R4xI3/sub3_trial1
3,1,delta_volume,0,-0.0,1.0,1.0,0.4436821040594625,1.0,0.6275176111416766,3,3498,1749,223232,train_set_fixed,460.5618185997009,L.2.R4xI3,/work/ht203/repo/speech/reports/neuroprobe_stage0_l2_neuralset_2026_05_06/L.2.R4xI3/sub3_trial1
3,1,pitch,0,-0.0,1.0,1.0,0.3470554602630074,1.0,0.517418922059849,3,3498,1749,223232,train_set_fixed,454.473985671997,L.2.R4xI3,/work/ht203/repo/speech/reports/neuroprobe_stage0_l2_neuralset_2026_05_06/L.2.R4xI3/sub3_trial1
3,1,word_index,0,-0.0,1.0,1.0,0.5393794749403341,1.0,0.726699931457822,3,3498,1257,223232,train_set_fixed,429.4392814636231,L.2.R4xI3,/work/ht203/repo/speech/reports/neuroprobe_stage0_l2_neuralset_2026_05_06/L.2.R4xI3/sub3_trial1
3,1,word_gap,0,-0.0,1.0,1.0,0.3952861952861953,1.0,0.5706506138829371,3,3498,1485,223232,train_set_fixed,462.3118197917938,L.2.R4xI3,/work/ht203/repo/speech/reports/neuroprobe_stage0_l2_neuralset_2026_05_06/L.2.R4xI3/sub3_trial1
3,1,gpt2_surprisal,0,-0.0,1.0,1.0,0.3727844482561464,1.0,0.5522758900699934,3,3498,1749,223232,train_set_fixed,490.5983452796936,L.2.R4xI3,/work/ht203/repo/speech/reports/neuroprobe_stage0_l2_neuralset_2026_05_06/L.2.R4xI3/sub3_trial1
3,1,word_head_pos,0,-0.0,1.0,1.0,0.5708571428571428,1.0,0.5902955102040817,2,3500,1750,223232,train_set_fixed,476.2849080562592,L.2.R4xI3,/work/ht203/repo/speech/reports/neuroprobe_stage0_l2_neuralset_2026_05_06/L.2.R4xI3/sub3_trial1
3,1,word_part_speech,0,-0.0,1.0,1.0,0.1941031941031941,1.0,0.5314025047591061,6,3498,1221,223232,train_set_fixed,418.0597279071808,L.2.R4xI3,/work/ht203/repo/speech/reports/neuroprobe_stage0_l2_neuralset_2026_05_06/L.2.R4xI3/sub3_trial1
3,1,word_length,0,-0.0,1.0,1.0,0.3973699256718124,1.0,0.5792518537914828,3,3498,1749,223232,train_set_fixed,446.992000579834,L.2.R4xI3,/work/ht203/repo/speech/reports/neuroprobe_stage0_l2_neuralset_2026_05_06/L.2.R4xI3/sub3_trial1
3,1,global_flow,0,-0.0,1.0,1.0,0.3699256718124643,1.0,0.5381629492765775,3,3498,1749,223232,train_set_fixed,422.0338265895844,L.2.R4xI3,/work/ht203/repo/speech/reports/neuroprobe_stage0_l2_neuralset_2026_05_06/L.2.R4xI3/sub3_trial1
3,1,local_flow,0,-0.0,1.0,1.0,0.3756432246998284,1.0,0.5374612496040375,3,3498,1749,223232,train_set_fixed,390.40647077560425,L.2.R4xI3,/work/ht203/repo/speech/reports/neuroprobe_stage0_l2_neuralset_2026_05_06/L.2.R4xI3/sub3_trial1
3,1,frame_brightness,0,-0.0,1.0,1.0,0.3373356203544883,1.0,0.5092123212774365,3,3498,1749,223232,train_set_fixed,390.6735932826996,L.2.R4xI3,/work/ht203/repo/speech/reports/neuroprobe_stage0_l2_neuralset_2026_05_06/L.2.R4xI3/sub3_trial1
3,1,face_num,0,-0.0,1.0,1.0,0.3413379073756432,1.0,0.5103901567864803,3,3498,1749,223232,train_set_fixed,305.15633511543274,L.2.R4xI3,/work/ht203/repo/speech/reports/neuroprobe_stage0_l2_neuralset_2026_05_06/L.2.R4xI3/sub3_trial1
4,0,onset,0,-0.0,1.0,1.0,0.8020833333333334,1.0,0.875425060261708,2,2898,1056,245760,train_set_fixed,420.0721423625946,L.2.R4xI3,/work/ht203/repo/speech/reports/neuroprobe_stage0_l2_neuralset_2026_05_06/L.2.R4xI3/sub4_trial0
4,0,speech,0,-0.0,1.0,1.0,0.7462857142857143,1.0,0.8240257959183673,2,3500,1750,245760,train_set_fixed,515.8914430141449,L.2.R4xI3,/work/ht203/repo/speech/reports/neuroprobe_stage0_l2_neuralset_2026_05_06/L.2.R4xI3/sub4_trial0
4,0,volume,0,-0.0,1.0,1.0,0.3744997141223556,1.0,0.5418048245162391,3,3498,1749,245760,train_set_fixed,485.7157304286957,L.2.R4xI3,/work/ht203/repo/speech/reports/neuroprobe_stage0_l2_neuralset_2026_05_06/L.2.R4xI3/sub4_trial0
4,0,delta_volume,0,-0.0,1.0,1.0,0.4259576901086335,1.0,0.6035043793709123,3,3498,1749,245760,train_set_fixed,461.316555261612,L.2.R4xI3,/work/ht203/repo/speech/reports/neuroprobe_stage0_l2_neuralset_2026_05_06/L.2.R4xI3/sub4_trial0
4,0,pitch,0,-0.0,1.0,1.0,0.3807890222984562,1.0,0.5464122110453707,3,3498,1749,245760,train_set_fixed,455.4748737812042,L.2.R4xI3,/work/ht203/repo/speech/reports/neuroprobe_stage0_l2_neuralset_2026_05_06/L.2.R4xI3/sub4_trial0
4,0,word_index,0,-0.0,1.0,1.0,0.4386584289496911,1.0,0.6275972625481645,3,3117,1133,245760,train_set_fixed,356.5181610584259,L.2.R4xI3,/work/ht203/repo/speech/reports/neuroprobe_stage0_l2_neuralset_2026_05_06/L.2.R4xI3/sub4_trial0
4,0,word_gap,0,-0.0,1.0,1.0,0.3693539165237278,1.0,0.5385341488937074,3,3498,1749,245760,train_set_fixed,448.4474024772644,L.2.R4xI3,/work/ht203/repo/speech/reports/neuroprobe_stage0_l2_neuralset_2026_05_06/L.2.R4xI3/sub4_trial0
4,0,gpt2_surprisal,0,-0.0,1.0,1.0,0.3321898227558605,1.0,0.5100084145117965,3,3498,1749,245760,train_set_fixed,446.51286721229553,L.2.R4xI3,/work/ht203/repo/speech/reports/neuroprobe_stage0_l2_neuralset_2026_05_06/L.2.R4xI3/sub4_trial0
4,0,word_head_pos,0,-0.0,1.0,1.0,0.5314285714285715,1.0,0.5467709387755102,2,3500,1750,245760,train_set_fixed,442.366911649704,L.2.R4xI3,/work/ht203/repo/speech/reports/neuroprobe_stage0_l2_neuralset_2026_05_06/L.2.R4xI3/sub4_trial0
4,0,word_part_speech,0,-0.0,1.0,1.0,0.1872852233676976,1.0,0.5141513444574345,6,3234,1164,245760,train_set_fixed,357.8387901782989,L.2.R4xI3,/work/ht203/repo/speech/reports/neuroprobe_stage0_l2_neuralset_2026_05_06/L.2.R4xI3/sub4_trial0
4,0,word_length,0,-0.0,1.0,1.0,0.3796455117209834,1.0,0.5418344910642395,3,3498,1749,245760,train_set_fixed,443.1381483078003,L.2.R4xI3,/work/ht203/repo/speech/reports/neuroprobe_stage0_l2_neuralset_2026_05_06/L.2.R4xI3/sub4_trial0
4,0,global_flow,0,-0.0,1.0,1.0,0.3522012578616352,1.0,0.5157262125772433,3,3498,1749,245760,train_set_fixed,423.8539695739746,L.2.R4xI3,/work/ht203/repo/speech/reports/neuroprobe_stage0_l2_neuralset_2026_05_06/L.2.R4xI3/sub4_trial0
4,0,local_flow,0,-0.0,1.0,1.0,0.3647798742138364,1.0,0.532079345511819,3,3498,1749,245760,train_set_fixed,390.3887660503388,L.2.R4xI3,/work/ht203/repo/speech/reports/neuroprobe_stage0_l2_neuralset_2026_05_06/L.2.R4xI3/sub4_trial0
4,0,frame_brightness,0,-0.0,1.0,1.0,0.3436249285305889,1.0,0.5111722748701292,3,3498,1749,245760,train_set_fixed,377.4394125938416,L.2.R4xI3,/work/ht203/repo/speech/reports/neuroprobe_stage0_l2_neuralset_2026_05_06/L.2.R4xI3/sub4_trial0
4,0,face_num,0,-0.0,1.0,1.0,0.335620354488279,1.0,0.5074504715755241,3,3498,1749,245760,train_set_fixed,382.7836954593658,L.2.R4xI3,/work/ht203/repo/speech/reports/neuroprobe_stage0_l2_neuralset_2026_05_06/L.2.R4xI3/sub4_trial0
4,1,onset,0,-0.0,1.0,1.0,0.7377501725327812,1.0,0.7980015240998285,2,2112,1449,245760,train_set_fixed,361.9925751686096,L.2.R4xI3,/work/ht203/repo/speech/reports/neuroprobe_stage0_l2_neuralset_2026_05_06/L.2.R4xI3/sub4_trial1
4,1,speech,0,-0.0,1.0,1.0,0.7125714285714285,1.0,0.7754527346938775,2,3500,1750,245760,train_set_fixed,517.5070538520813,L.2.R4xI3,/work/ht203/repo/speech/reports/neuroprobe_stage0_l2_neuralset_2026_05_06/L.2.R4xI3/sub4_trial1
4,1,volume,0,-0.0,1.0,1.0,0.3624928530588908,1.0,0.5359754704231872,3,3498,1749,245760,train_set_fixed,497.9956760406494,L.2.R4xI3,/work/ht203/repo/speech/reports/neuroprobe_stage0_l2_neuralset_2026_05_06/L.2.R4xI3/sub4_trial1
4,1,delta_volume,0,-0.0,1.0,1.0,0.3985134362492853,1.0,0.5745969027143175,3,3498,1749,245760,train_set_fixed,463.5044963359833,L.2.R4xI3,/work/ht203/repo/speech/reports/neuroprobe_stage0_l2_neuralset_2026_05_06/L.2.R4xI3/sub4_trial1
4,1,pitch,0,-0.0,1.0,1.0,0.3664951400800457,1.0,0.5409212027063738,3,3498,1749,245760,train_set_fixed,457.0790064334869,L.2.R4xI3,/work/ht203/repo/speech/reports/neuroprobe_stage0_l2_neuralset_2026_05_06/L.2.R4xI3/sub4_trial1
4,1,word_index,0,-0.0,1.0,1.0,0.4425914047466324,1.0,0.6149298445312427,3,2265,1559,245760,train_set_fixed,316.2539975643158,L.2.R4xI3,/work/ht203/repo/speech/reports/neuroprobe_stage0_l2_neuralset_2026_05_06/L.2.R4xI3/sub4_trial1
4,1,word_gap,0,-0.0,1.0,1.0,0.3802172670097198,1.0,0.5555872652542447,3,3498,1749,245760,train_set_fixed,441.3050231933594,L.2.R4xI3,/work/ht203/repo/speech/reports/neuroprobe_stage0_l2_neuralset_2026_05_06/L.2.R4xI3/sub4_trial1
4,1,gpt2_surprisal,0,-0.0,1.0,1.0,0.3659233847913093,1.0,0.5283619554227017,3,3498,1749,245760,train_set_fixed,448.9710123538971,L.2.R4xI3,/work/ht203/repo/speech/reports/neuroprobe_stage0_l2_neuralset_2026_05_06/L.2.R4xI3/sub4_trial1
4,1,word_head_pos,0,-0.0,1.0,1.0,0.5251428571428571,1.0,0.5371500408163266,2,3500,1750,245760,train_set_fixed,452.1522493362427,L.2.R4xI3,/work/ht203/repo/speech/reports/neuroprobe_stage0_l2_neuralset_2026_05_06/L.2.R4xI3/sub4_trial1
4,1,word_part_speech,0,-0.0,1.0,1.0,0.1824366110080395,1.0,0.5202044494240878,6,2328,1617,245760,train_set_fixed,325.05151891708374,L.2.R4xI3,/work/ht203/repo/speech/reports/neuroprobe_stage0_l2_neuralset_2026_05_06/L.2.R4xI3/sub4_trial1
4,1,word_length,0,-0.0,1.0,1.0,0.3699256718124643,1.0,0.5428522252853137,3,3498,1749,245760,train_set_fixed,451.60121035575867,L.2.R4xI3,/work/ht203/repo/speech/reports/neuroprobe_stage0_l2_neuralset_2026_05_06/L.2.R4xI3/sub4_trial1
4,1,global_flow,0,-0.0,1.0,1.0,0.3299028016009148,1.0,0.5106395028965339,3,3498,1749,245760,train_set_fixed,433.8147268295288,L.2.R4xI3,/work/ht203/repo/speech/reports/neuroprobe_stage0_l2_neuralset_2026_05_06/L.2.R4xI3/sub4_trial1
4,1,local_flow,0,-0.0,1.0,1.0,0.3516295025728988,1.0,0.531133448468961,3,3498,1749,245760,train_set_fixed,416.76074600219727,L.2.R4xI3,/work/ht203/repo/speech/reports/neuroprobe_stage0_l2_neuralset_2026_05_06/L.2.R4xI3/sub4_trial1
4,1,frame_brightness,0,-0.0,1.0,1.0,0.3544882790165809,1.0,0.5278647342710904,3,3498,1749,245760,train_set_fixed,392.7534353733063,L.2.R4xI3,/work/ht203/repo/speech/reports/neuroprobe_stage0_l2_neuralset_2026_05_06/L.2.R4xI3/sub4_trial1
4,1,face_num,0,-0.0,1.0,1.0,0.3236134934248141,1.0,0.5022865307987804,3,3498,1749,245760,train_set_fixed,392.7167546749115,L.2.R4xI3,/work/ht203/repo/speech/reports/neuroprobe_stage0_l2_neuralset_2026_05_06/L.2.R4xI3/sub4_trial1
7,0,onset,0,-0.0,1.0,1.0,0.7011428571428572,1.0,0.7849208163265307,2,2898,1750,243712,train_set_fixed,468.1071059703827,L.2.R4xI3,/work/ht203/repo/speech/reports/neuroprobe_stage0_l2_neuralset_2026_05_06/L.2.R4xI3/sub7_trial0
7,0,speech,0,-0.0,1.0,1.0,0.7148571428571429,1.0,0.7854915918367347,2,3108,1750,243712,train_set_fixed,474.66517758369446,L.2.R4xI3,/work/ht203/repo/speech/reports/neuroprobe_stage0_l2_neuralset_2026_05_06/L.2.R4xI3/sub7_trial0
7,0,volume,0,-0.0,1.0,1.0,0.342481417953116,1.0,0.5311474236196719,3,3498,1749,243712,train_set_fixed,487.6200985908508,L.2.R4xI3,/work/ht203/repo/speech/reports/neuroprobe_stage0_l2_neuralset_2026_05_06/L.2.R4xI3/sub7_trial0
7,0,delta_volume,0,-0.0,1.0,1.0,0.346483704974271,1.0,0.517810226279756,3,3498,1749,243712,train_set_fixed,467.6160235404968,L.2.R4xI3,/work/ht203/repo/speech/reports/neuroprobe_stage0_l2_neuralset_2026_05_06/L.2.R4xI3/sub7_trial0
7,0,pitch,0,-0.0,1.0,1.0,0.3401943967981704,1.0,0.5097007160180725,3,3498,1749,243712,train_set_fixed,475.9955704212189,L.2.R4xI3,/work/ht203/repo/speech/reports/neuroprobe_stage0_l2_neuralset_2026_05_06/L.2.R4xI3/sub7_trial0
7,0,word_index,0,-0.0,1.0,1.0,0.385934819897084,1.0,0.5682364928942487,3,3117,1749,243712,train_set_fixed,444.07134103775024,L.2.R4xI3,/work/ht203/repo/speech/reports/neuroprobe_stage0_l2_neuralset_2026_05_06/L.2.R4xI3/sub7_trial0
7,0,word_gap,0,-0.0,1.0,1.0,0.361349342481418,1.0,0.5302029976453096,3,3498,1749,243712,train_set_fixed,476.6767311096192,L.2.R4xI3,/work/ht203/repo/speech/reports/neuroprobe_stage0_l2_neuralset_2026_05_06/L.2.R4xI3/sub7_trial0
7,0,gpt2_surprisal,0,-0.0,1.0,1.0,0.3436249285305889,1.0,0.5050948005574368,3,3498,1749,243712,train_set_fixed,484.182890176773,L.2.R4xI3,/work/ht203/repo/speech/reports/neuroprobe_stage0_l2_neuralset_2026_05_06/L.2.R4xI3/sub7_trial0
7,0,word_head_pos,0,-0.0,1.0,1.0,0.5051428571428571,1.0,0.5202089795918368,2,3500,1750,243712,train_set_fixed,474.6763880252838,L.2.R4xI3,/work/ht203/repo/speech/reports/neuroprobe_stage0_l2_neuralset_2026_05_06/L.2.R4xI3/sub7_trial0
7,0,word_part_speech,0,-0.0,1.0,1.0,0.1789594053744997,1.0,0.5171333993756262,6,3234,1749,243712,train_set_fixed,432.12571001052856,L.2.R4xI3,/work/ht203/repo/speech/reports/neuroprobe_stage0_l2_neuralset_2026_05_06/L.2.R4xI3/sub7_trial0
7,0,word_length,0,-0.0,1.0,1.0,0.3636363636363636,1.0,0.5384669700990617,3,3498,1749,243712,train_set_fixed,443.36772537231445,L.2.R4xI3,/work/ht203/repo/speech/reports/neuroprobe_stage0_l2_neuralset_2026_05_06/L.2.R4xI3/sub7_trial0
7,0,global_flow,0,-0.0,1.0,1.0,0.3499142367066895,1.0,0.522372009685515,3,3498,1749,243712,train_set_fixed,422.6136162281037,L.2.R4xI3,/work/ht203/repo/speech/reports/neuroprobe_stage0_l2_neuralset_2026_05_06/L.2.R4xI3/sub7_trial0
7,0,local_flow,0,-0.0,1.0,1.0,0.3476272155517438,1.0,0.5239377169213086,3,3498,1749,243712,train_set_fixed,392.8049404621124,L.2.R4xI3,/work/ht203/repo/speech/reports/neuroprobe_stage0_l2_neuralset_2026_05_06/L.2.R4xI3/sub7_trial0
7,0,frame_brightness,0,-0.0,1.0,1.0,0.3018867924528302,1.0,0.4708287117264754,3,3498,1749,243712,train_set_fixed,390.7906994819641,L.2.R4xI3,/work/ht203/repo/speech/reports/neuroprobe_stage0_l2_neuralset_2026_05_06/L.2.R4xI3/sub7_trial0
7,0,face_num,0,-0.0,1.0,1.0,0.3379073756432247,1.0,0.4991752209299703,3,3498,1749,243712,train_set_fixed,301.0240273475647,L.2.R4xI3,/work/ht203/repo/speech/reports/neuroprobe_stage0_l2_neuralset_2026_05_06/L.2.R4xI3/sub7_trial0
7,1,onset,0,-0.0,1.0,1.0,0.7184265010351967,1.0,0.7940064774242713,2,3500,1449,243712,train_set_fixed,532.1511633396149,L.2.R4xI3,/work/ht203/repo/speech/reports/neuroprobe_stage0_l2_neuralset_2026_05_06/L.2.R4xI3/sub7_trial1
7,1,speech,0,-0.0,1.0,1.0,0.7187902187902188,1.0,0.7900680603383305,2,3500,1554,243712,train_set_fixed,495.0077030658722,L.2.R4xI3,/work/ht203/repo/speech/reports/neuroprobe_stage0_l2_neuralset_2026_05_06/L.2.R4xI3/sub7_trial1
7,1,volume,0,-0.0,1.0,1.0,0.3636363636363636,1.0,0.537469095302682,3,3498,1749,243712,train_set_fixed,443.8993542194367,L.2.R4xI3,/work/ht203/repo/speech/reports/neuroprobe_stage0_l2_neuralset_2026_05_06/L.2.R4xI3/sub7_trial1
7,1,delta_volume,0,-0.0,1.0,1.0,0.3825042881646655,1.0,0.5468770686900722,3,3498,1749,243712,train_set_fixed,452.1083266735077,L.2.R4xI3,/work/ht203/repo/speech/reports/neuroprobe_stage0_l2_neuralset_2026_05_06/L.2.R4xI3/sub7_trial1
7,1,pitch,0,-0.0,1.0,1.0,0.3310463121783876,1.0,0.5066987555741237,3,3498,1749,243712,train_set_fixed,456.54282999038696,L.2.R4xI3,/work/ht203/repo/speech/reports/neuroprobe_stage0_l2_neuralset_2026_05_06/L.2.R4xI3/sub7_trial1
7,1,word_index,0,-0.0,1.0,1.0,0.3835792174470814,1.0,0.5644060063957893,3,3498,1559,243712,train_set_fixed,426.74814200401306,L.2.R4xI3,/work/ht203/repo/speech/reports/neuroprobe_stage0_l2_neuralset_2026_05_06/L.2.R4xI3/sub7_trial1
7,1,word_gap,0,-0.0,1.0,1.0,0.3487707261292166,1.0,0.5176042766903313,3,3498,1749,243712,train_set_fixed,450.9314632415772,L.2.R4xI3,/work/ht203/repo/speech/reports/neuroprobe_stage0_l2_neuralset_2026_05_06/L.2.R4xI3/sub7_trial1
7,1,gpt2_surprisal,0,-0.0,1.0,1.0,0.3419096626643796,1.0,0.5094065023188943,3,3498,1749,243712,train_set_fixed,475.9221551418304,L.2.R4xI3,/work/ht203/repo/speech/reports/neuroprobe_stage0_l2_neuralset_2026_05_06/L.2.R4xI3/sub7_trial1
7,1,word_head_pos,0,-0.0,1.0,1.0,0.5302857142857142,1.0,0.528002612244898,2,3500,1750,243712,train_set_fixed,469.8110427856445,L.2.R4xI3,/work/ht203/repo/speech/reports/neuroprobe_stage0_l2_neuralset_2026_05_06/L.2.R4xI3/sub7_trial1
7,1,word_part_speech,0,-0.0,1.0,1.0,0.196660482374768,1.0,0.539512765710477,6,3498,1617,243712,train_set_fixed,441.8190937042236,L.2.R4xI3,/work/ht203/repo/speech/reports/neuroprobe_stage0_l2_neuralset_2026_05_06/L.2.R4xI3/sub7_trial1
7,1,word_length,0,-0.0,1.0,1.0,0.3619210977701543,1.0,0.5356327114636446,3,3498,1749,243712,train_set_fixed,432.9347085952759,L.2.R4xI3,/work/ht203/repo/speech/reports/neuroprobe_stage0_l2_neuralset_2026_05_06/L.2.R4xI3/sub7_trial1
7,1,global_flow,0,-0.0,1.0,1.0,0.3459119496855345,1.0,0.5193695588854009,3,3498,1749,243712,train_set_fixed,422.3609471321106,L.2.R4xI3,/work/ht203/repo/speech/reports/neuroprobe_stage0_l2_neuralset_2026_05_06/L.2.R4xI3/sub7_trial1
7,1,local_flow,0,-0.0,1.0,1.0,0.3419096626643796,1.0,0.5193337628853341,3,3498,1749,243712,train_set_fixed,388.44506192207336,L.2.R4xI3,/work/ht203/repo/speech/reports/neuroprobe_stage0_l2_neuralset_2026_05_06/L.2.R4xI3/sub7_trial1
7,1,frame_brightness,0,-0.0,1.0,1.0,0.3156089193825043,1.0,0.4801778423740299,3,3498,1749,243712,train_set_fixed,395.8175966739655,L.2.R4xI3,/work/ht203/repo/speech/reports/neuroprobe_stage0_l2_neuralset_2026_05_06/L.2.R4xI3/sub7_trial1
7,1,face_num,0,-0.0,1.0,1.0,0.3253287592910234,1.0,0.505608203462503,3,3498,1749,243712,train_set_fixed,301.9753828048706,L.2.R4xI3,/work/ht203/repo/speech/reports/neuroprobe_stage0_l2_neuralset_2026_05_06/L.2.R4xI3/sub7_trial1
