subject_id,trial_id,task,fold,bin_start,bin_end,train_accuracy,test_accuracy,train_roc_auc,test_roc_auc,n_classes,n_train,n_test,n_features_post_norm,normalization,fold_seconds,cell,eval,ref_kind,view_kind,f0_hz,cap_hz,octave_step,half_bw
1,1,onset,0,-0.0,1.0,1.0,0.9145408163265306,1.0,0.9705005726780508,2,1567,784,153000,per_session_robust_mad_cf,19.065213441848755,G,within,shaft_laplacian,raw_multi_stft,2.0,256.0,0.5,0.5
1,1,onset,1,-0.0,1.0,1.0,0.8239795918367347,1.0,0.8945686693044566,2,1567,784,153000,per_session_robust_mad_cf,18.56889820098877,G,within,shaft_laplacian,raw_multi_stft,2.0,256.0,0.5,0.5
1,1,speech,0,-0.0,1.0,1.0,0.9234285714285714,1.0,0.9814373635100258,2,1750,875,153000,per_session_robust_mad_cf,20.613394021987915,G,within,shaft_laplacian,raw_multi_stft,2.0,256.0,0.5,0.5
1,1,speech,1,-0.0,1.0,1.0,0.824,1.0,0.8830966636364586,2,1750,875,153000,per_session_robust_mad_cf,19.744101524353027,G,within,shaft_laplacian,raw_multi_stft,2.0,256.0,0.5,0.5
1,1,volume,0,-0.0,1.0,1.0,0.6982857142857143,1.0,0.7736656635633157,2,1750,875,153000,per_session_robust_mad_cf,20.721604585647583,G,within,shaft_laplacian,raw_multi_stft,2.0,256.0,0.5,0.5
1,1,volume,1,-0.0,1.0,1.0,0.7702857142857142,1.0,0.847674576554549,2,1750,875,153000,per_session_robust_mad_cf,21.84257221221924,G,within,shaft_laplacian,raw_multi_stft,2.0,256.0,0.5,0.5
1,1,delta_volume,0,-0.0,1.0,1.0,0.7508571428571429,1.0,0.8320167601851561,2,1750,875,153000,per_session_robust_mad_cf,21.947336435317997,G,within,shaft_laplacian,raw_multi_stft,2.0,256.0,0.5,0.5
1,1,delta_volume,1,-0.0,1.0,1.0,0.76,1.0,0.8425859168469119,2,1750,875,153000,per_session_robust_mad_cf,21.238452434539795,G,within,shaft_laplacian,raw_multi_stft,2.0,256.0,0.5,0.5
1,1,pitch,0,-0.0,1.0,1.0,0.5462857142857143,1.0,0.5743968318652497,2,1750,875,153000,per_session_robust_mad_cf,21.1829526424408,G,within,shaft_laplacian,raw_multi_stft,2.0,256.0,0.5,0.5
1,1,pitch,1,-0.0,1.0,1.0,0.5622857142857143,1.0,0.5859586428847581,2,1750,875,153000,per_session_robust_mad_cf,21.33487820625305,G,within,shaft_laplacian,raw_multi_stft,2.0,256.0,0.5,0.5
1,1,word_index,0,-0.0,1.0,1.0,0.711340206185567,1.0,0.7829501304897202,2,1163,582,153000,per_session_robust_mad_cf,13.151567220687866,G,within,shaft_laplacian,raw_multi_stft,2.0,256.0,0.5,0.5
1,1,word_index,1,-0.0,1.0,1.0,0.7646048109965635,1.0,0.8246832229189547,2,1163,582,153000,per_session_robust_mad_cf,13.782160758972168,G,within,shaft_laplacian,raw_multi_stft,2.0,256.0,0.5,0.5
1,1,word_gap,0,-0.0,1.0,1.0,0.5977142857142858,1.0,0.6543943241068724,2,1750,875,153000,per_session_robust_mad_cf,20.58184266090393,G,within,shaft_laplacian,raw_multi_stft,2.0,256.0,0.5,0.5
1,1,word_gap,1,-0.0,1.0,1.0,0.5588571428571428,1.0,0.574914057030605,2,1750,875,153000,per_session_robust_mad_cf,21.398632526397705,G,within,shaft_laplacian,raw_multi_stft,2.0,256.0,0.5,0.5
1,1,gpt2_surprisal,0,-0.0,1.0,1.0,0.5782857142857143,1.0,0.5765232019894884,2,1750,875,153000,per_session_robust_mad_cf,20.38173270225525,G,within,shaft_laplacian,raw_multi_stft,2.0,256.0,0.5,0.5
1,1,gpt2_surprisal,1,-0.0,1.0,1.0,0.6091428571428571,1.0,0.6483548060144404,2,1750,875,153000,per_session_robust_mad_cf,20.84617567062378,G,within,shaft_laplacian,raw_multi_stft,2.0,256.0,0.5,0.5
1,1,word_head_pos,0,-0.0,1.0,1.0,0.592,1.0,0.6354398503704168,2,1750,875,153000,per_session_robust_mad_cf,22.40052843093872,G,within,shaft_laplacian,raw_multi_stft,2.0,256.0,0.5,0.5
1,1,word_head_pos,1,-0.0,1.0,1.0,0.5977142857142858,1.0,0.6500161959395212,2,1750,875,153000,per_session_robust_mad_cf,22.237861156463623,G,within,shaft_laplacian,raw_multi_stft,2.0,256.0,0.5,0.5
1,1,word_part_speech,0,-0.0,1.0,1.0,0.5805288461538461,1.0,0.6009788738905326,2,1664,832,153000,per_session_robust_mad_cf,20.100940465927124,G,within,shaft_laplacian,raw_multi_stft,2.0,256.0,0.5,0.5
1,1,word_part_speech,1,-0.0,1.0,1.0,0.5721153846153846,1.0,0.6129518768491125,2,1664,832,153000,per_session_robust_mad_cf,20.677154064178467,G,within,shaft_laplacian,raw_multi_stft,2.0,256.0,0.5,0.5
1,1,word_length,0,-0.0,1.0,1.0,0.5611428571428572,1.0,0.5926407740614192,2,1750,875,153000,per_session_robust_mad_cf,21.094483852386475,G,within,shaft_laplacian,raw_multi_stft,2.0,256.0,0.5,0.5
1,1,word_length,1,-0.0,1.0,1.0,0.5931428571428572,1.0,0.6268716759140257,2,1750,875,153000,per_session_robust_mad_cf,20.559733390808105,G,within,shaft_laplacian,raw_multi_stft,2.0,256.0,0.5,0.5
1,1,global_flow,0,-0.0,1.0,1.0,0.6365714285714286,1.0,0.6603241277702894,2,1750,875,153000,per_session_robust_mad_cf,20.6073579788208,G,within,shaft_laplacian,raw_multi_stft,2.0,256.0,0.5,0.5
1,1,global_flow,1,-0.0,1.0,1.0,0.6045714285714285,1.0,0.6337523379622374,2,1750,875,153000,per_session_robust_mad_cf,20.60899305343628,G,within,shaft_laplacian,raw_multi_stft,2.0,256.0,0.5,0.5
1,1,local_flow,0,-0.0,1.0,1.0,0.5885714285714285,1.0,0.6268821249072651,2,1750,875,153000,per_session_robust_mad_cf,20.680790424346924,G,within,shaft_laplacian,raw_multi_stft,2.0,256.0,0.5,0.5
1,1,local_flow,1,-0.0,1.0,1.0,0.5634285714285714,1.0,0.5720144614066435,2,1750,875,153000,per_session_robust_mad_cf,19.90321397781372,G,within,shaft_laplacian,raw_multi_stft,2.0,256.0,0.5,0.5
1,1,frame_brightness,0,-0.0,1.0,1.0,0.5234285714285715,1.0,0.5185574119933545,2,1750,875,153000,per_session_robust_mad_cf,20.71496176719665,G,within,shaft_laplacian,raw_multi_stft,2.0,256.0,0.5,0.5
1,1,frame_brightness,1,-0.0,1.0,1.0,0.5897142857142857,1.0,0.6244318359926021,2,1750,875,153000,per_session_robust_mad_cf,20.02997303009033,G,within,shaft_laplacian,raw_multi_stft,2.0,256.0,0.5,0.5
1,1,face_num,0,-0.0,1.0,1.0,0.576,1.0,0.6144687209387376,2,1750,875,153000,per_session_robust_mad_cf,20.96731472015381,G,within,shaft_laplacian,raw_multi_stft,2.0,256.0,0.5,0.5
1,1,face_num,1,-0.0,1.0,1.0,0.5634285714285714,1.0,0.5832314556492482,2,1750,875,153000,per_session_robust_mad_cf,20.92033791542053,G,within,shaft_laplacian,raw_multi_stft,2.0,256.0,0.5,0.5
1,2,onset,0,-0.0,1.0,1.0,0.879286694101509,1.0,0.9269456570826432,2,1458,729,153000,per_session_robust_mad_cf,21.80858325958252,G,within,shaft_laplacian,raw_multi_stft,2.0,256.0,0.5,0.5
1,2,onset,1,-0.0,1.0,1.0,0.9327846364883402,1.0,0.9629007978323044,2,1458,729,153000,per_session_robust_mad_cf,18.017311811447144,G,within,shaft_laplacian,raw_multi_stft,2.0,256.0,0.5,0.5
1,2,speech,0,-0.0,1.0,1.0,0.9028571428571428,1.0,0.9411199230954096,2,1750,875,153000,per_session_robust_mad_cf,28.13963532447815,G,within,shaft_laplacian,raw_multi_stft,2.0,256.0,0.5,0.5
1,2,speech,1,-0.0,1.0,1.0,0.9302857142857144,1.0,0.9575248424814268,2,1750,875,153000,per_session_robust_mad_cf,23.23705267906189,G,within,shaft_laplacian,raw_multi_stft,2.0,256.0,0.5,0.5
1,2,volume,0,-0.0,1.0,1.0,0.7462857142857143,1.0,0.8206691535270577,2,1750,875,153000,per_session_robust_mad_cf,24.99501395225525,G,within,shaft_laplacian,raw_multi_stft,2.0,256.0,0.5,0.5
1,2,volume,1,-0.0,1.0,1.0,0.7828571428571428,1.0,0.8544611976636052,2,1750,875,153000,per_session_robust_mad_cf,22.67798686027527,G,within,shaft_laplacian,raw_multi_stft,2.0,256.0,0.5,0.5
1,2,delta_volume,0,-0.0,1.0,1.0,0.7074285714285714,1.0,0.7842962080603535,2,1750,875,153000,per_session_robust_mad_cf,25.697428226470947,G,within,shaft_laplacian,raw_multi_stft,2.0,256.0,0.5,0.5
1,2,delta_volume,1,-0.0,1.0,1.0,0.712,1.0,0.7912029925916639,2,1750,875,153000,per_session_robust_mad_cf,24.86627602577209,G,within,shaft_laplacian,raw_multi_stft,2.0,256.0,0.5,0.5
1,2,pitch,0,-0.0,1.0,1.0,0.6171428571428571,1.0,0.6569491029539303,2,1750,875,153000,per_session_robust_mad_cf,27.60152769088745,G,within,shaft_laplacian,raw_multi_stft,2.0,256.0,0.5,0.5
1,2,pitch,1,-0.0,1.0,1.0,0.5954285714285714,1.0,0.6382036090822649,2,1750,875,153000,per_session_robust_mad_cf,28.17411756515503,G,within,shaft_laplacian,raw_multi_stft,2.0,256.0,0.5,0.5
1,2,word_index,0,-0.0,1.0,1.0,0.5784313725490197,1.0,0.6038292964244522,2,1020,510,153000,per_session_robust_mad_cf,12.59207797050476,G,within,shaft_laplacian,raw_multi_stft,2.0,256.0,0.5,0.5
1,2,word_index,1,-0.0,1.0,1.0,0.5941176470588235,1.0,0.6272664359861592,2,1020,510,153000,per_session_robust_mad_cf,13.604522228240969,G,within,shaft_laplacian,raw_multi_stft,2.0,256.0,0.5,0.5
1,2,word_gap,0,-0.0,1.0,1.0,0.5346420323325635,1.0,0.5770098512446064,2,1732,866,153000,per_session_robust_mad_cf,26.91382145881653,G,within,shaft_laplacian,raw_multi_stft,2.0,256.0,0.5,0.5
1,2,word_gap,1,-0.0,1.0,1.0,0.5519630484988453,1.0,0.5759217874115282,2,1732,866,153000,per_session_robust_mad_cf,24.338643550872803,G,within,shaft_laplacian,raw_multi_stft,2.0,256.0,0.5,0.5
1,2,gpt2_surprisal,0,-0.0,1.0,1.0,0.576,1.0,0.6144008024826808,2,1750,875,153000,per_session_robust_mad_cf,23.11209464073181,G,within,shaft_laplacian,raw_multi_stft,2.0,256.0,0.5,0.5
1,2,gpt2_surprisal,1,-0.0,1.0,1.0,0.5725714285714286,1.0,0.6153203138877569,2,1750,875,153000,per_session_robust_mad_cf,21.88298892974853,G,within,shaft_laplacian,raw_multi_stft,2.0,256.0,0.5,0.5
1,2,word_head_pos,0,-0.0,1.0,1.0,0.592,1.0,0.6333970721920943,2,1750,875,153000,per_session_robust_mad_cf,23.33287501335144,G,within,shaft_laplacian,raw_multi_stft,2.0,256.0,0.5,0.5
1,2,word_head_pos,1,-0.0,1.0,1.0,0.6251428571428571,1.0,0.6499639509733237,2,1750,875,153000,per_session_robust_mad_cf,26.15301203727722,G,within,shaft_laplacian,raw_multi_stft,2.0,256.0,0.5,0.5
1,2,word_part_speech,0,-0.0,1.0,1.0,0.6021505376344086,1.0,0.6265335748512995,2,1115,558,153000,per_session_robust_mad_cf,17.487581253051758,G,within,shaft_laplacian,raw_multi_stft,2.0,256.0,0.5,0.5
1,2,word_part_speech,1,-0.0,1.0,1.0,0.568100358422939,1.0,0.6202386916920389,2,1115,558,153000,per_session_robust_mad_cf,16.99173402786255,G,within,shaft_laplacian,raw_multi_stft,2.0,256.0,0.5,0.5
1,2,word_length,0,-0.0,1.0,1.0,0.6205714285714286,1.0,0.6751512491771418,2,1750,875,153000,per_session_robust_mad_cf,34.34240198135376,G,within,shaft_laplacian,raw_multi_stft,2.0,256.0,0.5,0.5
1,2,word_length,1,-0.0,1.0,1.0,0.632,1.0,0.6607159650167707,2,1750,875,153000,per_session_robust_mad_cf,28.03686785697937,G,within,shaft_laplacian,raw_multi_stft,2.0,256.0,0.5,0.5
1,2,global_flow,0,-0.0,1.0,1.0,0.5977142857142858,1.0,0.6357951161405598,2,1750,875,153000,per_session_robust_mad_cf,24.501696586608887,G,within,shaft_laplacian,raw_multi_stft,2.0,256.0,0.5,0.5
1,2,global_flow,1,-0.0,1.0,1.0,0.664,1.0,0.7047532470246491,2,1750,875,153000,per_session_robust_mad_cf,22.743389129638672,G,within,shaft_laplacian,raw_multi_stft,2.0,256.0,0.5,0.5
1,2,local_flow,0,-0.0,1.0,1.0,0.5817142857142857,1.0,0.6212030970815963,2,1750,875,153000,per_session_robust_mad_cf,23.51202178001404,G,within,shaft_laplacian,raw_multi_stft,2.0,256.0,0.5,0.5
1,2,local_flow,1,-0.0,1.0,1.0,0.6228571428571429,1.0,0.6699215280607713,2,1750,875,153000,per_session_robust_mad_cf,22.30624032020569,G,within,shaft_laplacian,raw_multi_stft,2.0,256.0,0.5,0.5
1,2,frame_brightness,0,-0.0,1.0,1.0,0.4331428571428571,1.0,0.4160945842868039,2,1750,875,153000,per_session_robust_mad_cf,24.315336227416992,G,within,shaft_laplacian,raw_multi_stft,2.0,256.0,0.5,0.5
1,2,frame_brightness,1,-0.0,1.0,1.0,0.4754285714285714,1.0,0.4625612572228665,2,1750,875,153000,per_session_robust_mad_cf,22.99020838737488,G,within,shaft_laplacian,raw_multi_stft,2.0,256.0,0.5,0.5
1,2,face_num,0,-0.0,1.0,1.0,0.5417142857142857,1.0,0.540526420279406,2,1750,875,153000,per_session_robust_mad_cf,23.002216815948486,G,within,shaft_laplacian,raw_multi_stft,2.0,256.0,0.5,0.5
1,2,face_num,1,-0.0,1.0,1.0,0.552,1.0,0.5560745222197842,2,1750,875,153000,per_session_robust_mad_cf,23.589760065078732,G,within,shaft_laplacian,raw_multi_stft,2.0,256.0,0.5,0.5
2,0,onset,0,-0.0,1.0,1.0,0.878419452887538,1.0,0.9467299821694184,2,1315,658,151725,per_session_robust_mad_cf,16.49936819076538,G,within,shaft_laplacian,raw_multi_stft,2.0,256.0,0.5,0.5
2,0,onset,1,-0.0,1.0,1.0,0.9027355623100304,1.0,0.9477092783695642,2,1315,658,151725,per_session_robust_mad_cf,9.631354570388794,G,within,shaft_laplacian,raw_multi_stft,2.0,256.0,0.5,0.5
2,0,speech,0,-0.0,1.0,1.0,0.8994285714285715,1.0,0.9480214831301004,2,1750,875,151725,per_session_robust_mad_cf,16.315188884735107,G,within,shaft_laplacian,raw_multi_stft,2.0,256.0,0.5,0.5
2,0,speech,1,-0.0,1.0,1.0,0.9382857142857144,1.0,0.9740029048201206,2,1750,875,151725,per_session_robust_mad_cf,13.254950046539308,G,within,shaft_laplacian,raw_multi_stft,2.0,256.0,0.5,0.5
2,0,volume,0,-0.0,1.0,1.0,0.7314285714285714,1.0,0.8049016227286501,2,1750,875,151725,per_session_robust_mad_cf,13.801889896392822,G,within,shaft_laplacian,raw_multi_stft,2.0,256.0,0.5,0.5
2,0,volume,1,-0.0,1.0,1.0,0.6902857142857143,1.0,0.7499190203023938,2,1750,875,151725,per_session_robust_mad_cf,13.384094953536987,G,within,shaft_laplacian,raw_multi_stft,2.0,256.0,0.5,0.5
2,0,delta_volume,0,-0.0,1.0,1.0,0.7748571428571429,1.0,0.8473036372945466,2,1750,875,151725,per_session_robust_mad_cf,13.761598825454712,G,within,shaft_laplacian,raw_multi_stft,2.0,256.0,0.5,0.5
2,0,delta_volume,1,-0.0,1.0,1.0,0.7634285714285715,1.0,0.853625278204445,2,1750,875,151725,per_session_robust_mad_cf,13.052951097488403,G,within,shaft_laplacian,raw_multi_stft,2.0,256.0,0.5,0.5
2,0,pitch,0,-0.0,1.0,1.0,0.6068571428571429,1.0,0.6357428711743623,2,1750,875,151725,per_session_robust_mad_cf,13.61725687980652,G,within,shaft_laplacian,raw_multi_stft,2.0,256.0,0.5,0.5
2,0,pitch,1,-0.0,1.0,1.0,0.6137142857142858,1.0,0.656285591883222,2,1750,875,151725,per_session_robust_mad_cf,14.488990545272827,G,within,shaft_laplacian,raw_multi_stft,2.0,256.0,0.5,0.5
2,0,word_index,0,-0.0,1.0,1.0,0.7468619246861925,1.0,0.7967472558253532,2,955,478,151725,per_session_robust_mad_cf,7.58610725402832,G,within,shaft_laplacian,raw_multi_stft,2.0,256.0,0.5,0.5
2,0,word_index,1,-0.0,1.0,1.0,0.7405857740585774,1.0,0.7913026732725268,2,955,478,151725,per_session_robust_mad_cf,7.304669141769409,G,within,shaft_laplacian,raw_multi_stft,2.0,256.0,0.5,0.5
2,0,word_gap,0,-0.0,1.0,1.0,0.6513249651324965,1.0,0.6898429840805467,2,1433,717,151725,per_session_robust_mad_cf,11.732567071914673,G,within,shaft_laplacian,raw_multi_stft,2.0,256.0,0.5,0.5
2,0,word_gap,1,-0.0,1.0,1.0,0.6513249651324965,1.0,0.6899130110020075,2,1433,717,151725,per_session_robust_mad_cf,11.247667074203491,G,within,shaft_laplacian,raw_multi_stft,2.0,256.0,0.5,0.5
2,0,gpt2_surprisal,0,-0.0,1.0,1.0,0.6182857142857143,1.0,0.6666457686801877,2,1750,875,151725,per_session_robust_mad_cf,14.007585287094116,G,within,shaft_laplacian,raw_multi_stft,2.0,256.0,0.5,0.5
2,0,gpt2_surprisal,1,-0.0,1.0,1.0,0.6205714285714286,1.0,0.6524769338474239,2,1750,875,151725,per_session_robust_mad_cf,13.154093980789185,G,within,shaft_laplacian,raw_multi_stft,2.0,256.0,0.5,0.5
2,0,word_head_pos,0,-0.0,1.0,1.0,0.6057142857142858,1.0,0.6413383070541152,2,1750,875,151725,per_session_robust_mad_cf,14.118661880493164,G,within,shaft_laplacian,raw_multi_stft,2.0,256.0,0.5,0.5
2,0,word_head_pos,1,-0.0,1.0,1.0,0.592,1.0,0.6204089735953942,2,1750,875,151725,per_session_robust_mad_cf,13.042126655578612,G,within,shaft_laplacian,raw_multi_stft,2.0,256.0,0.5,0.5
2,0,word_part_speech,0,-0.0,1.0,1.0,0.6,1.0,0.6083798387811143,2,850,425,151725,per_session_robust_mad_cf,6.958818197250366,G,within,shaft_laplacian,raw_multi_stft,2.0,256.0,0.5,0.5
2,0,word_part_speech,1,-0.0,1.0,1.0,0.6329411764705882,1.0,0.6563025954468953,2,850,425,151725,per_session_robust_mad_cf,6.581319808959961,G,within,shaft_laplacian,raw_multi_stft,2.0,256.0,0.5,0.5
2,0,word_length,0,-0.0,1.0,1.0,0.6445714285714286,1.0,0.6989122598037678,2,1750,875,151725,per_session_robust_mad_cf,13.699639081954956,G,within,shaft_laplacian,raw_multi_stft,2.0,256.0,0.5,0.5
2,0,word_length,1,-0.0,1.0,1.0,0.6834285714285714,1.0,0.7443967273753174,2,1750,875,151725,per_session_robust_mad_cf,12.78640913963318,G,within,shaft_laplacian,raw_multi_stft,2.0,256.0,0.5,0.5
2,0,global_flow,0,-0.0,1.0,1.0,0.5428571428571428,1.0,0.5569835846316207,2,1750,875,151725,per_session_robust_mad_cf,13.507677555084229,G,within,shaft_laplacian,raw_multi_stft,2.0,256.0,0.5,0.5
2,0,global_flow,1,-0.0,1.0,1.0,0.5554285714285714,1.0,0.576382140580755,2,1750,875,151725,per_session_robust_mad_cf,13.665077447891235,G,within,shaft_laplacian,raw_multi_stft,2.0,256.0,0.5,0.5
2,0,local_flow,0,-0.0,1.0,1.0,0.5382857142857143,1.0,0.5443925477780216,2,1750,875,151725,per_session_robust_mad_cf,13.385627746582031,G,within,shaft_laplacian,raw_multi_stft,2.0,256.0,0.5,0.5
2,0,local_flow,1,-0.0,1.0,1.0,0.5508571428571428,1.0,0.5704209899376196,2,1750,875,151725,per_session_robust_mad_cf,12.929971933364868,G,within,shaft_laplacian,raw_multi_stft,2.0,256.0,0.5,0.5
2,0,frame_brightness,0,-0.0,1.0,1.0,0.5314285714285715,1.0,0.5382015192836171,2,1750,875,151725,per_session_robust_mad_cf,13.831082820892334,G,within,shaft_laplacian,raw_multi_stft,2.0,256.0,0.5,0.5
2,0,frame_brightness,1,-0.0,1.0,1.0,0.5817142857142857,1.0,0.6198969729266586,2,1750,875,151725,per_session_robust_mad_cf,13.112537145614624,G,within,shaft_laplacian,raw_multi_stft,2.0,256.0,0.5,0.5
2,0,face_num,0,-0.0,1.0,1.0,0.5508571428571428,1.0,0.5509963115053864,2,1750,875,151725,per_session_robust_mad_cf,14.571446180343628,G,within,shaft_laplacian,raw_multi_stft,2.0,256.0,0.5,0.5
2,0,face_num,1,-0.0,1.0,1.0,0.5725714285714286,1.0,0.6016687042203483,2,1750,875,151725,per_session_robust_mad_cf,13.591681718826294,G,within,shaft_laplacian,raw_multi_stft,2.0,256.0,0.5,0.5
2,4,onset,0,-0.0,1.0,1.0,0.75,1.0,0.8132667505504876,2,1496,748,151725,per_session_robust_mad_cf,11.52497100830078,G,within,shaft_laplacian,raw_multi_stft,2.0,256.0,0.5,0.5
2,4,onset,1,-0.0,1.0,1.0,0.8770053475935828,1.0,0.8927103291486747,2,1496,748,151725,per_session_robust_mad_cf,11.956228017807009,G,within,shaft_laplacian,raw_multi_stft,2.0,256.0,0.5,0.5
2,4,speech,0,-0.0,1.0,1.0,0.7462857142857143,1.0,0.8158822084992111,2,1750,875,151725,per_session_robust_mad_cf,15.693687915802002,G,within,shaft_laplacian,raw_multi_stft,2.0,256.0,0.5,0.5
2,4,speech,1,-0.0,1.0,1.0,0.8857142857142857,1.0,0.905614244067584,2,1750,875,151725,per_session_robust_mad_cf,13.661940813064575,G,within,shaft_laplacian,raw_multi_stft,2.0,256.0,0.5,0.5
2,4,volume,0,-0.0,1.0,1.0,0.7142857142857143,1.0,0.7761198708504435,2,1750,875,151725,per_session_robust_mad_cf,13.784933805465698,G,within,shaft_laplacian,raw_multi_stft,2.0,256.0,0.5,0.5
2,4,volume,1,-0.0,1.0,1.0,0.7874285714285715,1.0,0.8546414427969864,2,1750,875,151725,per_session_robust_mad_cf,15.062681913375854,G,within,shaft_laplacian,raw_multi_stft,2.0,256.0,0.5,0.5
2,4,delta_volume,0,-0.0,1.0,1.0,0.7737142857142857,1.0,0.8246371587097583,2,1750,875,151725,per_session_robust_mad_cf,14.531198978424072,G,within,shaft_laplacian,raw_multi_stft,2.0,256.0,0.5,0.5
2,4,delta_volume,1,-0.0,1.0,1.0,0.7302857142857143,1.0,0.7872101710500192,2,1750,875,151725,per_session_robust_mad_cf,13.293729782104492,G,within,shaft_laplacian,raw_multi_stft,2.0,256.0,0.5,0.5
2,4,pitch,0,-0.0,1.0,1.0,0.552,1.0,0.5654498814039268,2,1750,875,151725,per_session_robust_mad_cf,14.952290296554564,G,within,shaft_laplacian,raw_multi_stft,2.0,256.0,0.5,0.5
2,4,pitch,1,-0.0,1.0,1.0,0.6422857142857142,1.0,0.6899026153830079,2,1750,875,151725,per_session_robust_mad_cf,13.898897409439089,G,within,shaft_laplacian,raw_multi_stft,2.0,256.0,0.5,0.5
2,4,word_index,0,-0.0,1.0,1.0,0.7274436090225563,1.0,0.7779552264118943,2,1064,532,151725,per_session_robust_mad_cf,8.674792766571045,G,within,shaft_laplacian,raw_multi_stft,2.0,256.0,0.5,0.5
2,4,word_index,1,-0.0,1.0,1.0,0.7537593984962406,1.0,0.8045324778110692,2,1064,532,151725,per_session_robust_mad_cf,12.6991708278656,G,within,shaft_laplacian,raw_multi_stft,2.0,256.0,0.5,0.5
2,4,word_gap,0,-0.0,1.0,1.0,0.5721455457967378,1.0,0.588377350411204,2,1593,797,151725,per_session_robust_mad_cf,13.081442594528198,G,within,shaft_laplacian,raw_multi_stft,2.0,256.0,0.5,0.5
2,4,word_gap,1,-0.0,1.0,1.0,0.6022584692597239,1.0,0.6429893830052518,2,1593,797,151725,per_session_robust_mad_cf,14.861979722976685,G,within,shaft_laplacian,raw_multi_stft,2.0,256.0,0.5,0.5
2,4,gpt2_surprisal,0,-0.0,1.0,1.0,0.6137142857142858,1.0,0.6352909522167539,2,1750,875,151725,per_session_robust_mad_cf,14.612457752227783,G,within,shaft_laplacian,raw_multi_stft,2.0,256.0,0.5,0.5
2,4,gpt2_surprisal,1,-0.0,1.0,1.0,0.6285714285714286,1.0,0.6756292906178489,2,1750,875,151725,per_session_robust_mad_cf,16.914352655410767,G,within,shaft_laplacian,raw_multi_stft,2.0,256.0,0.5,0.5
2,4,word_head_pos,0,-0.0,1.0,1.0,0.5977142857142858,1.0,0.6264746141709245,2,1750,875,151725,per_session_robust_mad_cf,14.547584056854248,G,within,shaft_laplacian,raw_multi_stft,2.0,256.0,0.5,0.5
2,4,word_head_pos,1,-0.0,1.0,1.0,0.632,1.0,0.6626072327931204,2,1750,875,151725,per_session_robust_mad_cf,15.941113471984863,G,within,shaft_laplacian,raw_multi_stft,2.0,256.0,0.5,0.5
2,4,word_part_speech,0,-0.0,1.0,1.0,0.6335877862595419,1.0,0.6569838587494901,2,1048,524,151725,per_session_robust_mad_cf,9.393733263015749,G,within,shaft_laplacian,raw_multi_stft,2.0,256.0,0.5,0.5
2,4,word_part_speech,1,-0.0,1.0,1.0,0.6030534351145038,1.0,0.6572533651885089,2,1048,524,151725,per_session_robust_mad_cf,9.485718488693236,G,within,shaft_laplacian,raw_multi_stft,2.0,256.0,0.5,0.5
2,4,word_length,0,-0.0,1.0,1.0,0.6377142857142857,1.0,0.6653122159179963,2,1750,875,151725,per_session_robust_mad_cf,14.101349115371704,G,within,shaft_laplacian,raw_multi_stft,2.0,256.0,0.5,0.5
2,4,word_length,1,-0.0,1.0,1.0,0.6685714285714286,1.0,0.7028188771511865,2,1750,875,151725,per_session_robust_mad_cf,15.427103996276855,G,within,shaft_laplacian,raw_multi_stft,2.0,256.0,0.5,0.5
2,4,global_flow,0,-0.0,1.0,1.0,0.5108571428571429,1.0,0.4804185866691745,2,1750,875,151725,per_session_robust_mad_cf,13.208250522613524,G,within,shaft_laplacian,raw_multi_stft,2.0,256.0,0.5,0.5
2,4,global_flow,1,-0.0,1.0,1.0,0.6811428571428572,1.0,0.7474217109181529,2,1750,875,151725,per_session_robust_mad_cf,15.290598392486572,G,within,shaft_laplacian,raw_multi_stft,2.0,256.0,0.5,0.5
2,4,local_flow,0,-0.0,1.0,1.0,0.5668571428571428,1.0,0.550669780466652,2,1750,875,151725,per_session_robust_mad_cf,15.227523565292358,G,within,shaft_laplacian,raw_multi_stft,2.0,256.0,0.5,0.5
2,4,local_flow,1,-0.0,1.0,1.0,0.6605714285714286,1.0,0.6980894015861572,2,1750,875,151725,per_session_robust_mad_cf,15.119225025177002,G,within,shaft_laplacian,raw_multi_stft,2.0,256.0,0.5,0.5
2,4,frame_brightness,0,-0.0,1.0,1.0,0.5131428571428571,1.0,0.5416758095357512,2,1750,875,151725,per_session_robust_mad_cf,15.198110818862917,G,within,shaft_laplacian,raw_multi_stft,2.0,256.0,0.5,0.5
2,4,frame_brightness,1,-0.0,1.0,1.0,0.472,1.0,0.4543000219428857,2,1750,875,151725,per_session_robust_mad_cf,14.055626153945925,G,within,shaft_laplacian,raw_multi_stft,2.0,256.0,0.5,0.5
2,4,face_num,0,-0.0,1.0,1.0,0.5028571428571429,1.0,0.4871790852951318,2,1750,875,151725,per_session_robust_mad_cf,13.867159843444824,G,within,shaft_laplacian,raw_multi_stft,2.0,256.0,0.5,0.5
2,4,face_num,1,-0.0,1.0,1.0,0.5337142857142857,1.0,0.5402573587034889,2,1750,875,151725,per_session_robust_mad_cf,15.167245864868164,G,within,shaft_laplacian,raw_multi_stft,2.0,256.0,0.5,0.5
3,0,onset,0,-0.0,1.0,1.0,0.8548571428571429,1.0,0.934469138898467,2,1750,875,138975,per_session_robust_mad_cf,13.22075343132019,G,within,shaft_laplacian,raw_multi_stft,2.0,256.0,0.5,0.5
3,0,onset,1,-0.0,1.0,1.0,0.8754285714285714,1.0,0.90884298297859,2,1750,875,138975,per_session_robust_mad_cf,13.096007823944092,G,within,shaft_laplacian,raw_multi_stft,2.0,256.0,0.5,0.5
3,0,speech,0,-0.0,1.0,1.0,0.8754285714285714,1.0,0.9316740332069005,2,1750,875,138975,per_session_robust_mad_cf,12.79973578453064,G,within,shaft_laplacian,raw_multi_stft,2.0,256.0,0.5,0.5
3,0,speech,1,-0.0,1.0,1.0,0.8731428571428571,1.0,0.912970335308193,2,1750,875,138975,per_session_robust_mad_cf,12.1752769947052,G,within,shaft_laplacian,raw_multi_stft,2.0,256.0,0.5,0.5
3,0,volume,0,-0.0,1.0,1.0,0.7211428571428572,1.0,0.7810152241831501,2,1750,875,138975,per_session_robust_mad_cf,13.96478271484375,G,within,shaft_laplacian,raw_multi_stft,2.0,256.0,0.5,0.5
3,0,volume,1,-0.0,1.0,1.0,0.7325714285714285,1.0,0.8077280753999352,2,1750,875,138975,per_session_robust_mad_cf,13.039100885391235,G,within,shaft_laplacian,raw_multi_stft,2.0,256.0,0.5,0.5
3,0,delta_volume,0,-0.0,1.0,1.0,0.6537142857142857,1.0,0.7159493432807749,2,1750,875,138975,per_session_robust_mad_cf,13.02021336555481,G,within,shaft_laplacian,raw_multi_stft,2.0,256.0,0.5,0.5
3,0,delta_volume,1,-0.0,1.0,1.0,0.6948571428571428,1.0,0.7628130779599386,2,1750,875,138975,per_session_robust_mad_cf,13.072550058364868,G,within,shaft_laplacian,raw_multi_stft,2.0,256.0,0.5,0.5
3,0,pitch,0,-0.0,1.0,1.0,0.5451428571428572,1.0,0.5761261402463873,2,1750,875,138975,per_session_robust_mad_cf,12.685717582702637,G,within,shaft_laplacian,raw_multi_stft,2.0,256.0,0.5,0.5
3,0,pitch,1,-0.0,1.0,1.0,0.576,1.0,0.5875625633470215,2,1750,875,138975,per_session_robust_mad_cf,12.48477864265442,G,within,shaft_laplacian,raw_multi_stft,2.0,256.0,0.5,0.5
3,0,word_index,0,-0.0,1.0,1.0,0.7156593406593407,1.0,0.7880917159763314,2,1455,728,138975,per_session_robust_mad_cf,11.20116114616394,G,within,shaft_laplacian,raw_multi_stft,2.0,256.0,0.5,0.5
3,0,word_index,1,-0.0,1.0,1.0,0.7211538461538461,1.0,0.7814273638449463,2,1455,728,138975,per_session_robust_mad_cf,10.74760627746582,G,within,shaft_laplacian,raw_multi_stft,2.0,256.0,0.5,0.5
3,0,word_gap,0,-0.0,1.0,1.0,0.5977142857142858,1.0,0.6256177967252855,2,1750,875,138975,per_session_robust_mad_cf,13.489394664764404,G,within,shaft_laplacian,raw_multi_stft,2.0,256.0,0.5,0.5
3,0,word_gap,1,-0.0,1.0,1.0,0.6,1.0,0.6404292446422788,2,1750,875,138975,per_session_robust_mad_cf,12.869727611541748,G,within,shaft_laplacian,raw_multi_stft,2.0,256.0,0.5,0.5
3,0,gpt2_surprisal,0,-0.0,1.0,1.0,0.6377142857142857,1.0,0.670893284432045,2,1750,875,138975,per_session_robust_mad_cf,13.231605052947998,G,within,shaft_laplacian,raw_multi_stft,2.0,256.0,0.5,0.5
3,0,gpt2_surprisal,1,-0.0,1.0,1.0,0.616,1.0,0.6678891988756883,2,1750,875,138975,per_session_robust_mad_cf,12.359020471572876,G,within,shaft_laplacian,raw_multi_stft,2.0,256.0,0.5,0.5
3,0,word_head_pos,0,-0.0,1.0,1.0,0.6034285714285714,1.0,0.6250640000835919,2,1750,875,138975,per_session_robust_mad_cf,12.833672761917114,G,within,shaft_laplacian,raw_multi_stft,2.0,256.0,0.5,0.5
3,0,word_head_pos,1,-0.0,1.0,1.0,0.5954285714285714,1.0,0.63306792890505,2,1750,875,138975,per_session_robust_mad_cf,13.05007266998291,G,within,shaft_laplacian,raw_multi_stft,2.0,256.0,0.5,0.5
3,0,word_part_speech,0,-0.0,1.0,1.0,0.615877080665813,1.0,0.6580234769493081,2,1562,781,138975,per_session_robust_mad_cf,11.714375495910645,G,within,shaft_laplacian,raw_multi_stft,2.0,256.0,0.5,0.5
3,0,word_part_speech,1,-0.0,1.0,1.0,0.5902688860435339,1.0,0.6418650403305135,2,1562,781,138975,per_session_robust_mad_cf,11.779173851013184,G,within,shaft_laplacian,raw_multi_stft,2.0,256.0,0.5,0.5
3,0,word_length,0,-0.0,1.0,1.0,0.5805714285714285,1.0,0.6232719977430174,2,1750,875,138975,per_session_robust_mad_cf,13.230554580688477,G,within,shaft_laplacian,raw_multi_stft,2.0,256.0,0.5,0.5
3,0,word_length,1,-0.0,1.0,1.0,0.5954285714285714,1.0,0.6321902134729318,2,1750,875,138975,per_session_robust_mad_cf,13.11787176132202,G,within,shaft_laplacian,raw_multi_stft,2.0,256.0,0.5,0.5
3,0,global_flow,0,-0.0,1.0,1.0,0.6731428571428572,1.0,0.726967806651829,2,1750,875,138975,per_session_robust_mad_cf,12.879859685897827,G,within,shaft_laplacian,raw_multi_stft,2.0,256.0,0.5,0.5
3,0,global_flow,1,-0.0,1.0,1.0,0.6742857142857143,1.0,0.7380594129755598,2,1750,875,138975,per_session_robust_mad_cf,12.546011447906494,G,within,shaft_laplacian,raw_multi_stft,2.0,256.0,0.5,0.5
3,0,local_flow,0,-0.0,1.0,1.0,0.6297142857142857,1.0,0.6775597421188468,2,1750,875,138975,per_session_robust_mad_cf,12.193489074707031,G,within,shaft_laplacian,raw_multi_stft,2.0,256.0,0.5,0.5
3,0,local_flow,1,-0.0,1.0,1.0,0.6068571428571429,1.0,0.6319394376351839,2,1750,875,138975,per_session_robust_mad_cf,12.222516298294067,G,within,shaft_laplacian,raw_multi_stft,2.0,256.0,0.5,0.5
3,0,frame_brightness,0,-0.0,1.0,1.0,0.5211428571428571,1.0,0.5572239114761293,2,1750,875,138975,per_session_robust_mad_cf,13.068699836730955,G,within,shaft_laplacian,raw_multi_stft,2.0,256.0,0.5,0.5
3,0,frame_brightness,1,-0.0,1.0,1.0,0.4285714285714285,1.0,0.3979028870568321,2,1750,875,138975,per_session_robust_mad_cf,12.839913606643677,G,within,shaft_laplacian,raw_multi_stft,2.0,256.0,0.5,0.5
3,0,face_num,0,-0.0,1.0,1.0,0.5371428571428571,1.0,0.5395468271632028,2,1750,875,138975,per_session_robust_mad_cf,13.325788021087646,G,within,shaft_laplacian,raw_multi_stft,2.0,256.0,0.5,0.5
3,0,face_num,1,-0.0,1.0,1.0,0.5268571428571428,1.0,0.5557506034293596,2,1750,875,138975,per_session_robust_mad_cf,12.457358121871948,G,within,shaft_laplacian,raw_multi_stft,2.0,256.0,0.5,0.5
3,1,onset,0,-0.0,1.0,1.0,0.8235294117647058,1.0,0.9178444331469242,2,1122,561,138975,per_session_robust_mad_cf,8.688095569610596,G,within,shaft_laplacian,raw_multi_stft,2.0,256.0,0.5,0.5
3,1,onset,1,-0.0,1.0,1.0,0.9001782531194296,1.0,0.9540671072699544,2,1122,561,138975,per_session_robust_mad_cf,8.836241722106934,G,within,shaft_laplacian,raw_multi_stft,2.0,256.0,0.5,0.5
3,1,speech,0,-0.0,1.0,1.0,0.7851428571428571,1.0,0.8483485366184969,2,1750,875,138975,per_session_robust_mad_cf,18.72755527496338,G,within,shaft_laplacian,raw_multi_stft,2.0,256.0,0.5,0.5
3,1,speech,1,-0.0,1.0,1.0,0.9051428571428572,1.0,0.952828020020271,2,1750,875,138975,per_session_robust_mad_cf,19.214418411254883,G,within,shaft_laplacian,raw_multi_stft,2.0,256.0,0.5,0.5
3,1,volume,0,-0.0,1.0,1.0,0.7588571428571429,1.0,0.835642560839263,2,1750,875,138975,per_session_robust_mad_cf,17.251131057739258,G,within,shaft_laplacian,raw_multi_stft,2.0,256.0,0.5,0.5
3,1,volume,1,-0.0,1.0,1.0,0.7325714285714285,1.0,0.8058211341337261,2,1750,875,138975,per_session_robust_mad_cf,19.963696241378784,G,within,shaft_laplacian,raw_multi_stft,2.0,256.0,0.5,0.5
3,1,delta_volume,0,-0.0,1.0,1.0,0.7771428571428571,1.0,0.8406110571246461,2,1750,875,138975,per_session_robust_mad_cf,12.18222689628601,G,within,shaft_laplacian,raw_multi_stft,2.0,256.0,0.5,0.5
3,1,delta_volume,1,-0.0,1.0,1.0,0.7725714285714286,1.0,0.8477686174937046,2,1750,875,138975,per_session_robust_mad_cf,13.436384201049805,G,within,shaft_laplacian,raw_multi_stft,2.0,256.0,0.5,0.5
3,1,pitch,0,-0.0,1.0,1.0,0.5142857142857142,1.0,0.5262792179973459,2,1750,875,138975,per_session_robust_mad_cf,12.731996536254885,G,within,shaft_laplacian,raw_multi_stft,2.0,256.0,0.5,0.5
3,1,pitch,1,-0.0,1.0,1.0,0.5314285714285715,1.0,0.5428983417447728,2,1750,875,138975,per_session_robust_mad_cf,14.31348180770874,G,within,shaft_laplacian,raw_multi_stft,2.0,256.0,0.5,0.5
3,1,word_index,0,-0.0,1.0,1.0,0.7565632458233891,1.0,0.8395306447938027,2,838,419,138975,per_session_robust_mad_cf,6.862675666809082,G,within,shaft_laplacian,raw_multi_stft,2.0,256.0,0.5,0.5
3,1,word_index,1,-0.0,1.0,1.0,0.7446300715990454,1.0,0.8330599225336068,2,838,419,138975,per_session_robust_mad_cf,6.59151291847229,G,within,shaft_laplacian,raw_multi_stft,2.0,256.0,0.5,0.5
3,1,word_gap,0,-0.0,1.0,1.0,0.5910224438902744,1.0,0.6249836754746549,2,1603,802,138975,per_session_robust_mad_cf,11.587552785873411,G,within,shaft_laplacian,raw_multi_stft,2.0,256.0,0.5,0.5
3,1,word_gap,1,-0.0,1.0,1.0,0.6109725685785536,1.0,0.6766064887656171,2,1603,802,138975,per_session_robust_mad_cf,12.018383026123049,G,within,shaft_laplacian,raw_multi_stft,2.0,256.0,0.5,0.5
3,1,gpt2_surprisal,0,-0.0,1.0,1.0,0.6354285714285715,1.0,0.6816766454552103,2,1750,875,138975,per_session_robust_mad_cf,12.798062086105348,G,within,shaft_laplacian,raw_multi_stft,2.0,256.0,0.5,0.5
3,1,gpt2_surprisal,1,-0.0,1.0,1.0,0.6537142857142857,1.0,0.6962373175344556,2,1750,875,138975,per_session_robust_mad_cf,12.489580631256104,G,within,shaft_laplacian,raw_multi_stft,2.0,256.0,0.5,0.5
3,1,word_head_pos,0,-0.0,1.0,1.0,0.6022857142857143,1.0,0.6636782546001692,2,1750,875,138975,per_session_robust_mad_cf,13.479003429412842,G,within,shaft_laplacian,raw_multi_stft,2.0,256.0,0.5,0.5
3,1,word_head_pos,1,-0.0,1.0,1.0,0.6102857142857143,1.0,0.6619646197088911,2,1750,875,138975,per_session_robust_mad_cf,13.078171491622925,G,within,shaft_laplacian,raw_multi_stft,2.0,256.0,0.5,0.5
3,1,word_part_speech,0,-0.0,1.0,1.0,0.5911602209944752,1.0,0.6453901671369655,2,1086,543,138975,per_session_robust_mad_cf,9.25076985359192,G,within,shaft_laplacian,raw_multi_stft,2.0,256.0,0.5,0.5
3,1,word_part_speech,1,-0.0,1.0,1.0,0.6335174953959485,1.0,0.6898198393748642,2,1086,543,138975,per_session_robust_mad_cf,8.383268356323242,G,within,shaft_laplacian,raw_multi_stft,2.0,256.0,0.5,0.5
3,1,word_length,0,-0.0,1.0,1.0,0.6228571428571429,1.0,0.65485930430603,2,1750,875,138975,per_session_robust_mad_cf,12.665547132492064,G,within,shaft_laplacian,raw_multi_stft,2.0,256.0,0.5,0.5
3,1,word_length,1,-0.0,1.0,1.0,0.6662857142857143,1.0,0.7017491614682925,2,1750,875,138975,per_session_robust_mad_cf,12.790298223495483,G,within,shaft_laplacian,raw_multi_stft,2.0,256.0,0.5,0.5
3,1,global_flow,0,-0.0,1.0,1.0,0.616,1.0,0.6454395369006196,2,1750,875,138975,per_session_robust_mad_cf,13.4379243850708,G,within,shaft_laplacian,raw_multi_stft,2.0,256.0,0.5,0.5
3,1,global_flow,1,-0.0,1.0,1.0,0.592,1.0,0.6383551194842377,2,1750,875,138975,per_session_robust_mad_cf,12.456724405288696,G,within,shaft_laplacian,raw_multi_stft,2.0,256.0,0.5,0.5
3,1,local_flow,0,-0.0,1.0,1.0,0.6937142857142857,1.0,0.7712819869805545,2,1750,875,138975,per_session_robust_mad_cf,15.576419115066528,G,within,shaft_laplacian,raw_multi_stft,2.0,256.0,0.5,0.5
3,1,local_flow,1,-0.0,1.0,1.0,0.688,1.0,0.7456349330741983,2,1750,875,138975,per_session_robust_mad_cf,12.937893152236938,G,within,shaft_laplacian,raw_multi_stft,2.0,256.0,0.5,0.5
3,1,frame_brightness,0,-0.0,1.0,1.0,0.4971428571428571,1.0,0.5127686697386706,2,1750,875,138975,per_session_robust_mad_cf,20.22694206237793,G,within,shaft_laplacian,raw_multi_stft,2.0,256.0,0.5,0.5
3,1,frame_brightness,1,-0.0,1.0,1.0,0.472,1.0,0.4482931569543275,2,1750,875,138975,per_session_robust_mad_cf,14.802334308624268,G,within,shaft_laplacian,raw_multi_stft,2.0,256.0,0.5,0.5
3,1,face_num,0,-0.0,1.0,1.0,0.5245714285714286,1.0,0.5389695202867204,2,1750,875,138975,per_session_robust_mad_cf,22.21269178390503,G,within,shaft_laplacian,raw_multi_stft,2.0,256.0,0.5,0.5
3,1,face_num,1,-0.0,1.0,1.0,0.512,1.0,0.5076382140580755,2,1750,875,138975,per_session_robust_mad_cf,12.744057416915894,G,within,shaft_laplacian,raw_multi_stft,2.0,256.0,0.5,0.5
4,0,onset,0,-0.0,1.0,1.0,0.7518939393939394,1.0,0.8765208907254363,2,1056,528,153000,per_session_robust_mad_cf,12.503108263015749,G,within,shaft_laplacian,raw_multi_stft,2.0,256.0,0.5,0.5
4,0,onset,1,-0.0,1.0,1.0,0.865530303030303,1.0,0.9199093204775024,2,1056,528,153000,per_session_robust_mad_cf,9.033938884735107,G,within,shaft_laplacian,raw_multi_stft,2.0,256.0,0.5,0.5
4,0,speech,0,-0.0,1.0,1.0,0.744,1.0,0.8298747165710585,2,1750,875,153000,per_session_robust_mad_cf,20.715860605239868,G,within,shaft_laplacian,raw_multi_stft,2.0,256.0,0.5,0.5
4,0,speech,1,-0.0,1.0,1.0,0.8045714285714286,1.0,0.8657670083487456,2,1750,875,153000,per_session_robust_mad_cf,21.557589054107662,G,within,shaft_laplacian,raw_multi_stft,2.0,256.0,0.5,0.5
4,0,volume,0,-0.0,1.0,1.0,0.6107142857142858,1.0,0.6846173469387755,2,1679,840,153000,per_session_robust_mad_cf,18.94393515586853,G,within,shaft_laplacian,raw_multi_stft,2.0,256.0,0.5,0.5
4,0,volume,1,-0.0,1.0,1.0,0.5892857142857143,1.0,0.6175170068027211,2,1679,840,153000,per_session_robust_mad_cf,17.09660029411316,G,within,shaft_laplacian,raw_multi_stft,2.0,256.0,0.5,0.5
4,0,delta_volume,0,-0.0,1.0,1.0,0.694047619047619,1.0,0.7638633786848072,2,1679,840,153000,per_session_robust_mad_cf,17.55970025062561,G,within,shaft_laplacian,raw_multi_stft,2.0,256.0,0.5,0.5
4,0,delta_volume,1,-0.0,1.0,1.0,0.6952380952380952,1.0,0.7626658163265305,2,1679,840,153000,per_session_robust_mad_cf,18.29926562309265,G,within,shaft_laplacian,raw_multi_stft,2.0,256.0,0.5,0.5
4,0,pitch,0,-0.0,1.0,1.0,0.6107142857142858,1.0,0.6059438775510204,2,1679,840,153000,per_session_robust_mad_cf,16.29082942008972,G,within,shaft_laplacian,raw_multi_stft,2.0,256.0,0.5,0.5
4,0,pitch,1,-0.0,1.0,1.0,0.5404761904761904,1.0,0.5408928571428572,2,1679,840,153000,per_session_robust_mad_cf,16.3285231590271,G,within,shaft_laplacian,raw_multi_stft,2.0,256.0,0.5,0.5
4,0,word_index,0,-0.0,1.0,1.0,0.6904761904761905,1.0,0.7607009882142157,2,755,378,153000,per_session_robust_mad_cf,9.692867517471312,G,within,shaft_laplacian,raw_multi_stft,2.0,256.0,0.5,0.5
4,0,word_index,1,-0.0,1.0,1.0,0.6481481481481481,1.0,0.6674575179866185,2,755,378,153000,per_session_robust_mad_cf,7.592342138290405,G,within,shaft_laplacian,raw_multi_stft,2.0,256.0,0.5,0.5
4,0,word_gap,0,-0.0,1.0,1.0,0.5980253878702397,1.0,0.6779501869976924,2,1417,709,153000,per_session_robust_mad_cf,12.431271076202393,G,within,shaft_laplacian,raw_multi_stft,2.0,256.0,0.5,0.5
4,0,word_gap,1,-0.0,1.0,1.0,0.5528913963328632,1.0,0.6014323227500598,2,1417,709,153000,per_session_robust_mad_cf,10.903905391693115,G,within,shaft_laplacian,raw_multi_stft,2.0,256.0,0.5,0.5
4,0,gpt2_surprisal,0,-0.0,1.0,1.0,0.5595238095238095,1.0,0.5937131519274376,2,1679,840,153000,per_session_robust_mad_cf,15.901925802230837,G,within,shaft_laplacian,raw_multi_stft,2.0,256.0,0.5,0.5
4,0,gpt2_surprisal,1,-0.0,1.0,1.0,0.55,1.0,0.5703613945578231,2,1679,840,153000,per_session_robust_mad_cf,13.202874898910522,G,within,shaft_laplacian,raw_multi_stft,2.0,256.0,0.5,0.5
4,0,word_head_pos,0,-0.0,1.0,1.0,0.5257142857142857,1.0,0.5542563973961109,2,1750,875,153000,per_session_robust_mad_cf,19.34137725830078,G,within,shaft_laplacian,raw_multi_stft,2.0,256.0,0.5,0.5
4,0,word_head_pos,1,-0.0,1.0,1.0,0.5508571428571428,1.0,0.5728059726445356,2,1750,875,153000,per_session_robust_mad_cf,15.300597906112673,G,within,shaft_laplacian,raw_multi_stft,2.0,256.0,0.5,0.5
4,0,word_part_speech,0,-0.0,1.0,1.0,0.4979423868312757,1.0,0.4911344815322867,2,971,486,153000,per_session_robust_mad_cf,14.61843967437744,G,within,shaft_laplacian,raw_multi_stft,2.0,256.0,0.5,0.5
4,0,word_part_speech,1,-0.0,1.0,1.0,0.4691358024691358,1.0,0.4876543209876544,2,971,486,153000,per_session_robust_mad_cf,13.356905937194824,G,within,shaft_laplacian,raw_multi_stft,2.0,256.0,0.5,0.5
4,0,word_length,0,-0.0,1.0,1.0,0.567342073897497,1.0,0.5698914649391976,2,1678,839,153000,per_session_robust_mad_cf,18.08152198791504,G,within,shaft_laplacian,raw_multi_stft,2.0,256.0,0.5,0.5
4,0,word_length,1,-0.0,1.0,1.0,0.5744934445768772,1.0,0.6080833049210137,2,1678,839,153000,per_session_robust_mad_cf,14.047630310058594,G,within,shaft_laplacian,raw_multi_stft,2.0,256.0,0.5,0.5
4,0,global_flow,0,-0.0,1.0,1.0,0.6476190476190476,1.0,0.8352791950113378,2,1679,840,153000,per_session_robust_mad_cf,18.43128180503845,G,within,shaft_laplacian,raw_multi_stft,2.0,256.0,0.5,0.5
4,0,global_flow,1,-0.0,1.0,1.0,0.5869047619047619,1.0,0.61718820861678,2,1679,840,153000,per_session_robust_mad_cf,13.434157848358154,G,within,shaft_laplacian,raw_multi_stft,2.0,256.0,0.5,0.5
4,0,local_flow,0,-0.0,1.0,1.0,0.6142857142857143,1.0,0.6728004535147392,2,1679,840,153000,per_session_robust_mad_cf,22.082358598709103,G,within,shaft_laplacian,raw_multi_stft,2.0,256.0,0.5,0.5
4,0,local_flow,1,-0.0,1.0,1.0,0.5880952380952381,1.0,0.5989455782312925,2,1679,840,153000,per_session_robust_mad_cf,13.669938802719116,G,within,shaft_laplacian,raw_multi_stft,2.0,256.0,0.5,0.5
4,0,frame_brightness,0,-0.0,1.0,1.0,0.7511904761904762,1.0,0.7759410430839002,2,1679,840,153000,per_session_robust_mad_cf,23.126156330108643,G,within,shaft_laplacian,raw_multi_stft,2.0,256.0,0.5,0.5
4,0,frame_brightness,1,-0.0,1.0,1.0,0.4297619047619048,1.0,0.4510374149659863,2,1679,840,153000,per_session_robust_mad_cf,17.576656818389893,G,within,shaft_laplacian,raw_multi_stft,2.0,256.0,0.5,0.5
4,0,face_num,0,-0.0,1.0,1.0,0.4611032531824611,1.0,0.4251172356396344,2,1413,707,153000,per_session_robust_mad_cf,23.364668130874637,G,within,shaft_laplacian,raw_multi_stft,2.0,256.0,0.5,0.5
4,0,face_num,1,-0.0,1.0,1.0,0.5007072135785007,1.0,0.4900649797538452,2,1413,707,153000,per_session_robust_mad_cf,25.124120235443115,G,within,shaft_laplacian,raw_multi_stft,2.0,256.0,0.5,0.5
4,1,onset,0,-0.0,1.0,1.0,0.7986206896551724,1.0,0.8780192685265513,2,1449,725,153000,per_session_robust_mad_cf,14.14114236831665,G,within,shaft_laplacian,raw_multi_stft,2.0,256.0,0.5,0.5
4,1,onset,1,-0.0,1.0,1.0,0.7737931034482759,1.0,0.8186479308402965,2,1449,725,153000,per_session_robust_mad_cf,16.735410928726196,G,within,shaft_laplacian,raw_multi_stft,2.0,256.0,0.5,0.5
4,1,speech,0,-0.0,1.0,1.0,0.7965714285714286,1.0,0.8597065922698348,2,1750,875,153000,per_session_robust_mad_cf,19.253193140029907,G,within,shaft_laplacian,raw_multi_stft,2.0,256.0,0.5,0.5
4,1,speech,1,-0.0,1.0,1.0,0.7897142857142857,1.0,0.8505859272959051,2,1750,875,153000,per_session_robust_mad_cf,22.49112582206726,G,within,shaft_laplacian,raw_multi_stft,2.0,256.0,0.5,0.5
4,1,volume,0,-0.0,1.0,1.0,0.5782857142857143,1.0,0.5921470591308526,2,1750,875,153000,per_session_robust_mad_cf,32.257280111312866,G,within,shaft_laplacian,raw_multi_stft,2.0,256.0,0.5,0.5
4,1,volume,1,-0.0,1.0,1.0,0.5908571428571429,1.0,0.6267789410990251,2,1750,875,153000,per_session_robust_mad_cf,30.963786840438843,G,within,shaft_laplacian,raw_multi_stft,2.0,256.0,0.5,0.5
4,1,delta_volume,0,-0.0,1.0,1.0,0.6274285714285714,1.0,0.6758722297106674,2,1750,875,153000,per_session_robust_mad_cf,16.10831356048584,G,within,shaft_laplacian,raw_multi_stft,2.0,256.0,0.5,0.5
4,1,delta_volume,1,-0.0,1.0,1.0,0.576,1.0,0.5750498939427187,2,1750,875,153000,per_session_robust_mad_cf,27.729788303375244,G,within,shaft_laplacian,raw_multi_stft,2.0,256.0,0.5,0.5
4,1,pitch,0,-0.0,1.0,1.0,0.5748571428571428,1.0,0.5929986520798721,2,1750,875,153000,per_session_robust_mad_cf,22.042231798172,G,within,shaft_laplacian,raw_multi_stft,2.0,256.0,0.5,0.5
4,1,pitch,1,-0.0,1.0,1.0,0.528,1.0,0.552911089516525,2,1750,875,153000,per_session_robust_mad_cf,17.03509020805359,G,within,shaft_laplacian,raw_multi_stft,2.0,256.0,0.5,0.5
4,1,word_index,0,-0.0,1.0,1.0,0.6557692307692308,1.0,0.6914940828402367,2,1039,520,153000,per_session_robust_mad_cf,11.23246455192566,G,within,shaft_laplacian,raw_multi_stft,2.0,256.0,0.5,0.5
4,1,word_index,1,-0.0,1.0,1.0,0.5884615384615385,1.0,0.600784023668639,2,1039,520,153000,per_session_robust_mad_cf,10.507662773132324,G,within,shaft_laplacian,raw_multi_stft,2.0,256.0,0.5,0.5
4,1,word_gap,0,-0.0,1.0,1.0,0.5800807537012113,1.0,0.6112113439411065,2,1486,743,153000,per_session_robust_mad_cf,14.872068643569946,G,within,shaft_laplacian,raw_multi_stft,2.0,256.0,0.5,0.5
4,1,word_gap,1,-0.0,1.0,1.0,0.5289367429340511,1.0,0.5386524360200562,2,1486,743,153000,per_session_robust_mad_cf,13.742903470993042,G,within,shaft_laplacian,raw_multi_stft,2.0,256.0,0.5,0.5
4,1,gpt2_surprisal,0,-0.0,1.0,1.0,0.5085714285714286,1.0,0.5085681744563911,2,1750,875,153000,per_session_robust_mad_cf,16.258239269256592,G,within,shaft_laplacian,raw_multi_stft,2.0,256.0,0.5,0.5
4,1,gpt2_surprisal,1,-0.0,1.0,1.0,0.4948571428571429,1.0,0.5081893984514592,2,1750,875,153000,per_session_robust_mad_cf,23.81706285476685,G,within,shaft_laplacian,raw_multi_stft,2.0,256.0,0.5,0.5
4,1,word_head_pos,0,-0.0,1.0,1.0,0.5131428571428571,1.0,0.4959275048849043,2,1750,875,153000,per_session_robust_mad_cf,20.267635583877563,G,within,shaft_laplacian,raw_multi_stft,2.0,256.0,0.5,0.5
4,1,word_head_pos,1,-0.0,1.0,1.0,0.5074285714285715,1.0,0.5213290074501322,2,1750,875,153000,per_session_robust_mad_cf,25.33951210975647,G,within,shaft_laplacian,raw_multi_stft,2.0,256.0,0.5,0.5
4,1,word_part_speech,0,-0.0,1.0,1.0,0.5035211267605634,1.0,0.4820999057726642,2,1135,568,153000,per_session_robust_mad_cf,17.100238800048828,G,within,shaft_laplacian,raw_multi_stft,2.0,256.0,0.5,0.5
4,1,word_part_speech,1,-0.0,1.0,1.0,0.528169014084507,1.0,0.530140349137076,2,1135,568,153000,per_session_robust_mad_cf,11.415786504745483,G,within,shaft_laplacian,raw_multi_stft,2.0,256.0,0.5,0.5
4,1,word_length,0,-0.0,1.0,1.0,0.5348571428571428,1.0,0.555572970544288,2,1750,875,153000,per_session_robust_mad_cf,19.45932245254517,G,within,shaft_laplacian,raw_multi_stft,2.0,256.0,0.5,0.5
4,1,word_length,1,-0.0,1.0,1.0,0.52,1.0,0.5062406612122923,2,1750,875,153000,per_session_robust_mad_cf,18.905505895614624,G,within,shaft_laplacian,raw_multi_stft,2.0,256.0,0.5,0.5
4,1,global_flow,0,-0.0,1.0,1.0,0.6148571428571429,1.0,0.6618261705484676,2,1750,875,153000,per_session_robust_mad_cf,16.326353788375854,G,within,shaft_laplacian,raw_multi_stft,2.0,256.0,0.5,0.5
4,1,global_flow,1,-0.0,1.0,1.0,0.5565714285714286,1.0,0.5606825282384043,2,1750,875,153000,per_session_robust_mad_cf,35.43288969993591,G,within,shaft_laplacian,raw_multi_stft,2.0,256.0,0.5,0.5
4,1,local_flow,0,-0.0,1.0,1.0,0.5908571428571429,1.0,0.6092494488156066,2,1750,875,153000,per_session_robust_mad_cf,19.72364377975464,G,within,shaft_laplacian,raw_multi_stft,2.0,256.0,0.5,0.5
4,1,local_flow,1,-0.0,1.0,1.0,0.5394285714285715,1.0,0.5583902803464886,2,1750,875,153000,per_session_robust_mad_cf,25.08455491065979,G,within,shaft_laplacian,raw_multi_stft,2.0,256.0,0.5,0.5
4,1,frame_brightness,0,-0.0,1.0,1.0,0.5142857142857142,1.0,0.4817874047835491,2,1750,875,153000,per_session_robust_mad_cf,24.422332763671875,G,within,shaft_laplacian,raw_multi_stft,2.0,256.0,0.5,0.5
4,1,frame_brightness,1,-0.0,1.0,1.0,0.4342857142857143,1.0,0.4089997178771825,2,1750,875,153000,per_session_robust_mad_cf,29.02001261711121,G,within,shaft_laplacian,raw_multi_stft,2.0,256.0,0.5,0.5
4,1,face_num,0,-0.0,1.0,1.0,0.5108571428571429,1.0,0.4999634285236617,2,1750,875,153000,per_session_robust_mad_cf,17.384355783462524,G,within,shaft_laplacian,raw_multi_stft,2.0,256.0,0.5,0.5
4,1,face_num,1,-0.0,1.0,1.0,0.5211428571428571,1.0,0.5244950524017011,2,1750,875,153000,per_session_robust_mad_cf,25.419678449630737,G,within,shaft_laplacian,raw_multi_stft,2.0,256.0,0.5,0.5
7,0,onset,0,-0.0,1.0,1.0,0.7622857142857142,1.0,0.8275916115482274,2,1750,875,151725,per_session_robust_mad_cf,14.291571855545044,G,within,shaft_laplacian,raw_multi_stft,2.0,256.0,0.5,0.5
7,0,onset,1,-0.0,1.0,1.0,0.8148571428571428,1.0,0.8875218122733874,2,1750,875,151725,per_session_robust_mad_cf,13.411920309066772,G,within,shaft_laplacian,raw_multi_stft,2.0,256.0,0.5,0.5
7,0,speech,0,-0.0,1.0,1.0,0.7268571428571429,1.0,0.7811667345851228,2,1750,875,151725,per_session_robust_mad_cf,22.870868921279907,G,within,shaft_laplacian,raw_multi_stft,2.0,256.0,0.5,0.5
7,0,speech,1,-0.0,1.0,1.0,0.8148571428571428,1.0,0.888874956897903,2,1750,875,151725,per_session_robust_mad_cf,16.487101316452026,G,within,shaft_laplacian,raw_multi_stft,2.0,256.0,0.5,0.5
7,0,volume,0,-0.0,1.0,1.0,0.4731428571428571,1.0,0.4406183714199136,2,1750,875,151725,per_session_robust_mad_cf,19.688968420028687,G,within,shaft_laplacian,raw_multi_stft,2.0,256.0,0.5,0.5
7,0,volume,1,-0.0,1.0,1.0,0.6388571428571429,1.0,0.6561654284609679,2,1750,875,151725,per_session_robust_mad_cf,17.009925842285156,G,within,shaft_laplacian,raw_multi_stft,2.0,256.0,0.5,0.5
7,0,delta_volume,0,-0.0,1.0,1.0,0.4971428571428571,1.0,0.5114991170600712,2,1750,875,151725,per_session_robust_mad_cf,16.53440237045288,G,within,shaft_laplacian,raw_multi_stft,2.0,256.0,0.5,0.5
7,0,delta_volume,1,-0.0,1.0,1.0,0.5497142857142857,1.0,0.5701597651066319,2,1750,875,151725,per_session_robust_mad_cf,13.659653663635254,G,within,shaft_laplacian,raw_multi_stft,2.0,256.0,0.5,0.5
7,0,pitch,0,-0.0,1.0,1.0,0.5108571428571429,1.0,0.5291735891246878,2,1750,875,151725,per_session_robust_mad_cf,15.446964263916016,G,within,shaft_laplacian,raw_multi_stft,2.0,256.0,0.5,0.5
7,0,pitch,1,-0.0,1.0,1.0,0.5188571428571429,1.0,0.5376895186148815,2,1750,875,151725,per_session_robust_mad_cf,13.129657745361328,G,within,shaft_laplacian,raw_multi_stft,2.0,256.0,0.5,0.5
7,0,word_index,0,-0.0,1.0,1.0,0.5425824175824175,1.0,0.5536242603550297,2,1455,728,151725,per_session_robust_mad_cf,11.026618480682371,G,within,shaft_laplacian,raw_multi_stft,2.0,256.0,0.5,0.5
7,0,word_index,1,-0.0,1.0,1.0,0.5618131868131868,1.0,0.5815118946987079,2,1455,728,151725,per_session_robust_mad_cf,11.011004209518433,G,within,shaft_laplacian,raw_multi_stft,2.0,256.0,0.5,0.5
7,0,word_gap,0,-0.0,1.0,1.0,0.5382857142857143,1.0,0.5261277075953732,2,1750,875,151725,per_session_robust_mad_cf,13.433143138885498,G,within,shaft_laplacian,raw_multi_stft,2.0,256.0,0.5,0.5
7,0,word_gap,1,-0.0,1.0,1.0,0.4765714285714286,1.0,0.4901413748785304,2,1750,875,151725,per_session_robust_mad_cf,14.154960870742798,G,within,shaft_laplacian,raw_multi_stft,2.0,256.0,0.5,0.5
7,0,gpt2_surprisal,0,-0.0,1.0,1.0,0.5188571428571429,1.0,0.5318433068973805,2,1750,875,151725,per_session_robust_mad_cf,17.880760669708252,G,within,shaft_laplacian,raw_multi_stft,2.0,256.0,0.5,0.5
7,0,gpt2_surprisal,1,-0.0,1.0,1.0,0.5188571428571429,1.0,0.5474802252802943,2,1750,875,151725,per_session_robust_mad_cf,13.577550888061523,G,within,shaft_laplacian,raw_multi_stft,2.0,256.0,0.5,0.5
7,0,word_head_pos,0,-0.0,1.0,1.0,0.5028571428571429,1.0,0.524497664650011,2,1750,875,151725,per_session_robust_mad_cf,15.676037073135376,G,within,shaft_laplacian,raw_multi_stft,2.0,256.0,0.5,0.5
7,0,word_head_pos,1,-0.0,1.0,1.0,0.5142857142857142,1.0,0.5428147497988569,2,1750,875,151725,per_session_robust_mad_cf,20.30723214149475,G,within,shaft_laplacian,raw_multi_stft,2.0,256.0,0.5,0.5
7,0,word_part_speech,0,-0.0,1.0,1.0,0.5736235595390525,1.0,0.5815856777493605,2,1562,781,151725,per_session_robust_mad_cf,12.61576509475708,G,within,shaft_laplacian,raw_multi_stft,2.0,256.0,0.5,0.5
7,0,word_part_speech,1,-0.0,1.0,1.0,0.5672215108834827,1.0,0.6069971801429601,2,1562,781,151725,per_session_robust_mad_cf,13.665045022964478,G,within,shaft_laplacian,raw_multi_stft,2.0,256.0,0.5,0.5
7,0,word_length,0,-0.0,1.0,1.0,0.5074285714285715,1.0,0.5114259741073948,2,1750,875,151725,per_session_robust_mad_cf,13.07921552658081,G,within,shaft_laplacian,raw_multi_stft,2.0,256.0,0.5,0.5
7,0,word_length,1,-0.0,1.0,1.0,0.5222857142857142,1.0,0.5290952216753917,2,1750,875,151725,per_session_robust_mad_cf,17.455466747283936,G,within,shaft_laplacian,raw_multi_stft,2.0,256.0,0.5,0.5
7,0,global_flow,0,-0.0,1.0,1.0,0.5325714285714286,1.0,0.5263575854466422,2,1750,875,151725,per_session_robust_mad_cf,15.995161771774292,G,within,shaft_laplacian,raw_multi_stft,2.0,256.0,0.5,0.5
7,0,global_flow,1,-0.0,1.0,1.0,0.584,1.0,0.5926930190276167,2,1750,875,151725,per_session_robust_mad_cf,16.478628635406494,G,within,shaft_laplacian,raw_multi_stft,2.0,256.0,0.5,0.5
7,0,local_flow,0,-0.0,1.0,1.0,0.5108571428571429,1.0,0.5395285414250337,2,1750,875,151725,per_session_robust_mad_cf,22.96049737930298,G,within,shaft_laplacian,raw_multi_stft,2.0,256.0,0.5,0.5
7,0,local_flow,1,-0.0,1.0,1.0,0.5725714285714286,1.0,0.5887798710594234,2,1750,875,151725,per_session_robust_mad_cf,21.203075170516968,G,within,shaft_laplacian,raw_multi_stft,2.0,256.0,0.5,0.5
7,0,frame_brightness,0,-0.0,1.0,1.0,0.3314285714285714,1.0,0.2857590671138835,2,1750,875,151725,per_session_robust_mad_cf,27.772788047790527,G,within,shaft_laplacian,raw_multi_stft,2.0,256.0,0.5,0.5
7,0,frame_brightness,1,-0.0,1.0,1.0,0.3977142857142857,1.0,0.3508458460027376,2,1750,875,151725,per_session_robust_mad_cf,13.626986980438232,G,within,shaft_laplacian,raw_multi_stft,2.0,256.0,0.5,0.5
7,0,face_num,0,-0.0,1.0,1.0,0.4342857142857143,1.0,0.4149347460372193,2,1750,875,151725,per_session_robust_mad_cf,13.231351613998411,G,within,shaft_laplacian,raw_multi_stft,2.0,256.0,0.5,0.5
7,0,face_num,1,-0.0,1.0,1.0,0.4891428571428571,1.0,0.4869178604641443,2,1750,875,151725,per_session_robust_mad_cf,13.198917388916016,G,within,shaft_laplacian,raw_multi_stft,2.0,256.0,0.5,0.5
7,1,onset,0,-0.0,1.0,1.0,0.6910344827586207,1.0,0.7284446676711871,2,1449,725,151725,per_session_robust_mad_cf,10.638710737228394,G,within,shaft_laplacian,raw_multi_stft,2.0,256.0,0.5,0.5
7,1,onset,1,-0.0,1.0,1.0,0.7062068965517241,1.0,0.7480252043285694,2,1449,725,151725,per_session_robust_mad_cf,10.67626166343689,G,within,shaft_laplacian,raw_multi_stft,2.0,256.0,0.5,0.5
7,1,speech,0,-0.0,1.0,1.0,0.7323037323037324,1.0,0.777840351946572,2,1554,777,151725,per_session_robust_mad_cf,11.975109577178957,G,within,shaft_laplacian,raw_multi_stft,2.0,256.0,0.5,0.5
7,1,speech,1,-0.0,1.0,1.0,0.7155727155727156,1.0,0.7623101794185461,2,1554,777,151725,per_session_robust_mad_cf,11.676534175872805,G,within,shaft_laplacian,raw_multi_stft,2.0,256.0,0.5,0.5
7,1,volume,0,-0.0,1.0,1.0,0.5508571428571428,1.0,0.5819671274672685,2,1750,875,151725,per_session_robust_mad_cf,12.827511548995972,G,within,shaft_laplacian,raw_multi_stft,2.0,256.0,0.5,0.5
7,1,volume,1,-0.0,1.0,1.0,0.5862857142857143,1.0,0.6389036916293115,2,1750,875,151725,per_session_robust_mad_cf,13.952585697174072,G,within,shaft_laplacian,raw_multi_stft,2.0,256.0,0.5,0.5
7,1,delta_volume,0,-0.0,1.0,1.0,0.6377142857142857,1.0,0.6830350145763455,2,1750,875,151725,per_session_robust_mad_cf,13.006058931350708,G,within,shaft_laplacian,raw_multi_stft,2.0,256.0,0.5,0.5
7,1,delta_volume,1,-0.0,1.0,1.0,0.6285714285714286,1.0,0.6912792702423122,2,1750,875,151725,per_session_robust_mad_cf,13.022259950637816,G,within,shaft_laplacian,raw_multi_stft,2.0,256.0,0.5,0.5
7,1,pitch,0,-0.0,1.0,1.0,0.5988571428571429,1.0,0.6220494655339959,2,1750,875,151725,per_session_robust_mad_cf,12.750629425048828,G,within,shaft_laplacian,raw_multi_stft,2.0,256.0,0.5,0.5
7,1,pitch,1,-0.0,1.0,1.0,0.5714285714285714,1.0,0.5840621506117885,2,1750,875,151725,per_session_robust_mad_cf,13.76775884628296,G,within,shaft_laplacian,raw_multi_stft,2.0,256.0,0.5,0.5
7,1,word_index,0,-0.0,1.0,1.0,0.5423076923076923,1.0,0.549319526627219,2,1039,520,151725,per_session_robust_mad_cf,7.444173336029053,G,within,shaft_laplacian,raw_multi_stft,2.0,256.0,0.5,0.5
7,1,word_index,1,-0.0,1.0,1.0,0.5269230769230769,1.0,0.5520118343195266,2,1039,520,151725,per_session_robust_mad_cf,7.22181248664856,G,within,shaft_laplacian,raw_multi_stft,2.0,256.0,0.5,0.5
7,1,word_gap,0,-0.0,1.0,1.0,0.5275908479138627,1.0,0.5360548358113788,2,1486,743,151725,per_session_robust_mad_cf,11.100804805755615,G,within,shaft_laplacian,raw_multi_stft,2.0,256.0,0.5,0.5
7,1,word_gap,1,-0.0,1.0,1.0,0.5235531628532974,1.0,0.5211358432600064,2,1486,743,151725,per_session_robust_mad_cf,10.831555843353271,G,within,shaft_laplacian,raw_multi_stft,2.0,256.0,0.5,0.5
7,1,gpt2_surprisal,0,-0.0,1.0,1.0,0.5074285714285715,1.0,0.5206106391649163,2,1750,875,151725,per_session_robust_mad_cf,12.41827940940857,G,within,shaft_laplacian,raw_multi_stft,2.0,256.0,0.5,0.5
7,1,gpt2_surprisal,1,-0.0,1.0,1.0,0.5211428571428571,1.0,0.5336901664524623,2,1750,875,151725,per_session_robust_mad_cf,12.472561120986938,G,within,shaft_laplacian,raw_multi_stft,2.0,256.0,0.5,0.5
7,1,word_head_pos,0,-0.0,1.0,1.0,0.56,1.0,0.5722286657680533,2,1750,875,151725,per_session_robust_mad_cf,12.749955892562866,G,within,shaft_laplacian,raw_multi_stft,2.0,256.0,0.5,0.5
7,1,word_head_pos,1,-0.0,1.0,1.0,0.5862857142857143,1.0,0.6034972780372612,2,1750,875,151725,per_session_robust_mad_cf,12.672056913375854,G,within,shaft_laplacian,raw_multi_stft,2.0,256.0,0.5,0.5
7,1,word_part_speech,0,-0.0,1.0,1.0,0.551056338028169,1.0,0.5865279706407459,2,1135,568,151725,per_session_robust_mad_cf,8.426499605178833,G,within,shaft_laplacian,raw_multi_stft,2.0,256.0,0.5,0.5
7,1,word_part_speech,1,-0.0,1.0,1.0,0.5598591549295775,1.0,0.579498115453283,2,1135,568,151725,per_session_robust_mad_cf,7.779042243957519,G,within,shaft_laplacian,raw_multi_stft,2.0,256.0,0.5,0.5
7,1,word_length,0,-0.0,1.0,1.0,0.5382857142857143,1.0,0.5559595832941496,2,1750,875,151725,per_session_robust_mad_cf,12.337040901184082,G,within,shaft_laplacian,raw_multi_stft,2.0,256.0,0.5,0.5
7,1,word_length,1,-0.0,1.0,1.0,0.5577142857142857,1.0,0.5642874309060322,2,1750,875,151725,per_session_robust_mad_cf,13.027007579803469,G,within,shaft_laplacian,raw_multi_stft,2.0,256.0,0.5,0.5
7,1,global_flow,0,-0.0,1.0,1.0,0.5965714285714285,1.0,0.6396925906188939,2,1750,875,151725,per_session_robust_mad_cf,12.33694338798523,G,within,shaft_laplacian,raw_multi_stft,2.0,256.0,0.5,0.5
7,1,global_flow,1,-0.0,1.0,1.0,0.5862857142857143,1.0,0.6138679038274661,2,1750,875,151725,per_session_robust_mad_cf,12.605635404586792,G,within,shaft_laplacian,raw_multi_stft,2.0,256.0,0.5,0.5
7,1,local_flow,0,-0.0,1.0,1.0,0.5485714285714286,1.0,0.5812200244506442,2,1750,875,151725,per_session_robust_mad_cf,12.959255456924438,G,within,shaft_laplacian,raw_multi_stft,2.0,256.0,0.5,0.5
7,1,local_flow,1,-0.0,1.0,1.0,0.576,1.0,0.5943700824425566,2,1750,875,151725,per_session_robust_mad_cf,12.877537488937378,G,within,shaft_laplacian,raw_multi_stft,2.0,256.0,0.5,0.5
7,1,frame_brightness,0,-0.0,1.0,1.0,0.4697142857142857,1.0,0.4815392411941109,2,1750,875,151725,per_session_robust_mad_cf,12.58944296836853,G,within,shaft_laplacian,raw_multi_stft,2.0,256.0,0.5,0.5
7,1,frame_brightness,1,-0.0,1.0,1.0,0.5954285714285714,1.0,0.590822649237746,2,1750,875,151725,per_session_robust_mad_cf,12.553783655166626,G,within,shaft_laplacian,raw_multi_stft,2.0,256.0,0.5,0.5
7,1,face_num,0,-0.0,1.0,1.0,0.5108571428571429,1.0,0.5316291025359707,2,1750,875,151725,per_session_robust_mad_cf,12.972917079925535,G,within,shaft_laplacian,raw_multi_stft,2.0,256.0,0.5,0.5
7,1,face_num,1,-0.0,1.0,1.0,0.5862857142857143,1.0,0.6156442326781815,2,1750,875,151725,per_session_robust_mad_cf,12.45090389251709,G,within,shaft_laplacian,raw_multi_stft,2.0,256.0,0.5,0.5
10,0,onset,0,-0.0,1.0,1.0,0.7551266586248492,1.0,0.8223910133286771,2,1657,829,153000,per_session_robust_mad_cf,12.878793954849243,G,within,shaft_laplacian,raw_multi_stft,2.0,256.0,0.5,0.5
10,0,onset,1,-0.0,1.0,1.0,0.8600723763570567,1.0,0.9371107618881322,2,1657,829,153000,per_session_robust_mad_cf,12.852263927459717,G,within,shaft_laplacian,raw_multi_stft,2.0,256.0,0.5,0.5
10,0,speech,0,-0.0,1.0,1.0,0.7142857142857143,1.0,0.7883869889136181,2,1750,875,153000,per_session_robust_mad_cf,13.249801874160768,G,within,shaft_laplacian,raw_multi_stft,2.0,256.0,0.5,0.5
10,0,speech,1,-0.0,1.0,1.0,0.8091428571428572,1.0,0.8924014921162347,2,1750,875,153000,per_session_robust_mad_cf,13.967560052871704,G,within,shaft_laplacian,raw_multi_stft,2.0,256.0,0.5,0.5
10,0,volume,0,-0.0,1.0,1.0,0.584,1.0,0.6117663500621715,2,1750,875,153000,per_session_robust_mad_cf,13.869763374328612,G,within,shaft_laplacian,raw_multi_stft,2.0,256.0,0.5,0.5
10,0,volume,1,-0.0,1.0,1.0,0.6045714285714285,1.0,0.6562072244339258,2,1750,875,153000,per_session_robust_mad_cf,14.39953875541687,G,within,shaft_laplacian,raw_multi_stft,2.0,256.0,0.5,0.5
10,0,delta_volume,0,-0.0,1.0,1.0,0.648,1.0,0.6920707814802045,2,1750,875,153000,per_session_robust_mad_cf,14.71592140197754,G,within,shaft_laplacian,raw_multi_stft,2.0,256.0,0.5,0.5
10,0,delta_volume,1,-0.0,1.0,1.0,0.6422857142857142,1.0,0.675731168301934,2,1750,875,153000,per_session_robust_mad_cf,13.954367399215698,G,within,shaft_laplacian,raw_multi_stft,2.0,256.0,0.5,0.5
10,0,pitch,0,-0.0,1.0,1.0,0.5302857142857142,1.0,0.5375262530955143,2,1750,875,153000,per_session_robust_mad_cf,13.694144010543823,G,within,shaft_laplacian,raw_multi_stft,2.0,256.0,0.5,0.5
10,0,pitch,1,-0.0,1.0,1.0,0.5371428571428571,1.0,0.5451762222709842,2,1750,875,153000,per_session_robust_mad_cf,14.46532654762268,G,within,shaft_laplacian,raw_multi_stft,2.0,256.0,0.5,0.5
10,0,word_index,0,-0.0,1.0,1.0,0.7260504201680672,1.0,0.8026404989492237,2,1189,595,153000,per_session_robust_mad_cf,9.287310361862184,G,within,shaft_laplacian,raw_multi_stft,2.0,256.0,0.5,0.5
10,0,word_index,1,-0.0,1.0,1.0,0.6907563025210084,1.0,0.766580796782139,2,1189,595,153000,per_session_robust_mad_cf,9.450081825256348,G,within,shaft_laplacian,raw_multi_stft,2.0,256.0,0.5,0.5
10,0,word_gap,0,-0.0,1.0,1.0,0.5668571428571428,1.0,0.6062505877558697,2,1750,875,153000,per_session_robust_mad_cf,13.571737289428713,G,within,shaft_laplacian,raw_multi_stft,2.0,256.0,0.5,0.5
10,0,word_gap,1,-0.0,1.0,1.0,0.6034285714285714,1.0,0.6347606658098492,2,1750,875,153000,per_session_robust_mad_cf,13.904221534729004,G,within,shaft_laplacian,raw_multi_stft,2.0,256.0,0.5,0.5
10,0,gpt2_surprisal,0,-0.0,1.0,1.0,0.5451428571428572,1.0,0.5673463736768962,2,1750,875,153000,per_session_robust_mad_cf,13.67912483215332,G,within,shaft_laplacian,raw_multi_stft,2.0,256.0,0.5,0.5
10,0,gpt2_surprisal,1,-0.0,1.0,1.0,0.5497142857142857,1.0,0.5619364074271445,2,1750,875,153000,per_session_robust_mad_cf,14.438714265823364,G,within,shaft_laplacian,raw_multi_stft,2.0,256.0,0.5,0.5
10,0,word_head_pos,0,-0.0,1.0,1.0,0.5657142857142857,1.0,0.5772441825230139,2,1750,875,153000,per_session_robust_mad_cf,12.92260217666626,G,within,shaft_laplacian,raw_multi_stft,2.0,256.0,0.5,0.5
10,0,word_head_pos,1,-0.0,1.0,1.0,0.5531428571428572,1.0,0.5919250180245132,2,1750,875,153000,per_session_robust_mad_cf,16.06073522567749,G,within,shaft_laplacian,raw_multi_stft,2.0,256.0,0.5,0.5
10,0,word_part_speech,0,-0.0,1.0,1.0,0.5656877897990726,1.0,0.5863361426441922,2,1293,647,153000,per_session_robust_mad_cf,9.663734912872314,G,within,shaft_laplacian,raw_multi_stft,2.0,256.0,0.5,0.5
10,0,word_part_speech,1,-0.0,1.0,1.0,0.5610510046367851,1.0,0.5834384436035622,2,1293,647,153000,per_session_robust_mad_cf,10.930506944656372,G,within,shaft_laplacian,raw_multi_stft,2.0,256.0,0.5,0.5
10,0,word_length,0,-0.0,1.0,1.0,0.5074285714285715,1.0,0.5115800967576775,2,1750,875,153000,per_session_robust_mad_cf,13.98953104019165,G,within,shaft_laplacian,raw_multi_stft,2.0,256.0,0.5,0.5
10,0,word_length,1,-0.0,1.0,1.0,0.5108571428571429,1.0,0.5226638663364784,2,1750,875,153000,per_session_robust_mad_cf,14.340558528900146,G,within,shaft_laplacian,raw_multi_stft,2.0,256.0,0.5,0.5
10,0,global_flow,0,-0.0,1.0,1.0,0.5634285714285714,1.0,0.5724115231497444,2,1750,875,153000,per_session_robust_mad_cf,14.05161190032959,G,within,shaft_laplacian,raw_multi_stft,2.0,256.0,0.5,0.5
10,0,global_flow,1,-0.0,1.0,1.0,0.5565714285714286,1.0,0.5848667230912301,2,1750,875,153000,per_session_robust_mad_cf,13.630888223648071,G,within,shaft_laplacian,raw_multi_stft,2.0,256.0,0.5,0.5
10,0,local_flow,0,-0.0,1.0,1.0,0.5897142857142857,1.0,0.6114385128992821,2,1750,875,153000,per_session_robust_mad_cf,13.720265626907349,G,within,shaft_laplacian,raw_multi_stft,2.0,256.0,0.5,0.5
10,0,local_flow,1,-0.0,1.0,1.0,0.5417142857142857,1.0,0.5389904182731994,2,1750,875,153000,per_session_robust_mad_cf,14.220237255096436,G,within,shaft_laplacian,raw_multi_stft,2.0,256.0,0.5,0.5
10,0,frame_brightness,0,-0.0,1.0,1.0,0.5394285714285715,1.0,0.5829989655496693,2,1750,875,153000,per_session_robust_mad_cf,13.993463039398192,G,within,shaft_laplacian,raw_multi_stft,2.0,256.0,0.5,0.5
10,0,frame_brightness,1,-0.0,1.0,1.0,0.4662857142857143,1.0,0.439772002967514,2,1750,875,153000,per_session_robust_mad_cf,13.854190587997437,G,within,shaft_laplacian,raw_multi_stft,2.0,256.0,0.5,0.5
10,0,face_num,0,-0.0,1.0,1.0,0.4948571428571429,1.0,0.4899454562552898,2,1750,875,153000,per_session_robust_mad_cf,13.706374883651732,G,within,shaft_laplacian,raw_multi_stft,2.0,256.0,0.5,0.5
10,0,face_num,1,-0.0,1.0,1.0,0.4914285714285714,1.0,0.4660616699580995,2,1750,875,153000,per_session_robust_mad_cf,13.724928379058838,G,within,shaft_laplacian,raw_multi_stft,2.0,256.0,0.5,0.5
10,1,onset,0,-0.0,1.0,1.0,0.9085714285714286,1.0,0.9622125220734984,2,1750,875,153000,per_session_robust_mad_cf,12.448674440383911,G,within,shaft_laplacian,raw_multi_stft,2.0,256.0,0.5,0.5
10,1,onset,1,-0.0,1.0,1.0,0.9154285714285716,1.0,0.9737887004587108,2,1750,875,153000,per_session_robust_mad_cf,14.36703324317932,G,within,shaft_laplacian,raw_multi_stft,2.0,256.0,0.5,0.5
10,1,speech,0,-0.0,1.0,1.0,0.8777142857142857,1.0,0.9383248174038432,2,1750,875,153000,per_session_robust_mad_cf,12.055092096328735,G,within,shaft_laplacian,raw_multi_stft,2.0,256.0,0.5,0.5
10,1,speech,1,-0.0,1.0,1.0,0.9211428571428572,1.0,0.9796401366728316,2,1750,875,153000,per_session_robust_mad_cf,13.575956583023071,G,within,shaft_laplacian,raw_multi_stft,2.0,256.0,0.5,0.5
10,1,volume,0,-0.0,1.0,1.0,0.7817142857142857,1.0,0.8336846807310115,2,1750,875,153000,per_session_robust_mad_cf,11.91336226463318,G,within,shaft_laplacian,raw_multi_stft,2.0,256.0,0.5,0.5
10,1,volume,1,-0.0,1.0,1.0,0.7177142857142857,1.0,0.796333448272259,2,1750,875,153000,per_session_robust_mad_cf,13.492851734161375,G,within,shaft_laplacian,raw_multi_stft,2.0,256.0,0.5,0.5
10,1,delta_volume,0,-0.0,1.0,1.0,0.784,1.0,0.8619896972926658,2,1750,875,153000,per_session_robust_mad_cf,12.673941135406494,G,within,shaft_laplacian,raw_multi_stft,2.0,256.0,0.5,0.5
10,1,delta_volume,1,-0.0,1.0,1.0,0.7314285714285714,1.0,0.7936741794928059,2,1750,875,153000,per_session_robust_mad_cf,12.5178964138031,G,within,shaft_laplacian,raw_multi_stft,2.0,256.0,0.5,0.5
10,1,pitch,0,-0.0,1.0,1.0,0.5394285714285715,1.0,0.5367020887537486,2,1750,875,153000,per_session_robust_mad_cf,12.727635145187378,G,within,shaft_laplacian,raw_multi_stft,2.0,256.0,0.5,0.5
10,1,pitch,1,-0.0,1.0,1.0,0.6125714285714285,1.0,0.6474248456161249,2,1750,875,153000,per_session_robust_mad_cf,13.642065286636353,G,within,shaft_laplacian,raw_multi_stft,2.0,256.0,0.5,0.5
10,1,word_index,0,-0.0,1.0,1.0,0.7041602465331279,1.0,0.7864197530864196,2,1298,649,153000,per_session_robust_mad_cf,10.365896701812744,G,within,shaft_laplacian,raw_multi_stft,2.0,256.0,0.5,0.5
10,1,word_index,1,-0.0,1.0,1.0,0.7057010785824345,1.0,0.7838936372269706,2,1298,649,153000,per_session_robust_mad_cf,9.858378410339355,G,within,shaft_laplacian,raw_multi_stft,2.0,256.0,0.5,0.5
10,1,word_gap,0,-0.0,1.0,1.0,0.544,1.0,0.5591830977085357,2,1750,875,153000,per_session_robust_mad_cf,12.584013223648071,G,within,shaft_laplacian,raw_multi_stft,2.0,256.0,0.5,0.5
10,1,word_gap,1,-0.0,1.0,1.0,0.5954285714285714,1.0,0.6436579835532846,2,1750,875,153000,per_session_robust_mad_cf,13.709349393844604,G,within,shaft_laplacian,raw_multi_stft,2.0,256.0,0.5,0.5
10,1,gpt2_surprisal,0,-0.0,1.0,1.0,0.5874285714285714,1.0,0.645136516096674,2,1750,875,153000,per_session_robust_mad_cf,13.529515266418455,G,within,shaft_laplacian,raw_multi_stft,2.0,256.0,0.5,0.5
10,1,gpt2_surprisal,1,-0.0,1.0,1.0,0.5691428571428572,1.0,0.6134917400708442,2,1750,875,153000,per_session_robust_mad_cf,13.541751623153688,G,within,shaft_laplacian,raw_multi_stft,2.0,256.0,0.5,0.5
10,1,word_head_pos,0,-0.0,1.0,1.0,0.5302857142857142,1.0,0.5503171269448188,2,1750,875,153000,per_session_robust_mad_cf,12.79598355293274,G,within,shaft_laplacian,raw_multi_stft,2.0,256.0,0.5,0.5
10,1,word_head_pos,1,-0.0,1.0,1.0,0.5668571428571428,1.0,0.6003103350992132,2,1750,875,153000,per_session_robust_mad_cf,12.596964836120604,G,within,shaft_laplacian,raw_multi_stft,2.0,256.0,0.5,0.5
10,1,word_part_speech,0,-0.0,1.0,1.0,0.5712230215827339,1.0,0.6177995296299976,2,1390,695,153000,per_session_robust_mad_cf,10.14365005493164,G,within,shaft_laplacian,raw_multi_stft,2.0,256.0,0.5,0.5
10,1,word_part_speech,1,-0.0,1.0,1.0,0.5697841726618705,1.0,0.5948855543409852,2,1390,695,153000,per_session_robust_mad_cf,11.15073847770691,G,within,shaft_laplacian,raw_multi_stft,2.0,256.0,0.5,0.5
10,1,word_length,0,-0.0,1.0,1.0,0.5714285714285714,1.0,0.6103936135753321,2,1750,875,153000,per_session_robust_mad_cf,12.808087587356567,G,within,shaft_laplacian,raw_multi_stft,2.0,256.0,0.5,0.5
10,1,word_length,1,-0.0,1.0,1.0,0.5714285714285714,1.0,0.6050855250096653,2,1750,875,153000,per_session_robust_mad_cf,12.896727800369264,G,within,shaft_laplacian,raw_multi_stft,2.0,256.0,0.5,0.5
10,1,global_flow,0,-0.0,1.0,1.0,0.5497142857142857,1.0,0.5832784761188259,2,1750,875,153000,per_session_robust_mad_cf,13.586492538452148,G,within,shaft_laplacian,raw_multi_stft,2.0,256.0,0.5,0.5
10,1,global_flow,1,-0.0,1.0,1.0,0.6011428571428571,1.0,0.6433549627493391,2,1750,875,153000,per_session_robust_mad_cf,13.268718957901,G,within,shaft_laplacian,raw_multi_stft,2.0,256.0,0.5,0.5
10,1,local_flow,0,-0.0,1.0,1.0,0.5165714285714286,1.0,0.5269662393028431,2,1750,875,153000,per_session_robust_mad_cf,12.567196369171144,G,within,shaft_laplacian,raw_multi_stft,2.0,256.0,0.5,0.5
10,1,local_flow,1,-0.0,1.0,1.0,0.5417142857142857,1.0,0.5703635204748023,2,1750,875,153000,per_session_robust_mad_cf,13.35737943649292,G,within,shaft_laplacian,raw_multi_stft,2.0,256.0,0.5,0.5
10,1,frame_brightness,0,-0.0,1.0,1.0,0.5725714285714286,1.0,0.5902113831332352,2,1750,875,153000,per_session_robust_mad_cf,12.639585733413696,G,within,shaft_laplacian,raw_multi_stft,2.0,256.0,0.5,0.5
10,1,frame_brightness,1,-0.0,1.0,1.0,0.5931428571428572,1.0,0.6768962310481386,2,1750,875,153000,per_session_robust_mad_cf,13.291937828063965,G,within,shaft_laplacian,raw_multi_stft,2.0,256.0,0.5,0.5
10,1,face_num,0,-0.0,1.0,1.0,0.4377142857142857,1.0,0.4161194006457478,2,1750,875,153000,per_session_robust_mad_cf,12.704189538955688,G,within,shaft_laplacian,raw_multi_stft,2.0,256.0,0.5,0.5
10,1,face_num,1,-0.0,1.0,1.0,0.5051428571428571,1.0,0.5066403352037031,2,1750,875,153000,per_session_robust_mad_cf,13.479286432266235,G,within,shaft_laplacian,raw_multi_stft,2.0,256.0,0.5,0.5
1,1,onset,0,-0.0,1.0,1.0,0.909438775510204,1.0,0.9528646917950854,2,1567,784,153000,per_session_robust_mad_cf,13.152857780456545,0,within,shaft_car,raw_multi_stft,2.0,256.0,0.5,0.5
1,1,onset,1,-0.0,1.0,1.0,0.8418367346938775,1.0,0.903770564348188,2,1567,784,153000,per_session_robust_mad_cf,12.750840663909912,0,within,shaft_car,raw_multi_stft,2.0,256.0,0.5,0.5
1,1,speech,0,-0.0,1.0,1.0,0.9257142857142856,1.0,0.9764531937347836,2,1750,875,153000,per_session_robust_mad_cf,14.5270357131958,0,within,shaft_car,raw_multi_stft,2.0,256.0,0.5,0.5
1,1,speech,1,-0.0,1.0,1.0,0.808,1.0,0.8615978600461845,2,1750,875,153000,per_session_robust_mad_cf,13.67275047302246,0,within,shaft_car,raw_multi_stft,2.0,256.0,0.5,0.5
1,1,volume,0,-0.0,1.0,1.0,0.7805714285714286,1.0,0.8554629948904423,2,1750,875,153000,per_session_robust_mad_cf,13.97685408592224,0,within,shaft_car,raw_multi_stft,2.0,256.0,0.5,0.5
1,1,volume,1,-0.0,1.0,1.0,0.7908571428571428,1.0,0.8654587630481803,2,1750,875,153000,per_session_robust_mad_cf,15.042873620986938,0,within,shaft_car,raw_multi_stft,2.0,256.0,0.5,0.5
1,1,delta_volume,0,-0.0,1.0,1.0,0.7668571428571429,1.0,0.8502554778847058,2,1750,875,153000,per_session_robust_mad_cf,13.71415400505066,0,within,shaft_car,raw_multi_stft,2.0,256.0,0.5,0.5
1,1,delta_volume,1,-0.0,1.0,1.0,0.7748571428571429,1.0,0.8529408691472575,2,1750,875,153000,per_session_robust_mad_cf,14.834581851959229,0,within,shaft_car,raw_multi_stft,2.0,256.0,0.5,0.5
1,1,pitch,0,-0.0,1.0,1.0,0.5382857142857143,1.0,0.5503536984211571,2,1750,875,153000,per_session_robust_mad_cf,13.345553874969482,0,within,shaft_car,raw_multi_stft,2.0,256.0,0.5,0.5
1,1,pitch,1,-0.0,1.0,1.0,0.5394285714285715,1.0,0.5607086507215029,2,1750,875,153000,per_session_robust_mad_cf,13.531172037124634,0,within,shaft_car,raw_multi_stft,2.0,256.0,0.5,0.5
1,1,word_index,0,-0.0,1.0,1.0,0.718213058419244,1.0,0.7753982593497952,2,1163,582,153000,per_session_robust_mad_cf,9.042295694351196,0,within,shaft_car,raw_multi_stft,2.0,256.0,0.5,0.5
1,1,word_index,1,-0.0,1.0,1.0,0.7371134020618557,1.0,0.7985734698456561,2,1163,582,153000,per_session_robust_mad_cf,9.38480544090271,0,within,shaft_car,raw_multi_stft,2.0,256.0,0.5,0.5
1,1,word_gap,0,-0.0,1.0,1.0,0.6045714285714285,1.0,0.6461918644138638,2,1750,875,153000,per_session_robust_mad_cf,13.09619140625,0,within,shaft_car,raw_multi_stft,2.0,256.0,0.5,0.5
1,1,word_gap,1,-0.0,1.0,1.0,0.576,1.0,0.5928393049329697,2,1750,875,153000,per_session_robust_mad_cf,13.746598482131958,0,within,shaft_car,raw_multi_stft,2.0,256.0,0.5,0.5
1,1,gpt2_surprisal,0,-0.0,1.0,1.0,0.5474285714285714,1.0,0.5729600952948184,2,1750,875,153000,per_session_robust_mad_cf,14.58206844329834,0,within,shaft_car,raw_multi_stft,2.0,256.0,0.5,0.5
1,1,gpt2_surprisal,1,-0.0,1.0,1.0,0.5988571428571429,1.0,0.6303773131458783,2,1750,875,153000,per_session_robust_mad_cf,13.597674131393433,0,within,shaft_car,raw_multi_stft,2.0,256.0,0.5,0.5
1,1,word_head_pos,0,-0.0,1.0,1.0,0.5942857142857143,1.0,0.6420122671180633,2,1750,875,153000,per_session_robust_mad_cf,14.297860622406006,0,within,shaft_car,raw_multi_stft,2.0,256.0,0.5,0.5
1,1,word_head_pos,1,-0.0,1.0,1.0,0.6274285714285714,1.0,0.6677429129703353,2,1750,875,153000,per_session_robust_mad_cf,14.001590490341188,0,within,shaft_car,raw_multi_stft,2.0,256.0,0.5,0.5
1,1,word_part_speech,0,-0.0,1.0,1.0,0.5997596153846154,1.0,0.6232260077662721,2,1664,832,153000,per_session_robust_mad_cf,13.067684173583984,0,within,shaft_car,raw_multi_stft,2.0,256.0,0.5,0.5
1,1,word_part_speech,1,-0.0,1.0,1.0,0.5889423076923077,1.0,0.6140729012573964,2,1664,832,153000,per_session_robust_mad_cf,13.391722202301024,0,within,shaft_car,raw_multi_stft,2.0,256.0,0.5,0.5
1,1,word_length,0,-0.0,1.0,1.0,0.5565714285714286,1.0,0.5795011650627462,2,1750,875,153000,per_session_robust_mad_cf,14.319845914840698,0,within,shaft_car,raw_multi_stft,2.0,256.0,0.5,0.5
1,1,word_length,1,-0.0,1.0,1.0,0.5691428571428572,1.0,0.6000073142952675,2,1750,875,153000,per_session_robust_mad_cf,13.977556228637695,0,within,shaft_car,raw_multi_stft,2.0,256.0,0.5,0.5
1,1,global_flow,0,-0.0,1.0,1.0,0.6354285714285715,1.0,0.6702140998714774,2,1750,875,153000,per_session_robust_mad_cf,14.083093166351318,0,within,shaft_car,raw_multi_stft,2.0,256.0,0.5,0.5
1,1,global_flow,1,-0.0,1.0,1.0,0.6022857142857143,1.0,0.6439087593910326,2,1750,875,153000,per_session_robust_mad_cf,14.187151670455933,0,within,shaft_car,raw_multi_stft,2.0,256.0,0.5,0.5
1,1,local_flow,0,-0.0,1.0,1.0,0.5977142857142858,1.0,0.6382401805586032,2,1750,875,153000,per_session_robust_mad_cf,14.329496383666992,0,within,shaft_car,raw_multi_stft,2.0,256.0,0.5,0.5
1,1,local_flow,1,-0.0,1.0,1.0,0.5702857142857143,1.0,0.6129745149054888,2,1750,875,153000,per_session_robust_mad_cf,14.565752506256104,0,within,shaft_car,raw_multi_stft,2.0,256.0,0.5,0.5
1,1,frame_brightness,0,-0.0,1.0,1.0,0.5085714285714286,1.0,0.5218906408367554,2,1750,875,153000,per_session_robust_mad_cf,13.796029329299929,0,within,shaft_car,raw_multi_stft,2.0,256.0,0.5,0.5
1,1,frame_brightness,1,-0.0,1.0,1.0,0.5897142857142857,1.0,0.6180892970962247,2,1750,875,153000,per_session_robust_mad_cf,13.79165244102478,0,within,shaft_car,raw_multi_stft,2.0,256.0,0.5,0.5
1,1,face_num,0,-0.0,1.0,1.0,0.5737142857142857,1.0,0.5985549042349769,2,1750,875,153000,per_session_robust_mad_cf,14.108550310134888,0,within,shaft_car,raw_multi_stft,2.0,256.0,0.5,0.5
1,1,face_num,1,-0.0,1.0,1.0,0.5577142857142857,1.0,0.5816118616971255,2,1750,875,153000,per_session_robust_mad_cf,13.836279392242432,0,within,shaft_car,raw_multi_stft,2.0,256.0,0.5,0.5
1,2,onset,0,-0.0,1.0,1.0,0.8683127572016461,1.0,0.9229489688393796,2,1458,729,153000,per_session_robust_mad_cf,12.888671159744264,0,within,shaft_car,raw_multi_stft,2.0,256.0,0.5,0.5
1,2,onset,1,-0.0,1.0,1.0,0.9286694101508915,1.0,0.9663781424055398,2,1458,729,153000,per_session_robust_mad_cf,13.099432468414308,0,within,shaft_car,raw_multi_stft,2.0,256.0,0.5,0.5
1,2,speech,0,-0.0,1.0,1.0,0.896,1.0,0.9356603241277704,2,1750,875,153000,per_session_robust_mad_cf,15.298100233078005,0,within,shaft_car,raw_multi_stft,2.0,256.0,0.5,0.5
1,2,speech,1,-0.0,1.0,1.0,0.9291428571428572,1.0,0.9657325266710552,2,1750,875,153000,per_session_robust_mad_cf,16.82707381248474,0,within,shaft_car,raw_multi_stft,2.0,256.0,0.5,0.5
1,2,volume,0,-0.0,1.0,1.0,0.7782857142857142,1.0,0.8743613052882355,2,1750,875,153000,per_session_robust_mad_cf,14.96544909477234,0,within,shaft_car,raw_multi_stft,2.0,256.0,0.5,0.5
1,2,volume,1,-0.0,1.0,1.0,0.8125714285714286,1.0,0.8903639384345319,2,1750,875,153000,per_session_robust_mad_cf,15.58603024482727,0,within,shaft_car,raw_multi_stft,2.0,256.0,0.5,0.5
1,2,delta_volume,0,-0.0,1.0,1.0,0.7154285714285714,1.0,0.7923576063446287,2,1750,875,153000,per_session_robust_mad_cf,15.481506586074827,0,within,shaft_car,raw_multi_stft,2.0,256.0,0.5,0.5
1,2,delta_volume,1,-0.0,1.0,1.0,0.7154285714285714,1.0,0.7817100822335767,2,1750,875,153000,per_session_robust_mad_cf,15.774898052215576,0,within,shaft_car,raw_multi_stft,2.0,256.0,0.5,0.5
1,2,pitch,0,-0.0,1.0,1.0,0.6022857142857143,1.0,0.6546085284682821,2,1750,875,153000,per_session_robust_mad_cf,16.963127613067627,0,within,shaft_car,raw_multi_stft,2.0,256.0,0.5,0.5
1,2,pitch,1,-0.0,1.0,1.0,0.5931428571428572,1.0,0.6335276846075881,2,1750,875,153000,per_session_robust_mad_cf,15.88156008720398,0,within,shaft_car,raw_multi_stft,2.0,256.0,0.5,0.5
1,2,word_index,0,-0.0,1.0,1.0,0.5372549019607843,1.0,0.5817762399077278,2,1020,510,153000,per_session_robust_mad_cf,8.77075982093811,0,within,shaft_car,raw_multi_stft,2.0,256.0,0.5,0.5
1,2,word_index,1,-0.0,1.0,1.0,0.5549019607843138,1.0,0.5821453287197231,2,1020,510,153000,per_session_robust_mad_cf,8.46701979637146,0,within,shaft_car,raw_multi_stft,2.0,256.0,0.5,0.5
1,2,word_gap,0,-0.0,1.0,1.0,0.5669745958429562,1.0,0.5854156777197596,2,1732,866,153000,per_session_robust_mad_cf,15.38587737083435,0,within,shaft_car,raw_multi_stft,2.0,256.0,0.5,0.5
1,2,word_gap,1,-0.0,1.0,1.0,0.5577367205542725,1.0,0.5664919008581837,2,1732,866,153000,per_session_robust_mad_cf,15.356465339660645,0,within,shaft_car,raw_multi_stft,2.0,256.0,0.5,0.5
1,2,gpt2_surprisal,0,-0.0,1.0,1.0,0.6057142857142858,1.0,0.6420645120842607,2,1750,875,153000,per_session_robust_mad_cf,15.981529474258425,0,within,shaft_car,raw_multi_stft,2.0,256.0,0.5,0.5
1,2,gpt2_surprisal,1,-0.0,1.0,1.0,0.6045714285714285,1.0,0.6459254150862564,2,1750,875,153000,per_session_robust_mad_cf,15.436734199523926,0,within,shaft_car,raw_multi_stft,2.0,256.0,0.5,0.5
1,2,word_head_pos,0,-0.0,1.0,1.0,0.5611428571428572,1.0,0.6099913273356112,2,1750,875,153000,per_session_robust_mad_cf,15.963263511657717,0,within,shaft_car,raw_multi_stft,2.0,256.0,0.5,0.5
1,2,word_head_pos,1,-0.0,1.0,1.0,0.5817142857142857,1.0,0.6321745399830726,2,1750,875,153000,per_session_robust_mad_cf,16.257733821868896,0,within,shaft_car,raw_multi_stft,2.0,256.0,0.5,0.5
1,2,word_part_speech,0,-0.0,1.0,1.0,0.6397849462365591,1.0,0.6637376189925617,2,1115,558,153000,per_session_robust_mad_cf,11.37842345237732,0,within,shaft_car,raw_multi_stft,2.0,256.0,0.5,0.5
1,2,word_part_speech,1,-0.0,1.0,1.0,0.543010752688172,1.0,0.6045657172955126,2,1115,558,153000,per_session_robust_mad_cf,9.922977447509766,0,within,shaft_car,raw_multi_stft,2.0,256.0,0.5,0.5
1,2,word_length,0,-0.0,1.0,1.0,0.624,1.0,0.6713164686582447,2,1750,875,153000,per_session_robust_mad_cf,16.034731149673462,0,within,shaft_car,raw_multi_stft,2.0,256.0,0.5,0.5
1,2,word_length,1,-0.0,1.0,1.0,0.6068571428571429,1.0,0.6491437050040227,2,1750,875,153000,per_session_robust_mad_cf,15.41779375076294,0,within,shaft_car,raw_multi_stft,2.0,256.0,0.5,0.5
1,2,global_flow,0,-0.0,1.0,1.0,0.6331428571428571,1.0,0.6754281474979886,2,1750,875,153000,per_session_robust_mad_cf,14.695111513137816,0,within,shaft_car,raw_multi_stft,2.0,256.0,0.5,0.5
1,2,global_flow,1,-0.0,1.0,1.0,0.664,1.0,0.7151290973114741,2,1750,875,153000,per_session_robust_mad_cf,13.852865219116213,0,within,shaft_car,raw_multi_stft,2.0,256.0,0.5,0.5
1,2,local_flow,0,-0.0,1.0,1.0,0.6514285714285715,1.0,0.6903336363541372,2,1750,875,153000,per_session_robust_mad_cf,15.53982162475586,0,within,shaft_car,raw_multi_stft,2.0,256.0,0.5,0.5
1,2,local_flow,1,-0.0,1.0,1.0,0.6342857142857142,1.0,0.6958872762609323,2,1750,875,153000,per_session_robust_mad_cf,16.583609342575073,0,within,shaft_car,raw_multi_stft,2.0,256.0,0.5,0.5
1,2,frame_brightness,0,-0.0,1.0,1.0,0.4182857142857142,1.0,0.3705839942321557,2,1750,875,153000,per_session_robust_mad_cf,17.779040098190308,0,within,shaft_car,raw_multi_stft,2.0,256.0,0.5,0.5
1,2,frame_brightness,1,-0.0,1.0,1.0,0.4571428571428571,1.0,0.4368828563367919,2,1750,875,153000,per_session_robust_mad_cf,17.140002727508545,0,within,shaft_car,raw_multi_stft,2.0,256.0,0.5,0.5
1,2,face_num,0,-0.0,1.0,1.0,0.5165714285714286,1.0,0.5196597807801219,2,1750,875,153000,per_session_robust_mad_cf,15.486305952072144,0,within,shaft_car,raw_multi_stft,2.0,256.0,0.5,0.5
1,2,face_num,1,-0.0,1.0,1.0,0.5371428571428571,1.0,0.5608601611234758,2,1750,875,153000,per_session_robust_mad_cf,15.246154546737673,0,within,shaft_car,raw_multi_stft,2.0,256.0,0.5,0.5
2,0,onset,0,-0.0,1.0,1.0,0.8753799392097265,1.0,0.93862769190972,2,1315,658,151725,per_session_robust_mad_cf,17.49480628967285,0,within,shaft_car,raw_multi_stft,2.0,256.0,0.5,0.5
2,0,onset,1,-0.0,1.0,1.0,0.9103343465045592,1.0,0.9519313384022692,2,1315,658,151725,per_session_robust_mad_cf,16.513538599014282,0,within,shaft_car,raw_multi_stft,2.0,256.0,0.5,0.5
2,0,speech,0,-0.0,1.0,1.0,0.8914285714285715,1.0,0.9436799264390876,2,1750,875,151725,per_session_robust_mad_cf,21.97691965103149,0,within,shaft_car,raw_multi_stft,2.0,256.0,0.5,0.5
2,0,speech,1,-0.0,1.0,1.0,0.928,1.0,0.9713488605372872,2,1750,875,151725,per_session_robust_mad_cf,21.254554986953732,0,within,shaft_car,raw_multi_stft,2.0,256.0,0.5,0.5
2,0,volume,0,-0.0,1.0,1.0,0.8331428571428572,1.0,0.9251747594119308,2,1750,875,151725,per_session_robust_mad_cf,21.12936544418335,0,within,shaft_car,raw_multi_stft,2.0,256.0,0.5,0.5
2,0,volume,1,-0.0,1.0,1.0,0.7702857142857142,1.0,0.8541581768596596,2,1750,875,151725,per_session_robust_mad_cf,21.439529418945312,0,within,shaft_car,raw_multi_stft,2.0,256.0,0.5,0.5
2,0,delta_volume,0,-0.0,1.0,1.0,0.776,1.0,0.8445868990522762,2,1750,875,151725,per_session_robust_mad_cf,22.03454113006592,0,within,shaft_car,raw_multi_stft,2.0,256.0,0.5,0.5
2,0,delta_volume,1,-0.0,1.0,1.0,0.7462857142857143,1.0,0.8354440299677126,2,1750,875,151725,per_session_robust_mad_cf,21.51427817344665,0,within,shaft_car,raw_multi_stft,2.0,256.0,0.5,0.5
2,0,pitch,0,-0.0,1.0,1.0,0.5988571428571429,1.0,0.6490235415817686,2,1750,875,151725,per_session_robust_mad_cf,20.33129286766052,0,within,shaft_car,raw_multi_stft,2.0,256.0,0.5,0.5
2,0,pitch,1,-0.0,1.0,1.0,0.6308571428571429,1.0,0.6763685568895437,2,1750,875,151725,per_session_robust_mad_cf,20.53141927719116,0,within,shaft_car,raw_multi_stft,2.0,256.0,0.5,0.5
2,0,word_index,0,-0.0,1.0,1.0,0.7196652719665272,1.0,0.7725530015230826,2,955,478,151725,per_session_robust_mad_cf,10.631147623062134,0,within,shaft_car,raw_multi_stft,2.0,256.0,0.5,0.5
2,0,word_index,1,-0.0,1.0,1.0,0.7364016736401674,1.0,0.7782251711279564,2,955,478,151725,per_session_robust_mad_cf,11.238362312316896,0,within,shaft_car,raw_multi_stft,2.0,256.0,0.5,0.5
2,0,word_gap,0,-0.0,1.0,1.0,0.6401673640167364,1.0,0.6940757224444064,2,1433,717,151725,per_session_robust_mad_cf,17.866056442260742,0,within,shaft_car,raw_multi_stft,2.0,256.0,0.5,0.5
2,0,word_gap,1,-0.0,1.0,1.0,0.6317991631799164,1.0,0.6851667418807675,2,1433,717,151725,per_session_robust_mad_cf,16.56420135498047,0,within,shaft_car,raw_multi_stft,2.0,256.0,0.5,0.5
2,0,gpt2_surprisal,0,-0.0,1.0,1.0,0.624,1.0,0.664519398555949,2,1750,875,151725,per_session_robust_mad_cf,20.899210214614868,0,within,shaft_car,raw_multi_stft,2.0,256.0,0.5,0.5
2,0,gpt2_surprisal,1,-0.0,1.0,1.0,0.5874285714285714,1.0,0.6283345349675559,2,1750,875,151725,per_session_robust_mad_cf,21.306321382522583,0,within,shaft_car,raw_multi_stft,2.0,256.0,0.5,0.5
2,0,word_head_pos,0,-0.0,1.0,1.0,0.616,1.0,0.6547077939040573,2,1750,875,151725,per_session_robust_mad_cf,20.490070343017575,0,within,shaft_car,raw_multi_stft,2.0,256.0,0.5,0.5
2,0,word_head_pos,1,-0.0,1.0,1.0,0.5862857142857143,1.0,0.629755598048128,2,1750,875,151725,per_session_robust_mad_cf,21.17594861984253,0,within,shaft_car,raw_multi_stft,2.0,256.0,0.5,0.5
2,0,word_part_speech,0,-0.0,1.0,1.0,0.5929411764705882,1.0,0.5827575515989016,2,850,425,151725,per_session_robust_mad_cf,10.371476411819458,0,within,shaft_car,raw_multi_stft,2.0,256.0,0.5,0.5
2,0,word_part_speech,1,-0.0,1.0,1.0,0.5411764705882353,1.0,0.5780627159181504,2,850,425,151725,per_session_robust_mad_cf,10.783360958099363,0,within,shaft_car,raw_multi_stft,2.0,256.0,0.5,0.5
2,0,word_length,0,-0.0,1.0,1.0,0.6434285714285715,1.0,0.671770999864163,2,1750,875,151725,per_session_robust_mad_cf,20.144476413726807,0,within,shaft_car,raw_multi_stft,2.0,256.0,0.5,0.5
2,0,word_length,1,-0.0,1.0,1.0,0.6594285714285715,1.0,0.7084678641212919,2,1750,875,151725,per_session_robust_mad_cf,20.201476097106934,0,within,shaft_car,raw_multi_stft,2.0,256.0,0.5,0.5
2,0,global_flow,0,-0.0,1.0,1.0,0.5931428571428572,1.0,0.6270649822889565,2,1750,875,151725,per_session_robust_mad_cf,20.847687244415283,0,within,shaft_car,raw_multi_stft,2.0,256.0,0.5,0.5
2,0,global_flow,1,-0.0,1.0,1.0,0.5897142857142857,1.0,0.6298705369737625,2,1750,875,151725,per_session_robust_mad_cf,21.155797958374023,0,within,shaft_car,raw_multi_stft,2.0,256.0,0.5,0.5
2,0,local_flow,0,-0.0,1.0,1.0,0.5714285714285714,1.0,0.5833986395410802,2,1750,875,151725,per_session_robust_mad_cf,20.726757764816284,0,within,shaft_car,raw_multi_stft,2.0,256.0,0.5,0.5
2,0,local_flow,1,-0.0,1.0,1.0,0.5977142857142858,1.0,0.6282770655047386,2,1750,875,151725,per_session_robust_mad_cf,20.528727054595947,0,within,shaft_car,raw_multi_stft,2.0,256.0,0.5,0.5
2,0,frame_brightness,0,-0.0,1.0,1.0,0.5462857142857143,1.0,0.5632529805753215,2,1750,875,151725,per_session_robust_mad_cf,20.878771543502808,0,within,shaft_car,raw_multi_stft,2.0,256.0,0.5,0.5
2,0,frame_brightness,1,-0.0,1.0,1.0,0.5382857142857143,1.0,0.5345861676227496,2,1750,875,151725,per_session_robust_mad_cf,20.703104734420776,0,within,shaft_car,raw_multi_stft,2.0,256.0,0.5,0.5
2,0,face_num,0,-0.0,1.0,1.0,0.5302857142857142,1.0,0.5455053655580284,2,1750,875,151725,per_session_robust_mad_cf,21.99526619911194,0,within,shaft_car,raw_multi_stft,2.0,256.0,0.5,0.5
2,0,face_num,1,-0.0,1.0,1.0,0.5645714285714286,1.0,0.5740415660951068,2,1750,875,151725,per_session_robust_mad_cf,21.259907960891724,0,within,shaft_car,raw_multi_stft,2.0,256.0,0.5,0.5
2,4,onset,0,-0.0,1.0,1.0,0.7312834224598931,1.0,0.8072578569590209,2,1496,748,151725,per_session_robust_mad_cf,26.20770263671875,0,within,shaft_car,raw_multi_stft,2.0,256.0,0.5,0.5
2,4,onset,1,-0.0,1.0,1.0,0.8770053475935828,1.0,0.9345956418542138,2,1496,748,151725,per_session_robust_mad_cf,25.348445177078247,0,within,shaft_car,raw_multi_stft,2.0,256.0,0.5,0.5
2,4,speech,0,-0.0,1.0,1.0,0.7565714285714286,1.0,0.8263377323594872,2,1750,875,151725,per_session_robust_mad_cf,36.307392597198486,0,within,shaft_car,raw_multi_stft,2.0,256.0,0.5,0.5
2,4,speech,1,-0.0,1.0,1.0,0.8937142857142857,1.0,0.9389569814948328,2,1750,875,151725,per_session_robust_mad_cf,32.2151141166687,0,within,shaft_car,raw_multi_stft,2.0,256.0,0.5,0.5
2,4,volume,0,-0.0,1.0,1.0,0.7371428571428571,1.0,0.8035328046142753,2,1750,875,151725,per_session_robust_mad_cf,28.09356093406677,0,within,shaft_car,raw_multi_stft,2.0,256.0,0.5,0.5
2,4,volume,1,-0.0,1.0,1.0,0.7897142857142857,1.0,0.8674950106057282,2,1750,875,151725,per_session_robust_mad_cf,29.770671367645264,0,within,shaft_car,raw_multi_stft,2.0,256.0,0.5,0.5
2,4,delta_volume,0,-0.0,1.0,1.0,0.7508571428571429,1.0,0.81559094281266,2,1750,875,151725,per_session_robust_mad_cf,29.196205377578732,0,within,shaft_car,raw_multi_stft,2.0,256.0,0.5,0.5
2,4,delta_volume,1,-0.0,1.0,1.0,0.688,1.0,0.751212083215782,2,1750,875,151725,per_session_robust_mad_cf,28.685364484786987,0,within,shaft_car,raw_multi_stft,2.0,256.0,0.5,0.5
2,4,pitch,0,-0.0,1.0,1.0,0.5622857142857143,1.0,0.5793548791573933,2,1750,875,151725,per_session_robust_mad_cf,31.08724856376648,0,within,shaft_car,raw_multi_stft,2.0,256.0,0.5,0.5
2,4,pitch,1,-0.0,1.0,1.0,0.6422857142857142,1.0,0.6781657837267381,2,1750,875,151725,per_session_robust_mad_cf,26.80569577217102,0,within,shaft_car,raw_multi_stft,2.0,256.0,0.5,0.5
2,4,word_index,0,-0.0,1.0,1.0,0.6898496240601504,1.0,0.7410961614562723,2,1064,532,151725,per_session_robust_mad_cf,19.65568685531616,0,within,shaft_car,raw_multi_stft,2.0,256.0,0.5,0.5
2,4,word_index,1,-0.0,1.0,1.0,0.7481203007518797,1.0,0.825601362428628,2,1064,532,151725,per_session_robust_mad_cf,19.580308198928837,0,within,shaft_car,raw_multi_stft,2.0,256.0,0.5,0.5
2,4,word_gap,0,-0.0,1.0,1.0,0.533249686323714,1.0,0.5419453155501821,2,1593,797,151725,per_session_robust_mad_cf,26.71725606918335,0,within,shaft_car,raw_multi_stft,2.0,256.0,0.5,0.5
2,4,word_gap,1,-0.0,1.0,1.0,0.5834378920953576,1.0,0.6026750292817471,2,1593,797,151725,per_session_robust_mad_cf,28.28398370742798,0,within,shaft_car,raw_multi_stft,2.0,256.0,0.5,0.5
2,4,gpt2_surprisal,0,-0.0,1.0,1.0,0.6045714285714285,1.0,0.6425190432901788,2,1750,875,151725,per_session_robust_mad_cf,29.14183807373047,0,within,shaft_car,raw_multi_stft,2.0,256.0,0.5,0.5
2,4,gpt2_surprisal,1,-0.0,1.0,1.0,0.64,1.0,0.6770111699737731,2,1750,875,151725,per_session_robust_mad_cf,27.790244102478027,0,within,shaft_car,raw_multi_stft,2.0,256.0,0.5,0.5
2,4,word_head_pos,0,-0.0,1.0,1.0,0.5782857142857143,1.0,0.6078936919427813,2,1750,875,151725,per_session_robust_mad_cf,30.43883514404297,0,within,shaft_car,raw_multi_stft,2.0,256.0,0.5,0.5
2,4,word_head_pos,1,-0.0,1.0,1.0,0.6148571428571429,1.0,0.6466555384888666,2,1750,875,151725,per_session_robust_mad_cf,28.761950492858887,0,within,shaft_car,raw_multi_stft,2.0,256.0,0.5,0.5
2,4,word_part_speech,0,-0.0,1.0,1.0,0.5801526717557252,1.0,0.6056756599265778,2,1048,524,151725,per_session_robust_mad_cf,20.449190616607662,0,within,shaft_car,raw_multi_stft,2.0,256.0,0.5,0.5
2,4,word_part_speech,1,-0.0,1.0,1.0,0.5763358778625954,1.0,0.6194496241477769,2,1048,524,151725,per_session_robust_mad_cf,16.964978456497192,0,within,shaft_car,raw_multi_stft,2.0,256.0,0.5,0.5
2,4,word_length,0,-0.0,1.0,1.0,0.6205714285714286,1.0,0.6451260671034347,2,1750,875,151725,per_session_robust_mad_cf,29.41204333305359,0,within,shaft_car,raw_multi_stft,2.0,256.0,0.5,0.5
2,4,word_length,1,-0.0,1.0,1.0,0.6171428571428571,1.0,0.6426979822994054,2,1750,875,151725,per_session_robust_mad_cf,27.524018049240112,0,within,shaft_car,raw_multi_stft,2.0,256.0,0.5,0.5
2,4,global_flow,0,-0.0,1.0,1.0,0.5794285714285714,1.0,0.5961255133067929,2,1750,875,151725,per_session_robust_mad_cf,27.36532020568848,0,within,shaft_car,raw_multi_stft,2.0,256.0,0.5,0.5
2,4,global_flow,1,-0.0,1.0,1.0,0.6537142857142857,1.0,0.7126513797895573,2,1750,875,151725,per_session_robust_mad_cf,28.489235877990723,0,within,shaft_car,raw_multi_stft,2.0,256.0,0.5,0.5
2,4,local_flow,0,-0.0,1.0,1.0,0.6137142857142858,1.0,0.6238414678745703,2,1750,875,151725,per_session_robust_mad_cf,29.93082356452942,0,within,shaft_car,raw_multi_stft,2.0,256.0,0.5,0.5
2,4,local_flow,1,-0.0,1.0,1.0,0.6697142857142857,1.0,0.7194131845396696,2,1750,875,151725,per_session_robust_mad_cf,33.6061155796051,0,within,shaft_car,raw_multi_stft,2.0,256.0,0.5,0.5
2,4,frame_brightness,0,-0.0,1.0,1.0,0.4777142857142857,1.0,0.4904287221926167,2,1750,875,151725,per_session_robust_mad_cf,28.795876026153564,0,within,shaft_car,raw_multi_stft,2.0,256.0,0.5,0.5
2,4,frame_brightness,1,-0.0,1.0,1.0,0.5554285714285714,1.0,0.5846002737636228,2,1750,875,151725,per_session_robust_mad_cf,26.497888803482056,0,within,shaft_car,raw_multi_stft,2.0,256.0,0.5,0.5
2,4,face_num,0,-0.0,1.0,1.0,0.5314285714285715,1.0,0.5476421846755065,2,1750,875,151725,per_session_robust_mad_cf,29.042065620422363,0,within,shaft_car,raw_multi_stft,2.0,256.0,0.5,0.5
2,4,face_num,1,-0.0,1.0,1.0,0.52,1.0,0.5344255143516923,2,1750,875,151725,per_session_robust_mad_cf,27.7675576210022,0,within,shaft_car,raw_multi_stft,2.0,256.0,0.5,0.5
3,0,onset,0,-0.0,1.0,1.0,0.8777142857142857,1.0,0.9342653835302968,2,1750,875,138975,per_session_robust_mad_cf,14.33817720413208,0,within,shaft_car,raw_multi_stft,2.0,256.0,0.5,0.5
3,0,onset,1,-0.0,1.0,1.0,0.9325714285714286,1.0,0.9758262541404136,2,1750,875,138975,per_session_robust_mad_cf,14.1977379322052,0,within,shaft_car,raw_multi_stft,2.0,256.0,0.5,0.5
3,0,speech,0,-0.0,1.0,1.0,0.8582857142857143,1.0,0.9208645497006364,2,1750,875,138975,per_session_robust_mad_cf,15.008655786514282,0,within,shaft_car,raw_multi_stft,2.0,256.0,0.5,0.5
3,0,speech,1,-0.0,1.0,1.0,0.9462857142857144,1.0,0.9809358118345296,2,1750,875,138975,per_session_robust_mad_cf,13.69297981262207,0,within,shaft_car,raw_multi_stft,2.0,256.0,0.5,0.5
3,0,volume,0,-0.0,1.0,1.0,0.7805714285714286,1.0,0.8525385829075368,2,1750,875,138975,per_session_robust_mad_cf,14.497061967849731,0,within,shaft_car,raw_multi_stft,2.0,256.0,0.5,0.5
3,0,volume,1,-0.0,1.0,1.0,0.7794285714285715,1.0,0.8492889460100519,2,1750,875,138975,per_session_robust_mad_cf,14.08599090576172,0,within,shaft_car,raw_multi_stft,2.0,256.0,0.5,0.5
3,0,delta_volume,0,-0.0,1.0,1.0,0.6651428571428571,1.0,0.7368839012361159,2,1750,875,138975,per_session_robust_mad_cf,14.698096513748167,0,within,shaft_car,raw_multi_stft,2.0,256.0,0.5,0.5
3,0,delta_volume,1,-0.0,1.0,1.0,0.712,1.0,0.761021075619364,2,1750,875,138975,per_session_robust_mad_cf,14.537187099456789,0,within,shaft_car,raw_multi_stft,2.0,256.0,0.5,0.5
3,0,pitch,0,-0.0,1.0,1.0,0.5394285714285715,1.0,0.5659070248581549,2,1750,875,138975,per_session_robust_mad_cf,13.8981192111969,0,within,shaft_car,raw_multi_stft,2.0,256.0,0.5,0.5
3,0,pitch,1,-0.0,1.0,1.0,0.5691428571428572,1.0,0.5742923419328547,2,1750,875,138975,per_session_robust_mad_cf,14.122657775878906,0,within,shaft_car,raw_multi_stft,2.0,256.0,0.5,0.5
3,0,word_index,0,-0.0,1.0,1.0,0.7692307692307693,1.0,0.8181982852312523,2,1455,728,138975,per_session_robust_mad_cf,12.65405774116516,0,within,shaft_car,raw_multi_stft,2.0,256.0,0.5,0.5
3,0,word_index,1,-0.0,1.0,1.0,0.7362637362637363,1.0,0.8010279555609227,2,1455,728,138975,per_session_robust_mad_cf,12.169716835021973,0,within,shaft_car,raw_multi_stft,2.0,256.0,0.5,0.5
3,0,word_gap,0,-0.0,1.0,1.0,0.6388571428571429,1.0,0.6797435817059027,2,1750,875,138975,per_session_robust_mad_cf,13.722901582717896,0,within,shaft_car,raw_multi_stft,2.0,256.0,0.5,0.5
3,0,word_gap,1,-0.0,1.0,1.0,0.6057142857142858,1.0,0.6696707522230233,2,1750,875,138975,per_session_robust_mad_cf,13.562094926834106,0,within,shaft_car,raw_multi_stft,2.0,256.0,0.5,0.5
3,0,gpt2_surprisal,0,-0.0,1.0,1.0,0.6445714285714286,1.0,0.6917912709110476,2,1750,875,138975,per_session_robust_mad_cf,13.847945928573608,0,within,shaft_car,raw_multi_stft,2.0,256.0,0.5,0.5
3,0,gpt2_surprisal,1,-0.0,1.0,1.0,0.6285714285714286,1.0,0.6697595686655591,2,1750,875,138975,per_session_robust_mad_cf,14.541654109954834,0,within,shaft_car,raw_multi_stft,2.0,256.0,0.5,0.5
3,0,word_head_pos,0,-0.0,1.0,1.0,0.5782857142857143,1.0,0.6240086517664023,2,1750,875,138975,per_session_robust_mad_cf,14.362560033798218,0,within,shaft_car,raw_multi_stft,2.0,256.0,0.5,0.5
3,0,word_head_pos,1,-0.0,1.0,1.0,0.5748571428571428,1.0,0.6011619280482325,2,1750,875,138975,per_session_robust_mad_cf,13.092252254486084,0,within,shaft_car,raw_multi_stft,2.0,256.0,0.5,0.5
3,0,word_part_speech,0,-0.0,1.0,1.0,0.6414852752880922,1.0,0.6815332152928061,2,1562,781,138975,per_session_robust_mad_cf,12.779605865478516,0,within,shaft_car,raw_multi_stft,2.0,256.0,0.5,0.5
3,0,word_part_speech,1,-0.0,1.0,1.0,0.6402048655569782,1.0,0.6726736179421602,2,1562,781,138975,per_session_robust_mad_cf,12.45502781867981,0,within,shaft_car,raw_multi_stft,2.0,256.0,0.5,0.5
3,0,word_length,0,-0.0,1.0,1.0,0.6,1.0,0.6320700500506776,2,1750,875,138975,per_session_robust_mad_cf,14.643760919570925,0,within,shaft_car,raw_multi_stft,2.0,256.0,0.5,0.5
3,0,word_length,1,-0.0,1.0,1.0,0.6182857142857143,1.0,0.6421115325538385,2,1750,875,138975,per_session_robust_mad_cf,14.10612654685974,0,within,shaft_car,raw_multi_stft,2.0,256.0,0.5,0.5
3,0,global_flow,0,-0.0,1.0,1.0,0.6845714285714286,1.0,0.7374690448575281,2,1750,875,138975,per_session_robust_mad_cf,14.16910982131958,0,within,shaft_car,raw_multi_stft,2.0,256.0,0.5,0.5
3,0,global_flow,1,-0.0,1.0,1.0,0.6742857142857143,1.0,0.7174331003207841,2,1750,875,138975,per_session_robust_mad_cf,14.390604257583618,0,within,shaft_car,raw_multi_stft,2.0,256.0,0.5,0.5
3,0,local_flow,0,-0.0,1.0,1.0,0.6502857142857142,1.0,0.6890013897161009,2,1750,875,138975,per_session_robust_mad_cf,13.959010124206545,0,within,shaft_car,raw_multi_stft,2.0,256.0,0.5,0.5
3,0,local_flow,1,-0.0,1.0,1.0,0.5691428571428572,1.0,0.6072432421136224,2,1750,875,138975,per_session_robust_mad_cf,14.003674268722534,0,within,shaft_car,raw_multi_stft,2.0,256.0,0.5,0.5
3,0,frame_brightness,0,-0.0,1.0,1.0,0.5668571428571428,1.0,0.6070760582217903,2,1750,875,138975,per_session_robust_mad_cf,13.799633026123049,0,within,shaft_car,raw_multi_stft,2.0,256.0,0.5,0.5
3,0,frame_brightness,1,-0.0,1.0,1.0,0.4651428571428571,1.0,0.457796516305654,2,1750,875,138975,per_session_robust_mad_cf,14.19471001625061,0,within,shaft_car,raw_multi_stft,2.0,256.0,0.5,0.5
3,0,face_num,0,-0.0,1.0,1.0,0.5188571428571429,1.0,0.5378305800236147,2,1750,875,138975,per_session_robust_mad_cf,13.53572964668274,0,within,shaft_car,raw_multi_stft,2.0,256.0,0.5,0.5
3,0,face_num,1,-0.0,1.0,1.0,0.5611428571428572,1.0,0.5784353677523171,2,1750,875,138975,per_session_robust_mad_cf,13.280736923217772,0,within,shaft_car,raw_multi_stft,2.0,256.0,0.5,0.5
3,1,onset,0,-0.0,1.0,1.0,0.8449197860962567,1.0,0.9239450940518557,2,1122,561,138975,per_session_robust_mad_cf,9.91878867149353,0,within,shaft_car,raw_multi_stft,2.0,256.0,0.5,0.5
3,1,onset,1,-0.0,1.0,1.0,0.9162210338680928,1.0,0.9577529232333504,2,1122,561,138975,per_session_robust_mad_cf,9.393845319747925,0,within,shaft_car,raw_multi_stft,2.0,256.0,0.5,0.5
3,1,speech,0,-0.0,1.0,1.0,0.7862857142857143,1.0,0.8596282248205385,2,1750,875,138975,per_session_robust_mad_cf,14.989399194717407,0,within,shaft_car,raw_multi_stft,2.0,256.0,0.5,0.5
3,1,speech,1,-0.0,1.0,1.0,0.9142857142857144,1.0,0.9472952780999552,2,1750,875,138975,per_session_robust_mad_cf,13.952004194259644,0,within,shaft_car,raw_multi_stft,2.0,256.0,0.5,0.5
3,1,volume,0,-0.0,1.0,1.0,0.8114285714285714,1.0,0.8912364293700301,2,1750,875,138975,per_session_robust_mad_cf,14.084289073944092,0,within,shaft_car,raw_multi_stft,2.0,256.0,0.5,0.5
3,1,volume,1,-0.0,1.0,1.0,0.7965714285714286,1.0,0.8939636166055402,2,1750,875,138975,per_session_robust_mad_cf,13.760990381240845,0,within,shaft_car,raw_multi_stft,2.0,256.0,0.5,0.5
3,1,delta_volume,0,-0.0,1.0,1.0,0.8011428571428572,1.0,0.8653124771428273,2,1750,875,138975,per_session_robust_mad_cf,14.597527503967283,0,within,shaft_car,raw_multi_stft,2.0,256.0,0.5,0.5
3,1,delta_volume,1,-0.0,1.0,1.0,0.784,1.0,0.8552709946396664,2,1750,875,138975,per_session_robust_mad_cf,14.392400026321411,0,within,shaft_car,raw_multi_stft,2.0,256.0,0.5,0.5
3,1,pitch,0,-0.0,1.0,1.0,0.5257142857142857,1.0,0.5535510903524445,2,1750,875,138975,per_session_robust_mad_cf,13.763775825500488,0,within,shaft_car,raw_multi_stft,2.0,256.0,0.5,0.5
3,1,pitch,1,-0.0,1.0,1.0,0.5588571428571428,1.0,0.5831008432337544,2,1750,875,138975,per_session_robust_mad_cf,14.18801999092102,0,within,shaft_car,raw_multi_stft,2.0,256.0,0.5,0.5
3,1,word_index,0,-0.0,1.0,1.0,0.7899761336515513,1.0,0.8567555251765777,2,838,419,138975,per_session_robust_mad_cf,7.681945085525513,0,within,shaft_car,raw_multi_stft,2.0,256.0,0.5,0.5
3,1,word_index,1,-0.0,1.0,1.0,0.7589498806682577,1.0,0.8350421508316245,2,838,419,138975,per_session_robust_mad_cf,7.384557723999023,0,within,shaft_car,raw_multi_stft,2.0,256.0,0.5,0.5
3,1,word_gap,0,-0.0,1.0,1.0,0.6159600997506235,1.0,0.6493367578559834,2,1603,802,138975,per_session_robust_mad_cf,12.965515375137327,0,within,shaft_car,raw_multi_stft,2.0,256.0,0.5,0.5
3,1,word_gap,1,-0.0,1.0,1.0,0.6408977556109726,1.0,0.6917805237529617,2,1603,802,138975,per_session_robust_mad_cf,13.031715631484984,0,within,shaft_car,raw_multi_stft,2.0,256.0,0.5,0.5
3,1,gpt2_surprisal,0,-0.0,1.0,1.0,0.6342857142857142,1.0,0.6831081575290221,2,1750,875,138975,per_session_robust_mad_cf,14.220813035964966,0,within,shaft_car,raw_multi_stft,2.0,256.0,0.5,0.5
3,1,gpt2_surprisal,1,-0.0,1.0,1.0,0.6491428571428571,1.0,0.690443350783152,2,1750,875,138975,per_session_robust_mad_cf,14.40290093421936,0,within,shaft_car,raw_multi_stft,2.0,256.0,0.5,0.5
3,1,word_head_pos,0,-0.0,1.0,1.0,0.5965714285714285,1.0,0.6641693572824259,2,1750,875,138975,per_session_robust_mad_cf,14.039328336715698,0,within,shaft_car,raw_multi_stft,2.0,256.0,0.5,0.5
3,1,word_head_pos,1,-0.0,1.0,1.0,0.6171428571428571,1.0,0.665235154592855,2,1750,875,138975,per_session_robust_mad_cf,14.443589687347412,0,within,shaft_car,raw_multi_stft,2.0,256.0,0.5,0.5
3,1,word_part_speech,0,-0.0,1.0,1.0,0.5948434622467772,1.0,0.643124593010636,2,1086,543,138975,per_session_robust_mad_cf,8.649243354797363,0,within,shaft_car,raw_multi_stft,2.0,256.0,0.5,0.5
3,1,word_part_speech,1,-0.0,1.0,1.0,0.6095764272559853,1.0,0.6582917299761233,2,1086,543,138975,per_session_robust_mad_cf,8.872893571853638,0,within,shaft_car,raw_multi_stft,2.0,256.0,0.5,0.5
3,1,word_length,0,-0.0,1.0,1.0,0.6308571428571429,1.0,0.6707522230233117,2,1750,875,138975,per_session_robust_mad_cf,14.017030239105225,0,within,shaft_car,raw_multi_stft,2.0,256.0,0.5,0.5
3,1,word_length,1,-0.0,1.0,1.0,0.6468571428571429,1.0,0.6992205051043332,2,1750,875,138975,per_session_robust_mad_cf,14.231675624847412,0,within,shaft_car,raw_multi_stft,2.0,256.0,0.5,0.5
3,1,global_flow,0,-0.0,1.0,1.0,0.616,1.0,0.6692632414866828,2,1750,875,138975,per_session_robust_mad_cf,14.561225652694702,0,within,shaft_car,raw_multi_stft,2.0,256.0,0.5,0.5
3,1,global_flow,1,-0.0,1.0,1.0,0.64,1.0,0.6818229313605634,2,1750,875,138975,per_session_robust_mad_cf,13.58393144607544,0,within,shaft_car,raw_multi_stft,2.0,256.0,0.5,0.5
3,1,local_flow,0,-0.0,1.0,1.0,0.7325714285714285,1.0,0.8008056173787655,2,1750,875,138975,per_session_robust_mad_cf,14.410914659500122,0,within,shaft_car,raw_multi_stft,2.0,256.0,0.5,0.5
3,1,local_flow,1,-0.0,1.0,1.0,0.6902857142857143,1.0,0.7510213890891613,2,1750,875,138975,per_session_robust_mad_cf,14.06371521949768,0,within,shaft_car,raw_multi_stft,2.0,256.0,0.5,0.5
3,1,frame_brightness,0,-0.0,1.0,1.0,0.5051428571428571,1.0,0.5167288381764418,2,1750,875,138975,per_session_robust_mad_cf,15.257868528366089,0,within,shaft_car,raw_multi_stft,2.0,256.0,0.5,0.5
3,1,frame_brightness,1,-0.0,1.0,1.0,0.4594285714285714,1.0,0.4672633041806422,2,1750,875,138975,per_session_robust_mad_cf,14.135514497756958,0,within,shaft_car,raw_multi_stft,2.0,256.0,0.5,0.5
3,1,face_num,0,-0.0,1.0,1.0,0.544,1.0,0.5586710970398002,2,1750,875,138975,per_session_robust_mad_cf,13.98602056503296,0,within,shaft_car,raw_multi_stft,2.0,256.0,0.5,0.5
3,1,face_num,1,-0.0,1.0,1.0,0.5165714285714286,1.0,0.5285884455032759,2,1750,875,138975,per_session_robust_mad_cf,13.666347742080688,0,within,shaft_car,raw_multi_stft,2.0,256.0,0.5,0.5
4,0,onset,0,-0.0,1.0,1.0,0.8181818181818182,1.0,0.8898645546372819,2,1056,528,153000,per_session_robust_mad_cf,9.272328853607178,0,within,shaft_car,raw_multi_stft,2.0,256.0,0.5,0.5
4,0,onset,1,-0.0,1.0,1.0,0.8541666666666666,1.0,0.9120466023875116,2,1056,528,153000,per_session_robust_mad_cf,8.529317378997803,0,within,shaft_car,raw_multi_stft,2.0,256.0,0.5,0.5
4,0,speech,0,-0.0,1.0,1.0,0.7645714285714286,1.0,0.8324921893775534,2,1750,875,153000,per_session_robust_mad_cf,14.059839487075806,0,within,shaft_car,raw_multi_stft,2.0,256.0,0.5,0.5
4,0,speech,1,-0.0,1.0,1.0,0.8102857142857143,1.0,0.8625278204445002,2,1750,875,153000,per_session_robust_mad_cf,14.70903754234314,0,within,shaft_car,raw_multi_stft,2.0,256.0,0.5,0.5
4,0,volume,0,-0.0,1.0,1.0,0.6142857142857143,1.0,0.6737585034013606,2,1679,840,153000,per_session_robust_mad_cf,13.88263201713562,0,within,shaft_car,raw_multi_stft,2.0,256.0,0.5,0.5
4,0,volume,1,-0.0,1.0,1.0,0.6428571428571429,1.0,0.6775793650793651,2,1679,840,153000,per_session_robust_mad_cf,13.81444787979126,0,within,shaft_car,raw_multi_stft,2.0,256.0,0.5,0.5
4,0,delta_volume,0,-0.0,1.0,1.0,0.7047619047619048,1.0,0.7726530612244898,2,1679,840,153000,per_session_robust_mad_cf,14.544496059417725,0,within,shaft_car,raw_multi_stft,2.0,256.0,0.5,0.5
4,0,delta_volume,1,-0.0,1.0,1.0,0.7285714285714285,1.0,0.803985260770975,2,1679,840,153000,per_session_robust_mad_cf,14.332366466522217,0,within,shaft_car,raw_multi_stft,2.0,256.0,0.5,0.5
4,0,pitch,0,-0.0,1.0,1.0,0.5654761904761905,1.0,0.5680725623582765,2,1679,840,153000,per_session_robust_mad_cf,12.765356540679932,0,within,shaft_car,raw_multi_stft,2.0,256.0,0.5,0.5
4,0,pitch,1,-0.0,1.0,1.0,0.5238095238095238,1.0,0.5338208616780046,2,1679,840,153000,per_session_robust_mad_cf,13.602126359939575,0,within,shaft_car,raw_multi_stft,2.0,256.0,0.5,0.5
4,0,word_index,0,-0.0,1.0,1.0,0.7222222222222222,1.0,0.764984182973601,2,755,378,153000,per_session_robust_mad_cf,7.3827855587005615,0,within,shaft_car,raw_multi_stft,2.0,256.0,0.5,0.5
4,0,word_index,1,-0.0,1.0,1.0,0.7037037037037037,1.0,0.7499790039472579,2,755,378,153000,per_session_robust_mad_cf,5.950026750564575,0,within,shaft_car,raw_multi_stft,2.0,256.0,0.5,0.5
4,0,word_gap,0,-0.0,1.0,1.0,0.6290550070521862,1.0,0.6871966260841889,2,1417,709,153000,per_session_robust_mad_cf,11.67932105064392,0,within,shaft_car,raw_multi_stft,2.0,256.0,0.5,0.5
4,0,word_gap,1,-0.0,1.0,1.0,0.5712270803949224,1.0,0.6561629664995623,2,1417,709,153000,per_session_robust_mad_cf,11.469544172286987,0,within,shaft_car,raw_multi_stft,2.0,256.0,0.5,0.5
4,0,gpt2_surprisal,0,-0.0,1.0,1.0,0.5654761904761905,1.0,0.5645918367346939,2,1679,840,153000,per_session_robust_mad_cf,14.206640005111694,0,within,shaft_car,raw_multi_stft,2.0,256.0,0.5,0.5
4,0,gpt2_surprisal,1,-0.0,1.0,1.0,0.5833333333333334,1.0,0.5883049886621315,2,1679,840,153000,per_session_robust_mad_cf,14.155877590179443,0,within,shaft_car,raw_multi_stft,2.0,256.0,0.5,0.5
4,0,word_head_pos,0,-0.0,1.0,1.0,0.56,1.0,0.5992771908926575,2,1750,875,153000,per_session_robust_mad_cf,20.11947512626648,0,within,shaft_car,raw_multi_stft,2.0,256.0,0.5,0.5
4,0,word_head_pos,1,-0.0,1.0,1.0,0.5691428571428572,1.0,0.5974146578477164,2,1750,875,153000,per_session_robust_mad_cf,14.183481693267822,0,within,shaft_car,raw_multi_stft,2.0,256.0,0.5,0.5
4,0,word_part_speech,0,-0.0,1.0,1.0,0.4835390946502058,1.0,0.4737421463530288,2,971,486,153000,per_session_robust_mad_cf,8.965843677520752,0,within,shaft_car,raw_multi_stft,2.0,256.0,0.5,0.5
4,0,word_part_speech,1,-0.0,1.0,1.0,0.5082304526748971,1.0,0.5084252061846941,2,971,486,153000,per_session_robust_mad_cf,8.599320650100708,0,within,shaft_car,raw_multi_stft,2.0,256.0,0.5,0.5
4,0,word_length,0,-0.0,1.0,1.0,0.5733015494636472,1.0,0.6155614274349357,2,1678,839,153000,per_session_robust_mad_cf,14.981762170791626,0,within,shaft_car,raw_multi_stft,2.0,256.0,0.5,0.5
4,0,word_length,1,-0.0,1.0,1.0,0.5637663885578069,1.0,0.5919948289578361,2,1678,839,153000,per_session_robust_mad_cf,13.680469751358032,0,within,shaft_car,raw_multi_stft,2.0,256.0,0.5,0.5
4,0,global_flow,0,-0.0,1.0,1.0,0.6869047619047619,1.0,0.8569501133786848,2,1679,840,153000,per_session_robust_mad_cf,13.343952894210815,0,within,shaft_car,raw_multi_stft,2.0,256.0,0.5,0.5
4,0,global_flow,1,-0.0,1.0,1.0,0.5666666666666667,1.0,0.5961536281179138,2,1679,840,153000,per_session_robust_mad_cf,13.187543392181396,0,within,shaft_car,raw_multi_stft,2.0,256.0,0.5,0.5
4,0,local_flow,0,-0.0,1.0,1.0,0.6357142857142857,1.0,0.6636111111111112,2,1679,840,153000,per_session_robust_mad_cf,13.915639400482178,0,within,shaft_car,raw_multi_stft,2.0,256.0,0.5,0.5
4,0,local_flow,1,-0.0,1.0,1.0,0.5928571428571429,1.0,0.6322222222222222,2,1679,840,153000,per_session_robust_mad_cf,14.16711926460266,0,within,shaft_car,raw_multi_stft,2.0,256.0,0.5,0.5
4,0,frame_brightness,0,-0.0,1.0,1.0,0.4773809523809524,1.0,0.4660714285714286,2,1679,840,153000,per_session_robust_mad_cf,14.892621755599976,0,within,shaft_car,raw_multi_stft,2.0,256.0,0.5,0.5
4,0,frame_brightness,1,-0.0,1.0,1.0,0.4702380952380952,1.0,0.4968140589569161,2,1679,840,153000,per_session_robust_mad_cf,14.341810941696169,0,within,shaft_car,raw_multi_stft,2.0,256.0,0.5,0.5
4,0,face_num,0,-0.0,1.0,1.0,0.4809052333804809,1.0,0.4770730302011812,2,1413,707,153000,per_session_robust_mad_cf,13.097009420394896,0,within,shaft_car,raw_multi_stft,2.0,256.0,0.5,0.5
4,0,face_num,1,-0.0,1.0,1.0,0.5091937765205092,1.0,0.5029368928154159,2,1413,707,153000,per_session_robust_mad_cf,12.23297357559204,0,within,shaft_car,raw_multi_stft,2.0,256.0,0.5,0.5
4,1,onset,0,-0.0,1.0,1.0,0.7944827586206896,1.0,0.8629514634034976,2,1449,725,153000,per_session_robust_mad_cf,12.59356141090393,0,within,shaft_car,raw_multi_stft,2.0,256.0,0.5,0.5
4,1,onset,1,-0.0,1.0,1.0,0.7586206896551724,1.0,0.8205485289865,2,1449,725,153000,per_session_robust_mad_cf,12.402438640594482,0,within,shaft_car,raw_multi_stft,2.0,256.0,0.5,0.5
4,1,speech,0,-0.0,1.0,1.0,0.8022857142857143,1.0,0.8528259302216231,2,1750,875,153000,per_session_robust_mad_cf,15.738112211227415,0,within,shaft_car,raw_multi_stft,2.0,256.0,0.5,0.5
4,1,speech,1,-0.0,1.0,1.0,0.7782857142857142,1.0,0.8509242134520338,2,1750,875,153000,per_session_robust_mad_cf,14.524786949157717,0,within,shaft_car,raw_multi_stft,2.0,256.0,0.5,0.5
4,1,volume,0,-0.0,1.0,1.0,0.5794285714285714,1.0,0.6062989143496025,2,1750,875,153000,per_session_robust_mad_cf,16.417298793792725,0,within,shaft_car,raw_multi_stft,2.0,256.0,0.5,0.5
4,1,volume,1,-0.0,1.0,1.0,0.5645714285714286,1.0,0.6159812127101554,2,1750,875,153000,per_session_robust_mad_cf,16.459197521209717,0,within,shaft_car,raw_multi_stft,2.0,256.0,0.5,0.5
4,1,delta_volume,0,-0.0,1.0,1.0,0.6582857142857143,1.0,0.7250569470131553,2,1750,875,153000,per_session_robust_mad_cf,14.804832696914673,0,within,shaft_car,raw_multi_stft,2.0,256.0,0.5,0.5
4,1,delta_volume,1,-0.0,1.0,1.0,0.5531428571428572,1.0,0.5611462023134071,2,1750,875,153000,per_session_robust_mad_cf,16.02043867111206,0,within,shaft_car,raw_multi_stft,2.0,256.0,0.5,0.5
4,1,pitch,0,-0.0,1.0,1.0,0.56,1.0,0.5910682005788742,2,1750,875,153000,per_session_robust_mad_cf,14.966104745864868,0,within,shaft_car,raw_multi_stft,2.0,256.0,0.5,0.5
4,1,pitch,1,-0.0,1.0,1.0,0.5405714285714286,1.0,0.5635612258758869,2,1750,875,153000,per_session_robust_mad_cf,14.883574962615969,0,within,shaft_car,raw_multi_stft,2.0,256.0,0.5,0.5
4,1,word_index,0,-0.0,1.0,1.0,0.6288461538461538,1.0,0.6662352071005917,2,1039,520,153000,per_session_robust_mad_cf,8.821279525756836,0,within,shaft_car,raw_multi_stft,2.0,256.0,0.5,0.5
4,1,word_index,1,-0.0,1.0,1.0,0.5923076923076923,1.0,0.5970636094674555,2,1039,520,153000,per_session_robust_mad_cf,9.165220975875854,0,within,shaft_car,raw_multi_stft,2.0,256.0,0.5,0.5
4,1,word_gap,0,-0.0,1.0,1.0,0.5720053835800808,1.0,0.5924050082601513,2,1486,743,153000,per_session_robust_mad_cf,13.737080812454224,0,within,shaft_car,raw_multi_stft,2.0,256.0,0.5,0.5
4,1,word_gap,1,-0.0,1.0,1.0,0.4993270524899058,1.0,0.5038022056053097,2,1486,743,153000,per_session_robust_mad_cf,12.293401002883911,0,within,shaft_car,raw_multi_stft,2.0,256.0,0.5,0.5
4,1,gpt2_surprisal,0,-0.0,1.0,1.0,0.5165714285714286,1.0,0.5415608706101167,2,1750,875,153000,per_session_robust_mad_cf,16.033482313156128,0,within,shaft_car,raw_multi_stft,2.0,256.0,0.5,0.5
4,1,gpt2_surprisal,1,-0.0,1.0,1.0,0.5337142857142857,1.0,0.5266397082641088,2,1750,875,153000,per_session_robust_mad_cf,16.51552724838257,0,within,shaft_car,raw_multi_stft,2.0,256.0,0.5,0.5
4,1,word_head_pos,0,-0.0,1.0,1.0,0.5211428571428571,1.0,0.5219977430174603,2,1750,875,153000,per_session_robust_mad_cf,16.02122712135315,0,within,shaft_car,raw_multi_stft,2.0,256.0,0.5,0.5
4,1,word_head_pos,1,-0.0,1.0,1.0,0.5108571428571429,1.0,0.5182021462232114,2,1750,875,153000,per_session_robust_mad_cf,14.562802076339722,0,within,shaft_car,raw_multi_stft,2.0,256.0,0.5,0.5
4,1,word_part_speech,0,-0.0,1.0,1.0,0.5105633802816901,1.0,0.5247718706605833,2,1135,568,153000,per_session_robust_mad_cf,10.410431623458862,0,within,shaft_car,raw_multi_stft,2.0,256.0,0.5,0.5
4,1,word_part_speech,1,-0.0,1.0,1.0,0.5475352112676056,1.0,0.5493081729815513,2,1135,568,153000,per_session_robust_mad_cf,10.258517742156982,0,within,shaft_car,raw_multi_stft,2.0,256.0,0.5,0.5
4,1,word_length,0,-0.0,1.0,1.0,0.536,1.0,0.5597734658265676,2,1750,875,153000,per_session_robust_mad_cf,15.248942613601685,0,within,shaft_car,raw_multi_stft,2.0,256.0,0.5,0.5
4,1,word_length,1,-0.0,1.0,1.0,0.4937142857142857,1.0,0.4951699528750405,2,1750,875,153000,per_session_robust_mad_cf,15.218062162399292,0,within,shaft_car,raw_multi_stft,2.0,256.0,0.5,0.5
4,1,global_flow,0,-0.0,1.0,1.0,0.6137142857142858,1.0,0.6499247672486755,2,1750,875,153000,per_session_robust_mad_cf,15.13348913192749,0,within,shaft_car,raw_multi_stft,2.0,256.0,0.5,0.5
4,1,global_flow,1,-0.0,1.0,1.0,0.5314285714285715,1.0,0.5466181833380355,2,1750,875,153000,per_session_robust_mad_cf,14.87348246574402,0,within,shaft_car,raw_multi_stft,2.0,256.0,0.5,0.5
4,1,local_flow,0,-0.0,1.0,1.0,0.5851428571428572,1.0,0.5977973522251132,2,1750,875,153000,per_session_robust_mad_cf,14.768887996673584,0,within,shaft_car,raw_multi_stft,2.0,256.0,0.5,0.5
4,1,local_flow,1,-0.0,1.0,1.0,0.5337142857142857,1.0,0.5412735232960304,2,1750,875,153000,per_session_robust_mad_cf,14.243886470794678,0,within,shaft_car,raw_multi_stft,2.0,256.0,0.5,0.5
4,1,frame_brightness,0,-0.0,1.0,1.0,0.5828571428571429,1.0,0.6185124813224245,2,1750,875,153000,per_session_robust_mad_cf,14.649933338165283,0,within,shaft_car,raw_multi_stft,2.0,256.0,0.5,0.5
4,1,frame_brightness,1,-0.0,1.0,1.0,0.4445714285714285,1.0,0.4339571382297316,2,1750,875,153000,per_session_robust_mad_cf,15.848952293395996,0,within,shaft_car,raw_multi_stft,2.0,256.0,0.5,0.5
4,1,face_num,0,-0.0,1.0,1.0,0.52,1.0,0.5228676217046487,2,1750,875,153000,per_session_robust_mad_cf,17.084906339645386,0,within,shaft_car,raw_multi_stft,2.0,256.0,0.5,0.5
4,1,face_num,1,-0.0,1.0,1.0,0.4971428571428571,1.0,0.5141949573158626,2,1750,875,153000,per_session_robust_mad_cf,15.668739557266235,0,within,shaft_car,raw_multi_stft,2.0,256.0,0.5,0.5
7,0,onset,0,-0.0,1.0,1.0,0.7165714285714285,1.0,0.781286898007377,2,1750,875,151725,per_session_robust_mad_cf,14.25814127922058,0,within,shaft_car,raw_multi_stft,2.0,256.0,0.5,0.5
7,0,onset,1,-0.0,1.0,1.0,0.7908571428571428,1.0,0.8768638391690962,2,1750,875,151725,per_session_robust_mad_cf,13.500715494155884,0,within,shaft_car,raw_multi_stft,2.0,256.0,0.5,0.5
7,0,speech,0,-0.0,1.0,1.0,0.6708571428571428,1.0,0.7073289238581864,2,1750,875,151725,per_session_robust_mad_cf,14.063242435455322,0,within,shaft_car,raw_multi_stft,2.0,256.0,0.5,0.5
7,0,speech,1,-0.0,1.0,1.0,0.7565714285714286,1.0,0.8391377490778763,2,1750,875,151725,per_session_robust_mad_cf,13.59184217453003,0,within,shaft_car,raw_multi_stft,2.0,256.0,0.5,0.5
7,0,volume,0,-0.0,1.0,1.0,0.5074285714285715,1.0,0.5217443549314024,2,1750,875,151725,per_session_robust_mad_cf,13.590546131134031,0,within,shaft_car,raw_multi_stft,2.0,256.0,0.5,0.5
7,0,volume,1,-0.0,1.0,1.0,0.5874285714285714,1.0,0.6305653950241894,2,1750,875,151725,per_session_robust_mad_cf,14.04868745803833,0,within,shaft_car,raw_multi_stft,2.0,256.0,0.5,0.5
7,0,delta_volume,0,-0.0,1.0,1.0,0.5154285714285715,1.0,0.5290116297294756,2,1750,875,151725,per_session_robust_mad_cf,13.667137622833252,0,within,shaft_car,raw_multi_stft,2.0,256.0,0.5,0.5
7,0,delta_volume,1,-0.0,1.0,1.0,0.5382857142857143,1.0,0.5563618695338703,2,1750,875,151725,per_session_robust_mad_cf,13.824482679367064,0,within,shaft_car,raw_multi_stft,2.0,256.0,0.5,0.5
7,0,pitch,0,-0.0,1.0,1.0,0.5428571428571428,1.0,0.5506985151980606,2,1750,875,151725,per_session_robust_mad_cf,13.9654643535614,0,within,shaft_car,raw_multi_stft,2.0,256.0,0.5,0.5
7,0,pitch,1,-0.0,1.0,1.0,0.5474285714285714,1.0,0.5640157570818052,2,1750,875,151725,per_session_robust_mad_cf,13.102753400802612,0,within,shaft_car,raw_multi_stft,2.0,256.0,0.5,0.5
7,0,word_index,0,-0.0,1.0,1.0,0.5192307692307693,1.0,0.5209968602825745,2,1455,728,151725,per_session_robust_mad_cf,10.65065097808838,0,within,shaft_car,raw_multi_stft,2.0,256.0,0.5,0.5
7,0,word_index,1,-0.0,1.0,1.0,0.5357142857142857,1.0,0.5370426277019684,2,1455,728,151725,per_session_robust_mad_cf,11.524236917495728,0,within,shaft_car,raw_multi_stft,2.0,256.0,0.5,0.5
7,0,word_gap,0,-0.0,1.0,1.0,0.5005714285714286,1.0,0.5061335590315874,2,1750,875,151725,per_session_robust_mad_cf,14.054661989212036,0,within,shaft_car,raw_multi_stft,2.0,256.0,0.5,0.5
7,0,word_gap,1,-0.0,1.0,1.0,0.4845714285714286,1.0,0.4709100028212282,2,1750,875,151725,per_session_robust_mad_cf,13.838950872421265,0,within,shaft_car,raw_multi_stft,2.0,256.0,0.5,0.5
7,0,gpt2_surprisal,0,-0.0,1.0,1.0,0.536,1.0,0.5343928612478187,2,1750,875,151725,per_session_robust_mad_cf,14.13614058494568,0,within,shaft_car,raw_multi_stft,2.0,256.0,0.5,0.5
7,0,gpt2_surprisal,1,-0.0,1.0,1.0,0.544,1.0,0.547715327628183,2,1750,875,151725,per_session_robust_mad_cf,13.835922241210938,0,within,shaft_car,raw_multi_stft,2.0,256.0,0.5,0.5
7,0,word_head_pos,0,-0.0,1.0,1.0,0.5394285714285715,1.0,0.5487915739318516,2,1750,875,151725,per_session_robust_mad_cf,12.755351543426514,0,within,shaft_car,raw_multi_stft,2.0,256.0,0.5,0.5
7,0,word_head_pos,1,-0.0,1.0,1.0,0.528,1.0,0.5336823297075326,2,1750,875,151725,per_session_robust_mad_cf,13.6637225151062,0,within,shaft_car,raw_multi_stft,2.0,256.0,0.5,0.5
7,0,word_part_speech,0,-0.0,1.0,1.0,0.5531370038412292,1.0,0.5652895271821103,2,1562,781,151725,per_session_robust_mad_cf,11.765958786010742,0,within,shaft_car,raw_multi_stft,2.0,256.0,0.5,0.5
7,0,word_part_speech,1,-0.0,1.0,1.0,0.5364916773367477,1.0,0.543307757885763,2,1562,781,151725,per_session_robust_mad_cf,12.827303409576416,0,within,shaft_car,raw_multi_stft,2.0,256.0,0.5,0.5
7,0,word_length,0,-0.0,1.0,1.0,0.4948571428571429,1.0,0.4810677303741784,2,1750,875,151725,per_session_robust_mad_cf,13.3145911693573,0,within,shaft_car,raw_multi_stft,2.0,256.0,0.5,0.5
7,0,word_length,1,-0.0,1.0,1.0,0.5131428571428571,1.0,0.5134426298026185,2,1750,875,151725,per_session_robust_mad_cf,13.450539112091064,0,within,shaft_car,raw_multi_stft,2.0,256.0,0.5,0.5
7,0,global_flow,0,-0.0,1.0,1.0,0.5382857142857143,1.0,0.5548415410175229,2,1750,875,151725,per_session_robust_mad_cf,13.756171941757202,0,within,shaft_car,raw_multi_stft,2.0,256.0,0.5,0.5
7,0,global_flow,1,-0.0,1.0,1.0,0.5622857142857143,1.0,0.5676049862595739,2,1750,875,151725,per_session_robust_mad_cf,13.454423904418944,0,within,shaft_car,raw_multi_stft,2.0,256.0,0.5,0.5
7,0,local_flow,0,-0.0,1.0,1.0,0.5577142857142857,1.0,0.5769176514842795,2,1750,875,151725,per_session_robust_mad_cf,14.2057147026062,0,within,shaft_car,raw_multi_stft,2.0,256.0,0.5,0.5
7,0,local_flow,1,-0.0,1.0,1.0,0.5611428571428572,1.0,0.5685140486714104,2,1750,875,151725,per_session_robust_mad_cf,14.06588625907898,0,within,shaft_car,raw_multi_stft,2.0,256.0,0.5,0.5
7,0,frame_brightness,0,-0.0,1.0,1.0,0.4,1.0,0.3760279197099359,2,1750,875,151725,per_session_robust_mad_cf,14.72572660446167,0,within,shaft_car,raw_multi_stft,2.0,256.0,0.5,0.5
7,0,frame_brightness,1,-0.0,1.0,1.0,0.3897142857142857,1.0,0.3449317158291798,2,1750,875,151725,per_session_robust_mad_cf,14.536847114562988,0,within,shaft_car,raw_multi_stft,2.0,256.0,0.5,0.5
7,0,face_num,0,-0.0,1.0,1.0,0.4194285714285714,1.0,0.3966072118951339,2,1750,875,151725,per_session_robust_mad_cf,13.591444730758669,0,within,shaft_car,raw_multi_stft,2.0,256.0,0.5,0.5
7,0,face_num,1,-0.0,1.0,1.0,0.488,1.0,0.5003657147633825,2,1750,875,151725,per_session_robust_mad_cf,13.107937812805176,0,within,shaft_car,raw_multi_stft,2.0,256.0,0.5,0.5
7,1,onset,0,-0.0,1.0,1.0,0.6082758620689656,1.0,0.6351840859625892,2,1449,725,151725,per_session_robust_mad_cf,23.02309203147888,0,within,shaft_car,raw_multi_stft,2.0,256.0,0.5,0.5
7,1,onset,1,-0.0,1.0,1.0,0.6372413793103449,1.0,0.667222196855547,2,1449,725,151725,per_session_robust_mad_cf,27.31947612762451,0,within,shaft_car,raw_multi_stft,2.0,256.0,0.5,0.5
7,1,speech,0,-0.0,1.0,1.0,0.640926640926641,1.0,0.6717660933400471,2,1554,777,151725,per_session_robust_mad_cf,31.64216113090515,0,within,shaft_car,raw_multi_stft,2.0,256.0,0.5,0.5
7,1,speech,1,-0.0,1.0,1.0,0.6332046332046332,1.0,0.6632854530517054,2,1554,777,151725,per_session_robust_mad_cf,61.835413694381714,0,within,shaft_car,raw_multi_stft,2.0,256.0,0.5,0.5
7,1,volume,0,-0.0,1.0,1.0,0.5702857142857143,1.0,0.606203567286292,2,1750,875,151725,per_session_robust_mad_cf,27.9063777923584,0,within,shaft_car,raw_multi_stft,2.0,256.0,0.5,0.5
7,1,volume,1,-0.0,1.0,1.0,0.576,1.0,0.5984033938330042,2,1750,875,151725,per_session_robust_mad_cf,25.295886039733887,0,within,shaft_car,raw_multi_stft,2.0,256.0,0.5,0.5
7,1,delta_volume,0,-0.0,1.0,1.0,0.6034285714285714,1.0,0.6480413362172555,2,1750,875,151725,per_session_robust_mad_cf,14.3459575176239,0,within,shaft_car,raw_multi_stft,2.0,256.0,0.5,0.5
7,1,delta_volume,1,-0.0,1.0,1.0,0.5942857142857143,1.0,0.6390290795481856,2,1750,875,151725,per_session_robust_mad_cf,18.7187180519104,0,within,shaft_car,raw_multi_stft,2.0,256.0,0.5,0.5
7,1,pitch,0,-0.0,1.0,1.0,0.5691428571428572,1.0,0.5950806139828427,2,1750,875,151725,per_session_robust_mad_cf,23.62024068832397,0,within,shaft_car,raw_multi_stft,2.0,256.0,0.5,0.5
7,1,pitch,1,-0.0,1.0,1.0,0.5474285714285714,1.0,0.5600137926710762,2,1750,875,151725,per_session_robust_mad_cf,22.91384983062744,0,within,shaft_car,raw_multi_stft,2.0,256.0,0.5,0.5
7,1,word_index,0,-0.0,1.0,1.0,0.5192307692307693,1.0,0.5239349112426035,2,1039,520,151725,per_session_robust_mad_cf,14.864874124526978,0,within,shaft_car,raw_multi_stft,2.0,256.0,0.5,0.5
7,1,word_index,1,-0.0,1.0,1.0,0.5384615384615384,1.0,0.5251183431952663,2,1039,520,151725,per_session_robust_mad_cf,8.926222324371338,0,within,shaft_car,raw_multi_stft,2.0,256.0,0.5,0.5
7,1,word_gap,0,-0.0,1.0,1.0,0.4966352624495289,1.0,0.5081659565834855,2,1486,743,151725,per_session_robust_mad_cf,19.713930130004883,0,within,shaft_car,raw_multi_stft,2.0,256.0,0.5,0.5
7,1,word_gap,1,-0.0,1.0,1.0,0.5033647375504711,1.0,0.5230632118946179,2,1486,743,151725,per_session_robust_mad_cf,19.591262578964237,0,within,shaft_car,raw_multi_stft,2.0,256.0,0.5,0.5
7,1,gpt2_surprisal,0,-0.0,1.0,1.0,0.5051428571428571,1.0,0.5140852428868479,2,1750,875,151725,per_session_robust_mad_cf,20.43255376815796,0,within,shaft_car,raw_multi_stft,2.0,256.0,0.5,0.5
7,1,gpt2_surprisal,1,-0.0,1.0,1.0,0.512,1.0,0.523113173045777,2,1750,875,151725,per_session_robust_mad_cf,22.81945514678955,0,within,shaft_car,raw_multi_stft,2.0,256.0,0.5,0.5
7,1,word_head_pos,0,-0.0,1.0,1.0,0.5177142857142857,1.0,0.5398890316917965,2,1750,875,151725,per_session_robust_mad_cf,32.128199100494385,0,within,shaft_car,raw_multi_stft,2.0,256.0,0.5,0.5
7,1,word_head_pos,1,-0.0,1.0,1.0,0.5588571428571428,1.0,0.5780330815125962,2,1750,875,151725,per_session_robust_mad_cf,30.566498517990112,0,within,shaft_car,raw_multi_stft,2.0,256.0,0.5,0.5
7,1,word_part_speech,0,-0.0,1.0,1.0,0.545774647887324,1.0,0.5848665939297758,2,1135,568,151725,per_session_robust_mad_cf,20.83736801147461,0,within,shaft_car,raw_multi_stft,2.0,256.0,0.5,0.5
7,1,word_part_speech,1,-0.0,1.0,1.0,0.5105633802816901,1.0,0.5219822455861932,2,1135,568,151725,per_session_robust_mad_cf,19.470794200897217,0,within,shaft_car,raw_multi_stft,2.0,256.0,0.5,0.5
7,1,word_length,0,-0.0,1.0,1.0,0.5291428571428571,1.0,0.537616375662205,2,1750,875,151725,per_session_robust_mad_cf,31.0590398311615,0,within,shaft_car,raw_multi_stft,2.0,256.0,0.5,0.5
7,1,word_length,1,-0.0,1.0,1.0,0.5222857142857142,1.0,0.5370730280137508,2,1750,875,151725,per_session_robust_mad_cf,31.129074811935425,0,within,shaft_car,raw_multi_stft,2.0,256.0,0.5,0.5
7,1,global_flow,0,-0.0,1.0,1.0,0.5862857142857143,1.0,0.6259678379988087,2,1750,875,151725,per_session_robust_mad_cf,28.222214698791504,0,within,shaft_car,raw_multi_stft,2.0,256.0,0.5,0.5
7,1,global_flow,1,-0.0,1.0,1.0,0.5862857142857143,1.0,0.5936020814394534,2,1750,875,151725,per_session_robust_mad_cf,26.759805917739868,0,within,shaft_car,raw_multi_stft,2.0,256.0,0.5,0.5
7,1,local_flow,0,-0.0,1.0,1.0,0.5611428571428572,1.0,0.5836650888686875,2,1750,875,151725,per_session_robust_mad_cf,25.19125294685364,0,within,shaft_car,raw_multi_stft,2.0,256.0,0.5,0.5
7,1,local_flow,1,-0.0,1.0,1.0,0.5588571428571428,1.0,0.5783674492962603,2,1750,875,151725,per_session_robust_mad_cf,21.330856561660767,0,within,shaft_car,raw_multi_stft,2.0,256.0,0.5,0.5
7,1,frame_brightness,0,-0.0,1.0,1.0,0.5314285714285715,1.0,0.548869941381148,2,1750,875,151725,per_session_robust_mad_cf,27.704997062683105,0,within,shaft_car,raw_multi_stft,2.0,256.0,0.5,0.5
7,1,frame_brightness,1,-0.0,1.0,1.0,0.5531428571428572,1.0,0.5746737301860966,2,1750,875,151725,per_session_robust_mad_cf,21.306878089904785,0,within,shaft_car,raw_multi_stft,2.0,256.0,0.5,0.5
7,1,face_num,0,-0.0,1.0,1.0,0.5142857142857142,1.0,0.5442462618726687,2,1750,875,151725,per_session_robust_mad_cf,29.16527628898621,0,within,shaft_car,raw_multi_stft,2.0,256.0,0.5,0.5
7,1,face_num,1,-0.0,1.0,1.0,0.5554285714285714,1.0,0.5681640073978872,2,1750,875,151725,per_session_robust_mad_cf,20.243229627609253,0,within,shaft_car,raw_multi_stft,2.0,256.0,0.5,0.5
10,0,onset,0,-0.0,1.0,1.0,0.7322074788902292,1.0,0.8107502473662767,2,1657,829,153000,per_session_robust_mad_cf,30.32622766494751,0,within,shaft_car,raw_multi_stft,2.0,256.0,0.5,0.5
10,0,onset,1,-0.0,1.0,1.0,0.8540410132689988,1.0,0.92715790699028,2,1657,829,153000,per_session_robust_mad_cf,29.57887291908264,0,within,shaft_car,raw_multi_stft,2.0,256.0,0.5,0.5
10,0,speech,0,-0.0,1.0,1.0,0.7188571428571429,1.0,0.791155972122086,2,1750,875,153000,per_session_robust_mad_cf,51.74821901321411,0,within,shaft_car,raw_multi_stft,2.0,256.0,0.5,0.5
10,0,speech,1,-0.0,1.0,1.0,0.7862857142857143,1.0,0.8652497831833903,2,1750,875,153000,per_session_robust_mad_cf,31.294506072998047,0,within,shaft_car,raw_multi_stft,2.0,256.0,0.5,0.5
10,0,volume,0,-0.0,1.0,1.0,0.5874285714285714,1.0,0.6169555813297388,2,1750,875,153000,per_session_robust_mad_cf,23.488462209701535,0,within,shaft_car,raw_multi_stft,2.0,256.0,0.5,0.5
10,0,volume,1,-0.0,1.0,1.0,0.5817142857142857,1.0,0.6314326614630681,2,1750,875,153000,per_session_robust_mad_cf,28.789531707763672,0,within,shaft_car,raw_multi_stft,2.0,256.0,0.5,0.5
10,0,delta_volume,0,-0.0,1.0,1.0,0.664,1.0,0.7242510684095587,2,1750,875,153000,per_session_robust_mad_cf,17.49368929862976,0,within,shaft_car,raw_multi_stft,2.0,256.0,0.5,0.5
10,0,delta_volume,1,-0.0,1.0,1.0,0.6662857142857143,1.0,0.7240420885447687,2,1750,875,153000,per_session_robust_mad_cf,13.36443853378296,0,within,shaft_car,raw_multi_stft,2.0,256.0,0.5,0.5
10,0,pitch,0,-0.0,1.0,1.0,0.568,1.0,0.5654551059005465,2,1750,875,153000,per_session_robust_mad_cf,24.65003609657288,0,within,shaft_car,raw_multi_stft,2.0,256.0,0.5,0.5
10,0,pitch,1,-0.0,1.0,1.0,0.5268571428571428,1.0,0.5414720541675809,2,1750,875,153000,per_session_robust_mad_cf,20.554369688034058,0,within,shaft_car,raw_multi_stft,2.0,256.0,0.5,0.5
10,0,word_index,0,-0.0,1.0,1.0,0.7411764705882353,1.0,0.804374844643301,2,1189,595,153000,per_session_robust_mad_cf,11.658872842788696,0,within,shaft_car,raw_multi_stft,2.0,256.0,0.5,0.5
10,0,word_index,1,-0.0,1.0,1.0,0.7109243697478992,1.0,0.7761733667773936,2,1189,595,153000,per_session_robust_mad_cf,9.193023681640623,0,within,shaft_car,raw_multi_stft,2.0,256.0,0.5,0.5
10,0,word_gap,0,-0.0,1.0,1.0,0.5531428571428572,1.0,0.5991609458428682,2,1750,875,153000,per_session_robust_mad_cf,20.03607749938965,0,within,shaft_car,raw_multi_stft,2.0,256.0,0.5,0.5
10,0,word_gap,1,-0.0,1.0,1.0,0.6011428571428571,1.0,0.6253513473976782,2,1750,875,153000,per_session_robust_mad_cf,21.363861799240112,0,within,shaft_car,raw_multi_stft,2.0,256.0,0.5,0.5
10,0,gpt2_surprisal,0,-0.0,1.0,1.0,0.5428571428571428,1.0,0.5411468292530015,2,1750,875,153000,per_session_robust_mad_cf,17.322134733200073,0,within,shaft_car,raw_multi_stft,2.0,256.0,0.5,0.5
10,0,gpt2_surprisal,1,-0.0,1.0,1.0,0.5531428571428572,1.0,0.5599563232082589,2,1750,875,153000,per_session_robust_mad_cf,15.120076417922974,0,within,shaft_car,raw_multi_stft,2.0,256.0,0.5,0.5
10,0,word_head_pos,0,-0.0,1.0,1.0,0.5714285714285714,1.0,0.5980063320899032,2,1750,875,153000,per_session_robust_mad_cf,31.22461032867432,0,within,shaft_car,raw_multi_stft,2.0,256.0,0.5,0.5
10,0,word_head_pos,1,-0.0,1.0,1.0,0.5634285714285714,1.0,0.5892605247484406,2,1750,875,153000,per_session_robust_mad_cf,31.23842453956604,0,within,shaft_car,raw_multi_stft,2.0,256.0,0.5,0.5
10,0,word_part_speech,0,-0.0,1.0,1.0,0.5533230293663061,1.0,0.584413102472958,2,1293,647,153000,per_session_robust_mad_cf,22.102124452590942,0,within,shaft_car,raw_multi_stft,2.0,256.0,0.5,0.5
10,0,word_part_speech,1,-0.0,1.0,1.0,0.5873261205564142,1.0,0.6016607422696173,2,1293,647,153000,per_session_robust_mad_cf,20.15281391143799,0,within,shaft_car,raw_multi_stft,2.0,256.0,0.5,0.5
10,0,word_length,0,-0.0,1.0,1.0,0.5188571428571429,1.0,0.5421068305068806,2,1750,875,153000,per_session_robust_mad_cf,30.1771981716156,0,within,shaft_car,raw_multi_stft,2.0,256.0,0.5,0.5
10,0,word_length,1,-0.0,1.0,1.0,0.5268571428571428,1.0,0.5381283763309406,2,1750,875,153000,per_session_robust_mad_cf,27.977975130081177,0,within,shaft_car,raw_multi_stft,2.0,256.0,0.5,0.5
10,0,global_flow,0,-0.0,1.0,1.0,0.536,1.0,0.5275696686624244,2,1750,875,153000,per_session_robust_mad_cf,28.5700478553772,0,within,shaft_car,raw_multi_stft,2.0,256.0,0.5,0.5
10,0,global_flow,1,-0.0,1.0,1.0,0.5531428571428572,1.0,0.5733153610649614,2,1750,875,153000,per_session_robust_mad_cf,26.992504119873047,0,within,shaft_car,raw_multi_stft,2.0,256.0,0.5,0.5
10,0,local_flow,0,-0.0,1.0,1.0,0.6091428571428571,1.0,0.6541304870275749,2,1750,875,153000,per_session_robust_mad_cf,24.19734215736389,0,within,shaft_car,raw_multi_stft,2.0,256.0,0.5,0.5
10,0,local_flow,1,-0.0,1.0,1.0,0.5348571428571428,1.0,0.5577672591245834,2,1750,875,153000,per_session_robust_mad_cf,26.27645421028137,0,within,shaft_car,raw_multi_stft,2.0,256.0,0.5,0.5
10,0,frame_brightness,0,-0.0,1.0,1.0,0.5325714285714286,1.0,0.5567171353040135,2,1750,875,153000,per_session_robust_mad_cf,26.914007663726807,0,within,shaft_car,raw_multi_stft,2.0,256.0,0.5,0.5
10,0,frame_brightness,1,-0.0,1.0,1.0,0.4914285714285714,1.0,0.4913168866179743,2,1750,875,153000,per_session_robust_mad_cf,28.52416706085205,0,within,shaft_car,raw_multi_stft,2.0,256.0,0.5,0.5
10,0,face_num,0,-0.0,1.0,1.0,0.5337142857142857,1.0,0.5250031346979718,2,1750,875,153000,per_session_robust_mad_cf,27.180832862854004,0,within,shaft_car,raw_multi_stft,2.0,256.0,0.5,0.5
10,0,face_num,1,-0.0,1.0,1.0,0.4982857142857143,1.0,0.4732140058305382,2,1750,875,153000,per_session_robust_mad_cf,29.346993446350098,0,within,shaft_car,raw_multi_stft,2.0,256.0,0.5,0.5
10,1,onset,0,-0.0,1.0,1.0,0.8857142857142857,1.0,0.9422745368483748,2,1750,875,153000,per_session_robust_mad_cf,13.043885231018066,0,within,shaft_car,raw_multi_stft,2.0,256.0,0.5,0.5
10,1,onset,1,-0.0,1.0,1.0,0.9142857142857144,1.0,0.9668557934443016,2,1750,875,153000,per_session_robust_mad_cf,13.916391611099243,0,within,shaft_car,raw_multi_stft,2.0,256.0,0.5,0.5
10,1,speech,0,-0.0,1.0,1.0,0.8811428571428571,1.0,0.935080405002978,2,1750,875,153000,per_session_robust_mad_cf,14.022267580032349,0,within,shaft_car,raw_multi_stft,2.0,256.0,0.5,0.5
10,1,speech,1,-0.0,1.0,1.0,0.9085714285714286,1.0,0.9700061649060112,2,1750,875,153000,per_session_robust_mad_cf,13.593674421310425,0,within,shaft_car,raw_multi_stft,2.0,256.0,0.5,0.5
10,1,volume,0,-0.0,1.0,1.0,0.7817142857142857,1.0,0.8693719110163736,2,1750,875,153000,per_session_robust_mad_cf,12.588126420974731,0,within,shaft_car,raw_multi_stft,2.0,256.0,0.5,0.5
10,1,volume,1,-0.0,1.0,1.0,0.736,1.0,0.8435158772452275,2,1750,875,153000,per_session_robust_mad_cf,14.037013292312622,0,within,shaft_car,raw_multi_stft,2.0,256.0,0.5,0.5
10,1,delta_volume,0,-0.0,1.0,1.0,0.7931428571428571,1.0,0.8619270033332288,2,1750,875,153000,per_session_robust_mad_cf,13.175087928771973,0,within,shaft_car,raw_multi_stft,2.0,256.0,0.5,0.5
10,1,delta_volume,1,-0.0,1.0,1.0,0.7085714285714285,1.0,0.7839461667868302,2,1750,875,153000,per_session_robust_mad_cf,13.854548454284668,0,within,shaft_car,raw_multi_stft,2.0,256.0,0.5,0.5
10,1,pitch,0,-0.0,1.0,1.0,0.5817142857142857,1.0,0.5851253356739079,2,1750,875,153000,per_session_robust_mad_cf,12.867642879486084,0,within,shaft_car,raw_multi_stft,2.0,256.0,0.5,0.5
10,1,pitch,1,-0.0,1.0,1.0,0.5977142857142858,1.0,0.6390813245143832,2,1750,875,153000,per_session_robust_mad_cf,14.0448157787323,0,within,shaft_car,raw_multi_stft,2.0,256.0,0.5,0.5
10,1,word_index,0,-0.0,1.0,1.0,0.6918335901386748,1.0,0.7710826210826212,2,1298,649,153000,per_session_robust_mad_cf,9.686420679092407,0,within,shaft_car,raw_multi_stft,2.0,256.0,0.5,0.5
10,1,word_index,1,-0.0,1.0,1.0,0.7134052388289677,1.0,0.7846153846153847,2,1298,649,153000,per_session_robust_mad_cf,9.66893982887268,0,within,shaft_car,raw_multi_stft,2.0,256.0,0.5,0.5
10,1,word_gap,0,-0.0,1.0,1.0,0.5577142857142857,1.0,0.580175125126694,2,1750,875,153000,per_session_robust_mad_cf,12.614017248153688,0,within,shaft_car,raw_multi_stft,2.0,256.0,0.5,0.5
10,1,word_gap,1,-0.0,1.0,1.0,0.5908571428571429,1.0,0.630993803747009,2,1750,875,153000,per_session_robust_mad_cf,14.784676551818848,0,within,shaft_car,raw_multi_stft,2.0,256.0,0.5,0.5
10,1,gpt2_surprisal,0,-0.0,1.0,1.0,0.5862857142857143,1.0,0.6255760007523276,2,1750,875,153000,per_session_robust_mad_cf,13.038899660110474,0,within,shaft_car,raw_multi_stft,2.0,256.0,0.5,0.5
10,1,gpt2_surprisal,1,-0.0,1.0,1.0,0.5657142857142857,1.0,0.5978548216879305,2,1750,875,153000,per_session_robust_mad_cf,13.575137615203856,0,within,shaft_car,raw_multi_stft,2.0,256.0,0.5,0.5
10,1,word_head_pos,0,-0.0,1.0,1.0,0.5291428571428571,1.0,0.5583680762358546,2,1750,875,153000,per_session_robust_mad_cf,12.61702799797058,0,within,shaft_car,raw_multi_stft,2.0,256.0,0.5,0.5
10,1,word_head_pos,1,-0.0,1.0,1.0,0.5782857142857143,1.0,0.6134447196012665,2,1750,875,153000,per_session_robust_mad_cf,13.837772130966188,0,within,shaft_car,raw_multi_stft,2.0,256.0,0.5,0.5
10,1,word_part_speech,0,-0.0,1.0,1.0,0.5841726618705037,1.0,0.6045413892477391,2,1390,695,153000,per_session_robust_mad_cf,9.737343549728394,0,within,shaft_car,raw_multi_stft,2.0,256.0,0.5,0.5
10,1,word_part_speech,1,-0.0,1.0,1.0,0.5482014388489208,1.0,0.5673672529729372,2,1390,695,153000,per_session_robust_mad_cf,11.085504293441772,0,within,shaft_car,raw_multi_stft,2.0,256.0,0.5,0.5
10,1,word_length,0,-0.0,1.0,1.0,0.5657142857142857,1.0,0.6065536085598153,2,1750,875,153000,per_session_robust_mad_cf,13.002055883407593,0,within,shaft_car,raw_multi_stft,2.0,256.0,0.5,0.5
10,1,word_length,1,-0.0,1.0,1.0,0.5908571428571429,1.0,0.6211299541289197,2,1750,875,153000,per_session_robust_mad_cf,12.658051013946531,0,within,shaft_car,raw_multi_stft,2.0,256.0,0.5,0.5
10,1,global_flow,0,-0.0,1.0,1.0,0.6114285714285714,1.0,0.650313992246847,2,1750,875,153000,per_session_robust_mad_cf,13.149993419647217,0,within,shaft_car,raw_multi_stft,2.0,256.0,0.5,0.5
10,1,global_flow,1,-0.0,1.0,1.0,0.6285714285714286,1.0,0.6664211153255384,2,1750,875,153000,per_session_robust_mad_cf,13.432325839996338,0,within,shaft_car,raw_multi_stft,2.0,256.0,0.5,0.5
10,1,local_flow,0,-0.0,1.0,1.0,0.5462857142857143,1.0,0.5574799118104969,2,1750,875,153000,per_session_robust_mad_cf,12.360476732254028,0,within,shaft_car,raw_multi_stft,2.0,256.0,0.5,0.5
10,1,local_flow,1,-0.0,1.0,1.0,0.5668571428571428,1.0,0.6168772138804426,2,1750,875,153000,per_session_robust_mad_cf,13.499781131744385,0,within,shaft_car,raw_multi_stft,2.0,256.0,0.5,0.5
10,1,frame_brightness,0,-0.0,1.0,1.0,0.5474285714285714,1.0,0.5741512805241216,2,1750,875,153000,per_session_robust_mad_cf,12.901363372802734,0,within,shaft_car,raw_multi_stft,2.0,256.0,0.5,0.5
10,1,frame_brightness,1,-0.0,1.0,1.0,0.5908571428571429,1.0,0.6510663197600911,2,1750,875,153000,per_session_robust_mad_cf,14.3153395652771,0,within,shaft_car,raw_multi_stft,2.0,256.0,0.5,0.5
10,1,face_num,0,-0.0,1.0,1.0,0.4297142857142857,1.0,0.3902907954818553,2,1750,875,153000,per_session_robust_mad_cf,13.293100118637083,0,within,shaft_car,raw_multi_stft,2.0,256.0,0.5,0.5
10,1,face_num,1,-0.0,1.0,1.0,0.5062857142857143,1.0,0.5075180506358212,2,1750,875,153000,per_session_robust_mad_cf,13.5588276386261,0,within,shaft_car,raw_multi_stft,2.0,256.0,0.5,0.5
1,1,onset,0,-0.0,1.0,1.0,0.7332482450542438,1.0,0.7940930682617875,2,2992,1567,7650,per_session_robust_mad_cf,1.9628727436065676,0,cross,shaft_car,raw_multi_stft,2.0,256.0,0.5,0.5
1,1,speech,0,-0.0,1.0,1.0,0.7154285714285714,1.0,0.7807049795918368,2,3500,1750,7650,per_session_robust_mad_cf,2.372898578643799,0,cross,shaft_car,raw_multi_stft,2.0,256.0,0.5,0.5
1,1,volume,0,-0.0,1.0,1.0,0.612,1.0,0.6504156734693878,2,3500,1750,7650,per_session_robust_mad_cf,2.3986284732818604,0,cross,shaft_car,raw_multi_stft,2.0,256.0,0.5,0.5
1,1,delta_volume,0,-0.0,1.0,1.0,0.6451428571428571,1.0,0.6920604081632653,2,3500,1750,7650,per_session_robust_mad_cf,2.397275686264038,0,cross,shaft_car,raw_multi_stft,2.0,256.0,0.5,0.5
1,1,pitch,0,-0.0,1.0,1.0,0.5062857142857143,1.0,0.5089645714285715,2,3500,1750,7650,per_session_robust_mad_cf,2.788069248199463,0,cross,shaft_car,raw_multi_stft,2.0,256.0,0.5,0.5
1,1,word_index,0,-0.0,1.0,1.0,0.5649183147033534,1.0,0.6024451266036162,2,2128,1163,7650,per_session_robust_mad_cf,1.6138362884521484,0,cross,shaft_car,raw_multi_stft,2.0,256.0,0.5,0.5
1,1,word_gap,0,-0.0,1.0,1.0,0.5114285714285715,1.0,0.5247970612244898,2,3186,1750,7650,per_session_robust_mad_cf,2.448980569839477,0,cross,shaft_car,raw_multi_stft,2.0,256.0,0.5,0.5
1,1,gpt2_surprisal,0,-0.0,1.0,1.0,0.5268571428571428,1.0,0.5404662857142857,2,3500,1750,7650,per_session_robust_mad_cf,2.785067319869995,0,cross,shaft_car,raw_multi_stft,2.0,256.0,0.5,0.5
1,1,word_head_pos,0,-0.0,1.0,1.0,0.5508571428571428,1.0,0.5678435918367346,2,3500,1750,7650,per_session_robust_mad_cf,2.699206590652466,0,cross,shaft_car,raw_multi_stft,2.0,256.0,0.5,0.5
1,1,word_part_speech,0,-0.0,1.0,1.0,0.5450721153846154,1.0,0.5611911751109467,2,2096,1664,7650,per_session_robust_mad_cf,1.5010619163513184,0,cross,shaft_car,raw_multi_stft,2.0,256.0,0.5,0.5
1,1,word_length,0,-0.0,1.0,1.0,0.5291428571428571,1.0,0.5394801632653061,2,3500,1750,7650,per_session_robust_mad_cf,2.578133106231689,0,cross,shaft_car,raw_multi_stft,2.0,256.0,0.5,0.5
1,1,global_flow,0,-0.0,1.0,1.0,0.5062857142857143,1.0,0.5154481632653061,2,3500,1750,7650,per_session_robust_mad_cf,2.6153504848480225,0,cross,shaft_car,raw_multi_stft,2.0,256.0,0.5,0.5
1,1,local_flow,0,-0.0,1.0,1.0,0.5348571428571428,1.0,0.5514197551020408,2,3500,1750,7650,per_session_robust_mad_cf,2.399175882339477,0,cross,shaft_car,raw_multi_stft,2.0,256.0,0.5,0.5
1,1,frame_brightness,0,-0.0,1.0,1.0,0.4731428571428571,1.0,0.4557730612244898,2,3500,1750,7650,per_session_robust_mad_cf,2.487379789352417,0,cross,shaft_car,raw_multi_stft,2.0,256.0,0.5,0.5
1,1,face_num,0,-0.0,1.0,1.0,0.4931428571428571,1.0,0.5003010612244898,2,3500,1750,7650,per_session_robust_mad_cf,2.669095516204834,0,cross,shaft_car,raw_multi_stft,2.0,256.0,0.5,0.5
1,2,onset,0,-0.0,1.0,1.0,0.7098765432098766,1.0,0.7677451495086002,2,2992,1458,7650,per_session_robust_mad_cf,1.8201258182525637,0,cross,shaft_car,raw_multi_stft,2.0,256.0,0.5,0.5
1,2,speech,0,-0.0,1.0,1.0,0.7708571428571429,1.0,0.8362579591836735,2,3500,1750,7650,per_session_robust_mad_cf,2.41502046585083,0,cross,shaft_car,raw_multi_stft,2.0,256.0,0.5,0.5
1,2,volume,0,-0.0,1.0,1.0,0.6514285714285715,1.0,0.7082481632653062,2,3500,1750,7650,per_session_robust_mad_cf,1.9995062351226809,0,cross,shaft_car,raw_multi_stft,2.0,256.0,0.5,0.5
1,2,delta_volume,0,-0.0,1.0,1.0,0.5914285714285714,1.0,0.6367405714285714,2,3500,1750,7650,per_session_robust_mad_cf,2.7899181842803955,0,cross,shaft_car,raw_multi_stft,2.0,256.0,0.5,0.5
1,2,pitch,0,-0.0,1.0,1.0,0.4942857142857143,1.0,0.5036156734693877,2,3500,1750,7650,per_session_robust_mad_cf,2.9583237171173096,0,cross,shaft_car,raw_multi_stft,2.0,256.0,0.5,0.5
1,2,word_index,0,-0.0,1.0,1.0,0.5058823529411764,1.0,0.5032977700884276,2,2128,1020,7650,per_session_robust_mad_cf,1.7456910610198977,0,cross,shaft_car,raw_multi_stft,2.0,256.0,0.5,0.5
1,2,word_gap,0,-0.0,1.0,1.0,0.5103926096997691,1.0,0.5013514126162069,2,3186,1732,7650,per_session_robust_mad_cf,2.435044527053833,0,cross,shaft_car,raw_multi_stft,2.0,256.0,0.5,0.5
1,2,gpt2_surprisal,0,-0.0,1.0,1.0,0.5102857142857142,1.0,0.5079712653061224,2,3500,1750,7650,per_session_robust_mad_cf,3.2277379035949707,0,cross,shaft_car,raw_multi_stft,2.0,256.0,0.5,0.5
1,2,word_head_pos,0,-0.0,1.0,1.0,0.5434285714285715,1.0,0.5618011428571428,2,3500,1750,7650,per_session_robust_mad_cf,2.3914942741394043,0,cross,shaft_car,raw_multi_stft,2.0,256.0,0.5,0.5
1,2,word_part_speech,0,-0.0,1.0,1.0,0.5318385650224215,1.0,0.5180973018538896,2,2096,1115,7650,per_session_robust_mad_cf,1.6024045944213867,0,cross,shaft_car,raw_multi_stft,2.0,256.0,0.5,0.5
1,2,word_length,0,-0.0,1.0,1.0,0.5405714285714286,1.0,0.549734530612245,2,3500,1750,7650,per_session_robust_mad_cf,2.6488037109375,0,cross,shaft_car,raw_multi_stft,2.0,256.0,0.5,0.5
1,2,global_flow,0,-0.0,1.0,1.0,0.5314285714285715,1.0,0.5243056326530612,2,3500,1750,7650,per_session_robust_mad_cf,2.6663708686828613,0,cross,shaft_car,raw_multi_stft,2.0,256.0,0.5,0.5
1,2,local_flow,0,-0.0,1.0,1.0,0.532,1.0,0.5367098775510204,2,3500,1750,7650,per_session_robust_mad_cf,2.128331422805786,0,cross,shaft_car,raw_multi_stft,2.0,256.0,0.5,0.5
1,2,frame_brightness,0,-0.0,1.0,1.0,0.524,1.0,0.5372444081632654,2,3500,1750,7650,per_session_robust_mad_cf,2.358208656311035,0,cross,shaft_car,raw_multi_stft,2.0,256.0,0.5,0.5
1,2,face_num,0,-0.0,1.0,1.0,0.5005714285714286,1.0,0.5042488163265306,2,3500,1750,7650,per_session_robust_mad_cf,2.67079496383667,0,cross,shaft_car,raw_multi_stft,2.0,256.0,0.5,0.5
3,0,onset,0,-0.0,1.0,1.0,0.7674285714285715,1.0,0.865216,2,2992,1750,5100,per_session_robust_mad_cf,3.324352979660034,0,cross,shaft_car,raw_multi_stft,2.0,256.0,0.5,0.5
3,0,speech,0,-0.0,1.0,1.0,0.7845714285714286,1.0,0.8550831020408163,2,3500,1750,5100,per_session_robust_mad_cf,3.679609298706055,0,cross,shaft_car,raw_multi_stft,2.0,256.0,0.5,0.5
3,0,volume,0,-0.0,1.0,1.0,0.6194285714285714,1.0,0.6611059591836734,2,3500,1750,5100,per_session_robust_mad_cf,3.6572437286376953,0,cross,shaft_car,raw_multi_stft,2.0,256.0,0.5,0.5
3,0,delta_volume,0,-0.0,1.0,1.0,0.6114285714285714,1.0,0.6594527346938776,2,3500,1750,5100,per_session_robust_mad_cf,3.048823356628418,0,cross,shaft_car,raw_multi_stft,2.0,256.0,0.5,0.5
3,0,pitch,0,-0.0,1.0,1.0,0.516,1.0,0.5252989387755103,2,3500,1750,5100,per_session_robust_mad_cf,3.91577410697937,0,cross,shaft_car,raw_multi_stft,2.0,256.0,0.5,0.5
3,0,word_index,0,-0.0,1.0,1.0,0.6268041237113402,1.0,0.6873053871850295,2,2128,1455,5100,per_session_robust_mad_cf,2.1708037853240967,0,cross,shaft_car,raw_multi_stft,2.0,256.0,0.5,0.5
3,0,word_gap,0,-0.0,1.0,1.0,0.496,1.0,0.5103869387755102,2,3186,1750,5100,per_session_robust_mad_cf,3.767141342163086,0,cross,shaft_car,raw_multi_stft,2.0,256.0,0.5,0.5
3,0,gpt2_surprisal,0,-0.0,1.0,1.0,0.5422857142857143,1.0,0.5480744489795919,2,3500,1750,5100,per_session_robust_mad_cf,5.693302392959595,0,cross,shaft_car,raw_multi_stft,2.0,256.0,0.5,0.5
3,0,word_head_pos,0,-0.0,1.0,1.0,0.5394285714285715,1.0,0.5432907755102041,2,3500,1750,5100,per_session_robust_mad_cf,3.971125602722168,0,cross,shaft_car,raw_multi_stft,2.0,256.0,0.5,0.5
3,0,word_part_speech,0,-0.0,1.0,1.0,0.5076824583866837,1.0,0.5093571556214249,2,2096,1562,5100,per_session_robust_mad_cf,2.557792901992798,0,cross,shaft_car,raw_multi_stft,2.0,256.0,0.5,0.5
3,0,word_length,0,-0.0,1.0,1.0,0.5051428571428571,1.0,0.505053387755102,2,3500,1750,5100,per_session_robust_mad_cf,5.124499320983887,0,cross,shaft_car,raw_multi_stft,2.0,256.0,0.5,0.5
3,0,global_flow,0,-0.0,1.0,1.0,0.512,1.0,0.5227559183673469,2,3500,1750,5100,per_session_robust_mad_cf,4.541291236877441,0,cross,shaft_car,raw_multi_stft,2.0,256.0,0.5,0.5
3,0,local_flow,0,-0.0,1.0,1.0,0.5137142857142857,1.0,0.51016,2,3500,1750,5100,per_session_robust_mad_cf,3.964097261428833,0,cross,shaft_car,raw_multi_stft,2.0,256.0,0.5,0.5
3,0,frame_brightness,0,-0.0,1.0,1.0,0.4931428571428571,1.0,0.4824796734693877,2,3500,1750,5100,per_session_robust_mad_cf,5.272399425506592,0,cross,shaft_car,raw_multi_stft,2.0,256.0,0.5,0.5
3,0,face_num,0,-0.0,1.0,1.0,0.5011428571428571,1.0,0.4982488163265306,2,3500,1750,5100,per_session_robust_mad_cf,3.923805713653565,0,cross,shaft_car,raw_multi_stft,2.0,256.0,0.5,0.5
3,1,onset,0,-0.0,1.0,1.0,0.8021390374331551,1.0,0.8720152134747919,2,2992,1122,5100,per_session_robust_mad_cf,2.7937493324279785,0,cross,shaft_car,raw_multi_stft,2.0,256.0,0.5,0.5
3,1,speech,0,-0.0,1.0,1.0,0.7885714285714286,1.0,0.8674834285714286,2,3500,1750,5100,per_session_robust_mad_cf,2.907814741134644,0,cross,shaft_car,raw_multi_stft,2.0,256.0,0.5,0.5
3,1,volume,0,-0.0,1.0,1.0,0.6434285714285715,1.0,0.6971755102040816,2,3500,1750,5100,per_session_robust_mad_cf,3.687800884246826,0,cross,shaft_car,raw_multi_stft,2.0,256.0,0.5,0.5
3,1,delta_volume,0,-0.0,1.0,1.0,0.6857142857142857,1.0,0.7539539591836735,2,3500,1750,5100,per_session_robust_mad_cf,3.040374517440796,0,cross,shaft_car,raw_multi_stft,2.0,256.0,0.5,0.5
3,1,pitch,0,-0.0,1.0,1.0,0.4982857142857143,1.0,0.487309387755102,2,3500,1750,5100,per_session_robust_mad_cf,3.854690790176392,0,cross,shaft_car,raw_multi_stft,2.0,256.0,0.5,0.5
3,1,word_index,0,-0.0,1.0,1.0,0.6646778042959427,1.0,0.7464228957456382,2,2128,838,5100,per_session_robust_mad_cf,1.9258909225463867,0,cross,shaft_car,raw_multi_stft,2.0,256.0,0.5,0.5
3,1,word_gap,0,-0.0,1.0,1.0,0.5227698066126014,1.0,0.5374777008788889,2,3186,1603,5100,per_session_robust_mad_cf,3.701357364654541,0,cross,shaft_car,raw_multi_stft,2.0,256.0,0.5,0.5
3,1,gpt2_surprisal,0,-0.0,1.0,1.0,0.5331428571428571,1.0,0.5631418775510204,2,3500,1750,5100,per_session_robust_mad_cf,5.636640787124634,0,cross,shaft_car,raw_multi_stft,2.0,256.0,0.5,0.5
3,1,word_head_pos,0,-0.0,1.0,1.0,0.5537142857142857,1.0,0.564576,2,3500,1750,5100,per_session_robust_mad_cf,4.235884428024292,0,cross,shaft_car,raw_multi_stft,2.0,256.0,0.5,0.5
3,1,word_part_speech,0,-0.0,1.0,1.0,0.5138121546961326,1.0,0.5244303016120115,2,2096,1086,5100,per_session_robust_mad_cf,2.0843186378479004,0,cross,shaft_car,raw_multi_stft,2.0,256.0,0.5,0.5
3,1,word_length,0,-0.0,1.0,1.0,0.5097142857142857,1.0,0.5146308571428572,2,3500,1750,5100,per_session_robust_mad_cf,5.077538728713989,0,cross,shaft_car,raw_multi_stft,2.0,256.0,0.5,0.5
3,1,global_flow,0,-0.0,1.0,1.0,0.5622857142857143,1.0,0.5914334693877551,2,3500,1750,5100,per_session_robust_mad_cf,4.596386909484863,0,cross,shaft_car,raw_multi_stft,2.0,256.0,0.5,0.5
3,1,local_flow,0,-0.0,1.0,1.0,0.5497142857142857,1.0,0.5716881632653061,2,3500,1750,5100,per_session_robust_mad_cf,3.472109794616699,0,cross,shaft_car,raw_multi_stft,2.0,256.0,0.5,0.5
3,1,frame_brightness,0,-0.0,1.0,1.0,0.4805714285714286,1.0,0.4643376326530612,2,3500,1750,5100,per_session_robust_mad_cf,4.583063364028931,0,cross,shaft_car,raw_multi_stft,2.0,256.0,0.5,0.5
3,1,face_num,0,-0.0,1.0,1.0,0.496,1.0,0.5003128163265306,2,3500,1750,5100,per_session_robust_mad_cf,3.607882022857666,0,cross,shaft_car,raw_multi_stft,2.0,256.0,0.5,0.5
4,0,onset,0,-0.0,1.0,1.0,0.6496212121212122,1.0,0.694717056932966,2,2992,1056,11475,per_session_robust_mad_cf,4.603200435638428,0,cross,shaft_car,raw_multi_stft,2.0,256.0,0.5,0.5
4,0,speech,0,-0.0,1.0,1.0,0.6485714285714286,1.0,0.685886693877551,2,3500,1750,11475,per_session_robust_mad_cf,5.377798557281494,0,cross,shaft_car,raw_multi_stft,2.0,256.0,0.5,0.5
4,0,volume,0,-0.0,1.0,1.0,0.5550923168552709,1.0,0.5864620580055622,2,3500,1679,11475,per_session_robust_mad_cf,5.924924850463867,0,cross,shaft_car,raw_multi_stft,2.0,256.0,0.5,0.5
4,0,delta_volume,0,-0.0,1.0,1.0,0.6253722453841573,1.0,0.6643112548952835,2,3500,1679,11475,per_session_robust_mad_cf,4.922460556030273,0,cross,shaft_car,raw_multi_stft,2.0,256.0,0.5,0.5
4,0,pitch,0,-0.0,1.0,1.0,0.5122096486003573,1.0,0.5185595096202962,2,3500,1679,11475,per_session_robust_mad_cf,6.537915945053101,0,cross,shaft_car,raw_multi_stft,2.0,256.0,0.5,0.5
4,0,word_index,0,-0.0,1.0,1.0,0.6609271523178808,1.0,0.7168224495810702,2,2128,755,11475,per_session_robust_mad_cf,4.423524379730225,0,cross,shaft_car,raw_multi_stft,2.0,256.0,0.5,0.5
4,0,word_gap,0,-0.0,1.0,1.0,0.5398729710656316,1.0,0.5536538890615412,2,3186,1417,11475,per_session_robust_mad_cf,5.867101430892944,0,cross,shaft_car,raw_multi_stft,2.0,256.0,0.5,0.5
4,0,gpt2_surprisal,0,-0.0,1.0,1.0,0.5134008338296605,1.0,0.5222650263919633,2,3500,1679,11475,per_session_robust_mad_cf,6.451238393783569,0,cross,shaft_car,raw_multi_stft,2.0,256.0,0.5,0.5
4,0,word_head_pos,0,-0.0,1.0,1.0,0.5268571428571428,1.0,0.5490651428571429,2,3500,1750,11475,per_session_robust_mad_cf,6.259846448898315,0,cross,shaft_car,raw_multi_stft,2.0,256.0,0.5,0.5
4,0,word_part_speech,0,-0.0,1.0,1.0,0.5015447991761071,1.0,0.5095615374824997,2,2096,971,11475,per_session_robust_mad_cf,4.486292600631714,0,cross,shaft_car,raw_multi_stft,2.0,256.0,0.5,0.5
4,0,word_length,0,-0.0,1.0,1.0,0.5405244338498212,1.0,0.5589490866162539,2,3500,1678,11475,per_session_robust_mad_cf,6.540395259857178,0,cross,shaft_car,raw_multi_stft,2.0,256.0,0.5,0.5
4,0,global_flow,0,-0.0,1.0,1.0,0.4991066110780226,1.0,0.5028357171235598,2,3500,1679,11475,per_session_robust_mad_cf,5.278198480606079,0,cross,shaft_car,raw_multi_stft,2.0,256.0,0.5,0.5
4,0,local_flow,0,-0.0,1.0,1.0,0.4901727218582489,1.0,0.4966378625347636,2,3500,1679,11475,per_session_robust_mad_cf,4.861404180526733,0,cross,shaft_car,raw_multi_stft,2.0,256.0,0.5,0.5
4,0,frame_brightness,0,-0.0,1.0,1.0,0.4979154258487194,1.0,0.4966978120211136,2,3500,1679,11475,per_session_robust_mad_cf,8.159814357757568,0,cross,shaft_car,raw_multi_stft,2.0,256.0,0.5,0.5
4,0,face_num,0,-0.0,1.0,1.0,0.5123849964614295,1.0,0.5040509514326584,2,3500,1413,11475,per_session_robust_mad_cf,5.24886155128479,0,cross,shaft_car,raw_multi_stft,2.0,256.0,0.5,0.5
4,1,onset,0,-0.0,1.0,1.0,0.6342305037957212,1.0,0.6719275100019051,2,2992,1449,11475,per_session_robust_mad_cf,6.077860593795776,0,cross,shaft_car,raw_multi_stft,2.0,256.0,0.5,0.5
4,1,speech,0,-0.0,1.0,1.0,0.6302857142857143,1.0,0.6642210612244899,2,3500,1750,11475,per_session_robust_mad_cf,7.98833966255188,0,cross,shaft_car,raw_multi_stft,2.0,256.0,0.5,0.5
4,1,volume,0,-0.0,1.0,1.0,0.5005714285714286,1.0,0.4957724081632653,2,3500,1750,11475,per_session_robust_mad_cf,8.403197288513184,0,cross,shaft_car,raw_multi_stft,2.0,256.0,0.5,0.5
4,1,delta_volume,0,-0.0,1.0,1.0,0.5685714285714286,1.0,0.6049577142857143,2,3500,1750,11475,per_session_robust_mad_cf,6.504145860671997,0,cross,shaft_car,raw_multi_stft,2.0,256.0,0.5,0.5
4,1,pitch,0,-0.0,1.0,1.0,0.5234285714285715,1.0,0.5374703673469388,2,3500,1750,11475,per_session_robust_mad_cf,8.917552947998047,0,cross,shaft_car,raw_multi_stft,2.0,256.0,0.5,0.5
4,1,word_index,0,-0.0,1.0,1.0,0.5899903753609239,1.0,0.627691937157255,2,2128,1039,11475,per_session_robust_mad_cf,5.192698955535889,0,cross,shaft_car,raw_multi_stft,2.0,256.0,0.5,0.5
4,1,word_gap,0,-0.0,1.0,1.0,0.5343203230148048,1.0,0.5502722584408268,2,3186,1486,11475,per_session_robust_mad_cf,6.180471897125244,0,cross,shaft_car,raw_multi_stft,2.0,256.0,0.5,0.5
4,1,gpt2_surprisal,0,-0.0,1.0,1.0,0.5068571428571429,1.0,0.5006367346938776,2,3500,1750,11475,per_session_robust_mad_cf,9.804749488830566,0,cross,shaft_car,raw_multi_stft,2.0,256.0,0.5,0.5
4,1,word_head_pos,0,-0.0,1.0,1.0,0.5182857142857142,1.0,0.5219425306122449,2,3500,1750,11475,per_session_robust_mad_cf,17.442084074020386,0,cross,shaft_car,raw_multi_stft,2.0,256.0,0.5,0.5
4,1,word_part_speech,0,-0.0,1.0,1.0,0.4854625550660792,1.0,0.494667852795787,2,2096,1135,11475,per_session_robust_mad_cf,5.0247838497161865,0,cross,shaft_car,raw_multi_stft,2.0,256.0,0.5,0.5
4,1,word_length,0,-0.0,1.0,1.0,0.5297142857142857,1.0,0.537529469387755,2,3500,1750,11475,per_session_robust_mad_cf,8.69052267074585,0,cross,shaft_car,raw_multi_stft,2.0,256.0,0.5,0.5
4,1,global_flow,0,-0.0,1.0,1.0,0.4891428571428571,1.0,0.4764032653061224,2,3500,1750,11475,per_session_robust_mad_cf,7.297163009643555,0,cross,shaft_car,raw_multi_stft,2.0,256.0,0.5,0.5
4,1,local_flow,0,-0.0,1.0,1.0,0.4737142857142857,1.0,0.4560052244897959,2,3500,1750,11475,per_session_robust_mad_cf,8.007285833358765,0,cross,shaft_car,raw_multi_stft,2.0,256.0,0.5,0.5
4,1,frame_brightness,0,-0.0,1.0,1.0,0.5131428571428571,1.0,0.519745306122449,2,3500,1750,11475,per_session_robust_mad_cf,9.73577094078064,0,cross,shaft_car,raw_multi_stft,2.0,256.0,0.5,0.5
4,1,face_num,0,-0.0,1.0,1.0,0.5148571428571429,1.0,0.522542693877551,2,3500,1750,11475,per_session_robust_mad_cf,6.909487009048462,0,cross,shaft_car,raw_multi_stft,2.0,256.0,0.5,0.5
7,0,onset,0,-0.0,1.0,1.0,0.5091428571428571,1.0,0.5113577142857142,2,2992,1750,7650,per_session_robust_mad_cf,2.511518716812134,0,cross,shaft_car,raw_multi_stft,2.0,256.0,0.5,0.5
7,0,speech,0,-0.0,1.0,1.0,0.516,1.0,0.5186821224489796,2,3500,1750,7650,per_session_robust_mad_cf,4.754923582077026,0,cross,shaft_car,raw_multi_stft,2.0,256.0,0.5,0.5
7,0,volume,0,-0.0,1.0,1.0,0.512,1.0,0.5191356734693877,2,3500,1750,7650,per_session_robust_mad_cf,4.140299320220947,0,cross,shaft_car,raw_multi_stft,2.0,256.0,0.5,0.5
7,0,delta_volume,0,-0.0,1.0,1.0,0.4965714285714285,1.0,0.5025906938775511,2,3500,1750,7650,per_session_robust_mad_cf,3.640009641647339,0,cross,shaft_car,raw_multi_stft,2.0,256.0,0.5,0.5
7,0,pitch,0,-0.0,1.0,1.0,0.5148571428571429,1.0,0.527968,2,3500,1750,7650,per_session_robust_mad_cf,3.3274035453796387,0,cross,shaft_car,raw_multi_stft,2.0,256.0,0.5,0.5
7,0,word_index,0,-0.0,1.0,1.0,0.5003436426116838,1.0,0.5100782985927415,2,2128,1455,7650,per_session_robust_mad_cf,1.9671194553375244,0,cross,shaft_car,raw_multi_stft,2.0,256.0,0.5,0.5
7,0,word_gap,0,-0.0,1.0,1.0,0.4937142857142857,1.0,0.4876594285714286,2,3186,1750,7650,per_session_robust_mad_cf,3.029097557067871,0,cross,shaft_car,raw_multi_stft,2.0,256.0,0.5,0.5
7,0,gpt2_surprisal,0,-0.0,1.0,1.0,0.5125714285714286,1.0,0.5212231836734693,2,3500,1750,7650,per_session_robust_mad_cf,4.803714752197266,0,cross,shaft_car,raw_multi_stft,2.0,256.0,0.5,0.5
7,0,word_head_pos,0,-0.0,1.0,1.0,0.5034285714285714,1.0,0.501725387755102,2,3500,1750,7650,per_session_robust_mad_cf,3.207555294036865,0,cross,shaft_car,raw_multi_stft,2.0,256.0,0.5,0.5
7,0,word_part_speech,0,-0.0,1.0,1.0,0.4827144686299616,1.0,0.4750221735488006,2,2096,1562,7650,per_session_robust_mad_cf,2.1462271213531494,0,cross,shaft_car,raw_multi_stft,2.0,256.0,0.5,0.5
7,0,word_length,0,-0.0,1.0,1.0,0.4994285714285714,1.0,0.5041090612244898,2,3500,1750,7650,per_session_robust_mad_cf,4.373914480209351,0,cross,shaft_car,raw_multi_stft,2.0,256.0,0.5,0.5
7,0,global_flow,0,-0.0,1.0,1.0,0.5514285714285714,1.0,0.5614076734693878,2,3500,1750,7650,per_session_robust_mad_cf,3.252443313598633,0,cross,shaft_car,raw_multi_stft,2.0,256.0,0.5,0.5
7,0,local_flow,0,-0.0,1.0,1.0,0.512,1.0,0.5223431836734694,2,3500,1750,7650,per_session_robust_mad_cf,4.8727195262908936,0,cross,shaft_car,raw_multi_stft,2.0,256.0,0.5,0.5
7,0,frame_brightness,0,-0.0,1.0,1.0,0.4685714285714286,1.0,0.4606295510204082,2,3500,1750,7650,per_session_robust_mad_cf,5.69627857208252,0,cross,shaft_car,raw_multi_stft,2.0,256.0,0.5,0.5
7,0,face_num,0,-0.0,1.0,1.0,0.4754285714285714,1.0,0.4801580408163265,2,3500,1750,7650,per_session_robust_mad_cf,3.458243131637573,0,cross,shaft_car,raw_multi_stft,2.0,256.0,0.5,0.5
7,1,onset,0,-0.0,1.0,1.0,0.5293305728088337,1.0,0.530665841112593,2,2992,1449,7650,per_session_robust_mad_cf,2.850848197937012,0,cross,shaft_car,raw_multi_stft,2.0,256.0,0.5,0.5
7,1,speech,0,-0.0,1.0,1.0,0.5057915057915058,1.0,0.5049976893606237,2,3500,1554,7650,per_session_robust_mad_cf,5.38959527015686,0,cross,shaft_car,raw_multi_stft,2.0,256.0,0.5,0.5
7,1,volume,0,-0.0,1.0,1.0,0.5194285714285715,1.0,0.5315565714285714,2,3500,1750,7650,per_session_robust_mad_cf,4.129490613937378,0,cross,shaft_car,raw_multi_stft,2.0,256.0,0.5,0.5
7,1,delta_volume,0,-0.0,1.0,1.0,0.5148571428571429,1.0,0.5278997551020408,2,3500,1750,7650,per_session_robust_mad_cf,4.250862121582031,0,cross,shaft_car,raw_multi_stft,2.0,256.0,0.5,0.5
7,1,pitch,0,-0.0,1.0,1.0,0.5171428571428571,1.0,0.5002723265306123,2,3500,1750,7650,per_session_robust_mad_cf,4.491663694381714,0,cross,shaft_car,raw_multi_stft,2.0,256.0,0.5,0.5
7,1,word_index,0,-0.0,1.0,1.0,0.5081809432146295,1.0,0.5141627760486143,2,2128,1039,7650,per_session_robust_mad_cf,2.0711324214935303,0,cross,shaft_car,raw_multi_stft,2.0,256.0,0.5,0.5
7,1,word_gap,0,-0.0,1.0,1.0,0.5033647375504711,1.0,0.4853726752516534,2,3186,1486,7650,per_session_robust_mad_cf,3.5114669799804688,0,cross,shaft_car,raw_multi_stft,2.0,256.0,0.5,0.5
7,1,gpt2_surprisal,0,-0.0,1.0,1.0,0.5051428571428571,1.0,0.5060754285714286,2,3500,1750,7650,per_session_robust_mad_cf,4.304131746292114,0,cross,shaft_car,raw_multi_stft,2.0,256.0,0.5,0.5
7,1,word_head_pos,0,-0.0,1.0,1.0,0.5108571428571429,1.0,0.509586612244898,2,3500,1750,7650,per_session_robust_mad_cf,3.973792791366577,0,cross,shaft_car,raw_multi_stft,2.0,256.0,0.5,0.5
7,1,word_part_speech,0,-0.0,1.0,1.0,0.5101321585903084,1.0,0.516789005638771,2,2096,1135,7650,per_session_robust_mad_cf,2.1443393230438232,0,cross,shaft_car,raw_multi_stft,2.0,256.0,0.5,0.5
7,1,word_length,0,-0.0,1.0,1.0,0.4977142857142857,1.0,0.494563918367347,2,3500,1750,7650,per_session_robust_mad_cf,5.244527816772461,0,cross,shaft_car,raw_multi_stft,2.0,256.0,0.5,0.5
7,1,global_flow,0,-0.0,1.0,1.0,0.5177142857142857,1.0,0.5295053061224491,2,3500,1750,7650,per_session_robust_mad_cf,3.901344776153565,0,cross,shaft_car,raw_multi_stft,2.0,256.0,0.5,0.5
7,1,local_flow,0,-0.0,1.0,1.0,0.5171428571428571,1.0,0.5229309387755102,2,3500,1750,7650,per_session_robust_mad_cf,5.57170844078064,0,cross,shaft_car,raw_multi_stft,2.0,256.0,0.5,0.5
7,1,frame_brightness,0,-0.0,1.0,1.0,0.5057142857142857,1.0,0.5081152653061225,2,3500,1750,7650,per_session_robust_mad_cf,6.643393039703369,0,cross,shaft_car,raw_multi_stft,2.0,256.0,0.5,0.5
7,1,face_num,0,-0.0,1.0,1.0,0.5,1.0,0.5054249795918367,2,3500,1750,7650,per_session_robust_mad_cf,4.14162015914917,0,cross,shaft_car,raw_multi_stft,2.0,256.0,0.5,0.5
10,0,onset,0,-0.0,1.0,1.0,0.6753168376584189,1.0,0.7247105237087929,2,2992,1657,6375,per_session_robust_mad_cf,2.0303702354431152,0,cross,shaft_car,raw_multi_stft,2.0,256.0,0.5,0.5
10,0,speech,0,-0.0,1.0,1.0,0.6217142857142857,1.0,0.666338612244898,2,3500,1750,6375,per_session_robust_mad_cf,2.0613820552825928,0,cross,shaft_car,raw_multi_stft,2.0,256.0,0.5,0.5
10,0,volume,0,-0.0,1.0,1.0,0.5228571428571429,1.0,0.5424205714285715,2,3500,1750,6375,per_session_robust_mad_cf,2.2614200115203857,0,cross,shaft_car,raw_multi_stft,2.0,256.0,0.5,0.5
10,0,delta_volume,0,-0.0,1.0,1.0,0.552,1.0,0.5781381224489797,2,3500,1750,6375,per_session_robust_mad_cf,2.7541768550872803,0,cross,shaft_car,raw_multi_stft,2.0,256.0,0.5,0.5
10,0,pitch,0,-0.0,1.0,1.0,0.5114285714285715,1.0,0.5166191020408164,2,3500,1750,6375,per_session_robust_mad_cf,2.6513960361480717,0,cross,shaft_car,raw_multi_stft,2.0,256.0,0.5,0.5
10,0,word_index,0,-0.0,1.0,1.0,0.5895710681244744,1.0,0.6172962114138585,2,2128,1189,6375,per_session_robust_mad_cf,1.4273858070373535,0,cross,shaft_car,raw_multi_stft,2.0,256.0,0.5,0.5
10,0,word_gap,0,-0.0,1.0,1.0,0.5011428571428571,1.0,0.502018612244898,2,3186,1750,6375,per_session_robust_mad_cf,2.473095655441284,0,cross,shaft_car,raw_multi_stft,2.0,256.0,0.5,0.5
10,0,gpt2_surprisal,0,-0.0,1.0,1.0,0.5194285714285715,1.0,0.5295888979591836,2,3500,1750,6375,per_session_robust_mad_cf,2.893175840377808,0,cross,shaft_car,raw_multi_stft,2.0,256.0,0.5,0.5
10,0,word_head_pos,0,-0.0,1.0,1.0,0.5011428571428571,1.0,0.5007118367346939,2,3500,1750,6375,per_session_robust_mad_cf,3.187013626098633,0,cross,shaft_car,raw_multi_stft,2.0,256.0,0.5,0.5
10,0,word_part_speech,0,-0.0,1.0,1.0,0.5073472544470224,1.0,0.5037527335020888,2,2096,1293,6375,per_session_robust_mad_cf,1.642242193222046,0,cross,shaft_car,raw_multi_stft,2.0,256.0,0.5,0.5
10,0,word_length,0,-0.0,1.0,1.0,0.4908571428571429,1.0,0.4944117551020408,2,3500,1750,6375,per_session_robust_mad_cf,2.8396782875061035,0,cross,shaft_car,raw_multi_stft,2.0,256.0,0.5,0.5
10,0,global_flow,0,-0.0,1.0,1.0,0.5165714285714286,1.0,0.5215536326530612,2,3500,1750,6375,per_session_robust_mad_cf,2.853153944015503,0,cross,shaft_car,raw_multi_stft,2.0,256.0,0.5,0.5
10,0,local_flow,0,-0.0,1.0,1.0,0.4988571428571428,1.0,0.5080555102040816,2,3500,1750,6375,per_session_robust_mad_cf,2.271974563598633,0,cross,shaft_car,raw_multi_stft,2.0,256.0,0.5,0.5
10,0,frame_brightness,0,-0.0,1.0,1.0,0.4605714285714286,1.0,0.4421338775510204,2,3500,1750,6375,per_session_robust_mad_cf,3.358146905899048,0,cross,shaft_car,raw_multi_stft,2.0,256.0,0.5,0.5
10,0,face_num,0,-0.0,1.0,1.0,0.516,1.0,0.5199696326530612,2,3500,1750,6375,per_session_robust_mad_cf,2.6218950748443604,0,cross,shaft_car,raw_multi_stft,2.0,256.0,0.5,0.5
10,1,onset,0,-0.0,1.0,1.0,0.5988571428571429,1.0,0.6486197551020407,2,2992,1750,6375,per_session_robust_mad_cf,2.5943191051483154,0,cross,shaft_car,raw_multi_stft,2.0,256.0,0.5,0.5
10,1,speech,0,-0.0,1.0,1.0,0.5817142857142857,1.0,0.6226981224489796,2,3500,1750,6375,per_session_robust_mad_cf,2.865509271621704,0,cross,shaft_car,raw_multi_stft,2.0,256.0,0.5,0.5
10,1,volume,0,-0.0,1.0,1.0,0.6297142857142857,1.0,0.6716202448979591,2,3500,1750,6375,per_session_robust_mad_cf,3.126839160919189,0,cross,shaft_car,raw_multi_stft,2.0,256.0,0.5,0.5
10,1,delta_volume,0,-0.0,1.0,1.0,0.5805714285714285,1.0,0.6141502040816327,2,3500,1750,6375,per_session_robust_mad_cf,3.6324620246887207,0,cross,shaft_car,raw_multi_stft,2.0,256.0,0.5,0.5
10,1,pitch,0,-0.0,1.0,1.0,0.5137142857142857,1.0,0.5358272653061225,2,3500,1750,6375,per_session_robust_mad_cf,3.8749539852142334,0,cross,shaft_car,raw_multi_stft,2.0,256.0,0.5,0.5
10,1,word_index,0,-0.0,1.0,1.0,0.5354391371340523,1.0,0.559877588134881,2,2128,1298,6375,per_session_robust_mad_cf,2.2757580280303955,0,cross,shaft_car,raw_multi_stft,2.0,256.0,0.5,0.5
10,1,word_gap,0,-0.0,1.0,1.0,0.504,1.0,0.5033456326530612,2,3186,1750,6375,per_session_robust_mad_cf,3.5592446327209477,0,cross,shaft_car,raw_multi_stft,2.0,256.0,0.5,0.5
10,1,gpt2_surprisal,0,-0.0,1.0,1.0,0.5142857142857142,1.0,0.5242370612244898,2,3500,1750,6375,per_session_robust_mad_cf,4.373152732849121,0,cross,shaft_car,raw_multi_stft,2.0,256.0,0.5,0.5
10,1,word_head_pos,0,-0.0,1.0,1.0,0.5142857142857142,1.0,0.522753306122449,2,3500,1750,6375,per_session_robust_mad_cf,3.943427324295044,0,cross,shaft_car,raw_multi_stft,2.0,256.0,0.5,0.5
10,1,word_part_speech,0,-0.0,1.0,1.0,0.4920863309352518,1.0,0.4859789865948968,2,2096,1390,6375,per_session_robust_mad_cf,1.9734599590301516,0,cross,shaft_car,raw_multi_stft,2.0,256.0,0.5,0.5
10,1,word_length,0,-0.0,1.0,1.0,0.5074285714285715,1.0,0.5061711020408163,2,3500,1750,6375,per_session_robust_mad_cf,3.736983060836792,0,cross,shaft_car,raw_multi_stft,2.0,256.0,0.5,0.5
10,1,global_flow,0,-0.0,1.0,1.0,0.5045714285714286,1.0,0.5157900408163265,2,3500,1750,6375,per_session_robust_mad_cf,3.3436222076416016,0,cross,shaft_car,raw_multi_stft,2.0,256.0,0.5,0.5
10,1,local_flow,0,-0.0,1.0,1.0,0.5365714285714286,1.0,0.5431748571428572,2,3500,1750,6375,per_session_robust_mad_cf,3.705914497375488,0,cross,shaft_car,raw_multi_stft,2.0,256.0,0.5,0.5
10,1,frame_brightness,0,-0.0,1.0,1.0,0.5302857142857142,1.0,0.5313972244897959,2,3500,1750,6375,per_session_robust_mad_cf,3.7735111713409424,0,cross,shaft_car,raw_multi_stft,2.0,256.0,0.5,0.5
10,1,face_num,0,-0.0,1.0,1.0,0.488,1.0,0.4707735510204082,2,3500,1750,6375,per_session_robust_mad_cf,3.8258886337280273,0,cross,shaft_car,raw_multi_stft,2.0,256.0,0.5,0.5
1,1,onset,0,-0.0,1.0,1.0,0.903061224489796,1.0,0.9606479071220324,2,1567,784,30600,per_session_robust_mad_cf,6.002291679382324,1,within,shaft_car,multi_stft,2.0,256.0,0.5,0.5
1,1,onset,1,-0.0,1.0,1.0,0.8482142857142857,1.0,0.9033215326947104,2,1567,784,30600,per_session_robust_mad_cf,6.113882064819336,1,within,shaft_car,multi_stft,2.0,256.0,0.5,0.5
1,1,speech,0,-0.0,1.0,1.0,0.9085714285714286,1.0,0.9713697585237664,2,1750,875,30600,per_session_robust_mad_cf,6.533986568450928,1,within,shaft_car,multi_stft,2.0,256.0,0.5,0.5
1,1,speech,1,-0.0,1.0,1.0,0.8331428571428572,1.0,0.8879972414657846,2,1750,875,30600,per_session_robust_mad_cf,5.278561115264893,1,within,shaft_car,multi_stft,2.0,256.0,0.5,0.5
1,1,volume,0,-0.0,1.0,1.0,0.7691428571428571,1.0,0.838347543964139,2,1750,875,30600,per_session_robust_mad_cf,6.293678283691406,1,within,shaft_car,multi_stft,2.0,256.0,0.5,0.5
1,1,volume,1,-0.0,1.0,1.0,0.8034285714285714,1.0,0.8740112640147122,2,1750,875,30600,per_session_robust_mad_cf,4.899499177932739,1,within,shaft_car,multi_stft,2.0,256.0,0.5,0.5
1,1,delta_volume,0,-0.0,1.0,1.0,0.7565714285714286,1.0,0.8434427342925508,2,1750,875,30600,per_session_robust_mad_cf,6.214815855026245,1,within,shaft_car,multi_stft,2.0,256.0,0.5,0.5
1,1,delta_volume,1,-0.0,1.0,1.0,0.7748571428571429,1.0,0.8457780842815794,2,1750,875,30600,per_session_robust_mad_cf,6.879357099533081,1,within,shaft_car,multi_stft,2.0,256.0,0.5,0.5
1,1,pitch,0,-0.0,1.0,1.0,0.5348571428571428,1.0,0.5355735974838824,2,1750,875,30600,per_session_robust_mad_cf,5.814882040023804,1,within,shaft_car,multi_stft,2.0,256.0,0.5,0.5
1,1,pitch,1,-0.0,1.0,1.0,0.5302857142857142,1.0,0.5411324618872972,2,1750,875,30600,per_session_robust_mad_cf,5.677007675170898,1,within,shaft_car,multi_stft,2.0,256.0,0.5,0.5
1,1,word_index,0,-0.0,1.0,1.0,0.7336769759450171,1.0,0.8053400408592246,2,1163,582,30600,per_session_robust_mad_cf,5.325732707977295,1,within,shaft_car,multi_stft,2.0,256.0,0.5,0.5
1,1,word_index,1,-0.0,1.0,1.0,0.738831615120275,1.0,0.8062611447668309,2,1163,582,30600,per_session_robust_mad_cf,5.58371114730835,1,within,shaft_car,multi_stft,2.0,256.0,0.5,0.5
1,1,word_gap,0,-0.0,1.0,1.0,0.5748571428571428,1.0,0.6185177058190443,2,1750,875,30600,per_session_robust_mad_cf,6.741480112075806,1,within,shaft_car,multi_stft,2.0,256.0,0.5,0.5
1,1,word_gap,1,-0.0,1.0,1.0,0.5485714285714286,1.0,0.591595874737469,2,1750,875,30600,per_session_robust_mad_cf,7.019047021865845,1,within,shaft_car,multi_stft,2.0,256.0,0.5,0.5
1,1,gpt2_surprisal,0,-0.0,1.0,1.0,0.5725714285714286,1.0,0.5917526096360616,2,1750,875,30600,per_session_robust_mad_cf,6.1826112270355225,1,within,shaft_car,multi_stft,2.0,256.0,0.5,0.5
1,1,gpt2_surprisal,1,-0.0,1.0,1.0,0.6,1.0,0.6414010010135524,2,1750,875,30600,per_session_robust_mad_cf,7.237349033355713,1,within,shaft_car,multi_stft,2.0,256.0,0.5,0.5
1,1,word_head_pos,0,-0.0,1.0,1.0,0.6011428571428571,1.0,0.6349474415640053,2,1750,875,30600,per_session_robust_mad_cf,7.276952981948851,1,within,shaft_car,multi_stft,2.0,256.0,0.5,0.5
1,1,word_head_pos,1,-0.0,1.0,1.0,0.6091428571428571,1.0,0.6471374983020386,2,1750,875,30600,per_session_robust_mad_cf,7.087063550949097,1,within,shaft_car,multi_stft,2.0,256.0,0.5,0.5
1,1,word_part_speech,0,-0.0,1.0,1.0,0.5697115384615384,1.0,0.6112183339497042,2,1664,832,30600,per_session_robust_mad_cf,6.2344651222229,1,within,shaft_car,multi_stft,2.0,256.0,0.5,0.5
1,1,word_part_speech,1,-0.0,1.0,1.0,0.5685096153846154,1.0,0.5967837000739644,2,1664,832,30600,per_session_robust_mad_cf,6.241557598114014,1,within,shaft_car,multi_stft,2.0,256.0,0.5,0.5
1,1,word_length,0,-0.0,1.0,1.0,0.568,1.0,0.5774636113810434,2,1750,875,30600,per_session_robust_mad_cf,7.189955472946167,1,within,shaft_car,multi_stft,2.0,256.0,0.5,0.5
1,1,word_length,1,-0.0,1.0,1.0,0.5702857142857143,1.0,0.6051534434657222,2,1750,875,30600,per_session_robust_mad_cf,6.948748350143433,1,within,shaft_car,multi_stft,2.0,256.0,0.5,0.5
1,1,global_flow,0,-0.0,1.0,1.0,0.6365714285714286,1.0,0.6774082317168741,2,1750,875,30600,per_session_robust_mad_cf,7.347781658172607,1,within,shaft_car,multi_stft,2.0,256.0,0.5,0.5
1,1,global_flow,1,-0.0,1.0,1.0,0.6182857142857143,1.0,0.6423048389287691,2,1750,875,30600,per_session_robust_mad_cf,6.5880513191223145,1,within,shaft_car,multi_stft,2.0,256.0,0.5,0.5
1,1,local_flow,0,-0.0,1.0,1.0,0.608,1.0,0.6452410060290691,2,1750,875,30600,per_session_robust_mad_cf,7.214794874191284,1,within,shaft_car,multi_stft,2.0,256.0,0.5,0.5
1,1,local_flow,1,-0.0,1.0,1.0,0.5634285714285714,1.0,0.5996729465116036,2,1750,875,30600,per_session_robust_mad_cf,6.5641562938690186,1,within,shaft_car,multi_stft,2.0,256.0,0.5,0.5
1,1,frame_brightness,0,-0.0,1.0,1.0,0.5051428571428571,1.0,0.5308297545531488,2,1750,875,30600,per_session_robust_mad_cf,6.566106081008911,1,within,shaft_car,multi_stft,2.0,256.0,0.5,0.5
1,1,frame_brightness,1,-0.0,1.0,1.0,0.5702857142857143,1.0,0.6064491186274202,2,1750,875,30600,per_session_robust_mad_cf,5.943591833114624,1,within,shaft_car,multi_stft,2.0,256.0,0.5,0.5
1,1,face_num,0,-0.0,1.0,1.0,0.5611428571428572,1.0,0.5821238623658611,2,1750,875,30600,per_session_robust_mad_cf,6.85713005065918,1,within,shaft_car,multi_stft,2.0,256.0,0.5,0.5
1,1,face_num,1,-0.0,1.0,1.0,0.5462857142857143,1.0,0.5762515281652614,2,1750,875,30600,per_session_robust_mad_cf,6.821256875991821,1,within,shaft_car,multi_stft,2.0,256.0,0.5,0.5
1,2,onset,0,-0.0,1.0,1.0,0.8806584362139918,1.0,0.9270961914797532,2,1458,729,30600,per_session_robust_mad_cf,3.6065497398376474,1,within,shaft_car,multi_stft,2.0,256.0,0.5,0.5
1,2,onset,1,-0.0,1.0,1.0,0.9423868312757202,1.0,0.9752220382357368,2,1458,729,30600,per_session_robust_mad_cf,3.4087107181549072,1,within,shaft_car,multi_stft,2.0,256.0,0.5,0.5
1,2,speech,0,-0.0,1.0,1.0,0.896,1.0,0.9376874288162336,2,1750,875,30600,per_session_robust_mad_cf,4.528382778167725,1,within,shaft_car,multi_stft,2.0,256.0,0.5,0.5
1,2,speech,1,-0.0,1.0,1.0,0.9302857142857144,1.0,0.9655548937859836,2,1750,875,30600,per_session_robust_mad_cf,4.177079677581787,1,within,shaft_car,multi_stft,2.0,256.0,0.5,0.5
1,2,volume,0,-0.0,1.0,1.0,0.768,1.0,0.8623710855459077,2,1750,875,30600,per_session_robust_mad_cf,4.973843574523926,1,within,shaft_car,multi_stft,2.0,256.0,0.5,0.5
1,2,volume,1,-0.0,1.0,1.0,0.8068571428571428,1.0,0.8948308830444187,2,1750,875,30600,per_session_robust_mad_cf,4.134490489959717,1,within,shaft_car,multi_stft,2.0,256.0,0.5,0.5
1,2,delta_volume,0,-0.0,1.0,1.0,0.7257142857142858,1.0,0.7996196566460823,2,1750,875,30600,per_session_robust_mad_cf,5.585412263870239,1,within,shaft_car,multi_stft,2.0,256.0,0.5,0.5
1,2,delta_volume,1,-0.0,1.0,1.0,0.712,1.0,0.7990501865145294,2,1750,875,30600,per_session_robust_mad_cf,4.712136268615723,1,within,shaft_car,multi_stft,2.0,256.0,0.5,0.5
1,2,pitch,0,-0.0,1.0,1.0,0.5828571428571429,1.0,0.6294316792577035,2,1750,875,30600,per_session_robust_mad_cf,5.895053148269653,1,within,shaft_car,multi_stft,2.0,256.0,0.5,0.5
1,2,pitch,1,-0.0,1.0,1.0,0.592,1.0,0.6324044178343415,2,1750,875,30600,per_session_robust_mad_cf,3.7861227989196777,1,within,shaft_car,multi_stft,2.0,256.0,0.5,0.5
1,2,word_index,0,-0.0,1.0,1.0,0.6,1.0,0.6418454440599769,2,1020,510,30600,per_session_robust_mad_cf,2.85999059677124,1,within,shaft_car,multi_stft,2.0,256.0,0.5,0.5
1,2,word_index,1,-0.0,1.0,1.0,0.5745098039215686,1.0,0.6288658208381391,2,1020,510,30600,per_session_robust_mad_cf,1.8910536766052248,1,within,shaft_car,multi_stft,2.0,256.0,0.5,0.5
1,2,word_gap,0,-0.0,1.0,1.0,0.5635103926096998,1.0,0.5714788600931254,2,1732,866,30600,per_session_robust_mad_cf,5.827287912368774,1,within,shaft_car,multi_stft,2.0,256.0,0.5,0.5
1,2,word_gap,1,-0.0,1.0,1.0,0.5392609699769053,1.0,0.5524164084292945,2,1732,866,30600,per_session_robust_mad_cf,4.375232696533203,1,within,shaft_car,multi_stft,2.0,256.0,0.5,0.5
1,2,gpt2_surprisal,0,-0.0,1.0,1.0,0.608,1.0,0.633109724878008,2,1750,875,30600,per_session_robust_mad_cf,3.9529879093170166,1,within,shaft_car,multi_stft,2.0,256.0,0.5,0.5
1,2,gpt2_surprisal,1,-0.0,1.0,1.0,0.592,1.0,0.6269813903430405,2,1750,875,30600,per_session_robust_mad_cf,3.701838493347168,1,within,shaft_car,multi_stft,2.0,256.0,0.5,0.5
1,2,word_head_pos,0,-0.0,1.0,1.0,0.5554285714285714,1.0,0.5824739036393844,2,1750,875,30600,per_session_robust_mad_cf,4.628754854202271,1,within,shaft_car,multi_stft,2.0,256.0,0.5,0.5
1,2,word_head_pos,1,-0.0,1.0,1.0,0.5691428571428572,1.0,0.6149807216074731,2,1750,875,30600,per_session_robust_mad_cf,3.440962076187134,1,within,shaft_car,multi_stft,2.0,256.0,0.5,0.5
1,2,word_part_speech,0,-0.0,1.0,1.0,0.6164874551971327,1.0,0.6458036253388317,2,1115,558,30600,per_session_robust_mad_cf,3.988262414932251,1,within,shaft_car,multi_stft,2.0,256.0,0.5,0.5
1,2,word_part_speech,1,-0.0,1.0,1.0,0.589605734767025,1.0,0.6403566244010226,2,1115,558,30600,per_session_robust_mad_cf,3.152510166168213,1,within,shaft_car,multi_stft,2.0,256.0,0.5,0.5
1,2,word_length,0,-0.0,1.0,1.0,0.5988571428571429,1.0,0.6398441010208666,2,1750,875,30600,per_session_robust_mad_cf,5.3985209465026855,1,within,shaft_car,multi_stft,2.0,256.0,0.5,0.5
1,2,word_length,1,-0.0,1.0,1.0,0.5897142857142857,1.0,0.6322633564256084,2,1750,875,30600,per_session_robust_mad_cf,4.14450216293335,1,within,shaft_car,multi_stft,2.0,256.0,0.5,0.5
1,2,global_flow,0,-0.0,1.0,1.0,0.6251428571428571,1.0,0.6735786756945968,2,1750,875,30600,per_session_robust_mad_cf,4.209564685821533,1,within,shaft_car,multi_stft,2.0,256.0,0.5,0.5
1,2,global_flow,1,-0.0,1.0,1.0,0.68,1.0,0.7454781981756058,2,1750,875,30600,per_session_robust_mad_cf,3.9390523433685294,1,within,shaft_car,multi_stft,2.0,256.0,0.5,0.5
1,2,local_flow,0,-0.0,1.0,1.0,0.6354285714285715,1.0,0.6988547903409508,2,1750,875,30600,per_session_robust_mad_cf,5.151603937149048,1,within,shaft_car,multi_stft,2.0,256.0,0.5,0.5
1,2,local_flow,1,-0.0,1.0,1.0,0.6434285714285715,1.0,0.6936773141907777,2,1750,875,30600,per_session_robust_mad_cf,4.277527570724487,1,within,shaft_car,multi_stft,2.0,256.0,0.5,0.5
1,2,frame_brightness,0,-0.0,1.0,1.0,0.4605714285714286,1.0,0.4272384355767322,2,1750,875,30600,per_session_robust_mad_cf,5.158593654632568,1,within,shaft_car,multi_stft,2.0,256.0,0.5,0.5
1,2,frame_brightness,1,-0.0,1.0,1.0,0.4857142857142857,1.0,0.4710928602029194,2,1750,875,30600,per_session_robust_mad_cf,3.187628984451294,1,within,shaft_car,multi_stft,2.0,256.0,0.5,0.5
1,2,face_num,0,-0.0,1.0,1.0,0.5051428571428571,1.0,0.5139912019476923,2,1750,875,30600,per_session_robust_mad_cf,5.509776592254639,1,within,shaft_car,multi_stft,2.0,256.0,0.5,0.5
1,2,face_num,1,-0.0,1.0,1.0,0.5428571428571428,1.0,0.5378723759965727,2,1750,875,30600,per_session_robust_mad_cf,4.89864706993103,1,within,shaft_car,multi_stft,2.0,256.0,0.5,0.5
2,0,onset,0,-0.0,1.0,1.0,0.8890577507598785,1.0,0.950508587319038,2,1315,658,30345,per_session_robust_mad_cf,4.5209641456604,1,within,shaft_car,multi_stft,2.0,256.0,0.5,0.5
2,0,onset,1,-0.0,1.0,1.0,0.9133738601823708,1.0,0.9586478321523269,2,1315,658,30345,per_session_robust_mad_cf,3.441349029541016,1,within,shaft_car,multi_stft,2.0,256.0,0.5,0.5
2,0,speech,0,-0.0,1.0,1.0,0.8994285714285715,1.0,0.9484237693698212,2,1750,875,30345,per_session_robust_mad_cf,5.097632169723511,1,within,shaft_car,multi_stft,2.0,256.0,0.5,0.5
2,0,speech,1,-0.0,1.0,1.0,0.9211428571428572,1.0,0.9734020877088492,2,1750,875,30345,per_session_robust_mad_cf,2.9105477333068848,1,within,shaft_car,multi_stft,2.0,256.0,0.5,0.5
2,0,volume,0,-0.0,1.0,1.0,0.8171428571428572,1.0,0.9004106454343124,2,1750,875,30345,per_session_robust_mad_cf,4.61891508102417,1,within,shaft_car,multi_stft,2.0,256.0,0.5,0.5
2,0,volume,1,-0.0,1.0,1.0,0.7565714285714286,1.0,0.836295622916732,2,1750,875,30345,per_session_robust_mad_cf,4.891749858856201,1,within,shaft_car,multi_stft,2.0,256.0,0.5,0.5
2,0,delta_volume,0,-0.0,1.0,1.0,0.7577142857142857,1.0,0.813516817654619,2,1750,875,30345,per_session_robust_mad_cf,5.391849756240845,1,within,shaft_car,multi_stft,2.0,256.0,0.5,0.5
2,0,delta_volume,1,-0.0,1.0,1.0,0.7497142857142857,1.0,0.8365568477477195,2,1750,875,30345,per_session_robust_mad_cf,3.632810115814209,1,within,shaft_car,multi_stft,2.0,256.0,0.5,0.5
2,0,pitch,0,-0.0,1.0,1.0,0.6022857142857143,1.0,0.6640648673500308,2,1750,875,30345,per_session_robust_mad_cf,5.205150842666626,1,within,shaft_car,multi_stft,2.0,256.0,0.5,0.5
2,0,pitch,1,-0.0,1.0,1.0,0.6205714285714286,1.0,0.6742474112619248,2,1750,875,30345,per_session_robust_mad_cf,5.317778825759888,1,within,shaft_car,multi_stft,2.0,256.0,0.5,0.5
2,0,word_index,0,-0.0,1.0,1.0,0.7092050209205021,1.0,0.7700320372542497,2,955,478,30345,per_session_robust_mad_cf,3.8777573108673096,1,within,shaft_car,multi_stft,2.0,256.0,0.5,0.5
2,0,word_index,1,-0.0,1.0,1.0,0.7175732217573222,1.0,0.7877313072250136,2,955,478,30345,per_session_robust_mad_cf,3.315284013748169,1,within,shaft_car,multi_stft,2.0,256.0,0.5,0.5
2,0,word_gap,0,-0.0,1.0,1.0,0.6457461645746164,1.0,0.6888159225657864,2,1433,717,30345,per_session_robust_mad_cf,4.448063850402832,1,within,shaft_car,multi_stft,2.0,256.0,0.5,0.5
2,0,word_gap,1,-0.0,1.0,1.0,0.6206415620641562,1.0,0.6780084343536515,2,1433,717,30345,per_session_robust_mad_cf,4.94139289855957,1,within,shaft_car,multi_stft,2.0,256.0,0.5,0.5
2,0,gpt2_surprisal,0,-0.0,1.0,1.0,0.5977142857142858,1.0,0.6368452399611297,2,1750,875,30345,per_session_robust_mad_cf,4.8938093185424805,1,within,shaft_car,multi_stft,2.0,256.0,0.5,0.5
2,0,gpt2_surprisal,1,-0.0,1.0,1.0,0.5782857142857143,1.0,0.6084971213023624,2,1750,875,30345,per_session_robust_mad_cf,3.042935609817505,1,within,shaft_car,multi_stft,2.0,256.0,0.5,0.5
2,0,word_head_pos,0,-0.0,1.0,1.0,0.5725714285714286,1.0,0.6210515866796235,2,1750,875,30345,per_session_robust_mad_cf,4.806892395019531,1,within,shaft_car,multi_stft,2.0,256.0,0.5,0.5
2,0,word_head_pos,1,-0.0,1.0,1.0,0.6091428571428571,1.0,0.610101041764626,2,1750,875,30345,per_session_robust_mad_cf,3.4505741596221924,1,within,shaft_car,multi_stft,2.0,256.0,0.5,0.5
2,0,word_part_speech,0,-0.0,1.0,1.0,0.5341176470588235,1.0,0.5628487908583577,2,850,425,30345,per_session_robust_mad_cf,3.3516933917999268,1,within,shaft_car,multi_stft,2.0,256.0,0.5,0.5
2,0,word_part_speech,1,-0.0,1.0,1.0,0.5623529411764706,1.0,0.5633802816901408,2,850,425,30345,per_session_robust_mad_cf,3.860813617706299,1,within,shaft_car,multi_stft,2.0,256.0,0.5,0.5
2,0,word_length,0,-0.0,1.0,1.0,0.6091428571428571,1.0,0.6566617556398442,2,1750,875,30345,per_session_robust_mad_cf,5.01728630065918,1,within,shaft_car,multi_stft,2.0,256.0,0.5,0.5
2,0,word_length,1,-0.0,1.0,1.0,0.6777142857142857,1.0,0.7333155700448262,2,1750,875,30345,per_session_robust_mad_cf,3.503485918045044,1,within,shaft_car,multi_stft,2.0,256.0,0.5,0.5
2,0,global_flow,0,-0.0,1.0,1.0,0.5908571428571429,1.0,0.617687010856504,2,1750,875,30345,per_session_robust_mad_cf,5.352266550064087,1,within,shaft_car,multi_stft,2.0,256.0,0.5,0.5
2,0,global_flow,1,-0.0,1.0,1.0,0.6057142857142858,1.0,0.6622153955466391,2,1750,875,30345,per_session_robust_mad_cf,4.964099168777466,1,within,shaft_car,multi_stft,2.0,256.0,0.5,0.5
2,0,local_flow,0,-0.0,1.0,1.0,0.5497142857142857,1.0,0.5679341295466183,2,1750,875,30345,per_session_robust_mad_cf,4.888488531112671,1,within,shaft_car,multi_stft,2.0,256.0,0.5,0.5
2,0,local_flow,1,-0.0,1.0,1.0,0.6262857142857143,1.0,0.6487649289990909,2,1750,875,30345,per_session_robust_mad_cf,3.059950590133667,1,within,shaft_car,multi_stft,2.0,256.0,0.5,0.5
2,0,frame_brightness,0,-0.0,1.0,1.0,0.568,1.0,0.5768105493035747,2,1750,875,30345,per_session_robust_mad_cf,4.8976523876190186,1,within,shaft_car,multi_stft,2.0,256.0,0.5,0.5
2,0,frame_brightness,1,-0.0,1.0,1.0,0.4994285714285714,1.0,0.5010187768408514,2,1750,875,30345,per_session_robust_mad_cf,4.879989862442017,1,within,shaft_car,multi_stft,2.0,256.0,0.5,0.5
2,0,face_num,0,-0.0,1.0,1.0,0.5165714285714286,1.0,0.5272509743686196,2,1750,875,30345,per_session_robust_mad_cf,5.337234973907471,1,within,shaft_car,multi_stft,2.0,256.0,0.5,0.5
2,0,face_num,1,-0.0,1.0,1.0,0.528,1.0,0.5526472524372277,2,1750,875,30345,per_session_robust_mad_cf,5.315452575683594,1,within,shaft_car,multi_stft,2.0,256.0,0.5,0.5
2,4,onset,0,-0.0,1.0,1.0,0.7767379679144385,1.0,0.8389716606136863,2,1496,748,30345,per_session_robust_mad_cf,7.039036750793457,1,within,shaft_car,multi_stft,2.0,256.0,0.5,0.5
2,4,onset,1,-0.0,1.0,1.0,0.856951871657754,1.0,0.9089086047642196,2,1496,748,30345,per_session_robust_mad_cf,6.647078037261963,1,within,shaft_car,multi_stft,2.0,256.0,0.5,0.5
2,4,speech,0,-0.0,1.0,1.0,0.7817142857142857,1.0,0.85173792880056,2,1750,875,30345,per_session_robust_mad_cf,6.0569682121276855,1,within,shaft_car,multi_stft,2.0,256.0,0.5,0.5
2,4,speech,1,-0.0,1.0,1.0,0.8777142857142857,1.0,0.9147244600482743,2,1750,875,30345,per_session_robust_mad_cf,3.743798017501831,1,within,shaft_car,multi_stft,2.0,256.0,0.5,0.5
2,4,volume,0,-0.0,1.0,1.0,0.7405714285714285,1.0,0.803415253440331,2,1750,875,30345,per_session_robust_mad_cf,4.4548773765563965,1,within,shaft_car,multi_stft,2.0,256.0,0.5,0.5
2,4,volume,1,-0.0,1.0,1.0,0.8,1.0,0.8686953387041159,2,1750,875,30345,per_session_robust_mad_cf,3.577367067337036,1,within,shaft_car,multi_stft,2.0,256.0,0.5,0.5
2,4,delta_volume,0,-0.0,1.0,1.0,0.7497142857142857,1.0,0.8193316823924014,2,1750,875,30345,per_session_robust_mad_cf,4.33780574798584,1,within,shaft_car,multi_stft,2.0,256.0,0.5,0.5
2,4,delta_volume,1,-0.0,1.0,1.0,0.6914285714285714,1.0,0.7735259082787374,2,1750,875,30345,per_session_robust_mad_cf,4.05128026008606,1,within,shaft_car,multi_stft,2.0,256.0,0.5,0.5
2,4,pitch,0,-0.0,1.0,1.0,0.5657142857142857,1.0,0.5888517078879449,2,1750,875,30345,per_session_robust_mad_cf,4.771334171295166,1,within,shaft_car,multi_stft,2.0,256.0,0.5,0.5
2,4,pitch,1,-0.0,1.0,1.0,0.6468571428571429,1.0,0.6805925624066121,2,1750,875,30345,per_session_robust_mad_cf,3.9045584201812735,1,within,shaft_car,multi_stft,2.0,256.0,0.5,0.5
2,4,word_index,0,-0.0,1.0,1.0,0.7124060150375939,1.0,0.7801635197015093,2,1064,532,30345,per_session_robust_mad_cf,2.671372413635254,1,within,shaft_car,multi_stft,2.0,256.0,0.5,0.5
2,4,word_index,1,-0.0,1.0,1.0,0.7725563909774437,1.0,0.8271277347504098,2,1064,532,30345,per_session_robust_mad_cf,2.6421799659729004,1,within,shaft_car,multi_stft,2.0,256.0,0.5,0.5
2,4,word_gap,0,-0.0,1.0,1.0,0.560853199498118,1.0,0.5674361783856626,2,1593,797,30345,per_session_robust_mad_cf,5.116669654846191,1,within,shaft_car,multi_stft,2.0,256.0,0.5,0.5
2,4,word_gap,1,-0.0,1.0,1.0,0.5872020075282308,1.0,0.6263176786186573,2,1593,797,30345,per_session_robust_mad_cf,5.045950174331665,1,within,shaft_car,multi_stft,2.0,256.0,0.5,0.5
2,4,gpt2_surprisal,0,-0.0,1.0,1.0,0.6068571428571429,1.0,0.6559995506932907,2,1750,875,30345,per_session_robust_mad_cf,6.229534149169922,1,within,shaft_car,multi_stft,2.0,256.0,0.5,0.5
2,4,gpt2_surprisal,1,-0.0,1.0,1.0,0.6,1.0,0.6592047793695077,2,1750,875,30345,per_session_robust_mad_cf,3.598338842391968,1,within,shaft_car,multi_stft,2.0,256.0,0.5,0.5
2,4,word_head_pos,0,-0.0,1.0,1.0,0.5714285714285714,1.0,0.5945059193546702,2,1750,875,30345,per_session_robust_mad_cf,5.670231342315674,1,within,shaft_car,multi_stft,2.0,256.0,0.5,0.5
2,4,word_head_pos,1,-0.0,1.0,1.0,0.5874285714285714,1.0,0.6226816296249856,2,1750,875,30345,per_session_robust_mad_cf,4.505106449127197,1,within,shaft_car,multi_stft,2.0,256.0,0.5,0.5
2,4,word_part_speech,0,-0.0,1.0,1.0,0.6450381679389313,1.0,0.68193869821106,2,1048,524,30345,per_session_robust_mad_cf,2.4636478424072266,1,within,shaft_car,multi_stft,2.0,256.0,0.5,0.5
2,4,word_part_speech,1,-0.0,1.0,1.0,0.6278625954198473,1.0,0.6613469494784686,2,1048,524,30345,per_session_robust_mad_cf,4.362277984619141,1,within,shaft_car,multi_stft,2.0,256.0,0.5,0.5
2,4,word_length,0,-0.0,1.0,1.0,0.6514285714285715,1.0,0.6808720729757688,2,1750,875,30345,per_session_robust_mad_cf,4.451990127563477,1,within,shaft_car,multi_stft,2.0,256.0,0.5,0.5
2,4,word_length,1,-0.0,1.0,1.0,0.64,1.0,0.6859124060896733,2,1750,875,30345,per_session_robust_mad_cf,3.9264962673187256,1,within,shaft_car,multi_stft,2.0,256.0,0.5,0.5
2,4,global_flow,0,-0.0,1.0,1.0,0.5645714285714286,1.0,0.5852585603377114,2,1750,875,30345,per_session_robust_mad_cf,3.942521810531616,1,within,shaft_car,multi_stft,2.0,256.0,0.5,0.5
2,4,global_flow,1,-0.0,1.0,1.0,0.6514285714285715,1.0,0.7158056696237318,2,1750,875,30345,per_session_robust_mad_cf,4.067493200302124,1,within,shaft_car,multi_stft,2.0,256.0,0.5,0.5
2,4,local_flow,0,-0.0,1.0,1.0,0.5874285714285714,1.0,0.6131521477905605,2,1750,875,30345,per_session_robust_mad_cf,5.458408117294312,1,within,shaft_car,multi_stft,2.0,256.0,0.5,0.5
2,4,local_flow,1,-0.0,1.0,1.0,0.6422857142857142,1.0,0.686169712548196,2,1750,875,30345,per_session_robust_mad_cf,3.388045310974121,1,within,shaft_car,multi_stft,2.0,256.0,0.5,0.5
2,4,frame_brightness,0,-0.0,1.0,1.0,0.4205714285714286,1.0,0.4103842094814164,2,1750,875,30345,per_session_robust_mad_cf,5.209392547607422,1,within,shaft_car,multi_stft,2.0,256.0,0.5,0.5
2,4,frame_brightness,1,-0.0,1.0,1.0,0.5108571428571429,1.0,0.5135445074867037,2,1750,875,30345,per_session_robust_mad_cf,3.918272018432617,1,within,shaft_car,multi_stft,2.0,256.0,0.5,0.5
2,4,face_num,0,-0.0,1.0,1.0,0.5154285714285715,1.0,0.5361535166086748,2,1750,875,30345,per_session_robust_mad_cf,3.974497795104981,1,within,shaft_car,multi_stft,2.0,256.0,0.5,0.5
2,4,face_num,1,-0.0,1.0,1.0,0.4845714285714286,1.0,0.5094772368682278,2,1750,875,30345,per_session_robust_mad_cf,4.704972743988037,1,within,shaft_car,multi_stft,2.0,256.0,0.5,0.5
3,0,onset,0,-0.0,1.0,1.0,0.872,1.0,0.9436172324796506,2,1750,875,27795,per_session_robust_mad_cf,7.892245769500732,1,within,shaft_car,multi_stft,2.0,256.0,0.5,0.5
3,0,onset,1,-0.0,1.0,1.0,0.8754285714285714,1.0,0.9165856869690604,2,1750,875,27795,per_session_robust_mad_cf,6.084116458892822,1,within,shaft_car,multi_stft,2.0,256.0,0.5,0.5
3,0,speech,0,-0.0,1.0,1.0,0.8617142857142858,1.0,0.921120550035004,2,1750,875,27795,per_session_robust_mad_cf,7.20598030090332,1,within,shaft_car,multi_stft,2.0,256.0,0.5,0.5
3,0,speech,1,-0.0,1.0,1.0,0.8742857142857143,1.0,0.9005935028160037,2,1750,875,27795,per_session_robust_mad_cf,6.146740674972534,1,within,shaft_car,multi_stft,2.0,256.0,0.5,0.5
3,0,volume,0,-0.0,1.0,1.0,0.768,1.0,0.8459975131396089,2,1750,875,27795,per_session_robust_mad_cf,6.391232490539551,1,within,shaft_car,multi_stft,2.0,256.0,0.5,0.5
3,0,volume,1,-0.0,1.0,1.0,0.7691428571428571,1.0,0.8396706477330909,2,1750,875,27795,per_session_robust_mad_cf,5.512917995452881,1,within,shaft_car,multi_stft,2.0,256.0,0.5,0.5
3,0,delta_volume,0,-0.0,1.0,1.0,0.6788571428571428,1.0,0.7527611464635382,2,1750,875,27795,per_session_robust_mad_cf,6.511369466781616,1,within,shaft_car,multi_stft,2.0,256.0,0.5,0.5
3,0,delta_volume,1,-0.0,1.0,1.0,0.6868571428571428,1.0,0.7583931538196295,2,1750,875,27795,per_session_robust_mad_cf,6.290632009506226,1,within,shaft_car,multi_stft,2.0,256.0,0.5,0.5
3,0,pitch,0,-0.0,1.0,1.0,0.552,1.0,0.577996510036258,2,1750,875,27795,per_session_robust_mad_cf,6.796687364578247,1,within,shaft_car,multi_stft,2.0,256.0,0.5,0.5
3,0,pitch,1,-0.0,1.0,1.0,0.5462857142857143,1.0,0.5581381983845857,2,1750,875,27795,per_session_robust_mad_cf,6.562782764434815,1,within,shaft_car,multi_stft,2.0,256.0,0.5,0.5
3,0,word_index,0,-0.0,1.0,1.0,0.7568681318681318,1.0,0.8273683733848567,2,1455,728,27795,per_session_robust_mad_cf,5.986682891845703,1,within,shaft_car,multi_stft,2.0,256.0,0.5,0.5
3,0,word_index,1,-0.0,1.0,1.0,0.7362637362637363,1.0,0.8145679869580968,2,1455,728,27795,per_session_robust_mad_cf,6.686568737030029,1,within,shaft_car,multi_stft,2.0,256.0,0.5,0.5
3,0,word_gap,0,-0.0,1.0,1.0,0.6434285714285715,1.0,0.6852502011431199,2,1750,875,27795,per_session_robust_mad_cf,6.101867198944092,1,within,shaft_car,multi_stft,2.0,256.0,0.5,0.5
3,0,word_gap,1,-0.0,1.0,1.0,0.6137142857142858,1.0,0.6680616072641401,2,1750,875,27795,per_session_robust_mad_cf,6.948437690734863,1,within,shaft_car,multi_stft,2.0,256.0,0.5,0.5
3,0,gpt2_surprisal,0,-0.0,1.0,1.0,0.6274285714285714,1.0,0.6601151479054992,2,1750,875,27795,per_session_robust_mad_cf,6.561453580856323,1,within,shaft_car,multi_stft,2.0,256.0,0.5,0.5
3,0,gpt2_surprisal,1,-0.0,1.0,1.0,0.616,1.0,0.6595404532773268,2,1750,875,27795,per_session_robust_mad_cf,7.012358903884888,1,within,shaft_car,multi_stft,2.0,256.0,0.5,0.5
3,0,word_head_pos,0,-0.0,1.0,1.0,0.5862857142857143,1.0,0.6169764793162179,2,1750,875,27795,per_session_robust_mad_cf,7.46708345413208,1,within,shaft_car,multi_stft,2.0,256.0,0.5,0.5
3,0,word_head_pos,1,-0.0,1.0,1.0,0.5691428571428572,1.0,0.6003260085890725,2,1750,875,27795,per_session_robust_mad_cf,5.1849205493927,1,within,shaft_car,multi_stft,2.0,256.0,0.5,0.5
3,0,word_part_speech,0,-0.0,1.0,1.0,0.6402048655569782,1.0,0.6791789625549216,2,1562,781,27795,per_session_robust_mad_cf,6.246159076690674,1,within,shaft_car,multi_stft,2.0,256.0,0.5,0.5
3,0,word_part_speech,1,-0.0,1.0,1.0,0.6235595390524968,1.0,0.6776247622794936,2,1562,781,27795,per_session_robust_mad_cf,4.923754453659058,1,within,shaft_car,multi_stft,2.0,256.0,0.5,0.5
3,0,word_length,0,-0.0,1.0,1.0,0.6011428571428571,1.0,0.6266000020897986,2,1750,875,27795,per_session_robust_mad_cf,7.048059940338135,1,within,shaft_car,multi_stft,2.0,256.0,0.5,0.5
3,0,word_length,1,-0.0,1.0,1.0,0.6114285714285714,1.0,0.6509775033175553,2,1750,875,27795,per_session_robust_mad_cf,5.78866720199585,1,within,shaft_car,multi_stft,2.0,256.0,0.5,0.5
3,0,global_flow,0,-0.0,1.0,1.0,0.6811428571428572,1.0,0.7223859231163077,2,1750,875,27795,per_session_robust_mad_cf,6.42791485786438,1,within,shaft_car,multi_stft,2.0,256.0,0.5,0.5
3,0,global_flow,1,-0.0,1.0,1.0,0.6628571428571428,1.0,0.714711137581894,2,1750,875,27795,per_session_robust_mad_cf,6.275472402572632,1,within,shaft_car,multi_stft,2.0,256.0,0.5,0.5
3,0,local_flow,0,-0.0,1.0,1.0,0.6274285714285714,1.0,0.6747385139441815,2,1750,875,27795,per_session_robust_mad_cf,5.458185195922852,1,within,shaft_car,multi_stft,2.0,256.0,0.5,0.5
3,0,local_flow,1,-0.0,1.0,1.0,0.6034285714285714,1.0,0.6277232688630452,2,1750,875,27795,per_session_robust_mad_cf,5.459754943847656,1,within,shaft_car,multi_stft,2.0,256.0,0.5,0.5
3,0,frame_brightness,0,-0.0,1.0,1.0,0.568,1.0,0.6118669216221018,2,1750,875,27795,per_session_robust_mad_cf,6.544025182723999,1,within,shaft_car,multi_stft,2.0,256.0,0.5,0.5
3,0,frame_brightness,1,-0.0,1.0,1.0,0.4731428571428571,1.0,0.4723049434187016,2,1750,875,27795,per_session_robust_mad_cf,5.844307661056519,1,within,shaft_car,multi_stft,2.0,256.0,0.5,0.5
3,0,face_num,0,-0.0,1.0,1.0,0.5028571428571429,1.0,0.5016927369047992,2,1750,875,27795,per_session_robust_mad_cf,6.933004140853882,1,within,shaft_car,multi_stft,2.0,256.0,0.5,0.5
3,0,face_num,1,-0.0,1.0,1.0,0.5268571428571428,1.0,0.5495765545489693,2,1750,875,27795,per_session_robust_mad_cf,6.019742488861084,1,within,shaft_car,multi_stft,2.0,256.0,0.5,0.5
3,1,onset,0,-0.0,1.0,1.0,0.8538324420677362,1.0,0.936514997458058,2,1122,561,27795,per_session_robust_mad_cf,4.278622627258301,1,within,shaft_car,multi_stft,2.0,256.0,0.5,0.5
3,1,onset,1,-0.0,1.0,1.0,0.9126559714795008,1.0,0.9634977122521609,2,1122,561,27795,per_session_robust_mad_cf,5.455325603485107,1,within,shaft_car,multi_stft,2.0,256.0,0.5,0.5
3,1,speech,0,-0.0,1.0,1.0,0.7874285714285715,1.0,0.8691524821583441,2,1750,875,27795,per_session_robust_mad_cf,7.069740295410156,1,within,shaft_car,multi_stft,2.0,256.0,0.5,0.5
3,1,speech,1,-0.0,1.0,1.0,0.8982857142857142,1.0,0.94719601266418,2,1750,875,27795,per_session_robust_mad_cf,6.55320405960083,1,within,shaft_car,multi_stft,2.0,256.0,0.5,0.5
3,1,volume,0,-0.0,1.0,1.0,0.7977142857142857,1.0,0.8766026143381085,2,1750,875,27795,per_session_robust_mad_cf,5.085961818695068,1,within,shaft_car,multi_stft,2.0,256.0,0.5,0.5
3,1,volume,1,-0.0,1.0,1.0,0.7988571428571428,1.0,0.8860432797299981,2,1750,875,27795,per_session_robust_mad_cf,6.946394920349121,1,within,shaft_car,multi_stft,2.0,256.0,0.5,0.5
3,1,delta_volume,0,-0.0,1.0,1.0,0.7828571428571428,1.0,0.8521833171373938,2,1750,875,27795,per_session_robust_mad_cf,6.478498220443726,1,within,shaft_car,multi_stft,2.0,256.0,0.5,0.5
3,1,delta_volume,1,-0.0,1.0,1.0,0.7771428571428571,1.0,0.8512847037187967,2,1750,875,27795,per_session_robust_mad_cf,5.46187686920166,1,within,shaft_car,multi_stft,2.0,256.0,0.5,0.5
3,1,pitch,0,-0.0,1.0,1.0,0.5382857142857143,1.0,0.5732735650920033,2,1750,875,27795,per_session_robust_mad_cf,7.150398015975952,1,within,shaft_car,multi_stft,2.0,256.0,0.5,0.5
3,1,pitch,1,-0.0,1.0,1.0,0.5805714285714285,1.0,0.6053363008474133,2,1750,875,27795,per_session_robust_mad_cf,5.373737812042236,1,within,shaft_car,multi_stft,2.0,256.0,0.5,0.5
3,1,word_index,0,-0.0,1.0,1.0,0.7947494033412887,1.0,0.8724310776942356,2,838,419,27795,per_session_robust_mad_cf,4.239803791046143,1,within,shaft_car,multi_stft,2.0,256.0,0.5,0.5
3,1,word_index,1,-0.0,1.0,1.0,0.7684964200477327,1.0,0.8452039188881293,2,838,419,27795,per_session_robust_mad_cf,4.405228614807129,1,within,shaft_car,multi_stft,2.0,256.0,0.5,0.5
3,1,word_gap,0,-0.0,1.0,1.0,0.6059850374064838,1.0,0.6288580294898662,2,1603,802,27795,per_session_robust_mad_cf,5.777336359024048,1,within,shaft_car,multi_stft,2.0,256.0,0.5,0.5
3,1,word_gap,1,-0.0,1.0,1.0,0.6321695760598504,1.0,0.6776512583876966,2,1603,802,27795,per_session_robust_mad_cf,6.495029449462891,1,within,shaft_car,multi_stft,2.0,256.0,0.5,0.5
3,1,gpt2_surprisal,0,-0.0,1.0,1.0,0.6205714285714286,1.0,0.6648015213734156,2,1750,875,27795,per_session_robust_mad_cf,6.678113460540772,1,within,shaft_car,multi_stft,2.0,256.0,0.5,0.5
3,1,gpt2_surprisal,1,-0.0,1.0,1.0,0.6365714285714286,1.0,0.6821259521645089,2,1750,875,27795,per_session_robust_mad_cf,6.1592981815338135,1,within,shaft_car,multi_stft,2.0,256.0,0.5,0.5
3,1,word_head_pos,0,-0.0,1.0,1.0,0.5954285714285714,1.0,0.6374878530453592,2,1750,875,27795,per_session_robust_mad_cf,7.347850561141968,1,within,shaft_car,multi_stft,2.0,256.0,0.5,0.5
3,1,word_head_pos,1,-0.0,1.0,1.0,0.608,1.0,0.6338829503777311,2,1750,875,27795,per_session_robust_mad_cf,5.759788274765015,1,within,shaft_car,multi_stft,2.0,256.0,0.5,0.5
3,1,word_part_speech,0,-0.0,1.0,1.0,0.6003683241252302,1.0,0.6453901671369655,2,1086,543,27795,per_session_robust_mad_cf,5.1895833015441895,1,within,shaft_car,multi_stft,2.0,256.0,0.5,0.5
3,1,word_part_speech,1,-0.0,1.0,1.0,0.6372007366482505,1.0,0.6789803559800304,2,1086,543,27795,per_session_robust_mad_cf,3.956470727920532,1,within,shaft_car,multi_stft,2.0,256.0,0.5,0.5
3,1,word_length,0,-0.0,1.0,1.0,0.6045714285714285,1.0,0.6538183233545448,2,1750,875,27795,per_session_robust_mad_cf,6.655454158782959,1,within,shaft_car,multi_stft,2.0,256.0,0.5,0.5
3,1,word_length,1,-0.0,1.0,1.0,0.6411428571428571,1.0,0.6872198363687658,2,1750,875,27795,per_session_robust_mad_cf,5.863889455795288,1,within,shaft_car,multi_stft,2.0,256.0,0.5,0.5
3,1,global_flow,0,-0.0,1.0,1.0,0.6114285714285714,1.0,0.6613847005840987,2,1750,875,27795,per_session_robust_mad_cf,7.310795307159424,1,within,shaft_car,multi_stft,2.0,256.0,0.5,0.5
3,1,global_flow,1,-0.0,1.0,1.0,0.6262857142857143,1.0,0.664017846880453,2,1750,875,27795,per_session_robust_mad_cf,5.483080625534058,1,within,shaft_car,multi_stft,2.0,256.0,0.5,0.5
3,1,local_flow,0,-0.0,1.0,1.0,0.7405714285714285,1.0,0.8127435921548958,2,1750,875,27795,per_session_robust_mad_cf,6.988371133804321,1,within,shaft_car,multi_stft,2.0,256.0,0.5,0.5
3,1,local_flow,1,-0.0,1.0,1.0,0.7154285714285714,1.0,0.7789463235217287,2,1750,875,27795,per_session_robust_mad_cf,6.782634735107422,1,within,shaft_car,multi_stft,2.0,256.0,0.5,0.5
3,1,frame_brightness,0,-0.0,1.0,1.0,0.5051428571428571,1.0,0.5347716372527507,2,1750,875,27795,per_session_robust_mad_cf,6.968990802764893,1,within,shaft_car,multi_stft,2.0,256.0,0.5,0.5
3,1,frame_brightness,1,-0.0,1.0,1.0,0.4914285714285714,1.0,0.4828923858186263,2,1750,875,27795,per_session_robust_mad_cf,6.743969917297363,1,within,shaft_car,multi_stft,2.0,256.0,0.5,0.5
3,1,face_num,0,-0.0,1.0,1.0,0.5154285714285715,1.0,0.5297247735180716,2,1750,875,27795,per_session_robust_mad_cf,7.569612741470337,1,within,shaft_car,multi_stft,2.0,256.0,0.5,0.5
3,1,face_num,1,-0.0,1.0,1.0,0.5085714285714286,1.0,0.5072881727845522,2,1750,875,27795,per_session_robust_mad_cf,5.389779329299927,1,within,shaft_car,multi_stft,2.0,256.0,0.5,0.5
4,0,onset,0,-0.0,1.0,1.0,0.8314393939393939,1.0,0.8925476354453628,2,1056,528,30600,per_session_robust_mad_cf,3.7933292388916016,1,within,shaft_car,multi_stft,2.0,256.0,0.5,0.5
4,0,onset,1,-0.0,1.0,1.0,0.8503787878787878,1.0,0.9143279384756656,2,1056,528,30600,per_session_robust_mad_cf,3.306210517883301,1,within,shaft_car,multi_stft,2.0,256.0,0.5,0.5
4,0,speech,0,-0.0,1.0,1.0,0.7622857142857142,1.0,0.8087677502272657,2,1750,875,30600,per_session_robust_mad_cf,4.297878742218018,1,within,shaft_car,multi_stft,2.0,256.0,0.5,0.5
4,0,speech,1,-0.0,1.0,1.0,0.8057142857142857,1.0,0.8618094521592845,2,1750,875,30600,per_session_robust_mad_cf,4.555314064025879,1,within,shaft_car,multi_stft,2.0,256.0,0.5,0.5
4,0,volume,0,-0.0,1.0,1.0,0.6190476190476191,1.0,0.6734523809523809,2,1679,840,30600,per_session_robust_mad_cf,6.071547269821167,1,within,shaft_car,multi_stft,2.0,256.0,0.5,0.5
4,0,volume,1,-0.0,1.0,1.0,0.5964285714285714,1.0,0.6355130385487529,2,1679,840,30600,per_session_robust_mad_cf,4.373598098754883,1,within,shaft_car,multi_stft,2.0,256.0,0.5,0.5
4,0,delta_volume,0,-0.0,1.0,1.0,0.7071428571428572,1.0,0.7788010204081632,2,1679,840,30600,per_session_robust_mad_cf,4.585700273513794,1,within,shaft_car,multi_stft,2.0,256.0,0.5,0.5
4,0,delta_volume,1,-0.0,1.0,1.0,0.7226190476190476,1.0,0.7945181405895692,2,1679,840,30600,per_session_robust_mad_cf,4.682706594467163,1,within,shaft_car,multi_stft,2.0,256.0,0.5,0.5
4,0,pitch,0,-0.0,1.0,1.0,0.5619047619047619,1.0,0.5839143990929705,2,1679,840,30600,per_session_robust_mad_cf,3.977550983428955,1,within,shaft_car,multi_stft,2.0,256.0,0.5,0.5
4,0,pitch,1,-0.0,1.0,1.0,0.5071428571428571,1.0,0.5269600340136055,2,1679,840,30600,per_session_robust_mad_cf,3.6175754070281982,1,within,shaft_car,multi_stft,2.0,256.0,0.5,0.5
4,0,word_index,0,-0.0,1.0,1.0,0.6455026455026455,1.0,0.7325662775398225,2,755,378,30600,per_session_robust_mad_cf,3.307201623916626,1,within,shaft_car,multi_stft,2.0,256.0,0.5,0.5
4,0,word_index,1,-0.0,1.0,1.0,0.7116402116402116,1.0,0.7545421460765376,2,755,378,30600,per_session_robust_mad_cf,3.378993034362793,1,within,shaft_car,multi_stft,2.0,256.0,0.5,0.5
4,0,word_gap,0,-0.0,1.0,1.0,0.6375176304654443,1.0,0.6784674146574361,2,1417,709,30600,per_session_robust_mad_cf,4.890024423599243,1,within,shaft_car,multi_stft,2.0,256.0,0.5,0.5
4,0,word_gap,1,-0.0,1.0,1.0,0.607898448519041,1.0,0.652068910638975,2,1417,709,30600,per_session_robust_mad_cf,3.5491576194763184,1,within,shaft_car,multi_stft,2.0,256.0,0.5,0.5
4,0,gpt2_surprisal,0,-0.0,1.0,1.0,0.5321428571428571,1.0,0.5576133786848072,2,1679,840,30600,per_session_robust_mad_cf,4.781029462814331,1,within,shaft_car,multi_stft,2.0,256.0,0.5,0.5
4,0,gpt2_surprisal,1,-0.0,1.0,1.0,0.569047619047619,1.0,0.5879733560090703,2,1679,840,30600,per_session_robust_mad_cf,3.351450204849243,1,within,shaft_car,multi_stft,2.0,256.0,0.5,0.5
4,0,word_head_pos,0,-0.0,1.0,1.0,0.5577142857142857,1.0,0.5726231152628445,2,1750,875,30600,per_session_robust_mad_cf,7.25239896774292,1,within,shaft_car,multi_stft,2.0,256.0,0.5,0.5
4,0,word_head_pos,1,-0.0,1.0,1.0,0.5451428571428572,1.0,0.5739906272530642,2,1750,875,30600,per_session_robust_mad_cf,5.073718309402466,1,within,shaft_car,multi_stft,2.0,256.0,0.5,0.5
4,0,word_part_speech,0,-0.0,1.0,1.0,0.48559670781893,1.0,0.4889117512574302,2,971,486,30600,per_session_robust_mad_cf,3.949336051940918,1,within,shaft_car,multi_stft,2.0,256.0,0.5,0.5
4,0,word_part_speech,1,-0.0,1.0,1.0,0.4917695473251028,1.0,0.5007747802672358,2,971,486,30600,per_session_robust_mad_cf,3.6258161067962646,1,within,shaft_car,multi_stft,2.0,256.0,0.5,0.5
4,0,word_length,0,-0.0,1.0,1.0,0.5399284862932062,1.0,0.5794564723264006,2,1678,839,30600,per_session_robust_mad_cf,2.995000123977661,1,within,shaft_car,multi_stft,2.0,256.0,0.5,0.5
4,0,word_length,1,-0.0,1.0,1.0,0.5744934445768772,1.0,0.5877628139561313,2,1678,839,30600,per_session_robust_mad_cf,3.638954162597656,1,within,shaft_car,multi_stft,2.0,256.0,0.5,0.5
4,0,global_flow,0,-0.0,1.0,1.0,0.7238095238095238,1.0,0.8270691609977324,2,1679,840,30600,per_session_robust_mad_cf,4.180848836898804,1,within,shaft_car,multi_stft,2.0,256.0,0.5,0.5
4,0,global_flow,1,-0.0,1.0,1.0,0.5928571428571429,1.0,0.6424263038548753,2,1679,840,30600,per_session_robust_mad_cf,3.7384846210479736,1,within,shaft_car,multi_stft,2.0,256.0,0.5,0.5
4,0,local_flow,0,-0.0,1.0,1.0,0.6309523809523809,1.0,0.7028571428571428,2,1679,840,30600,per_session_robust_mad_cf,4.5274083614349365,1,within,shaft_car,multi_stft,2.0,256.0,0.5,0.5
4,0,local_flow,1,-0.0,1.0,1.0,0.5928571428571429,1.0,0.6341156462585034,2,1679,840,30600,per_session_robust_mad_cf,3.544989585876465,1,within,shaft_car,multi_stft,2.0,256.0,0.5,0.5
4,0,frame_brightness,0,-0.0,1.0,1.0,0.3869047619047619,1.0,0.3692517006802721,2,1679,840,30600,per_session_robust_mad_cf,4.679476261138916,1,within,shaft_car,multi_stft,2.0,256.0,0.5,0.5
4,0,frame_brightness,1,-0.0,1.0,1.0,0.5464285714285714,1.0,0.5372123015873016,2,1679,840,30600,per_session_robust_mad_cf,3.3725390434265137,1,within,shaft_car,multi_stft,2.0,256.0,0.5,0.5
4,0,face_num,0,-0.0,1.0,1.0,0.4879773691654879,1.0,0.4891487012051664,2,1413,707,30600,per_session_robust_mad_cf,4.286740303039551,1,within,shaft_car,multi_stft,2.0,256.0,0.5,0.5
4,0,face_num,1,-0.0,1.0,1.0,0.4794908062234795,1.0,0.4810742465709576,2,1413,707,30600,per_session_robust_mad_cf,3.2226736545562744,1,within,shaft_car,multi_stft,2.0,256.0,0.5,0.5
4,1,onset,0,-0.0,1.0,1.0,0.7820689655172414,1.0,0.8487283685676454,2,1449,725,30600,per_session_robust_mad_cf,6.720231533050537,1,within,shaft_car,multi_stft,2.0,256.0,0.5,0.5
4,1,onset,1,-0.0,1.0,1.0,0.7296551724137931,1.0,0.7963163782475686,2,1449,725,30600,per_session_robust_mad_cf,4.357331275939941,1,within,shaft_car,multi_stft,2.0,256.0,0.5,0.5
4,1,speech,0,-0.0,1.0,1.0,0.7885714285714286,1.0,0.8461751460246805,2,1750,875,30600,per_session_robust_mad_cf,4.4169464111328125,1,within,shaft_car,multi_stft,2.0,256.0,0.5,0.5
4,1,speech,1,-0.0,1.0,1.0,0.7554285714285714,1.0,0.8333855782995307,2,1750,875,30600,per_session_robust_mad_cf,6.556611776351929,1,within,shaft_car,multi_stft,2.0,256.0,0.5,0.5
4,1,volume,0,-0.0,1.0,1.0,0.616,1.0,0.6534238738597536,2,1750,875,30600,per_session_robust_mad_cf,6.987204074859619,1,within,shaft_car,multi_stft,2.0,256.0,0.5,0.5
4,1,volume,1,-0.0,1.0,1.0,0.5771428571428572,1.0,0.6328236836880766,2,1750,875,30600,per_session_robust_mad_cf,6.319284915924072,1,within,shaft_car,multi_stft,2.0,256.0,0.5,0.5
4,1,delta_volume,0,-0.0,1.0,1.0,0.6742857142857143,1.0,0.734595571716665,2,1750,875,30600,per_session_robust_mad_cf,5.455881357192993,1,within,shaft_car,multi_stft,2.0,256.0,0.5,0.5
4,1,delta_volume,1,-0.0,1.0,1.0,0.5451428571428572,1.0,0.5544170506671682,2,1750,875,30600,per_session_robust_mad_cf,5.183615446090698,1,within,shaft_car,multi_stft,2.0,256.0,0.5,0.5
4,1,pitch,0,-0.0,1.0,1.0,0.5554285714285714,1.0,0.5640941245311014,2,1750,875,30600,per_session_robust_mad_cf,4.591058731079102,1,within,shaft_car,multi_stft,2.0,256.0,0.5,0.5
4,1,pitch,1,-0.0,1.0,1.0,0.56,1.0,0.5669049037125273,2,1750,875,30600,per_session_robust_mad_cf,6.522866487503052,1,within,shaft_car,multi_stft,2.0,256.0,0.5,0.5
4,1,word_index,0,-0.0,1.0,1.0,0.625,1.0,0.6822744082840237,2,1039,520,30600,per_session_robust_mad_cf,4.714967012405396,1,within,shaft_car,multi_stft,2.0,256.0,0.5,0.5
4,1,word_index,1,-0.0,1.0,1.0,0.5884615384615385,1.0,0.5950628698224851,2,1039,520,30600,per_session_robust_mad_cf,3.978032350540161,1,within,shaft_car,multi_stft,2.0,256.0,0.5,0.5
4,1,word_gap,0,-0.0,1.0,1.0,0.5787348586810229,1.0,0.6108671709706402,2,1486,743,30600,per_session_robust_mad_cf,5.099331855773926,1,within,shaft_car,multi_stft,2.0,256.0,0.5,0.5
4,1,word_gap,1,-0.0,1.0,1.0,0.5020188425302826,1.0,0.5044579456858824,2,1486,743,30600,per_session_robust_mad_cf,2.8846139907836914,1,within,shaft_car,multi_stft,2.0,256.0,0.5,0.5
4,1,gpt2_surprisal,0,-0.0,1.0,1.0,0.5074285714285715,1.0,0.5070661316782128,2,1750,875,30600,per_session_robust_mad_cf,6.222082138061523,1,within,shaft_car,multi_stft,2.0,256.0,0.5,0.5
4,1,gpt2_surprisal,1,-0.0,1.0,1.0,0.5337142857142857,1.0,0.5353763727364869,2,1750,875,30600,per_session_robust_mad_cf,5.804001569747925,1,within,shaft_car,multi_stft,2.0,256.0,0.5,0.5
4,1,word_head_pos,0,-0.0,1.0,1.0,0.536,1.0,0.5503641474143965,2,1750,875,30600,per_session_robust_mad_cf,6.7799458503723145,1,within,shaft_car,multi_stft,2.0,256.0,0.5,0.5
4,1,word_head_pos,1,-0.0,1.0,1.0,0.5177142857142857,1.0,0.5333166149441502,2,1750,875,30600,per_session_robust_mad_cf,4.474152088165283,1,within,shaft_car,multi_stft,2.0,256.0,0.5,0.5
4,1,word_part_speech,0,-0.0,1.0,1.0,0.5316901408450704,1.0,0.5375917476691132,2,1135,568,30600,per_session_robust_mad_cf,14.968125581741331,1,within,shaft_car,multi_stft,2.0,256.0,0.5,0.5
4,1,word_part_speech,1,-0.0,1.0,1.0,0.5369718309859155,1.0,0.5506657905177544,2,1135,568,30600,per_session_robust_mad_cf,5.630771636962891,1,within,shaft_car,multi_stft,2.0,256.0,0.5,0.5
4,1,word_length,0,-0.0,1.0,1.0,0.5428571428571428,1.0,0.5597159963637504,2,1750,875,30600,per_session_robust_mad_cf,5.342266321182251,1,within,shaft_car,multi_stft,2.0,256.0,0.5,0.5
4,1,word_length,1,-0.0,1.0,1.0,0.5131428571428571,1.0,0.5076499691754699,2,1750,875,30600,per_session_robust_mad_cf,5.595050811767578,1,within,shaft_car,multi_stft,2.0,256.0,0.5,0.5
4,1,global_flow,0,-0.0,1.0,1.0,0.5645714285714286,1.0,0.624433142116757,2,1750,875,30600,per_session_robust_mad_cf,4.002007961273193,1,within,shaft_car,multi_stft,2.0,256.0,0.5,0.5
4,1,global_flow,1,-0.0,1.0,1.0,0.544,1.0,0.5343980857444386,2,1750,875,30600,per_session_robust_mad_cf,4.692070245742798,1,within,shaft_car,multi_stft,2.0,256.0,0.5,0.5
4,1,local_flow,0,-0.0,1.0,1.0,0.56,1.0,0.5860853369277871,2,1750,875,30600,per_session_robust_mad_cf,7.973387241363525,1,within,shaft_car,multi_stft,2.0,256.0,0.5,0.5
4,1,local_flow,1,-0.0,1.0,1.0,0.5051428571428571,1.0,0.5145045087405828,2,1750,875,30600,per_session_robust_mad_cf,5.138064861297607,1,within,shaft_car,multi_stft,2.0,256.0,0.5,0.5
4,1,frame_brightness,0,-0.0,1.0,1.0,0.5908571428571429,1.0,0.6381435273711378,2,1750,875,30600,per_session_robust_mad_cf,3.3237032890319824,1,within,shaft_car,multi_stft,2.0,256.0,0.5,0.5
4,1,frame_brightness,1,-0.0,1.0,1.0,0.4491428571428571,1.0,0.4233775325747364,2,1750,875,30600,per_session_robust_mad_cf,4.678520202636719,1,within,shaft_car,multi_stft,2.0,256.0,0.5,0.5
4,1,face_num,0,-0.0,1.0,1.0,0.5211428571428571,1.0,0.5113894026310564,2,1750,875,30600,per_session_robust_mad_cf,6.156428813934326,1,within,shaft_car,multi_stft,2.0,256.0,0.5,0.5
4,1,face_num,1,-0.0,1.0,1.0,0.5211428571428571,1.0,0.5187350448784259,2,1750,875,30600,per_session_robust_mad_cf,10.65630292892456,1,within,shaft_car,multi_stft,2.0,256.0,0.5,0.5
7,0,onset,0,-0.0,1.0,1.0,0.752,1.0,0.8191697229971893,2,1750,875,30345,per_session_robust_mad_cf,4.751093626022339,1,within,shaft_car,multi_stft,2.0,256.0,0.5,0.5
7,0,onset,1,-0.0,1.0,1.0,0.7645714285714286,1.0,0.8514936835835868,2,1750,875,30345,per_session_robust_mad_cf,3.7980244159698486,1,within,shaft_car,multi_stft,2.0,256.0,0.5,0.5
7,0,speech,0,-0.0,1.0,1.0,0.7028571428571428,1.0,0.7465857914589928,2,1750,875,30345,per_session_robust_mad_cf,4.021969795227051,1,within,shaft_car,multi_stft,2.0,256.0,0.5,0.5
7,0,speech,1,-0.0,1.0,1.0,0.7531428571428571,1.0,0.8368546440550453,2,1750,875,30345,per_session_robust_mad_cf,3.966520547866821,1,within,shaft_car,multi_stft,2.0,256.0,0.5,0.5
7,0,volume,0,-0.0,1.0,1.0,0.4834285714285714,1.0,0.4935477466746079,2,1750,875,30345,per_session_robust_mad_cf,4.732097387313843,1,within,shaft_car,multi_stft,2.0,256.0,0.5,0.5
7,0,volume,1,-0.0,1.0,1.0,0.5782857142857143,1.0,0.6129901883953481,2,1750,875,30345,per_session_robust_mad_cf,3.71524429321289,1,within,shaft_car,multi_stft,2.0,256.0,0.5,0.5
7,0,delta_volume,0,-0.0,1.0,1.0,0.528,1.0,0.5389799692799598,2,1750,875,30345,per_session_robust_mad_cf,4.614351034164429,1,within,shaft_car,multi_stft,2.0,256.0,0.5,0.5
7,0,delta_volume,1,-0.0,1.0,1.0,0.5668571428571428,1.0,0.5927818354701524,2,1750,875,30345,per_session_robust_mad_cf,4.664266347885132,1,within,shaft_car,multi_stft,2.0,256.0,0.5,0.5
7,0,pitch,0,-0.0,1.0,1.0,0.528,1.0,0.5413989112149045,2,1750,875,30345,per_session_robust_mad_cf,3.838121891021729,1,within,shaft_car,multi_stft,2.0,256.0,0.5,0.5
7,0,pitch,1,-0.0,1.0,1.0,0.5474285714285714,1.0,0.5605153443465722,2,1750,875,30345,per_session_robust_mad_cf,3.683328628540039,1,within,shaft_car,multi_stft,2.0,256.0,0.5,0.5
7,0,word_index,0,-0.0,1.0,1.0,0.5508241758241759,1.0,0.5561601859678783,2,1455,728,30345,per_session_robust_mad_cf,4.1419172286987305,1,within,shaft_car,multi_stft,2.0,256.0,0.5,0.5
7,0,word_index,1,-0.0,1.0,1.0,0.5618131868131868,1.0,0.585632773819587,2,1455,728,30345,per_session_robust_mad_cf,2.907583475112915,1,within,shaft_car,multi_stft,2.0,256.0,0.5,0.5
7,0,word_gap,0,-0.0,1.0,1.0,0.5165714285714286,1.0,0.5175934923670105,2,1750,875,30345,per_session_robust_mad_cf,5.360848665237427,1,within,shaft_car,multi_stft,2.0,256.0,0.5,0.5
7,0,word_gap,1,-0.0,1.0,1.0,0.5017142857142857,1.0,0.4980930587337909,2,1750,875,30345,per_session_robust_mad_cf,3.4622020721435547,1,within,shaft_car,multi_stft,2.0,256.0,0.5,0.5
7,0,gpt2_surprisal,0,-0.0,1.0,1.0,0.5417142857142857,1.0,0.5502661881027763,2,1750,875,30345,per_session_robust_mad_cf,4.2067975997924805,1,within,shaft_car,multi_stft,2.0,256.0,0.5,0.5
7,0,gpt2_surprisal,1,-0.0,1.0,1.0,0.52,1.0,0.5491729621850935,2,1750,875,30345,per_session_robust_mad_cf,4.2634782791137695,1,within,shaft_car,multi_stft,2.0,256.0,0.5,0.5
7,0,word_head_pos,0,-0.0,1.0,1.0,0.5131428571428571,1.0,0.5218201101323887,2,1750,875,30345,per_session_robust_mad_cf,4.309946537017822,1,within,shaft_car,multi_stft,2.0,256.0,0.5,0.5
7,0,word_head_pos,1,-0.0,1.0,1.0,0.512,1.0,0.5221727636542219,2,1750,875,30345,per_session_robust_mad_cf,3.4131710529327397,1,within,shaft_car,multi_stft,2.0,256.0,0.5,0.5
7,0,word_part_speech,0,-0.0,1.0,1.0,0.5710627400768246,1.0,0.5744966883074301,2,1562,781,30345,per_session_robust_mad_cf,3.936668634414673,1,within,shaft_car,multi_stft,2.0,256.0,0.5,0.5
7,0,word_part_speech,1,-0.0,1.0,1.0,0.5364916773367477,1.0,0.5496032526723065,2,1562,781,30345,per_session_robust_mad_cf,4.148911476135254,1,within,shaft_car,multi_stft,2.0,256.0,0.5,0.5
7,0,word_length,0,-0.0,1.0,1.0,0.4948571428571429,1.0,0.4955604839973668,2,1750,875,30345,per_session_robust_mad_cf,4.641313314437866,1,within,shaft_car,multi_stft,2.0,256.0,0.5,0.5
7,0,word_length,1,-0.0,1.0,1.0,0.5462857142857143,1.0,0.5274547297367899,2,1750,875,30345,per_session_robust_mad_cf,3.519047260284424,1,within,shaft_car,multi_stft,2.0,256.0,0.5,0.5
7,0,global_flow,0,-0.0,1.0,1.0,0.5634285714285714,1.0,0.5962091052527089,2,1750,875,30345,per_session_robust_mad_cf,5.090228796005249,1,within,shaft_car,multi_stft,2.0,256.0,0.5,0.5
7,0,global_flow,1,-0.0,1.0,1.0,0.5851428571428572,1.0,0.6028128689800738,2,1750,875,30345,per_session_robust_mad_cf,4.187866687774658,1,within,shaft_car,multi_stft,2.0,256.0,0.5,0.5
7,0,local_flow,0,-0.0,1.0,1.0,0.5485714285714286,1.0,0.5745875259918707,2,1750,875,30345,per_session_robust_mad_cf,4.895170211791992,1,within,shaft_car,multi_stft,2.0,256.0,0.5,0.5
7,0,local_flow,1,-0.0,1.0,1.0,0.5691428571428572,1.0,0.5861728472461678,2,1750,875,30345,per_session_robust_mad_cf,4.855796575546265,1,within,shaft_car,multi_stft,2.0,256.0,0.5,0.5
7,0,frame_brightness,0,-0.0,1.0,1.0,0.4274285714285714,1.0,0.3986970105430342,2,1750,875,30345,per_session_robust_mad_cf,4.777047157287598,1,within,shaft_car,multi_stft,2.0,256.0,0.5,0.5
7,0,frame_brightness,1,-0.0,1.0,1.0,0.4148571428571428,1.0,0.3762525730645852,2,1750,875,30345,per_session_robust_mad_cf,3.400916814804077,1,within,shaft_car,multi_stft,2.0,256.0,0.5,0.5
7,0,face_num,0,-0.0,1.0,1.0,0.4434285714285714,1.0,0.4063456735943492,2,1750,875,30345,per_session_robust_mad_cf,5.16289210319519,1,within,shaft_car,multi_stft,2.0,256.0,0.5,0.5
7,0,face_num,1,-0.0,1.0,1.0,0.4857142857142857,1.0,0.4898435785712046,2,1750,875,30345,per_session_robust_mad_cf,3.8483285903930655,1,within,shaft_car,multi_stft,2.0,256.0,0.5,0.5
7,1,onset,0,-0.0,1.0,1.0,0.7048275862068966,1.0,0.7680395111334337,2,1449,725,30345,per_session_robust_mad_cf,4.949225664138794,1,within,shaft_car,multi_stft,2.0,256.0,0.5,0.5
7,1,onset,1,-0.0,1.0,1.0,0.6082758620689656,1.0,0.6432354687000594,2,1449,725,30345,per_session_robust_mad_cf,4.746418952941895,1,within,shaft_car,multi_stft,2.0,256.0,0.5,0.5
7,1,speech,0,-0.0,1.0,1.0,0.6782496782496783,1.0,0.7042509209445313,2,1554,777,30345,per_session_robust_mad_cf,5.501342296600342,1,within,shaft_car,multi_stft,2.0,256.0,0.5,0.5
7,1,speech,1,-0.0,1.0,1.0,0.6023166023166023,1.0,0.6402287122677761,2,1554,777,30345,per_session_robust_mad_cf,5.451366662979126,1,within,shaft_car,multi_stft,2.0,256.0,0.5,0.5
7,1,volume,0,-0.0,1.0,1.0,0.5737142857142857,1.0,0.6108638182711097,2,1750,875,30345,per_session_robust_mad_cf,6.739123344421387,1,within,shaft_car,multi_stft,2.0,256.0,0.5,0.5
7,1,volume,1,-0.0,1.0,1.0,0.5668571428571428,1.0,0.6064073226544622,2,1750,875,30345,per_session_robust_mad_cf,5.250947713851929,1,within,shaft_car,multi_stft,2.0,256.0,0.5,0.5
7,1,delta_volume,0,-0.0,1.0,1.0,0.592,1.0,0.638266303041702,2,1750,875,30345,per_session_robust_mad_cf,5.998380422592163,1,within,shaft_car,multi_stft,2.0,256.0,0.5,0.5
7,1,delta_volume,1,-0.0,1.0,1.0,0.5954285714285714,1.0,0.6459463130727354,2,1750,875,30345,per_session_robust_mad_cf,5.386188983917236,1,within,shaft_car,multi_stft,2.0,256.0,0.5,0.5
7,1,pitch,0,-0.0,1.0,1.0,0.544,1.0,0.5776882647356927,2,1750,875,30345,per_session_robust_mad_cf,5.873987674713135,1,within,shaft_car,multi_stft,2.0,256.0,0.5,0.5
7,1,pitch,1,-0.0,1.0,1.0,0.5451428571428572,1.0,0.5511425974107393,2,1750,875,30345,per_session_robust_mad_cf,6.0583655834198,1,within,shaft_car,multi_stft,2.0,256.0,0.5,0.5
7,1,word_index,0,-0.0,1.0,1.0,0.5211538461538462,1.0,0.5576479289940829,2,1039,520,30345,per_session_robust_mad_cf,4.508327960968018,1,within,shaft_car,multi_stft,2.0,256.0,0.5,0.5
7,1,word_index,1,-0.0,1.0,1.0,0.5307692307692308,1.0,0.5376923076923077,2,1039,520,30345,per_session_robust_mad_cf,3.3731040954589844,1,within,shaft_car,multi_stft,2.0,256.0,0.5,0.5
7,1,word_gap,0,-0.0,1.0,1.0,0.4912516823687752,1.0,0.5037025765875431,2,1486,743,30345,per_session_robust_mad_cf,4.245705842971802,1,within,shaft_car,multi_stft,2.0,256.0,0.5,0.5
7,1,word_gap,1,-0.0,1.0,1.0,0.522207267833109,1.0,0.5124844216444947,2,1486,743,30345,per_session_robust_mad_cf,5.257492065429688,1,within,shaft_car,multi_stft,2.0,256.0,0.5,0.5
7,1,gpt2_surprisal,0,-0.0,1.0,1.0,0.5131428571428571,1.0,0.5143621412076946,2,1750,875,30345,per_session_robust_mad_cf,6.170979022979736,1,within,shaft_car,multi_stft,2.0,256.0,0.5,0.5
7,1,gpt2_surprisal,1,-0.0,1.0,1.0,0.5188571428571429,1.0,0.5277786485272145,2,1750,875,30345,per_session_robust_mad_cf,5.102130651473999,1,within,shaft_car,multi_stft,2.0,256.0,0.5,0.5
7,1,word_head_pos,0,-0.0,1.0,1.0,0.5211428571428571,1.0,0.5369215176117781,2,1750,875,30345,per_session_robust_mad_cf,5.766170024871826,1,within,shaft_car,multi_stft,2.0,256.0,0.5,0.5
7,1,word_head_pos,1,-0.0,1.0,1.0,0.5588571428571428,1.0,0.5696216419547977,2,1750,875,30345,per_session_robust_mad_cf,5.084274053573608,1,within,shaft_car,multi_stft,2.0,256.0,0.5,0.5
7,1,word_part_speech,0,-0.0,1.0,1.0,0.5950704225352113,1.0,0.6225823249355287,2,1135,568,30345,per_session_robust_mad_cf,3.290655851364136,1,within,shaft_car,multi_stft,2.0,256.0,0.5,0.5
7,1,word_part_speech,1,-0.0,1.0,1.0,0.5598591549295775,1.0,0.5801676254711368,2,1135,568,30345,per_session_robust_mad_cf,4.131225109100342,1,within,shaft_car,multi_stft,2.0,256.0,0.5,0.5
7,1,word_length,0,-0.0,1.0,1.0,0.5257142857142857,1.0,0.5497737792963646,2,1750,875,30345,per_session_robust_mad_cf,6.273185729980469,1,within,shaft_car,multi_stft,2.0,256.0,0.5,0.5
7,1,word_length,1,-0.0,1.0,1.0,0.5371428571428571,1.0,0.5558132973887966,2,1750,875,30345,per_session_robust_mad_cf,4.963517189025879,1,within,shaft_car,multi_stft,2.0,256.0,0.5,0.5
7,1,global_flow,0,-0.0,1.0,1.0,0.5851428571428572,1.0,0.6138992508071848,2,1750,875,30345,per_session_robust_mad_cf,5.735403776168823,1,within,shaft_car,multi_stft,2.0,256.0,0.5,0.5
7,1,global_flow,1,-0.0,1.0,1.0,0.5588571428571428,1.0,0.5879335026070238,2,1750,875,30345,per_session_robust_mad_cf,4.9700446128845215,1,within,shaft_car,multi_stft,2.0,256.0,0.5,0.5
7,1,local_flow,0,-0.0,1.0,1.0,0.5611428571428572,1.0,0.5656301265373082,2,1750,875,30345,per_session_robust_mad_cf,5.166851282119751,1,within,shaft_car,multi_stft,2.0,256.0,0.5,0.5
7,1,local_flow,1,-0.0,1.0,1.0,0.5314285714285715,1.0,0.5598727312623428,2,1750,875,30345,per_session_robust_mad_cf,6.175494194030762,1,within,shaft_car,multi_stft,2.0,256.0,0.5,0.5
7,1,frame_brightness,0,-0.0,1.0,1.0,0.5245714285714286,1.0,0.5390165407562981,2,1750,875,30345,per_session_robust_mad_cf,5.895429372787476,1,within,shaft_car,multi_stft,2.0,256.0,0.5,0.5
7,1,frame_brightness,1,-0.0,1.0,1.0,0.5668571428571428,1.0,0.5829597818250212,2,1750,875,30345,per_session_robust_mad_cf,5.266731023788452,1,within,shaft_car,multi_stft,2.0,256.0,0.5,0.5
7,1,face_num,0,-0.0,1.0,1.0,0.5165714285714286,1.0,0.5443403028118241,2,1750,875,30345,per_session_robust_mad_cf,6.26068902015686,1,within,shaft_car,multi_stft,2.0,256.0,0.5,0.5
7,1,face_num,1,-0.0,1.0,1.0,0.5405714285714286,1.0,0.5548676635006218,2,1750,875,30345,per_session_robust_mad_cf,4.9891743659973145,1,within,shaft_car,multi_stft,2.0,256.0,0.5,0.5
10,0,onset,0,-0.0,1.0,1.0,0.7925211097708083,1.0,0.8631511553460218,2,1657,829,30600,per_session_robust_mad_cf,6.280809164047241,1,within,shaft_car,multi_stft,2.0,256.0,0.5,0.5
10,0,onset,1,-0.0,1.0,1.0,0.8769601930036188,1.0,0.9452010942320004,2,1657,829,30600,per_session_robust_mad_cf,4.13567590713501,1,within,shaft_car,multi_stft,2.0,256.0,0.5,0.5
10,0,speech,0,-0.0,1.0,1.0,0.7451428571428571,1.0,0.8032402328035693,2,1750,875,30600,per_session_robust_mad_cf,4.236006736755371,1,within,shaft_car,multi_stft,2.0,256.0,0.5,0.5
10,0,speech,1,-0.0,1.0,1.0,0.8034285714285714,1.0,0.8912730008463685,2,1750,875,30600,per_session_robust_mad_cf,3.5292694568634038,1,within,shaft_car,multi_stft,2.0,256.0,0.5,0.5
10,0,volume,0,-0.0,1.0,1.0,0.6857142857142857,1.0,0.7323203034387638,2,1750,875,30600,per_session_robust_mad_cf,3.700134038925171,1,within,shaft_car,multi_stft,2.0,256.0,0.5,0.5
10,0,volume,1,-0.0,1.0,1.0,0.6228571428571429,1.0,0.6500057469462817,2,1750,875,30600,per_session_robust_mad_cf,4.387836694717407,1,within,shaft_car,multi_stft,2.0,256.0,0.5,0.5
10,0,delta_volume,0,-0.0,1.0,1.0,0.6308571428571429,1.0,0.6918735567328088,2,1750,875,30600,per_session_robust_mad_cf,3.9792802333831783,1,within,shaft_car,multi_stft,2.0,256.0,0.5,0.5
10,0,delta_volume,1,-0.0,1.0,1.0,0.6388571428571429,1.0,0.7003646698640587,2,1750,875,30600,per_session_robust_mad_cf,5.420512914657593,1,within,shaft_car,multi_stft,2.0,256.0,0.5,0.5
10,0,pitch,0,-0.0,1.0,1.0,0.5497142857142857,1.0,0.5695328255122618,2,1750,875,30600,per_session_robust_mad_cf,4.66598105430603,1,within,shaft_car,multi_stft,2.0,256.0,0.5,0.5
10,0,pitch,1,-0.0,1.0,1.0,0.56,1.0,0.5824321076664263,2,1750,875,30600,per_session_robust_mad_cf,4.093236923217773,1,within,shaft_car,multi_stft,2.0,256.0,0.5,0.5
10,0,word_index,0,-0.0,1.0,1.0,0.7428571428571429,1.0,0.8064312024043567,2,1189,595,30600,per_session_robust_mad_cf,3.6055777072906494,1,within,shaft_car,multi_stft,2.0,256.0,0.5,0.5
10,0,word_index,1,-0.0,1.0,1.0,0.7226890756302521,1.0,0.7910763112105395,2,1189,595,30600,per_session_robust_mad_cf,3.9021754264831534,1,within,shaft_car,multi_stft,2.0,256.0,0.5,0.5
10,0,word_gap,0,-0.0,1.0,1.0,0.5714285714285714,1.0,0.6019612760310544,2,1750,875,30600,per_session_robust_mad_cf,4.319082736968994,1,within,shaft_car,multi_stft,2.0,256.0,0.5,0.5
10,0,word_gap,1,-0.0,1.0,1.0,0.6057142857142858,1.0,0.6387574057239584,2,1750,875,30600,per_session_robust_mad_cf,3.995920419692993,1,within,shaft_car,multi_stft,2.0,256.0,0.5,0.5
10,0,gpt2_surprisal,0,-0.0,1.0,1.0,0.5588571428571428,1.0,0.5497254527026321,2,1750,875,30600,per_session_robust_mad_cf,4.210763692855835,1,within,shaft_car,multi_stft,2.0,256.0,0.5,0.5
10,0,gpt2_surprisal,1,-0.0,1.0,1.0,0.536,1.0,0.5529398242479338,2,1750,875,30600,per_session_robust_mad_cf,3.0029449462890625,1,within,shaft_car,multi_stft,2.0,256.0,0.5,0.5
10,0,word_head_pos,0,-0.0,1.0,1.0,0.5542857142857143,1.0,0.5802848395557088,2,1750,875,30600,per_session_robust_mad_cf,4.659833669662476,1,within,shaft_car,multi_stft,2.0,256.0,0.5,0.5
10,0,word_head_pos,1,-0.0,1.0,1.0,0.5611428571428572,1.0,0.5851488459086966,2,1750,875,30600,per_session_robust_mad_cf,4.5497894287109375,1,within,shaft_car,multi_stft,2.0,256.0,0.5,0.5
10,0,word_part_speech,0,-0.0,1.0,1.0,0.5687789799072643,1.0,0.5832855559377748,2,1293,647,30600,per_session_robust_mad_cf,3.856711626052856,1,within,shaft_car,multi_stft,2.0,256.0,0.5,0.5
10,0,word_part_speech,1,-0.0,1.0,1.0,0.5672333848531684,1.0,0.6071742537170814,2,1293,647,30600,per_session_robust_mad_cf,4.1819987297058105,1,within,shaft_car,multi_stft,2.0,256.0,0.5,0.5
10,0,word_length,0,-0.0,1.0,1.0,0.5222857142857142,1.0,0.5331337575624588,2,1750,875,30600,per_session_robust_mad_cf,4.562666416168213,1,within,shaft_car,multi_stft,2.0,256.0,0.5,0.5
10,0,word_length,1,-0.0,1.0,1.0,0.5154285714285715,1.0,0.5292258340908853,2,1750,875,30600,per_session_robust_mad_cf,4.940869569778442,1,within,shaft_car,multi_stft,2.0,256.0,0.5,0.5
10,0,global_flow,0,-0.0,1.0,1.0,0.552,1.0,0.5669153527057669,2,1750,875,30600,per_session_robust_mad_cf,4.142946720123291,1,within,shaft_car,multi_stft,2.0,256.0,0.5,0.5
10,0,global_flow,1,-0.0,1.0,1.0,0.5668571428571428,1.0,0.5880797885123767,2,1750,875,30600,per_session_robust_mad_cf,4.871026992797852,1,within,shaft_car,multi_stft,2.0,256.0,0.5,0.5
10,0,local_flow,0,-0.0,1.0,1.0,0.5451428571428572,1.0,0.5837904767875615,2,1750,875,30600,per_session_robust_mad_cf,4.4523561000823975,1,within,shaft_car,multi_stft,2.0,256.0,0.5,0.5
10,0,local_flow,1,-0.0,1.0,1.0,0.5154285714285715,1.0,0.5216999467101344,2,1750,875,30600,per_session_robust_mad_cf,5.408372640609741,1,within,shaft_car,multi_stft,2.0,256.0,0.5,0.5
10,0,frame_brightness,0,-0.0,1.0,1.0,0.5508571428571428,1.0,0.5580180349623314,2,1750,875,30600,per_session_robust_mad_cf,4.638930559158325,1,within,shaft_car,multi_stft,2.0,256.0,0.5,0.5
10,0,frame_brightness,1,-0.0,1.0,1.0,0.4948571428571429,1.0,0.4910034168207893,2,1750,875,30600,per_session_robust_mad_cf,4.576918363571167,1,within,shaft_car,multi_stft,2.0,256.0,0.5,0.5
10,0,face_num,0,-0.0,1.0,1.0,0.52,1.0,0.5422113204392756,2,1750,875,30600,per_session_robust_mad_cf,4.27480149269104,1,within,shaft_car,multi_stft,2.0,256.0,0.5,0.5
10,0,face_num,1,-0.0,1.0,1.0,0.4742857142857143,1.0,0.4689612655820612,2,1750,875,30600,per_session_robust_mad_cf,4.598325967788696,1,within,shaft_car,multi_stft,2.0,256.0,0.5,0.5
10,1,onset,0,-0.0,1.0,1.0,0.9097142857142856,1.0,0.9646876273471052,2,1750,875,30600,per_session_robust_mad_cf,6.356386423110962,1,within,shaft_car,multi_stft,2.0,256.0,0.5,0.5
10,1,onset,1,-0.0,1.0,1.0,0.9131428571428571,1.0,0.969300857862345,2,1750,875,30600,per_session_robust_mad_cf,5.739428520202637,1,within,shaft_car,multi_stft,2.0,256.0,0.5,0.5
10,1,speech,0,-0.0,1.0,1.0,0.888,1.0,0.9455032757593806,2,1750,875,30600,per_session_robust_mad_cf,7.669526815414429,1,within,shaft_car,multi_stft,2.0,256.0,0.5,0.5
10,1,speech,1,-0.0,1.0,1.0,0.9074285714285716,1.0,0.9651108115733048,2,1750,875,30600,per_session_robust_mad_cf,7.382255792617798,1,within,shaft_car,multi_stft,2.0,256.0,0.5,0.5
10,1,volume,0,-0.0,1.0,1.0,0.752,1.0,0.8266512021566721,2,1750,875,30600,per_session_robust_mad_cf,4.568430185317993,1,within,shaft_car,multi_stft,2.0,256.0,0.5,0.5
10,1,volume,1,-0.0,1.0,1.0,0.7497142857142857,1.0,0.8286626333552761,2,1750,875,30600,per_session_robust_mad_cf,6.949341058731079,1,within,shaft_car,multi_stft,2.0,256.0,0.5,0.5
10,1,delta_volume,0,-0.0,1.0,1.0,0.7828571428571428,1.0,0.8590221832126474,2,1750,875,30600,per_session_robust_mad_cf,8.471752405166626,1,within,shaft_car,multi_stft,2.0,256.0,0.5,0.5
10,1,delta_volume,1,-0.0,1.0,1.0,0.6994285714285714,1.0,0.7658850819723519,2,1750,875,30600,per_session_robust_mad_cf,7.38360857963562,1,within,shaft_car,multi_stft,2.0,256.0,0.5,0.5
10,1,pitch,0,-0.0,1.0,1.0,0.5371428571428571,1.0,0.5320000417959729,2,1750,875,30600,per_session_robust_mad_cf,6.1860949993133545,1,within,shaft_car,multi_stft,2.0,256.0,0.5,0.5
10,1,pitch,1,-0.0,1.0,1.0,0.6217142857142857,1.0,0.6721471636207851,2,1750,875,30600,per_session_robust_mad_cf,8.322054147720337,1,within,shaft_car,multi_stft,2.0,256.0,0.5,0.5
10,1,word_index,0,-0.0,1.0,1.0,0.7164869029275809,1.0,0.7864482431149098,2,1298,649,30600,per_session_robust_mad_cf,8.849462985992432,1,within,shaft_car,multi_stft,2.0,256.0,0.5,0.5
10,1,word_index,1,-0.0,1.0,1.0,0.7303543913713405,1.0,0.7845394112060778,2,1298,649,30600,per_session_robust_mad_cf,7.5158305168151855,1,within,shaft_car,multi_stft,2.0,256.0,0.5,0.5
10,1,word_gap,0,-0.0,1.0,1.0,0.5005714285714286,1.0,0.5038661274986155,2,1750,875,30600,per_session_robust_mad_cf,9.752867460250854,1,within,shaft_car,multi_stft,2.0,256.0,0.5,0.5
10,1,word_gap,1,-0.0,1.0,1.0,0.608,1.0,0.6384752829064919,2,1750,875,30600,per_session_robust_mad_cf,10.022091627120972,1,within,shaft_car,multi_stft,2.0,256.0,0.5,0.5
10,1,gpt2_surprisal,0,-0.0,1.0,1.0,0.6114285714285714,1.0,0.6333187047427979,2,1750,875,30600,per_session_robust_mad_cf,8.163854122161865,1,within,shaft_car,multi_stft,2.0,256.0,0.5,0.5
10,1,gpt2_surprisal,1,-0.0,1.0,1.0,0.5668571428571428,1.0,0.5956553086110153,2,1750,875,30600,per_session_robust_mad_cf,9.848264932632446,1,within,shaft_car,multi_stft,2.0,256.0,0.5,0.5
10,1,word_head_pos,0,-0.0,1.0,1.0,0.5474285714285714,1.0,0.557229135972749,2,1750,875,30600,per_session_robust_mad_cf,9.55556869506836,1,within,shaft_car,multi_stft,2.0,256.0,0.5,0.5
10,1,word_head_pos,1,-0.0,1.0,1.0,0.5634285714285714,1.0,0.5947723686822775,2,1750,875,30600,per_session_robust_mad_cf,10.613447904586792,1,within,shaft_car,multi_stft,2.0,256.0,0.5,0.5
10,1,word_part_speech,0,-0.0,1.0,1.0,0.5726618705035971,1.0,0.5974941203749711,2,1390,695,30600,per_session_robust_mad_cf,7.34606671333313,1,within,shaft_car,multi_stft,2.0,256.0,0.5,0.5
10,1,word_part_speech,1,-0.0,1.0,1.0,0.5338129496402878,1.0,0.5565106495743484,2,1390,695,30600,per_session_robust_mad_cf,8.548781156539917,1,within,shaft_car,multi_stft,2.0,256.0,0.5,0.5
10,1,word_length,0,-0.0,1.0,1.0,0.6171428571428571,1.0,0.6391126714941014,2,1750,875,30600,per_session_robust_mad_cf,8.435407400131226,1,within,shaft_car,multi_stft,2.0,256.0,0.5,0.5
10,1,word_length,1,-0.0,1.0,1.0,0.5817142857142857,1.0,0.6173003981066425,2,1750,875,30600,per_session_robust_mad_cf,8.68228816986084,1,within,shaft_car,multi_stft,2.0,256.0,0.5,0.5
10,1,global_flow,0,-0.0,1.0,1.0,0.6148571428571429,1.0,0.6619123747426934,2,1750,875,30600,per_session_robust_mad_cf,5.574396133422852,1,within,shaft_car,multi_stft,2.0,256.0,0.5,0.5
10,1,global_flow,1,-0.0,1.0,1.0,0.6125714285714285,1.0,0.6716194894621903,2,1750,875,30600,per_session_robust_mad_cf,5.304966926574707,1,within,shaft_car,multi_stft,2.0,256.0,0.5,0.5
10,1,local_flow,0,-0.0,1.0,1.0,0.5565714285714286,1.0,0.5607974671640388,2,1750,875,30600,per_session_robust_mad_cf,7.14458966255188,1,within,shaft_car,multi_stft,2.0,256.0,0.5,0.5
10,1,local_flow,1,-0.0,1.0,1.0,0.5748571428571428,1.0,0.6084762233158836,2,1750,875,30600,per_session_robust_mad_cf,9.352720737457275,1,within,shaft_car,multi_stft,2.0,256.0,0.5,0.5
10,1,frame_brightness,0,-0.0,1.0,1.0,0.4902857142857142,1.0,0.4801730353280461,2,1750,875,30600,per_session_robust_mad_cf,9.269445419311523,1,within,shaft_car,multi_stft,2.0,256.0,0.5,0.5
10,1,frame_brightness,1,-0.0,1.0,1.0,0.6171428571428571,1.0,0.7031127550860474,2,1750,875,30600,per_session_robust_mad_cf,9.71449065208435,1,within,shaft_car,multi_stft,2.0,256.0,0.5,0.5
10,1,face_num,0,-0.0,1.0,1.0,0.4011428571428571,1.0,0.3694502784656698,2,1750,875,30600,per_session_robust_mad_cf,8.553638458251953,1,within,shaft_car,multi_stft,2.0,256.0,0.5,0.5
10,1,face_num,1,-0.0,1.0,1.0,0.5005714285714286,1.0,0.5005172251653554,2,1750,875,30600,per_session_robust_mad_cf,10.696761846542358,1,within,shaft_car,multi_stft,2.0,256.0,0.5,0.5
1,1,onset,0,-0.0,1.0,0.9989973262032086,0.6713465220165922,0.99999955317567,0.7382752430474105,2,2992,1567,1530,per_session_robust_mad_cf,8.473124742507935,1,cross,shaft_car,multi_stft,2.0,256.0,0.5,0.5
1,1,speech,0,-0.0,1.0,0.948,0.6651428571428571,0.9879239183673468,0.7169521632653062,2,3500,1750,1530,per_session_robust_mad_cf,13.791423082351685,1,cross,shaft_car,multi_stft,2.0,256.0,0.5,0.5
1,1,volume,0,-0.0,1.0,0.94,0.6034285714285714,0.9852724897959184,0.6378422857142858,2,3500,1750,1530,per_session_robust_mad_cf,15.072498321533203,1,cross,shaft_car,multi_stft,2.0,256.0,0.5,0.5
1,1,delta_volume,0,-0.0,1.0,0.8891428571428571,0.6137142857142858,0.9604434285714284,0.6576300408163265,2,3500,1750,1530,per_session_robust_mad_cf,21.89159893989563,1,cross,shaft_car,multi_stft,2.0,256.0,0.5,0.5
1,1,pitch,0,-0.0,1.0,0.8342857142857143,0.5428571428571428,0.9126393469387756,0.5474011428571428,2,3500,1750,1530,per_session_robust_mad_cf,21.9806489944458,1,cross,shaft_car,multi_stft,2.0,256.0,0.5,0.5
1,1,word_index,0,-0.0,1.0,1.0,0.5683576956147893,1.0,0.5887933176002982,2,2128,1163,1530,per_session_robust_mad_cf,10.803972482681274,1,cross,shaft_car,multi_stft,2.0,256.0,0.5,0.5
1,1,word_gap,0,-0.0,1.0,0.8327055869428751,0.5108571428571429,0.9149937599723208,0.5172545306122449,2,3186,1750,1530,per_session_robust_mad_cf,21.159443855285645,1,cross,shaft_car,multi_stft,2.0,256.0,0.5,0.5
1,1,gpt2_surprisal,0,-0.0,1.0,0.816,0.5314285714285715,0.8999898775510204,0.5368267755102041,2,3500,1750,1530,per_session_robust_mad_cf,20.6285138130188,1,cross,shaft_car,multi_stft,2.0,256.0,0.5,0.5
1,1,word_head_pos,0,-0.0,1.0,0.822,0.5148571428571429,0.9052897959183672,0.5256737959183673,2,3500,1750,1530,per_session_robust_mad_cf,21.12911796569824,1,cross,shaft_car,multi_stft,2.0,256.0,0.5,0.5
1,1,word_part_speech,0,-0.0,1.0,0.9737595419847328,0.5294471153846154,0.9973404449041432,0.5466770871856509,2,2096,1664,1530,per_session_robust_mad_cf,15.65537428855896,1,cross,shaft_car,multi_stft,2.0,256.0,0.5,0.5
1,1,word_length,0,-0.0,1.0,0.8097142857142857,0.5171428571428571,0.8968182857142857,0.5211128163265306,2,3500,1750,1530,per_session_robust_mad_cf,22.27587580680847,1,cross,shaft_car,multi_stft,2.0,256.0,0.5,0.5
1,1,global_flow,0,-0.0,1.0,0.8731428571428571,0.54,0.9473022040816328,0.5440496326530613,2,3500,1750,1530,per_session_robust_mad_cf,15.980110168457031,1,cross,shaft_car,multi_stft,2.0,256.0,0.5,0.5
1,1,local_flow,0,-0.0,1.0,0.8531428571428571,0.544,0.9330870204081632,0.5600483265306122,2,3500,1750,1530,per_session_robust_mad_cf,14.401109457015991,1,cross,shaft_car,multi_stft,2.0,256.0,0.5,0.5
1,1,frame_brightness,0,-0.0,1.0,0.8317142857142857,0.4942857142857143,0.911129469387755,0.4783059591836734,2,3500,1750,1530,per_session_robust_mad_cf,19.91741967201233,1,cross,shaft_car,multi_stft,2.0,256.0,0.5,0.5
1,1,face_num,0,-0.0,1.0,0.8037142857142857,0.5,0.8805776326530612,0.502401306122449,2,3500,1750,1530,per_session_robust_mad_cf,24.57754230499268,1,cross,shaft_car,multi_stft,2.0,256.0,0.5,0.5
1,2,onset,0,-0.0,1.0,0.9989973262032086,0.6748971193415638,0.99999955317567,0.7313695217343035,2,2992,1458,1530,per_session_robust_mad_cf,12.736566543579102,1,cross,shaft_car,multi_stft,2.0,256.0,0.5,0.5
1,2,speech,0,-0.0,1.0,0.948,0.7182857142857143,0.9879239183673468,0.7881939591836735,2,3500,1750,1530,per_session_robust_mad_cf,18.434812545776367,1,cross,shaft_car,multi_stft,2.0,256.0,0.5,0.5
1,2,volume,0,-0.0,1.0,0.94,0.6394285714285715,0.9852724897959184,0.6786951836734694,2,3500,1750,1530,per_session_robust_mad_cf,17.07625985145569,1,cross,shaft_car,multi_stft,2.0,256.0,0.5,0.5
1,2,delta_volume,0,-0.0,1.0,0.8891428571428571,0.5594285714285714,0.9604434285714284,0.5909955918367347,2,3500,1750,1530,per_session_robust_mad_cf,20.313185214996334,1,cross,shaft_car,multi_stft,2.0,256.0,0.5,0.5
1,2,pitch,0,-0.0,1.0,0.8342857142857143,0.5137142857142857,0.9126393469387756,0.5223967346938776,2,3500,1750,1530,per_session_robust_mad_cf,23.44861888885498,1,cross,shaft_car,multi_stft,2.0,256.0,0.5,0.5
1,2,word_index,0,-0.0,1.0,1.0,0.5254901960784314,1.0,0.5220126874279123,2,2128,1020,1530,per_session_robust_mad_cf,10.04751706123352,1,cross,shaft_car,multi_stft,2.0,256.0,0.5,0.5
1,2,word_gap,0,-0.0,1.0,0.8327055869428751,0.5017321016166282,0.9149937599723208,0.4950730442852648,2,3186,1732,1530,per_session_robust_mad_cf,22.687811136245728,1,cross,shaft_car,multi_stft,2.0,256.0,0.5,0.5
1,2,gpt2_surprisal,0,-0.0,1.0,0.816,0.5257142857142857,0.8999898775510204,0.5325113469387754,2,3500,1750,1530,per_session_robust_mad_cf,23.638967275619507,1,cross,shaft_car,multi_stft,2.0,256.0,0.5,0.5
1,2,word_head_pos,0,-0.0,1.0,0.822,0.5337142857142857,0.9052897959183672,0.540865306122449,2,3500,1750,1530,per_session_robust_mad_cf,18.80433559417725,1,cross,shaft_car,multi_stft,2.0,256.0,0.5,0.5
1,2,word_part_speech,0,-0.0,1.0,0.9737595419847328,0.5112107623318386,0.9973404449041432,0.5250381266770912,2,2096,1115,1530,per_session_robust_mad_cf,13.69405722618103,1,cross,shaft_car,multi_stft,2.0,256.0,0.5,0.5
1,2,word_length,0,-0.0,1.0,0.8097142857142857,0.5314285714285715,0.8968182857142857,0.5420421224489795,2,3500,1750,1530,per_session_robust_mad_cf,20.334461212158203,1,cross,shaft_car,multi_stft,2.0,256.0,0.5,0.5
1,2,global_flow,0,-0.0,1.0,0.8731428571428571,0.5257142857142857,0.9473022040816328,0.5324551836734694,2,3500,1750,1530,per_session_robust_mad_cf,21.658835411071777,1,cross,shaft_car,multi_stft,2.0,256.0,0.5,0.5
1,2,local_flow,0,-0.0,1.0,0.8531428571428571,0.5251428571428571,0.9330870204081632,0.5378808163265306,2,3500,1750,1530,per_session_robust_mad_cf,18.652342557907104,1,cross,shaft_car,multi_stft,2.0,256.0,0.5,0.5
1,2,frame_brightness,0,-0.0,1.0,0.8317142857142857,0.524,0.911129469387755,0.5305456326530613,2,3500,1750,1530,per_session_robust_mad_cf,20.05239534378052,1,cross,shaft_car,multi_stft,2.0,256.0,0.5,0.5
1,2,face_num,0,-0.0,1.0,0.8037142857142857,0.5485714285714286,0.8805776326530612,0.5604558367346939,2,3500,1750,1530,per_session_robust_mad_cf,19.29948115348816,1,cross,shaft_car,multi_stft,2.0,256.0,0.5,0.5
3,0,onset,0,-0.0,1.0,0.9344919786096256,0.7234285714285714,0.9835872487059968,0.8326530612244898,2,2992,1750,1020,per_session_robust_mad_cf,16.300168991088867,1,cross,shaft_car,multi_stft,2.0,256.0,0.5,0.5
3,0,speech,0,-0.0,1.0,0.9088571428571428,0.7577142857142857,0.9682657959183674,0.8458971428571429,2,3500,1750,1020,per_session_robust_mad_cf,22.658944368362427,1,cross,shaft_car,multi_stft,2.0,256.0,0.5,0.5
3,0,volume,0,-0.0,1.0,0.8234285714285714,0.6108571428571429,0.9117351836734694,0.6538736326530612,2,3500,1750,1020,per_session_robust_mad_cf,24.263998985290527,1,cross,shaft_car,multi_stft,2.0,256.0,0.5,0.5
3,0,delta_volume,0,-0.0,1.0,0.8337142857142857,0.616,0.9135402448979592,0.6731702857142858,2,3500,1750,1020,per_session_robust_mad_cf,20.6165463924408,1,cross,shaft_car,multi_stft,2.0,256.0,0.5,0.5
3,0,pitch,0,-0.0,1.0,0.7254285714285714,0.5365714285714286,0.8073322448979593,0.5343529795918367,2,3500,1750,1020,per_session_robust_mad_cf,22.52389240264893,1,cross,shaft_car,multi_stft,2.0,256.0,0.5,0.5
3,0,word_index,0,-0.0,1.0,0.9168233082706768,0.6178694158075602,0.9706473655944372,0.6706678809498618,2,2128,1455,1020,per_session_robust_mad_cf,28.26096081733704,1,cross,shaft_car,multi_stft,2.0,256.0,0.5,0.5
3,0,word_gap,0,-0.0,1.0,0.7570621468926554,0.5274285714285715,0.8432765918375631,0.5406014693877551,2,3186,1750,1020,per_session_robust_mad_cf,24.64146828651428,1,cross,shaft_car,multi_stft,2.0,256.0,0.5,0.5
3,0,gpt2_surprisal,0,-0.0,1.0,0.7565714285714286,0.5428571428571428,0.8410667755102041,0.5529443265306122,2,3500,1750,1020,per_session_robust_mad_cf,28.4053373336792,1,cross,shaft_car,multi_stft,2.0,256.0,0.5,0.5
3,0,word_head_pos,0,-0.0,1.0,0.76,0.5257142857142857,0.8397887346938775,0.5418866938775511,2,3500,1750,1020,per_session_robust_mad_cf,29.992111206054688,1,cross,shaft_car,multi_stft,2.0,256.0,0.5,0.5
3,0,word_part_speech,0,-0.0,1.0,0.8468511450381679,0.4961587708066581,0.9257373186294506,0.5049093302686565,2,2096,1562,1020,per_session_robust_mad_cf,15.862067222595217,1,cross,shaft_car,multi_stft,2.0,256.0,0.5,0.5
3,0,word_length,0,-0.0,1.0,0.762,0.5074285714285715,0.8432976326530612,0.5113364897959183,2,3500,1750,1020,per_session_robust_mad_cf,22.89237642288208,1,cross,shaft_car,multi_stft,2.0,256.0,0.5,0.5
3,0,global_flow,0,-0.0,1.0,0.7857142857142857,0.5382857142857143,0.8684133877551019,0.5399170612244898,2,3500,1750,1020,per_session_robust_mad_cf,26.14060926437378,1,cross,shaft_car,multi_stft,2.0,256.0,0.5,0.5
3,0,local_flow,0,-0.0,1.0,0.7711428571428571,0.5068571428571429,0.8522017959183673,0.5125028571428571,2,3500,1750,1020,per_session_robust_mad_cf,21.1672797203064,1,cross,shaft_car,multi_stft,2.0,256.0,0.5,0.5
3,0,frame_brightness,0,-0.0,1.0,0.7608571428571429,0.5097142857142857,0.8406357551020409,0.5011382857142856,2,3500,1750,1020,per_session_robust_mad_cf,27.884397745132446,1,cross,shaft_car,multi_stft,2.0,256.0,0.5,0.5
3,0,face_num,0,-0.0,1.0,0.744,0.5045714285714286,0.8170775510204081,0.5146057142857143,2,3500,1750,1020,per_session_robust_mad_cf,18.11924719810486,1,cross,shaft_car,multi_stft,2.0,256.0,0.5,0.5
3,1,onset,0,-0.0,1.0,0.9344919786096256,0.7477718360071302,0.9835872487059968,0.8230623313982861,2,2992,1122,1020,per_session_robust_mad_cf,14.925824880599976,1,cross,shaft_car,multi_stft,2.0,256.0,0.5,0.5
3,1,speech,0,-0.0,1.0,0.9088571428571428,0.7548571428571429,0.9682657959183674,0.8207777959183673,2,3500,1750,1020,per_session_robust_mad_cf,20.00782012939453,1,cross,shaft_car,multi_stft,2.0,256.0,0.5,0.5
3,1,volume,0,-0.0,1.0,0.8234285714285714,0.6365714285714286,0.9117351836734694,0.6829217959183674,2,3500,1750,1020,per_session_robust_mad_cf,19.999851942062374,1,cross,shaft_car,multi_stft,2.0,256.0,0.5,0.5
3,1,delta_volume,0,-0.0,1.0,0.8337142857142857,0.692,0.9135402448979592,0.7750517551020408,2,3500,1750,1020,per_session_robust_mad_cf,16.361039876937866,1,cross,shaft_car,multi_stft,2.0,256.0,0.5,0.5
3,1,pitch,0,-0.0,1.0,0.7254285714285714,0.484,0.8073322448979593,0.4864848979591837,2,3500,1750,1020,per_session_robust_mad_cf,19.734239101409912,1,cross,shaft_car,multi_stft,2.0,256.0,0.5,0.5
3,1,word_index,0,-0.0,1.0,0.9168233082706768,0.6551312649164678,0.9706473655944372,0.7144838546146353,2,2128,838,1020,per_session_robust_mad_cf,27.138125896453857,1,cross,shaft_car,multi_stft,2.0,256.0,0.5,0.5
3,1,word_gap,0,-0.0,1.0,0.7570621468926554,0.5352464129756707,0.8432765918375631,0.5459385244753285,2,3186,1603,1020,per_session_robust_mad_cf,23.429011583328247,1,cross,shaft_car,multi_stft,2.0,256.0,0.5,0.5
3,1,gpt2_surprisal,0,-0.0,1.0,0.7565714285714286,0.5497142857142857,0.8410667755102041,0.5885701224489797,2,3500,1750,1020,per_session_robust_mad_cf,19.918519020080566,1,cross,shaft_car,multi_stft,2.0,256.0,0.5,0.5
3,1,word_head_pos,0,-0.0,1.0,0.76,0.5308571428571428,0.8397887346938775,0.559305142857143,2,3500,1750,1020,per_session_robust_mad_cf,24.681349754333496,1,cross,shaft_car,multi_stft,2.0,256.0,0.5,0.5
3,1,word_part_speech,0,-0.0,1.0,0.8468511450381679,0.503683241252302,0.9257373186294506,0.5042648949123111,2,2096,1086,1020,per_session_robust_mad_cf,17.654206037521362,1,cross,shaft_car,multi_stft,2.0,256.0,0.5,0.5
3,1,word_length,0,-0.0,1.0,0.762,0.5017142857142857,0.8432976326530612,0.5079928163265306,2,3500,1750,1020,per_session_robust_mad_cf,19.670502185821533,1,cross,shaft_car,multi_stft,2.0,256.0,0.5,0.5
3,1,global_flow,0,-0.0,1.0,0.7857142857142857,0.5514285714285714,0.8684133877551019,0.5877995102040816,2,3500,1750,1020,per_session_robust_mad_cf,16.5834481716156,1,cross,shaft_car,multi_stft,2.0,256.0,0.5,0.5
3,1,local_flow,0,-0.0,1.0,0.7711428571428571,0.564,0.8522017959183673,0.5901400816326531,2,3500,1750,1020,per_session_robust_mad_cf,19.30156707763672,1,cross,shaft_car,multi_stft,2.0,256.0,0.5,0.5
3,1,frame_brightness,0,-0.0,1.0,0.7608571428571429,0.4822857142857142,0.8406357551020409,0.4712528979591837,2,3500,1750,1020,per_session_robust_mad_cf,31.75450444221497,1,cross,shaft_car,multi_stft,2.0,256.0,0.5,0.5
3,1,face_num,0,-0.0,1.0,0.744,0.5085714285714286,0.8170775510204081,0.4986422857142857,2,3500,1750,1020,per_session_robust_mad_cf,19.44032311439514,1,cross,shaft_car,multi_stft,2.0,256.0,0.5,0.5
4,0,onset,0,-0.0,1.0,1.0,0.6221590909090909,1.0,0.6495754777892562,2,2992,1056,2295,per_session_robust_mad_cf,8.291934251785278,1,cross,shaft_car,multi_stft,2.0,256.0,0.5,0.5
4,0,speech,0,-0.0,1.0,1.0,0.5965714285714285,1.0,0.630803918367347,2,3500,1750,2295,per_session_robust_mad_cf,17.684221029281616,1,cross,shaft_car,multi_stft,2.0,256.0,0.5,0.5
4,0,volume,0,-0.0,1.0,1.0,0.5390113162596784,1.0,0.5575018445995801,2,3500,1679,2295,per_session_robust_mad_cf,44.06636595726013,1,cross,shaft_car,multi_stft,2.0,256.0,0.5,0.5
4,0,delta_volume,0,-0.0,1.0,0.9974285714285714,0.5759380583680762,0.999982693877551,0.610566008286509,2,3500,1679,2295,per_session_robust_mad_cf,47.375532388687134,1,cross,shaft_car,multi_stft,2.0,256.0,0.5,0.5
4,0,pitch,0,-0.0,1.0,0.9431428571428572,0.5020845741512805,0.9841603265306124,0.5125411487598616,2,3500,1679,2295,per_session_robust_mad_cf,55.03896951675415,1,cross,shaft_car,multi_stft,2.0,256.0,0.5,0.5
4,0,word_index,0,-0.0,1.0,1.0,0.6158940397350994,1.0,0.6594774956843923,2,2128,755,2295,per_session_robust_mad_cf,6.951195240020752,1,cross,shaft_car,multi_stft,2.0,256.0,0.5,0.5
4,0,word_gap,0,-0.0,1.0,0.9814814814814816,0.5285815102328864,0.9985585082885772,0.542040193476927,2,3186,1417,2295,per_session_robust_mad_cf,26.879562616348267,1,cross,shaft_car,multi_stft,2.0,256.0,0.5,0.5
4,0,gpt2_surprisal,0,-0.0,1.0,0.9651428571428572,0.5181655747468732,0.9952979591836736,0.5175357568533969,2,3500,1679,2295,per_session_robust_mad_cf,84.92886877059937,1,cross,shaft_car,multi_stft,2.0,256.0,0.5,0.5
4,0,word_head_pos,0,-0.0,1.0,0.958,0.5377142857142857,0.991312,0.552547918367347,2,3500,1750,2295,per_session_robust_mad_cf,39.86631989479065,1,cross,shaft_car,multi_stft,2.0,256.0,0.5,0.5
4,0,word_part_speech,0,-0.0,1.0,1.0,0.5355303810504635,1.0,0.5451211234143651,2,2096,971,2295,per_session_robust_mad_cf,15.957416296005247,1,cross,shaft_car,multi_stft,2.0,256.0,0.5,0.5
4,0,word_length,0,-0.0,1.0,0.9637142857142856,0.533969010727056,0.9938119183673468,0.5484194959377544,2,3500,1678,2295,per_session_robust_mad_cf,35.77927803993225,1,cross,shaft_car,multi_stft,2.0,256.0,0.5,0.5
4,0,global_flow,0,-0.0,1.0,0.994,0.4901727218582489,0.999831836734694,0.4802085106986775,2,3500,1679,2295,per_session_robust_mad_cf,28.016231536865234,1,cross,shaft_car,multi_stft,2.0,256.0,0.5,0.5
4,0,local_flow,0,-0.0,1.0,0.9682857142857144,0.4913639070875521,0.9956604081632652,0.4762341080651569,2,3500,1679,2295,per_session_robust_mad_cf,61.6990818977356,1,cross,shaft_car,multi_stft,2.0,256.0,0.5,0.5
4,0,frame_brightness,0,-0.0,1.0,0.9885714285714284,0.4860035735556879,0.9995862857142856,0.4853120211135705,2,3500,1679,2295,per_session_robust_mad_cf,92.8019404411316,1,cross,shaft_car,multi_stft,2.0,256.0,0.5,0.5
4,0,face_num,0,-0.0,1.0,0.946,0.4996461429582449,0.989674775510204,0.4975818504553814,2,3500,1413,2295,per_session_robust_mad_cf,36.57353925704956,1,cross,shaft_car,multi_stft,2.0,256.0,0.5,0.5
4,1,onset,0,-0.0,1.0,1.0,0.6038647342995169,1.0,0.6240945894456087,2,2992,1449,2295,per_session_robust_mad_cf,8.278081178665161,1,cross,shaft_car,multi_stft,2.0,256.0,0.5,0.5
4,1,speech,0,-0.0,1.0,1.0,0.588,1.0,0.619638857142857,2,3500,1750,2295,per_session_robust_mad_cf,17.420976161956787,1,cross,shaft_car,multi_stft,2.0,256.0,0.5,0.5
4,1,volume,0,-0.0,1.0,1.0,0.4765714285714286,1.0,0.4669518367346938,2,3500,1750,2295,per_session_robust_mad_cf,40.46639084815979,1,cross,shaft_car,multi_stft,2.0,256.0,0.5,0.5
4,1,delta_volume,0,-0.0,1.0,0.9974285714285714,0.5394285714285715,0.999982693877551,0.5492669387755102,2,3500,1750,2295,per_session_robust_mad_cf,44.51139116287232,1,cross,shaft_car,multi_stft,2.0,256.0,0.5,0.5
4,1,pitch,0,-0.0,1.0,0.9431428571428572,0.5217142857142857,0.9841603265306124,0.5266354285714285,2,3500,1750,2295,per_session_robust_mad_cf,58.84156203269959,1,cross,shaft_car,multi_stft,2.0,256.0,0.5,0.5
4,1,word_index,0,-0.0,1.0,1.0,0.5717035611164581,1.0,0.5995905587668593,2,2128,1039,2295,per_session_robust_mad_cf,7.48524284362793,1,cross,shaft_car,multi_stft,2.0,256.0,0.5,0.5
4,1,word_gap,0,-0.0,1.0,0.9814814814814816,0.5336473755047106,0.9985585082885772,0.5429110459397627,2,3186,1486,2295,per_session_robust_mad_cf,21.720494747161865,1,cross,shaft_car,multi_stft,2.0,256.0,0.5,0.5
4,1,gpt2_surprisal,0,-0.0,1.0,0.9651428571428572,0.5137142857142857,0.9952979591836736,0.508157387755102,2,3500,1750,2295,per_session_robust_mad_cf,83.85633730888367,1,cross,shaft_car,multi_stft,2.0,256.0,0.5,0.5
4,1,word_head_pos,0,-0.0,1.0,0.958,0.5308571428571428,0.991312,0.5399506938775511,2,3500,1750,2295,per_session_robust_mad_cf,43.63697910308838,1,cross,shaft_car,multi_stft,2.0,256.0,0.5,0.5
4,1,word_part_speech,0,-0.0,1.0,1.0,0.5127753303964758,1.0,0.5018133492311896,2,2096,1135,2295,per_session_robust_mad_cf,16.161534309387207,1,cross,shaft_car,multi_stft,2.0,256.0,0.5,0.5
4,1,word_length,0,-0.0,1.0,0.9637142857142856,0.5108571428571429,0.9938119183673468,0.5169054693877551,2,3500,1750,2295,per_session_robust_mad_cf,36.931838512420654,1,cross,shaft_car,multi_stft,2.0,256.0,0.5,0.5
4,1,global_flow,0,-0.0,1.0,0.994,0.4634285714285714,0.999831836734694,0.4556604081632653,2,3500,1750,2295,per_session_robust_mad_cf,32.12644410133362,1,cross,shaft_car,multi_stft,2.0,256.0,0.5,0.5
4,1,local_flow,0,-0.0,1.0,0.9682857142857144,0.4817142857142857,0.9956604081632652,0.4516401632653061,2,3500,1750,2295,per_session_robust_mad_cf,62.98853015899658,1,cross,shaft_car,multi_stft,2.0,256.0,0.5,0.5
4,1,frame_brightness,0,-0.0,1.0,0.9885714285714284,0.5194285714285715,0.9995862857142856,0.4997675102040816,2,3500,1750,2295,per_session_robust_mad_cf,95.6769745349884,1,cross,shaft_car,multi_stft,2.0,256.0,0.5,0.5
4,1,face_num,0,-0.0,1.0,0.946,0.4965714285714285,0.989674775510204,0.498814693877551,2,3500,1750,2295,per_session_robust_mad_cf,39.170318365097046,1,cross,shaft_car,multi_stft,2.0,256.0,0.5,0.5
7,0,onset,0,-0.0,1.0,0.9996657754010696,0.504,1.0,0.5148940408163265,2,2992,1750,1530,per_session_robust_mad_cf,19.41948175430298,1,cross,shaft_car,multi_stft,2.0,256.0,0.5,0.5
7,0,speech,0,-0.0,1.0,0.9751428571428572,0.5165714285714286,0.9962915918367348,0.5112607346938776,2,3500,1750,1530,per_session_robust_mad_cf,49.93989729881287,1,cross,shaft_car,multi_stft,2.0,256.0,0.5,0.5
7,0,volume,0,-0.0,1.0,0.8942857142857142,0.5211428571428571,0.966112,0.5313711020408163,2,3500,1750,1530,per_session_robust_mad_cf,72.76981449127197,1,cross,shaft_car,multi_stft,2.0,256.0,0.5,0.5
7,0,delta_volume,0,-0.0,1.0,0.8942857142857142,0.5097142857142857,0.9614622040816326,0.5212695510204082,2,3500,1750,1530,per_session_robust_mad_cf,46.09141206741333,1,cross,shaft_car,multi_stft,2.0,256.0,0.5,0.5
7,0,pitch,0,-0.0,1.0,0.8031428571428572,0.4988571428571428,0.8854553469387756,0.5019807346938776,2,3500,1750,1530,per_session_robust_mad_cf,48.638794898986816,1,cross,shaft_car,multi_stft,2.0,256.0,0.5,0.5
7,0,word_index,0,-0.0,1.0,1.0,0.4996563573883161,1.0,0.5066640718291338,2,2128,1455,1530,per_session_robust_mad_cf,15.477783918380736,1,cross,shaft_car,multi_stft,2.0,256.0,0.5,0.5
7,0,word_gap,0,-0.0,1.0,0.8430634023854363,0.504,0.9217243992372468,0.4981968979591836,2,3186,1750,1530,per_session_robust_mad_cf,25.137775421142575,1,cross,shaft_car,multi_stft,2.0,256.0,0.5,0.5
7,0,gpt2_surprisal,0,-0.0,1.0,0.834,0.504,0.9130788571428572,0.4984659591836735,2,3500,1750,1530,per_session_robust_mad_cf,92.31892323493958,1,cross,shaft_car,multi_stft,2.0,256.0,0.5,0.5
7,0,word_head_pos,0,-0.0,1.0,0.8188571428571428,0.4885714285714285,0.9028698775510204,0.482813387755102,2,3500,1750,1530,per_session_robust_mad_cf,30.99898767471313,1,cross,shaft_car,multi_stft,2.0,256.0,0.5,0.5
7,0,word_part_speech,0,-0.0,1.0,0.987118320610687,0.501280409731114,0.999147776936076,0.5045478317466199,2,2096,1562,1530,per_session_robust_mad_cf,26.830886602401733,1,cross,shaft_car,multi_stft,2.0,256.0,0.5,0.5
7,0,word_length,0,-0.0,1.0,0.818,0.4982857142857143,0.9037008979591836,0.4948819591836735,2,3500,1750,1530,per_session_robust_mad_cf,39.91995573043823,1,cross,shaft_car,multi_stft,2.0,256.0,0.5,0.5
7,0,global_flow,0,-0.0,1.0,0.8497142857142858,0.5274285714285715,0.9299830204081632,0.5366595918367347,2,3500,1750,1530,per_session_robust_mad_cf,47.92115139961243,1,cross,shaft_car,multi_stft,2.0,256.0,0.5,0.5
7,0,local_flow,0,-0.0,1.0,0.8362857142857143,0.4994285714285714,0.9234608979591836,0.5133387755102041,2,3500,1750,1530,per_session_robust_mad_cf,62.36195492744446,1,cross,shaft_car,multi_stft,2.0,256.0,0.5,0.5
7,0,frame_brightness,0,-0.0,1.0,0.8434285714285714,0.4788571428571428,0.9239007346938776,0.4700943673469387,2,3500,1750,1530,per_session_robust_mad_cf,91.60756635665894,1,cross,shaft_car,multi_stft,2.0,256.0,0.5,0.5
7,0,face_num,0,-0.0,1.0,0.8137142857142857,0.4942857142857143,0.8940271020408164,0.4771970612244897,2,3500,1750,1530,per_session_robust_mad_cf,35.56416320800781,1,cross,shaft_car,multi_stft,2.0,256.0,0.5,0.5
7,1,onset,0,-0.0,1.0,0.9996657754010696,0.5314009661835749,1.0,0.5416831777481426,2,2992,1449,1530,per_session_robust_mad_cf,18.422857761383057,1,cross,shaft_car,multi_stft,2.0,256.0,0.5,0.5
7,1,speech,0,-0.0,1.0,0.9751428571428572,0.51994851994852,0.9962915918367348,0.5159053151331143,2,3500,1554,1530,per_session_robust_mad_cf,47.58876919746399,1,cross,shaft_car,multi_stft,2.0,256.0,0.5,0.5
7,1,volume,0,-0.0,1.0,0.8942857142857142,0.4994285714285714,0.966112,0.5090912653061224,2,3500,1750,1530,per_session_robust_mad_cf,57.697670221328735,1,cross,shaft_car,multi_stft,2.0,256.0,0.5,0.5
7,1,delta_volume,0,-0.0,1.0,0.8942857142857142,0.5234285714285715,0.9614622040816326,0.5302504489795918,2,3500,1750,1530,per_session_robust_mad_cf,38.40965986251831,1,cross,shaft_car,multi_stft,2.0,256.0,0.5,0.5
7,1,pitch,0,-0.0,1.0,0.8031428571428572,0.5062857142857143,0.8854553469387756,0.5051533061224489,2,3500,1750,1530,per_session_robust_mad_cf,44.76478219032288,1,cross,shaft_car,multi_stft,2.0,256.0,0.5,0.5
7,1,word_index,0,-0.0,1.0,1.0,0.5235803657362849,1.0,0.5384596857862753,2,2128,1039,1530,per_session_robust_mad_cf,12.517343759536743,1,cross,shaft_car,multi_stft,2.0,256.0,0.5,0.5
7,1,word_gap,0,-0.0,1.0,0.8430634023854363,0.4872139973082099,0.9217243992372468,0.4856978275479169,2,3186,1486,1530,per_session_robust_mad_cf,25.761509895324707,1,cross,shaft_car,multi_stft,2.0,256.0,0.5,0.5
7,1,gpt2_surprisal,0,-0.0,1.0,0.834,0.4885714285714285,0.9130788571428572,0.4966086530612245,2,3500,1750,1530,per_session_robust_mad_cf,75.15844821929932,1,cross,shaft_car,multi_stft,2.0,256.0,0.5,0.5
7,1,word_head_pos,0,-0.0,1.0,0.8188571428571428,0.5034285714285714,0.9028698775510204,0.5156976326530612,2,3500,1750,1530,per_session_robust_mad_cf,30.904935359954838,1,cross,shaft_car,multi_stft,2.0,256.0,0.5,0.5
7,1,word_part_speech,0,-0.0,1.0,0.987118320610687,0.5171806167400881,0.999147776936076,0.5128052264202498,2,2096,1135,1530,per_session_robust_mad_cf,32.56157612800598,1,cross,shaft_car,multi_stft,2.0,256.0,0.5,0.5
7,1,word_length,0,-0.0,1.0,0.818,0.5,0.9037008979591836,0.5051193469387756,2,3500,1750,1530,per_session_robust_mad_cf,35.90213418006897,1,cross,shaft_car,multi_stft,2.0,256.0,0.5,0.5
7,1,global_flow,0,-0.0,1.0,0.8497142857142858,0.5062857142857143,0.9299830204081632,0.4990994285714285,2,3500,1750,1530,per_session_robust_mad_cf,38.08695125579834,1,cross,shaft_car,multi_stft,2.0,256.0,0.5,0.5
7,1,local_flow,0,-0.0,1.0,0.8362857142857143,0.5142857142857142,0.9234608979591836,0.5149792653061225,2,3500,1750,1530,per_session_robust_mad_cf,56.97605490684509,1,cross,shaft_car,multi_stft,2.0,256.0,0.5,0.5
7,1,frame_brightness,0,-0.0,1.0,0.8434285714285714,0.5171428571428571,0.9239007346938776,0.5230197551020408,2,3500,1750,1530,per_session_robust_mad_cf,78.52179837226868,1,cross,shaft_car,multi_stft,2.0,256.0,0.5,0.5
7,1,face_num,0,-0.0,1.0,0.8137142857142857,0.4994285714285714,0.8940271020408164,0.4946364081632652,2,3500,1750,1530,per_session_robust_mad_cf,33.48244380950928,1,cross,shaft_car,multi_stft,2.0,256.0,0.5,0.5
10,0,onset,0,-0.0,1.0,0.9725935828877004,0.643934821967411,0.9965741978609626,0.6917011940350692,2,2992,1657,1275,per_session_robust_mad_cf,11.045352458953856,1,cross,shaft_car,multi_stft,2.0,256.0,0.5,0.5
10,0,speech,0,-0.0,1.0,0.9134285714285716,0.596,0.970706612244898,0.6443219591836735,2,3500,1750,1275,per_session_robust_mad_cf,16.13615083694458,1,cross,shaft_car,multi_stft,2.0,256.0,0.5,0.5
10,0,volume,0,-0.0,1.0,0.9068571428571428,0.5462857142857143,0.9667131428571428,0.5585593469387755,2,3500,1750,1275,per_session_robust_mad_cf,13.796606540679932,1,cross,shaft_car,multi_stft,2.0,256.0,0.5,0.5
10,0,delta_volume,0,-0.0,1.0,0.8651428571428571,0.544,0.9391804081632652,0.5555030204081632,2,3500,1750,1275,per_session_robust_mad_cf,15.058825969696043,1,cross,shaft_car,multi_stft,2.0,256.0,0.5,0.5
10,0,pitch,0,-0.0,1.0,0.7962857142857143,0.5251428571428571,0.8758079999999999,0.5258971428571428,2,3500,1750,1275,per_session_robust_mad_cf,17.943742275238037,1,cross,shaft_car,multi_stft,2.0,256.0,0.5,0.5
10,0,word_index,0,-0.0,1.0,0.9760338345864662,0.5668629100084104,0.996903089490644,0.5870575502928443,2,2128,1189,1275,per_session_robust_mad_cf,11.488805294036863,1,cross,shaft_car,multi_stft,2.0,256.0,0.5,0.5
10,0,word_gap,0,-0.0,1.0,0.7950408035153798,0.5108571428571429,0.8806170593332647,0.508288,2,3186,1750,1275,per_session_robust_mad_cf,18.369991540908813,1,cross,shaft_car,multi_stft,2.0,256.0,0.5,0.5
10,0,gpt2_surprisal,0,-0.0,1.0,0.7777142857142857,0.5217142857142857,0.8669714285714285,0.5397812244897959,2,3500,1750,1275,per_session_robust_mad_cf,15.467795372009276,1,cross,shaft_car,multi_stft,2.0,256.0,0.5,0.5
10,0,word_head_pos,0,-0.0,1.0,0.7822857142857143,0.5062857142857143,0.8707369795918369,0.5083676734693877,2,3500,1750,1275,per_session_robust_mad_cf,19.28518509864807,1,cross,shaft_car,multi_stft,2.0,256.0,0.5,0.5
10,0,word_part_speech,0,-0.0,1.0,0.9131679389312976,0.5081206496519721,0.9652801045976342,0.4965917954263785,2,2096,1293,1275,per_session_robust_mad_cf,19.20194697380066,1,cross,shaft_car,multi_stft,2.0,256.0,0.5,0.5
10,0,word_length,0,-0.0,1.0,0.7845714285714286,0.508,0.8658899591836735,0.4984241632653061,2,3500,1750,1275,per_session_robust_mad_cf,21.645363807678223,1,cross,shaft_car,multi_stft,2.0,256.0,0.5,0.5
10,0,global_flow,0,-0.0,1.0,0.8417142857142857,0.5228571428571429,0.9223376326530612,0.530182530612245,2,3500,1750,1275,per_session_robust_mad_cf,20.170589447021484,1,cross,shaft_car,multi_stft,2.0,256.0,0.5,0.5
10,0,local_flow,0,-0.0,1.0,0.8168571428571428,0.5045714285714286,0.9008323265306122,0.4973322448979591,2,3500,1750,1275,per_session_robust_mad_cf,21.74454021453857,1,cross,shaft_car,multi_stft,2.0,256.0,0.5,0.5
10,0,frame_brightness,0,-0.0,1.0,0.7988571428571428,0.484,0.8835941224489796,0.4787069387755102,2,3500,1750,1275,per_session_robust_mad_cf,16.373589992523193,1,cross,shaft_car,multi_stft,2.0,256.0,0.5,0.5
10,0,face_num,0,-0.0,1.0,0.7531428571428571,0.5005714285714286,0.8397662040816327,0.5015928163265306,2,3500,1750,1275,per_session_robust_mad_cf,17.58983039855957,1,cross,shaft_car,multi_stft,2.0,256.0,0.5,0.5
10,1,onset,0,-0.0,1.0,0.9725935828877004,0.5834285714285714,0.9965741978609626,0.6124989387755102,2,2992,1750,1275,per_session_robust_mad_cf,12.428913593292236,1,cross,shaft_car,multi_stft,2.0,256.0,0.5,0.5
10,1,speech,0,-0.0,1.0,0.9134285714285716,0.5937142857142857,0.970706612244898,0.6307748571428571,2,3500,1750,1275,per_session_robust_mad_cf,13.994157075881958,1,cross,shaft_car,multi_stft,2.0,256.0,0.5,0.5
10,1,volume,0,-0.0,1.0,0.9068571428571428,0.6331428571428571,0.9667131428571428,0.6839562448979591,2,3500,1750,1275,per_session_robust_mad_cf,16.944397449493408,1,cross,shaft_car,multi_stft,2.0,256.0,0.5,0.5
10,1,delta_volume,0,-0.0,1.0,0.8651428571428571,0.5862857142857143,0.9391804081632652,0.6238145306122449,2,3500,1750,1275,per_session_robust_mad_cf,21.1342830657959,1,cross,shaft_car,multi_stft,2.0,256.0,0.5,0.5
10,1,pitch,0,-0.0,1.0,0.7962857142857143,0.5108571428571429,0.8758079999999999,0.5288816326530612,2,3500,1750,1275,per_session_robust_mad_cf,20.70743751525879,1,cross,shaft_car,multi_stft,2.0,256.0,0.5,0.5
10,1,word_index,0,-0.0,1.0,0.9760338345864662,0.5631741140215717,0.996903089490644,0.5704129382408873,2,2128,1298,1275,per_session_robust_mad_cf,14.716616868972778,1,cross,shaft_car,multi_stft,2.0,256.0,0.5,0.5
10,1,word_gap,0,-0.0,1.0,0.7950408035153798,0.4971428571428571,0.8806170593332647,0.4968672653061224,2,3186,1750,1275,per_session_robust_mad_cf,20.24632215499878,1,cross,shaft_car,multi_stft,2.0,256.0,0.5,0.5
10,1,gpt2_surprisal,0,-0.0,1.0,0.7777142857142857,0.5114285714285715,0.8669714285714285,0.5179167346938776,2,3500,1750,1275,per_session_robust_mad_cf,19.957967042922974,1,cross,shaft_car,multi_stft,2.0,256.0,0.5,0.5
10,1,word_head_pos,0,-0.0,1.0,0.7822857142857143,0.4937142857142857,0.8707369795918369,0.5015262040816326,2,3500,1750,1275,per_session_robust_mad_cf,20.06855654716492,1,cross,shaft_car,multi_stft,2.0,256.0,0.5,0.5
10,1,word_part_speech,0,-0.0,1.0,0.9131679389312976,0.4949640287769784,0.9652801045976342,0.4907592774701103,2,2096,1390,1275,per_session_robust_mad_cf,16.02773356437683,1,cross,shaft_car,multi_stft,2.0,256.0,0.5,0.5
10,1,word_length,0,-0.0,1.0,0.7845714285714286,0.528,0.8658899591836735,0.5259885714285715,2,3500,1750,1275,per_session_robust_mad_cf,18.65839695930481,1,cross,shaft_car,multi_stft,2.0,256.0,0.5,0.5
10,1,global_flow,0,-0.0,1.0,0.8417142857142857,0.5097142857142857,0.9223376326530612,0.5242684081632653,2,3500,1750,1275,per_session_robust_mad_cf,17.284408569335938,1,cross,shaft_car,multi_stft,2.0,256.0,0.5,0.5
10,1,local_flow,0,-0.0,1.0,0.8168571428571428,0.5074285714285715,0.9008323265306122,0.5180891428571429,2,3500,1750,1275,per_session_robust_mad_cf,19.456867694854736,1,cross,shaft_car,multi_stft,2.0,256.0,0.5,0.5
10,1,frame_brightness,0,-0.0,1.0,0.7988571428571428,0.5217142857142857,0.8835941224489796,0.534077387755102,2,3500,1750,1275,per_session_robust_mad_cf,15.15938401222229,1,cross,shaft_car,multi_stft,2.0,256.0,0.5,0.5
10,1,face_num,0,-0.0,1.0,0.7531428571428571,0.4982857142857143,0.8397662040816327,0.4999340408163265,2,3500,1750,1275,per_session_robust_mad_cf,20.322072744369507,1,cross,shaft_car,multi_stft,2.0,256.0,0.5,0.5
1,1,onset,0,-0.0,1.0,1.0,0.9196428571428572,1.0,0.9666154727197,2,1567,784,26520,per_session_robust_mad_cf,3.702546358108521,2,within,shaft_car,multi_stft,4.0,256.0,0.5,0.5
1,1,onset,1,-0.0,1.0,1.0,0.8418367346938775,1.0,0.9110787172011662,2,1567,784,26520,per_session_robust_mad_cf,3.819969654083252,2,within,shaft_car,multi_stft,4.0,256.0,0.5,0.5
1,1,speech,0,-0.0,1.0,1.0,0.9154285714285716,1.0,0.9699173484634755,2,1750,875,26520,per_session_robust_mad_cf,3.836709260940552,2,within,shaft_car,multi_stft,4.0,256.0,0.5,0.5
1,1,speech,1,-0.0,1.0,1.0,0.8194285714285714,1.0,0.8700145241006029,2,1750,875,26520,per_session_robust_mad_cf,2.8553173542022705,2,within,shaft_car,multi_stft,4.0,256.0,0.5,0.5
1,1,volume,0,-0.0,1.0,1.0,0.7702857142857142,1.0,0.8437810204486798,2,1750,875,26520,per_session_robust_mad_cf,3.920934677124024,2,within,shaft_car,multi_stft,4.0,256.0,0.5,0.5
1,1,volume,1,-0.0,1.0,1.0,0.808,1.0,0.8746120811259835,2,1750,875,26520,per_session_robust_mad_cf,3.960080146789551,2,within,shaft_car,multi_stft,4.0,256.0,0.5,0.5
1,1,delta_volume,0,-0.0,1.0,1.0,0.7542857142857143,1.0,0.82795210181499,2,1750,875,26520,per_session_robust_mad_cf,4.430179834365845,2,within,shaft_car,multi_stft,4.0,256.0,0.5,0.5
1,1,delta_volume,1,-0.0,1.0,1.0,0.7588571428571429,1.0,0.8343625591674242,2,1750,875,26520,per_session_robust_mad_cf,4.23295259475708,2,within,shaft_car,multi_stft,4.0,256.0,0.5,0.5
1,1,pitch,0,-0.0,1.0,1.0,0.5371428571428571,1.0,0.544653772609009,2,1750,875,26520,per_session_robust_mad_cf,3.97511625289917,2,within,shaft_car,multi_stft,4.0,256.0,0.5,0.5
1,1,pitch,1,-0.0,1.0,1.0,0.5131428571428571,1.0,0.5188917797770185,2,1750,875,26520,per_session_robust_mad_cf,4.237289667129517,2,within,shaft_car,multi_stft,4.0,256.0,0.5,0.5
1,1,word_index,0,-0.0,1.0,1.0,0.738831615120275,1.0,0.8013249725440181,2,1163,582,26520,per_session_robust_mad_cf,3.532921552658081,2,within,shaft_car,multi_stft,4.0,256.0,0.5,0.5
1,1,word_index,1,-0.0,1.0,1.0,0.7216494845360825,1.0,0.8012541183972792,2,1163,582,26520,per_session_robust_mad_cf,2.965646266937256,2,within,shaft_car,multi_stft,4.0,256.0,0.5,0.5
1,1,word_gap,0,-0.0,1.0,1.0,0.5782857142857143,1.0,0.62635967524529,2,1750,875,26520,per_session_robust_mad_cf,3.979440212249756,2,within,shaft_car,multi_stft,4.0,256.0,0.5,0.5
1,1,word_gap,1,-0.0,1.0,1.0,0.5497142857142857,1.0,0.5934714690239595,2,1750,875,26520,per_session_robust_mad_cf,3.8503823280334473,2,within,shaft_car,multi_stft,4.0,256.0,0.5,0.5
1,1,gpt2_surprisal,0,-0.0,1.0,1.0,0.5725714285714286,1.0,0.5853787237599657,2,1750,875,26520,per_session_robust_mad_cf,4.138511419296265,2,within,shaft_car,multi_stft,4.0,256.0,0.5,0.5
1,1,gpt2_surprisal,1,-0.0,1.0,1.0,0.6091428571428571,1.0,0.6389663855887485,2,1750,875,26520,per_session_robust_mad_cf,3.0978052616119385,2,within,shaft_car,multi_stft,4.0,256.0,0.5,0.5
1,1,word_head_pos,0,-0.0,1.0,1.0,0.592,1.0,0.6292435973793925,2,1750,875,26520,per_session_robust_mad_cf,3.942556858062744,2,within,shaft_car,multi_stft,4.0,256.0,0.5,0.5
1,1,word_head_pos,1,-0.0,1.0,1.0,0.5897142857142857,1.0,0.6439819023437092,2,1750,875,26520,per_session_robust_mad_cf,3.9466536045074463,2,within,shaft_car,multi_stft,4.0,256.0,0.5,0.5
1,1,word_part_speech,0,-0.0,1.0,1.0,0.578125,1.0,0.6087740384615384,2,1664,832,26520,per_session_robust_mad_cf,3.7935755252838135,2,within,shaft_car,multi_stft,4.0,256.0,0.5,0.5
1,1,word_part_speech,1,-0.0,1.0,1.0,0.5769230769230769,1.0,0.5950097078402367,2,1664,832,26520,per_session_robust_mad_cf,2.9927287101745605,2,within,shaft_car,multi_stft,4.0,256.0,0.5,0.5
1,1,word_length,0,-0.0,1.0,1.0,0.5634285714285714,1.0,0.572024910399883,2,1750,875,26520,per_session_robust_mad_cf,3.856389284133911,2,within,shaft_car,multi_stft,4.0,256.0,0.5,0.5
1,1,word_length,1,-0.0,1.0,1.0,0.5702857142857143,1.0,0.5939207757332581,2,1750,875,26520,per_session_robust_mad_cf,3.971492052078247,2,within,shaft_car,multi_stft,4.0,256.0,0.5,0.5
1,1,global_flow,0,-0.0,1.0,1.0,0.656,1.0,0.7117488479984954,2,1750,875,26520,per_session_robust_mad_cf,4.131356239318848,2,within,shaft_car,multi_stft,4.0,256.0,0.5,0.5
1,1,global_flow,1,-0.0,1.0,1.0,0.6137142857142858,1.0,0.6371221382819765,2,1750,875,26520,per_session_robust_mad_cf,3.1180381774902344,2,within,shaft_car,multi_stft,4.0,256.0,0.5,0.5
1,1,local_flow,0,-0.0,1.0,1.0,0.6262857142857143,1.0,0.6693781804123173,2,1750,875,26520,per_session_robust_mad_cf,4.1530601978302,2,within,shaft_car,multi_stft,4.0,256.0,0.5,0.5
1,1,local_flow,1,-0.0,1.0,1.0,0.5737142857142857,1.0,0.6104458585415296,2,1750,875,26520,per_session_robust_mad_cf,2.7989814281463623,2,within,shaft_car,multi_stft,4.0,256.0,0.5,0.5
1,1,frame_brightness,0,-0.0,1.0,1.0,0.4982857142857143,1.0,0.5206576596344942,2,1750,875,26520,per_session_robust_mad_cf,3.8419013023376474,2,within,shaft_car,multi_stft,4.0,256.0,0.5,0.5
1,1,frame_brightness,1,-0.0,1.0,1.0,0.5954285714285714,1.0,0.625962613502189,2,1750,875,26520,per_session_robust_mad_cf,3.704842567443848,2,within,shaft_car,multi_stft,4.0,256.0,0.5,0.5
1,1,face_num,0,-0.0,1.0,1.0,0.5737142857142857,1.0,0.598513108262019,2,1750,875,26520,per_session_robust_mad_cf,4.1412999629974365,2,within,shaft_car,multi_stft,4.0,256.0,0.5,0.5
1,1,face_num,1,-0.0,1.0,1.0,0.5645714285714286,1.0,0.5850521927212313,2,1750,875,26520,per_session_robust_mad_cf,3.5295259952545166,2,within,shaft_car,multi_stft,4.0,256.0,0.5,0.5
1,2,onset,0,-0.0,1.0,1.0,0.8916323731138546,1.0,0.932289628180039,2,1458,729,26520,per_session_robust_mad_cf,5.148173332214356,2,within,shaft_car,multi_stft,4.0,256.0,0.5,0.5
1,2,onset,1,-0.0,1.0,1.0,0.9314128943758574,1.0,0.9754327863916904,2,1458,729,26520,per_session_robust_mad_cf,4.848974943161011,2,within,shaft_car,multi_stft,4.0,256.0,0.5,0.5
1,2,speech,0,-0.0,1.0,1.0,0.8937142857142857,1.0,0.9379382046539816,2,1750,875,26520,per_session_robust_mad_cf,6.449268817901611,2,within,shaft_car,multi_stft,4.0,256.0,0.5,0.5
1,2,speech,1,-0.0,1.0,1.0,0.9371428571428572,1.0,0.9709204518144676,2,1750,875,26520,per_session_robust_mad_cf,6.039742708206177,2,within,shaft_car,multi_stft,4.0,256.0,0.5,0.5
1,2,volume,0,-0.0,1.0,1.0,0.7885714285714286,1.0,0.8704429328234224,2,1750,875,26520,per_session_robust_mad_cf,4.158715009689331,2,within,shaft_car,multi_stft,4.0,256.0,0.5,0.5
1,2,volume,1,-0.0,1.0,1.0,0.8205714285714286,1.0,0.8966490078680918,2,1750,875,26520,per_session_robust_mad_cf,5.006250143051148,2,within,shaft_car,multi_stft,4.0,256.0,0.5,0.5
1,2,delta_volume,0,-0.0,1.0,1.0,0.7074285714285714,1.0,0.774186807101136,2,1750,875,26520,per_session_robust_mad_cf,6.315871477127075,2,within,shaft_car,multi_stft,4.0,256.0,0.5,0.5
1,2,delta_volume,1,-0.0,1.0,1.0,0.7131428571428572,1.0,0.7782357919814427,2,1750,875,26520,per_session_robust_mad_cf,5.45140266418457,2,within,shaft_car,multi_stft,4.0,256.0,0.5,0.5
1,2,pitch,0,-0.0,1.0,1.0,0.592,1.0,0.6427436966448283,2,1750,875,26520,per_session_robust_mad_cf,5.772530317306519,2,within,shaft_car,multi_stft,4.0,256.0,0.5,0.5
1,2,pitch,1,-0.0,1.0,1.0,0.5908571428571429,1.0,0.6340867057459014,2,1750,875,26520,per_session_robust_mad_cf,4.553684234619141,2,within,shaft_car,multi_stft,4.0,256.0,0.5,0.5
1,2,word_index,0,-0.0,1.0,1.0,0.5882352941176471,1.0,0.6159938485198001,2,1020,510,26520,per_session_robust_mad_cf,3.577787160873413,2,within,shaft_car,multi_stft,4.0,256.0,0.5,0.5
1,2,word_index,1,-0.0,1.0,1.0,0.5705882352941176,1.0,0.6170088427527873,2,1020,510,26520,per_session_robust_mad_cf,3.392025947570801,2,within,shaft_car,multi_stft,4.0,256.0,0.5,0.5
1,2,word_gap,0,-0.0,1.0,1.0,0.5750577367205543,1.0,0.5784659366682845,2,1732,866,26520,per_session_robust_mad_cf,7.287859439849853,2,within,shaft_car,multi_stft,4.0,256.0,0.5,0.5
1,2,word_gap,1,-0.0,1.0,1.0,0.5300230946882217,1.0,0.5437812351657965,2,1732,866,26520,per_session_robust_mad_cf,5.661290645599365,2,within,shaft_car,multi_stft,4.0,256.0,0.5,0.5
1,2,gpt2_surprisal,0,-0.0,1.0,1.0,0.6102857142857143,1.0,0.6185960732683407,2,1750,875,26520,per_session_robust_mad_cf,6.328286170959473,2,within,shaft_car,multi_stft,4.0,256.0,0.5,0.5
1,2,gpt2_surprisal,1,-0.0,1.0,1.0,0.5714285714285714,1.0,0.6102107561936407,2,1750,875,26520,per_session_robust_mad_cf,6.984635829925537,2,within,shaft_car,multi_stft,4.0,256.0,0.5,0.5
1,2,word_head_pos,0,-0.0,1.0,1.0,0.5611428571428572,1.0,0.5881738294515322,2,1750,875,26520,per_session_robust_mad_cf,7.867099046707153,2,within,shaft_car,multi_stft,4.0,256.0,0.5,0.5
1,2,word_head_pos,1,-0.0,1.0,1.0,0.5725714285714286,1.0,0.6173735410593189,2,1750,875,26520,per_session_robust_mad_cf,6.639346122741699,2,within,shaft_car,multi_stft,4.0,256.0,0.5,0.5
1,2,word_part_speech,0,-0.0,1.0,1.0,0.5967741935483871,1.0,0.6389820274662453,2,1115,558,26520,per_session_robust_mad_cf,5.4691481590271,2,within,shaft_car,multi_stft,4.0,256.0,0.5,0.5
1,2,word_part_speech,1,-0.0,1.0,1.0,0.5931899641577061,1.0,0.6339846610398119,2,1115,558,26520,per_session_robust_mad_cf,4.6891796588897705,2,within,shaft_car,multi_stft,4.0,256.0,0.5,0.5
1,2,word_length,0,-0.0,1.0,1.0,0.5988571428571429,1.0,0.6488406842000773,2,1750,875,26520,per_session_robust_mad_cf,6.41533088684082,2,within,shaft_car,multi_stft,4.0,256.0,0.5,0.5
1,2,word_length,1,-0.0,1.0,1.0,0.5954285714285714,1.0,0.6259103685359916,2,1750,875,26520,per_session_robust_mad_cf,7.061300992965698,2,within,shaft_car,multi_stft,4.0,256.0,0.5,0.5
1,2,global_flow,0,-0.0,1.0,1.0,0.6388571428571429,1.0,0.6789703562061795,2,1750,875,26520,per_session_robust_mad_cf,6.896498203277588,2,within,shaft_car,multi_stft,4.0,256.0,0.5,0.5
1,2,global_flow,1,-0.0,1.0,1.0,0.7005714285714286,1.0,0.7490831008432338,2,1750,875,26520,per_session_robust_mad_cf,5.936592102050781,2,within,shaft_car,multi_stft,4.0,256.0,0.5,0.5
1,2,local_flow,0,-0.0,1.0,1.0,0.6525714285714286,1.0,0.7162732620711993,2,1750,875,26520,per_session_robust_mad_cf,7.325989007949829,2,within,shaft_car,multi_stft,4.0,256.0,0.5,0.5
1,2,local_flow,1,-0.0,1.0,1.0,0.6525714285714286,1.0,0.697318788334744,2,1750,875,26520,per_session_robust_mad_cf,6.191212177276611,2,within,shaft_car,multi_stft,4.0,256.0,0.5,0.5
1,2,frame_brightness,0,-0.0,1.0,1.0,0.4468571428571428,1.0,0.4348870986280472,2,1750,875,26520,per_session_robust_mad_cf,6.121966123580933,2,within,shaft_car,multi_stft,4.0,256.0,0.5,0.5
1,2,frame_brightness,1,-0.0,1.0,1.0,0.4742857142857143,1.0,0.4576972508698786,2,1750,875,26520,per_session_robust_mad_cf,5.577753782272339,2,within,shaft_car,multi_stft,4.0,256.0,0.5,0.5
1,2,face_num,0,-0.0,1.0,1.0,0.5268571428571428,1.0,0.5294766099286334,2,1750,875,26520,per_session_robust_mad_cf,7.193187713623047,2,within,shaft_car,multi_stft,4.0,256.0,0.5,0.5
1,2,face_num,1,-0.0,1.0,1.0,0.5222857142857142,1.0,0.5246596240452233,2,1750,875,26520,per_session_robust_mad_cf,5.553751707077026,2,within,shaft_car,multi_stft,4.0,256.0,0.5,0.5
2,0,onset,0,-0.0,1.0,1.0,0.8875379939209727,1.0,0.9521068726268236,2,1315,658,26299,per_session_robust_mad_cf,4.565658092498779,2,within,shaft_car,multi_stft,4.0,256.0,0.5,0.5
2,0,onset,1,-0.0,1.0,1.0,0.9133738601823708,1.0,0.9561903530085644,2,1315,658,26299,per_session_robust_mad_cf,5.336568593978882,2,within,shaft_car,multi_stft,4.0,256.0,0.5,0.5
2,0,speech,0,-0.0,1.0,1.0,0.904,1.0,0.9530944693478784,2,1750,875,26299,per_session_robust_mad_cf,5.62730860710144,2,within,shaft_car,multi_stft,4.0,256.0,0.5,0.5
2,0,speech,1,-0.0,1.0,1.0,0.9245714285714286,1.0,0.9720907390572918,2,1750,875,26299,per_session_robust_mad_cf,5.706699132919312,2,within,shaft_car,multi_stft,4.0,256.0,0.5,0.5
2,0,volume,0,-0.0,1.0,1.0,0.8662857142857143,1.0,0.9410781271224518,2,1750,875,26299,per_session_robust_mad_cf,4.333409309387207,2,within,shaft_car,multi_stft,4.0,256.0,0.5,0.5
2,0,volume,1,-0.0,1.0,1.0,0.7474285714285714,1.0,0.8336624766203777,2,1750,875,26299,per_session_robust_mad_cf,5.361800670623779,2,within,shaft_car,multi_stft,4.0,256.0,0.5,0.5
2,0,delta_volume,0,-0.0,1.0,1.0,0.7657142857142857,1.0,0.8319697397155783,2,1750,875,26299,per_session_robust_mad_cf,7.516209125518799,2,within,shaft_car,multi_stft,4.0,256.0,0.5,0.5
2,0,delta_volume,1,-0.0,1.0,1.0,0.768,1.0,0.8414835480601444,2,1750,875,26299,per_session_robust_mad_cf,7.26870059967041,2,within,shaft_car,multi_stft,4.0,256.0,0.5,0.5
2,0,pitch,0,-0.0,1.0,1.0,0.6148571428571429,1.0,0.656682653626323,2,1750,875,26299,per_session_robust_mad_cf,6.813178539276123,2,within,shaft_car,multi_stft,4.0,256.0,0.5,0.5
2,0,pitch,1,-0.0,1.0,1.0,0.632,1.0,0.6768492105785608,2,1750,875,26299,per_session_robust_mad_cf,5.536574840545654,2,within,shaft_car,multi_stft,4.0,256.0,0.5,0.5
2,0,word_index,0,-0.0,1.0,1.0,0.696652719665272,1.0,0.7696643966317116,2,955,478,26299,per_session_robust_mad_cf,4.065524101257324,2,within,shaft_car,multi_stft,4.0,256.0,0.5,0.5
2,0,word_index,1,-0.0,1.0,1.0,0.7071129707112971,1.0,0.7752840461476516,2,955,478,26299,per_session_robust_mad_cf,3.937333106994629,2,within,shaft_car,multi_stft,4.0,256.0,0.5,0.5
2,0,word_gap,0,-0.0,1.0,1.0,0.6429567642956764,1.0,0.692963072470083,2,1433,717,26299,per_session_robust_mad_cf,5.693125486373901,2,within,shaft_car,multi_stft,4.0,256.0,0.5,0.5
2,0,word_gap,1,-0.0,1.0,1.0,0.6317991631799164,1.0,0.6892905494779104,2,1433,717,26299,per_session_robust_mad_cf,3.8147268295288086,2,within,shaft_car,multi_stft,4.0,256.0,0.5,0.5
2,0,gpt2_surprisal,0,-0.0,1.0,1.0,0.5988571428571429,1.0,0.6485115409130331,2,1750,875,26299,per_session_robust_mad_cf,6.5216944217681885,2,within,shaft_car,multi_stft,4.0,256.0,0.5,0.5
2,0,gpt2_surprisal,1,-0.0,1.0,1.0,0.5782857142857143,1.0,0.6056967911141762,2,1750,875,26299,per_session_robust_mad_cf,7.594793558120727,2,within,shaft_car,multi_stft,4.0,256.0,0.5,0.5
2,0,word_head_pos,0,-0.0,1.0,1.0,0.5794285714285714,1.0,0.6280837591298079,2,1750,875,26299,per_session_robust_mad_cf,4.847745180130005,2,within,shaft_car,multi_stft,4.0,256.0,0.5,0.5
2,0,word_head_pos,1,-0.0,1.0,1.0,0.5942857142857143,1.0,0.6102368786767396,2,1750,875,26299,per_session_robust_mad_cf,5.02623462677002,2,within,shaft_car,multi_stft,4.0,256.0,0.5,0.5
2,0,word_part_speech,0,-0.0,1.0,1.0,0.56,1.0,0.5937859863584021,2,850,425,26299,per_session_robust_mad_cf,4.215272665023804,2,within,shaft_car,multi_stft,4.0,256.0,0.5,0.5
2,0,word_part_speech,1,-0.0,1.0,1.0,0.5505882352941176,1.0,0.5697138807688901,2,850,425,26299,per_session_robust_mad_cf,3.9098968505859375,2,within,shaft_car,multi_stft,4.0,256.0,0.5,0.5
2,0,word_length,0,-0.0,1.0,1.0,0.616,1.0,0.667330177737375,2,1750,875,26299,per_session_robust_mad_cf,5.962904453277588,2,within,shaft_car,multi_stft,4.0,256.0,0.5,0.5
2,0,word_length,1,-0.0,1.0,1.0,0.6708571428571428,1.0,0.7315287922008715,2,1750,875,26299,per_session_robust_mad_cf,5.8629796504974365,2,within,shaft_car,multi_stft,4.0,256.0,0.5,0.5
2,0,global_flow,0,-0.0,1.0,1.0,0.6274285714285714,1.0,0.6672988307576566,2,1750,875,26299,per_session_robust_mad_cf,5.759984254837036,2,within,shaft_car,multi_stft,4.0,256.0,0.5,0.5
2,0,global_flow,1,-0.0,1.0,1.0,0.5828571428571429,1.0,0.620325381649478,2,1750,875,26299,per_session_robust_mad_cf,6.29741358757019,2,within,shaft_car,multi_stft,4.0,256.0,0.5,0.5
2,0,local_flow,0,-0.0,1.0,1.0,0.5748571428571428,1.0,0.6159368044888874,2,1750,875,26299,per_session_robust_mad_cf,4.834629058837891,2,within,shaft_car,multi_stft,4.0,256.0,0.5,0.5
2,0,local_flow,1,-0.0,1.0,1.0,0.624,1.0,0.6584328599939395,2,1750,875,26299,per_session_robust_mad_cf,5.888613939285278,2,within,shaft_car,multi_stft,4.0,256.0,0.5,0.5
2,0,frame_brightness,0,-0.0,1.0,1.0,0.536,1.0,0.5449829158960534,2,1750,875,26299,per_session_robust_mad_cf,5.245304346084595,2,within,shaft_car,multi_stft,4.0,256.0,0.5,0.5
2,0,frame_brightness,1,-0.0,1.0,1.0,0.4982857142857143,1.0,0.4841710813663104,2,1750,875,26299,per_session_robust_mad_cf,7.4274513721466064,2,within,shaft_car,multi_stft,4.0,256.0,0.5,0.5
2,0,face_num,0,-0.0,1.0,1.0,0.5451428571428572,1.0,0.5645839210892031,2,1750,875,26299,per_session_robust_mad_cf,7.53412127494812,2,within,shaft_car,multi_stft,4.0,256.0,0.5,0.5
2,0,face_num,1,-0.0,1.0,1.0,0.5234285714285715,1.0,0.5357825773486724,2,1750,875,26299,per_session_robust_mad_cf,7.973434686660767,2,within,shaft_car,multi_stft,4.0,256.0,0.5,0.5
2,4,onset,0,-0.0,1.0,1.0,0.7633689839572193,1.0,0.8305570648288485,2,1496,748,26299,per_session_robust_mad_cf,3.904271125793457,2,within,shaft_car,multi_stft,4.0,256.0,0.5,0.5
2,4,onset,1,-0.0,1.0,1.0,0.8649732620320856,1.0,0.9163062283737023,2,1496,748,26299,per_session_robust_mad_cf,3.5077908039093018,2,within,shaft_car,multi_stft,4.0,256.0,0.5,0.5
2,4,speech,0,-0.0,1.0,1.0,0.7817142857142857,1.0,0.8443922865531905,2,1750,875,26299,per_session_robust_mad_cf,4.445249080657959,2,within,shaft_car,multi_stft,4.0,256.0,0.5,0.5
2,4,speech,1,-0.0,1.0,1.0,0.8822857142857143,1.0,0.9285915802012475,2,1750,875,26299,per_session_robust_mad_cf,3.8967173099517822,2,within,shaft_car,multi_stft,4.0,256.0,0.5,0.5
2,4,volume,0,-0.0,1.0,1.0,0.7165714285714285,1.0,0.7847063310450038,2,1750,875,26299,per_session_robust_mad_cf,4.057500839233398,2,within,shaft_car,multi_stft,4.0,256.0,0.5,0.5
2,4,volume,1,-0.0,1.0,1.0,0.8022857142857143,1.0,0.8757288172784552,2,1750,875,26299,per_session_robust_mad_cf,3.801979541778565,2,within,shaft_car,multi_stft,4.0,256.0,0.5,0.5
2,4,delta_volume,0,-0.0,1.0,1.0,0.7485714285714286,1.0,0.8168448220014002,2,1750,875,26299,per_session_robust_mad_cf,4.444319486618042,2,within,shaft_car,multi_stft,4.0,256.0,0.5,0.5
2,4,delta_volume,1,-0.0,1.0,1.0,0.6925714285714286,1.0,0.7678860641777164,2,1750,875,26299,per_session_robust_mad_cf,3.825385093688965,2,within,shaft_car,multi_stft,4.0,256.0,0.5,0.5
2,4,pitch,0,-0.0,1.0,1.0,0.5714285714285714,1.0,0.5989571904746978,2,1750,875,26299,per_session_robust_mad_cf,4.776116847991943,2,within,shaft_car,multi_stft,4.0,256.0,0.5,0.5
2,4,pitch,1,-0.0,1.0,1.0,0.6594285714285715,1.0,0.6954588675381126,2,1750,875,26299,per_session_robust_mad_cf,5.300524950027466,2,within,shaft_car,multi_stft,4.0,256.0,0.5,0.5
2,4,word_index,0,-0.0,1.0,1.0,0.7030075187969925,1.0,0.7774040364068067,2,1064,532,26299,per_session_robust_mad_cf,3.3189172744750977,2,within,shaft_car,multi_stft,4.0,256.0,0.5,0.5
2,4,word_index,1,-0.0,1.0,1.0,0.7706766917293233,1.0,0.8287530386115665,2,1064,532,26299,per_session_robust_mad_cf,3.545340776443481,2,within,shaft_car,multi_stft,4.0,256.0,0.5,0.5
2,4,word_gap,0,-0.0,1.0,1.0,0.5570890840652447,1.0,0.576850417501039,2,1593,797,26299,per_session_robust_mad_cf,4.760634899139404,2,within,shaft_car,multi_stft,4.0,256.0,0.5,0.5
2,4,word_gap,1,-0.0,1.0,1.0,0.5759096612296111,1.0,0.6159147869674186,2,1593,797,26299,per_session_robust_mad_cf,4.192400217056274,2,within,shaft_car,multi_stft,4.0,256.0,0.5,0.5
2,4,gpt2_surprisal,0,-0.0,1.0,1.0,0.6217142857142857,1.0,0.6525291788136213,2,1750,875,26299,per_session_robust_mad_cf,4.464124202728272,2,within,shaft_car,multi_stft,4.0,256.0,0.5,0.5
2,4,gpt2_surprisal,1,-0.0,1.0,1.0,0.6125714285714285,1.0,0.6597180861623982,2,1750,875,26299,per_session_robust_mad_cf,5.1272947788238525,2,within,shaft_car,multi_stft,4.0,256.0,0.5,0.5
2,4,word_head_pos,0,-0.0,1.0,1.0,0.5588571428571428,1.0,0.5985444552417374,2,1750,875,26299,per_session_robust_mad_cf,4.900147438049316,2,within,shaft_car,multi_stft,4.0,256.0,0.5,0.5
2,4,word_head_pos,1,-0.0,1.0,1.0,0.5851428571428572,1.0,0.6245062850694336,2,1750,875,26299,per_session_robust_mad_cf,3.764825582504273,2,within,shaft_car,multi_stft,4.0,256.0,0.5,0.5
2,4,word_part_speech,0,-0.0,1.0,1.0,0.6393129770992366,1.0,0.6721927626595186,2,1048,524,26299,per_session_robust_mad_cf,3.799900531768799,2,within,shaft_car,multi_stft,4.0,256.0,0.5,0.5
2,4,word_part_speech,1,-0.0,1.0,1.0,0.6221374045801527,1.0,0.6459996503700252,2,1048,524,26299,per_session_robust_mad_cf,2.990370035171509,2,within,shaft_car,multi_stft,4.0,256.0,0.5,0.5
2,4,word_length,0,-0.0,1.0,1.0,0.6422857142857142,1.0,0.6742003907923473,2,1750,875,26299,per_session_robust_mad_cf,4.577152967453003,2,within,shaft_car,multi_stft,4.0,256.0,0.5,0.5
2,4,word_length,1,-0.0,1.0,1.0,0.6377142857142857,1.0,0.680217704774145,2,1750,875,26299,per_session_robust_mad_cf,3.2935190200805664,2,within,shaft_car,multi_stft,4.0,256.0,0.5,0.5
2,4,global_flow,0,-0.0,1.0,1.0,0.5725714285714286,1.0,0.6201164017846881,2,1750,875,26299,per_session_robust_mad_cf,3.531665563583374,2,within,shaft_car,multi_stft,4.0,256.0,0.5,0.5
2,4,global_flow,1,-0.0,1.0,1.0,0.6662857142857143,1.0,0.7355255321149807,2,1750,875,26299,per_session_robust_mad_cf,5.346015453338623,2,within,shaft_car,multi_stft,4.0,256.0,0.5,0.5
2,4,local_flow,0,-0.0,1.0,1.0,0.6011428571428571,1.0,0.6226816296249855,2,1750,875,26299,per_session_robust_mad_cf,5.315510034561157,2,within,shaft_car,multi_stft,4.0,256.0,0.5,0.5
2,4,local_flow,1,-0.0,1.0,1.0,0.6514285714285715,1.0,0.713410237923576,2,1750,875,26299,per_session_robust_mad_cf,3.4672346115112305,2,within,shaft_car,multi_stft,4.0,256.0,0.5,0.5
2,4,frame_brightness,0,-0.0,1.0,1.0,0.4811428571428571,1.0,0.4612603575645486,2,1750,875,26299,per_session_robust_mad_cf,4.9069647789001465,2,within,shaft_car,multi_stft,4.0,256.0,0.5,0.5
2,4,frame_brightness,1,-0.0,1.0,1.0,0.5817142857142857,1.0,0.6094832450393404,2,1750,875,26299,per_session_robust_mad_cf,3.851691246032715,2,within,shaft_car,multi_stft,4.0,256.0,0.5,0.5
2,4,face_num,0,-0.0,1.0,1.0,0.5325714285714286,1.0,0.5464823464259219,2,1750,875,26299,per_session_robust_mad_cf,3.486802816390991,2,within,shaft_car,multi_stft,4.0,256.0,0.5,0.5
2,4,face_num,1,-0.0,1.0,1.0,0.5074285714285715,1.0,0.5267637900588278,2,1750,875,26299,per_session_robust_mad_cf,3.247931241989136,2,within,shaft_car,multi_stft,4.0,256.0,0.5,0.5
3,0,onset,0,-0.0,1.0,1.0,0.8582857142857143,1.0,0.9323688912573274,2,1750,875,24089,per_session_robust_mad_cf,5.2690510749816895,2,within,shaft_car,multi_stft,4.0,256.0,0.5,0.5
3,0,onset,1,-0.0,1.0,1.0,0.8891428571428571,1.0,0.9213034074166954,2,1750,875,24089,per_session_robust_mad_cf,4.878474950790405,2,within,shaft_car,multi_stft,4.0,256.0,0.5,0.5
3,0,speech,0,-0.0,1.0,1.0,0.8582857142857143,1.0,0.9262405567223598,2,1750,875,24089,per_session_robust_mad_cf,6.760923624038696,2,within,shaft_car,multi_stft,4.0,256.0,0.5,0.5
3,0,speech,1,-0.0,1.0,1.0,0.8902857142857142,1.0,0.9260785973271476,2,1750,875,24089,per_session_robust_mad_cf,6.561854362487793,2,within,shaft_car,multi_stft,4.0,256.0,0.5,0.5
3,0,volume,0,-0.0,1.0,1.0,0.8045714285714286,1.0,0.8739590190485147,2,1750,875,24089,per_session_robust_mad_cf,6.106088876724243,2,within,shaft_car,multi_stft,4.0,256.0,0.5,0.5
3,0,volume,1,-0.0,1.0,1.0,0.7737142857142857,1.0,0.8483224141353981,2,1750,875,24089,per_session_robust_mad_cf,7.149692058563232,2,within,shaft_car,multi_stft,4.0,256.0,0.5,0.5
3,0,delta_volume,0,-0.0,1.0,1.0,0.672,1.0,0.7545740467905917,2,1750,875,24089,per_session_robust_mad_cf,6.030916690826416,2,within,shaft_car,multi_stft,4.0,256.0,0.5,0.5
3,0,delta_volume,1,-0.0,1.0,1.0,0.6685714285714286,1.0,0.743127174696718,2,1750,875,24089,per_session_robust_mad_cf,4.688223838806152,2,within,shaft_car,multi_stft,4.0,256.0,0.5,0.5
3,0,pitch,0,-0.0,1.0,1.0,0.5565714285714286,1.0,0.571392746308893,2,1750,875,24089,per_session_robust_mad_cf,5.130353927612305,2,within,shaft_car,multi_stft,4.0,256.0,0.5,0.5
3,0,pitch,1,-0.0,1.0,1.0,0.5497142857142857,1.0,0.5471615309864895,2,1750,875,24089,per_session_robust_mad_cf,4.534457206726074,2,within,shaft_car,multi_stft,4.0,256.0,0.5,0.5
3,0,word_index,0,-0.0,1.0,1.0,0.7431318681318682,1.0,0.8152095157589663,2,1455,728,24089,per_session_robust_mad_cf,6.26665186882019,2,within,shaft_car,multi_stft,4.0,256.0,0.5,0.5
3,0,word_index,1,-0.0,1.0,1.0,0.7197802197802198,1.0,0.7831481705108079,2,1455,728,24089,per_session_robust_mad_cf,4.960764646530151,2,within,shaft_car,multi_stft,4.0,256.0,0.5,0.5
3,0,word_gap,0,-0.0,1.0,1.0,0.6285714285714286,1.0,0.6869011420749611,2,1750,875,24089,per_session_robust_mad_cf,5.843258380889893,2,within,shaft_car,multi_stft,4.0,256.0,0.5,0.5
3,0,word_gap,1,-0.0,1.0,1.0,0.6297142857142857,1.0,0.67309279750896,2,1750,875,24089,per_session_robust_mad_cf,6.300244092941284,2,within,shaft_car,multi_stft,4.0,256.0,0.5,0.5
3,0,gpt2_surprisal,0,-0.0,1.0,1.0,0.6171428571428571,1.0,0.6617242928643825,2,1750,875,24089,per_session_robust_mad_cf,6.781930685043335,2,within,shaft_car,multi_stft,4.0,256.0,0.5,0.5
3,0,gpt2_surprisal,1,-0.0,1.0,1.0,0.6022857142857143,1.0,0.6510297482837528,2,1750,875,24089,per_session_robust_mad_cf,5.583907842636108,2,within,shaft_car,multi_stft,4.0,256.0,0.5,0.5
3,0,word_head_pos,0,-0.0,1.0,1.0,0.5737142857142857,1.0,0.6116265947775932,2,1750,875,24089,per_session_robust_mad_cf,7.01849627494812,2,within,shaft_car,multi_stft,4.0,256.0,0.5,0.5
3,0,word_head_pos,1,-0.0,1.0,1.0,0.5668571428571428,1.0,0.5926407740614192,2,1750,875,24089,per_session_robust_mad_cf,6.319889545440674,2,within,shaft_car,multi_stft,4.0,256.0,0.5,0.5
3,0,word_part_speech,0,-0.0,1.0,1.0,0.6312419974391805,1.0,0.6788707456226637,2,1562,781,24089,per_session_robust_mad_cf,6.050750970840454,2,within,shaft_car,multi_stft,4.0,256.0,0.5,0.5
3,0,word_part_speech,1,-0.0,1.0,1.0,0.6338028169014085,1.0,0.6696307954619976,2,1562,781,24089,per_session_robust_mad_cf,3.972377300262451,2,within,shaft_car,multi_stft,4.0,256.0,0.5,0.5
3,0,word_length,0,-0.0,1.0,1.0,0.608,1.0,0.6281307795993856,2,1750,875,24089,per_session_robust_mad_cf,6.730292797088623,2,within,shaft_car,multi_stft,4.0,256.0,0.5,0.5
3,0,word_length,1,-0.0,1.0,1.0,0.6068571428571429,1.0,0.6505804415744543,2,1750,875,24089,per_session_robust_mad_cf,5.124705791473389,2,within,shaft_car,multi_stft,4.0,256.0,0.5,0.5
3,0,global_flow,0,-0.0,1.0,1.0,0.6697142857142857,1.0,0.7241674764636428,2,1750,875,24089,per_session_robust_mad_cf,5.493081331253052,2,within,shaft_car,multi_stft,4.0,256.0,0.5,0.5
3,0,global_flow,1,-0.0,1.0,1.0,0.6708571428571428,1.0,0.7223650251298288,2,1750,875,24089,per_session_robust_mad_cf,4.466181993484497,2,within,shaft_car,multi_stft,4.0,256.0,0.5,0.5
3,0,local_flow,0,-0.0,1.0,1.0,0.6285714285714286,1.0,0.6611548227328297,2,1750,875,24089,per_session_robust_mad_cf,6.098857164382935,2,within,shaft_car,multi_stft,4.0,256.0,0.5,0.5
3,0,local_flow,1,-0.0,1.0,1.0,0.6022857142857143,1.0,0.6293428628151678,2,1750,875,24089,per_session_robust_mad_cf,5.213865280151367,2,within,shaft_car,multi_stft,4.0,256.0,0.5,0.5
3,0,frame_brightness,0,-0.0,1.0,1.0,0.5474285714285714,1.0,0.5614766517246064,2,1750,875,24089,per_session_robust_mad_cf,5.703746795654297,2,within,shaft_car,multi_stft,4.0,256.0,0.5,0.5
3,0,frame_brightness,1,-0.0,1.0,1.0,0.4902857142857142,1.0,0.4978579563859022,2,1750,875,24089,per_session_robust_mad_cf,6.340350389480591,2,within,shaft_car,multi_stft,4.0,256.0,0.5,0.5
3,0,face_num,0,-0.0,1.0,1.0,0.504,1.0,0.5095869512972424,2,1750,875,24089,per_session_robust_mad_cf,6.2306342124938965,2,within,shaft_car,multi_stft,4.0,256.0,0.5,0.5
3,0,face_num,1,-0.0,1.0,1.0,0.544,1.0,0.570074867036561,2,1750,875,24089,per_session_robust_mad_cf,5.980594873428345,2,within,shaft_car,multi_stft,4.0,256.0,0.5,0.5
3,1,onset,0,-0.0,1.0,1.0,0.8538324420677362,1.0,0.93676919166243,2,1122,561,24089,per_session_robust_mad_cf,4.648979663848877,2,within,shaft_car,multi_stft,4.0,256.0,0.5,0.5
3,1,onset,1,-0.0,1.0,1.0,0.9001782531194296,1.0,0.9572191154041688,2,1122,561,24089,per_session_robust_mad_cf,4.872277498245239,2,within,shaft_car,multi_stft,4.0,256.0,0.5,0.5
3,1,speech,0,-0.0,1.0,1.0,0.7782857142857142,1.0,0.8655371304974766,2,1750,875,24089,per_session_robust_mad_cf,6.135526895523071,2,within,shaft_car,multi_stft,4.0,256.0,0.5,0.5
3,1,speech,1,-0.0,1.0,1.0,0.8925714285714286,1.0,0.9447718462326156,2,1750,875,24089,per_session_robust_mad_cf,6.914516448974609,2,within,shaft_car,multi_stft,4.0,256.0,0.5,0.5
3,1,volume,0,-0.0,1.0,1.0,0.7942857142857143,1.0,0.8787394334555865,2,1750,875,24089,per_session_robust_mad_cf,7.525693893432617,2,within,shaft_car,multi_stft,4.0,256.0,0.5,0.5
3,1,volume,1,-0.0,1.0,1.0,0.8137142857142857,1.0,0.8946793726424459,2,1750,875,24089,per_session_robust_mad_cf,6.502508163452148,2,within,shaft_car,multi_stft,4.0,256.0,0.5,0.5
3,1,delta_volume,0,-0.0,1.0,1.0,0.7828571428571428,1.0,0.8460131866294682,2,1750,875,24089,per_session_robust_mad_cf,7.090556621551514,2,within,shaft_car,multi_stft,4.0,256.0,0.5,0.5
3,1,delta_volume,1,-0.0,1.0,1.0,0.7657142857142857,1.0,0.840297587327461,2,1750,875,24089,per_session_robust_mad_cf,6.7550554275512695,2,within,shaft_car,multi_stft,4.0,256.0,0.5,0.5
3,1,pitch,0,-0.0,1.0,1.0,0.5325714285714286,1.0,0.5711210724846661,2,1750,875,24089,per_session_robust_mad_cf,7.152261972427368,2,within,shaft_car,multi_stft,4.0,256.0,0.5,0.5
3,1,pitch,1,-0.0,1.0,1.0,0.5771428571428572,1.0,0.6010835605989364,2,1750,875,24089,per_session_robust_mad_cf,6.691094398498535,2,within,shaft_car,multi_stft,4.0,256.0,0.5,0.5
3,1,word_index,0,-0.0,1.0,1.0,0.7780429594272077,1.0,0.8650034176349966,2,838,419,24089,per_session_robust_mad_cf,6.07646632194519,2,within,shaft_car,multi_stft,4.0,256.0,0.5,0.5
3,1,word_index,1,-0.0,1.0,1.0,0.7708830548926014,1.0,0.8330599225336068,2,838,419,24089,per_session_robust_mad_cf,4.479092597961426,2,within,shaft_car,multi_stft,4.0,256.0,0.5,0.5
3,1,word_gap,0,-0.0,1.0,1.0,0.5947630922693267,1.0,0.631874179886941,2,1603,802,24089,per_session_robust_mad_cf,7.932862520217895,2,within,shaft_car,multi_stft,4.0,256.0,0.5,0.5
3,1,word_gap,1,-0.0,1.0,1.0,0.6309226932668329,1.0,0.6736276515693311,2,1603,802,24089,per_session_robust_mad_cf,5.648829936981201,2,within,shaft_car,multi_stft,4.0,256.0,0.5,0.5
3,1,gpt2_surprisal,0,-0.0,1.0,1.0,0.6205714285714286,1.0,0.6682653626323105,2,1750,875,24089,per_session_robust_mad_cf,7.059671878814697,2,within,shaft_car,multi_stft,4.0,256.0,0.5,0.5
3,1,gpt2_surprisal,1,-0.0,1.0,1.0,0.632,1.0,0.6788606417771648,2,1750,875,24089,per_session_robust_mad_cf,7.109766006469727,2,within,shaft_car,multi_stft,4.0,256.0,0.5,0.5
3,1,word_head_pos,0,-0.0,1.0,1.0,0.5862857142857143,1.0,0.6329830308349791,2,1750,875,24089,per_session_robust_mad_cf,6.462296009063721,2,within,shaft_car,multi_stft,4.0,256.0,0.5,0.5
3,1,word_head_pos,1,-0.0,1.0,1.0,0.5988571428571429,1.0,0.6312341305915175,2,1750,875,24089,per_session_robust_mad_cf,6.598544597625732,2,within,shaft_car,multi_stft,4.0,256.0,0.5,0.5
3,1,word_part_speech,0,-0.0,1.0,1.0,0.5911602209944752,1.0,0.636911222053397,2,1086,543,24089,per_session_robust_mad_cf,4.8178815841674805,2,within,shaft_car,multi_stft,4.0,256.0,0.5,0.5
3,1,word_part_speech,1,-0.0,1.0,1.0,0.6243093922651933,1.0,0.6652512481007162,2,1086,543,24089,per_session_robust_mad_cf,6.412459850311279,2,within,shaft_car,multi_stft,4.0,256.0,0.5,0.5
3,1,word_length,0,-0.0,1.0,1.0,0.616,1.0,0.66952969081429,2,1750,875,24089,per_session_robust_mad_cf,6.822246074676514,2,within,shaft_car,multi_stft,4.0,256.0,0.5,0.5
3,1,word_length,1,-0.0,1.0,1.0,0.6251428571428571,1.0,0.673155491468397,2,1750,875,24089,per_session_robust_mad_cf,7.131248950958252,2,within,shaft_car,multi_stft,4.0,256.0,0.5,0.5
3,1,global_flow,0,-0.0,1.0,1.0,0.6057142857142858,1.0,0.6586784113350679,2,1750,875,24089,per_session_robust_mad_cf,6.6342856884002686,2,within,shaft_car,multi_stft,4.0,256.0,0.5,0.5
3,1,global_flow,1,-0.0,1.0,1.0,0.6205714285714286,1.0,0.6608204549491656,2,1750,875,24089,per_session_robust_mad_cf,7.859130382537842,2,within,shaft_car,multi_stft,4.0,256.0,0.5,0.5
3,1,local_flow,0,-0.0,1.0,1.0,0.7394285714285714,1.0,0.8093842408283962,2,1750,875,24089,per_session_robust_mad_cf,7.354151487350464,2,within,shaft_car,multi_stft,4.0,256.0,0.5,0.5
3,1,local_flow,1,-0.0,1.0,1.0,0.7108571428571429,1.0,0.7831624922938674,2,1750,875,24089,per_session_robust_mad_cf,7.7132627964019775,2,within,shaft_car,multi_stft,4.0,256.0,0.5,0.5
3,1,frame_brightness,0,-0.0,1.0,1.0,0.5131428571428571,1.0,0.522697825564507,2,1750,875,24089,per_session_robust_mad_cf,8.67738938331604,2,within,shaft_car,multi_stft,4.0,256.0,0.5,0.5
3,1,frame_brightness,1,-0.0,1.0,1.0,0.4834285714285714,1.0,0.4853531237265289,2,1750,875,24089,per_session_robust_mad_cf,6.356016397476196,2,within,shaft_car,multi_stft,4.0,256.0,0.5,0.5
3,1,face_num,0,-0.0,1.0,1.0,0.5177142857142857,1.0,0.5429114029863222,2,1750,875,24089,per_session_robust_mad_cf,6.472831964492798,2,within,shaft_car,multi_stft,4.0,256.0,0.5,0.5
3,1,face_num,1,-0.0,1.0,1.0,0.5097142857142857,1.0,0.5059742118846848,2,1750,875,24089,per_session_robust_mad_cf,7.286589860916138,2,within,shaft_car,multi_stft,4.0,256.0,0.5,0.5
4,0,onset,0,-0.0,1.0,1.0,0.8333333333333334,1.0,0.9022899449035812,2,1056,528,26520,per_session_robust_mad_cf,4.276078701019287,2,within,shaft_car,multi_stft,4.0,256.0,0.5,0.5
4,0,onset,1,-0.0,1.0,1.0,0.8598484848484849,1.0,0.9301681588613406,2,1056,528,26520,per_session_robust_mad_cf,3.5210845470428467,2,within,shaft_car,multi_stft,4.0,256.0,0.5,0.5
4,0,speech,0,-0.0,1.0,1.0,0.7725714285714286,1.0,0.8387145648516766,2,1750,875,26520,per_session_robust_mad_cf,6.124844551086426,2,within,shaft_car,multi_stft,4.0,256.0,0.5,0.5
4,0,speech,1,-0.0,1.0,1.0,0.8102857142857143,1.0,0.8705735452389163,2,1750,875,26520,per_session_robust_mad_cf,4.692219018936157,2,within,shaft_car,multi_stft,4.0,256.0,0.5,0.5
4,0,volume,0,-0.0,1.0,1.0,0.65,1.0,0.7085714285714286,2,1679,840,26520,per_session_robust_mad_cf,6.0523765087127686,2,within,shaft_car,multi_stft,4.0,256.0,0.5,0.5
4,0,volume,1,-0.0,1.0,1.0,0.6630952380952381,1.0,0.7063265306122449,2,1679,840,26520,per_session_robust_mad_cf,5.112324953079224,2,within,shaft_car,multi_stft,4.0,256.0,0.5,0.5
4,0,delta_volume,0,-0.0,1.0,1.0,0.7107142857142857,1.0,0.7872732426303855,2,1679,840,26520,per_session_robust_mad_cf,6.061850547790527,2,within,shaft_car,multi_stft,4.0,256.0,0.5,0.5
4,0,delta_volume,1,-0.0,1.0,1.0,0.7297619047619047,1.0,0.7993934240362811,2,1679,840,26520,per_session_robust_mad_cf,6.152695894241333,2,within,shaft_car,multi_stft,4.0,256.0,0.5,0.5
4,0,pitch,0,-0.0,1.0,1.0,0.5880952380952381,1.0,0.6081802721088434,2,1679,840,26520,per_session_robust_mad_cf,5.714094161987305,2,within,shaft_car,multi_stft,4.0,256.0,0.5,0.5
4,0,pitch,1,-0.0,1.0,1.0,0.5297619047619048,1.0,0.5658078231292516,2,1679,840,26520,per_session_robust_mad_cf,4.613125562667847,2,within,shaft_car,multi_stft,4.0,256.0,0.5,0.5
4,0,word_index,0,-0.0,1.0,1.0,0.6640211640211641,1.0,0.7543741776546009,2,755,378,26520,per_session_robust_mad_cf,3.7119898796081534,2,within,shaft_car,multi_stft,4.0,256.0,0.5,0.5
4,0,word_index,1,-0.0,1.0,1.0,0.7222222222222222,1.0,0.7598611461045324,2,755,378,26520,per_session_robust_mad_cf,3.747429609298706,2,within,shaft_car,multi_stft,4.0,256.0,0.5,0.5
4,0,word_gap,0,-0.0,1.0,1.0,0.6445698166431594,1.0,0.7069865520808466,2,1417,709,26520,per_session_robust_mad_cf,6.120198011398315,2,within,shaft_car,multi_stft,4.0,256.0,0.5,0.5
4,0,word_gap,1,-0.0,1.0,1.0,0.614950634696756,1.0,0.6620394684491127,2,1417,709,26520,per_session_robust_mad_cf,3.616105318069458,2,within,shaft_car,multi_stft,4.0,256.0,0.5,0.5
4,0,gpt2_surprisal,0,-0.0,1.0,1.0,0.5261904761904762,1.0,0.5437188208616781,2,1679,840,26520,per_session_robust_mad_cf,5.674998998641968,2,within,shaft_car,multi_stft,4.0,256.0,0.5,0.5
4,0,gpt2_surprisal,1,-0.0,1.0,1.0,0.5761904761904761,1.0,0.5759665532879819,2,1679,840,26520,per_session_robust_mad_cf,4.783076524734497,2,within,shaft_car,multi_stft,4.0,256.0,0.5,0.5
4,0,word_head_pos,0,-0.0,1.0,1.0,0.5622857142857143,1.0,0.5788481029852774,2,1750,875,26520,per_session_robust_mad_cf,7.593615531921387,2,within,shaft_car,multi_stft,4.0,256.0,0.5,0.5
4,0,word_head_pos,1,-0.0,1.0,1.0,0.5382857142857143,1.0,0.5651272687376571,2,1750,875,26520,per_session_robust_mad_cf,3.619875192642212,2,within,shaft_car,multi_stft,4.0,256.0,0.5,0.5
4,0,word_part_speech,0,-0.0,1.0,1.0,0.5041152263374485,1.0,0.5137089535809243,2,971,486,26520,per_session_robust_mad_cf,5.469486951828003,2,within,shaft_car,multi_stft,4.0,256.0,0.5,0.5
4,0,word_part_speech,1,-0.0,1.0,1.0,0.5061728395061729,1.0,0.5066766583684736,2,971,486,26520,per_session_robust_mad_cf,4.068442106246948,2,within,shaft_car,multi_stft,4.0,256.0,0.5,0.5
4,0,word_length,0,-0.0,1.0,1.0,0.5685339690107271,1.0,0.6148596431412661,2,1678,839,26520,per_session_robust_mad_cf,6.425155162811279,2,within,shaft_car,multi_stft,4.0,256.0,0.5,0.5
4,0,word_length,1,-0.0,1.0,1.0,0.5733015494636472,1.0,0.5843419706784863,2,1678,839,26520,per_session_robust_mad_cf,4.576058864593506,2,within,shaft_car,multi_stft,4.0,256.0,0.5,0.5
4,0,global_flow,0,-0.0,1.0,1.0,0.7154761904761905,1.0,0.8373129251700682,2,1679,840,26520,per_session_robust_mad_cf,6.504145860671997,2,within,shaft_car,multi_stft,4.0,256.0,0.5,0.5
4,0,global_flow,1,-0.0,1.0,1.0,0.6,1.0,0.6139965986394558,2,1679,840,26520,per_session_robust_mad_cf,3.7591145038604736,2,within,shaft_car,multi_stft,4.0,256.0,0.5,0.5
4,0,local_flow,0,-0.0,1.0,1.0,0.6464285714285715,1.0,0.7086678004535147,2,1679,840,26520,per_session_robust_mad_cf,6.819135665893555,2,within,shaft_car,multi_stft,4.0,256.0,0.5,0.5
4,0,local_flow,1,-0.0,1.0,1.0,0.5988095238095238,1.0,0.6369047619047619,2,1679,840,26520,per_session_robust_mad_cf,4.826056003570557,2,within,shaft_car,multi_stft,4.0,256.0,0.5,0.5
4,0,frame_brightness,0,-0.0,1.0,1.0,0.4297619047619048,1.0,0.3878458049886621,2,1679,840,26520,per_session_robust_mad_cf,5.906942129135132,2,within,shaft_car,multi_stft,4.0,256.0,0.5,0.5
4,0,frame_brightness,1,-0.0,1.0,1.0,0.4702380952380952,1.0,0.4579081632653061,2,1679,840,26520,per_session_robust_mad_cf,5.498039960861206,2,within,shaft_car,multi_stft,4.0,256.0,0.5,0.5
4,0,face_num,0,-0.0,1.0,1.0,0.5643564356435643,1.0,0.5871865046974281,2,1413,707,26520,per_session_robust_mad_cf,6.734057664871216,2,within,shaft_car,multi_stft,4.0,256.0,0.5,0.5
4,0,face_num,1,-0.0,1.0,1.0,0.5190947666195191,1.0,0.5252956898897265,2,1413,707,26520,per_session_robust_mad_cf,5.267491340637207,2,within,shaft_car,multi_stft,4.0,256.0,0.5,0.5
4,1,onset,0,-0.0,1.0,1.0,0.8248275862068966,1.0,0.8831712402782217,2,1449,725,26520,per_session_robust_mad_cf,7.2984092235565186,2,within,shaft_car,multi_stft,4.0,256.0,0.5,0.5
4,1,onset,1,-0.0,1.0,1.0,0.7489655172413793,1.0,0.8079577797056451,2,1449,725,26520,per_session_robust_mad_cf,5.05821418762207,2,within,shaft_car,multi_stft,4.0,256.0,0.5,0.5
4,1,speech,0,-0.0,1.0,1.0,0.8274285714285714,1.0,0.8829085817581477,2,1750,875,26520,per_session_robust_mad_cf,4.708596467971802,2,within,shaft_car,multi_stft,4.0,256.0,0.5,0.5
4,1,speech,1,-0.0,1.0,1.0,0.7862857142857143,1.0,0.8478104134666625,2,1750,875,26520,per_session_robust_mad_cf,3.713361024856568,2,within,shaft_car,multi_stft,4.0,256.0,0.5,0.5
4,1,volume,0,-0.0,1.0,1.0,0.6137142857142858,1.0,0.6405089182157299,2,1750,875,26520,per_session_robust_mad_cf,7.055434226989746,2,within,shaft_car,multi_stft,4.0,256.0,0.5,0.5
4,1,volume,1,-0.0,1.0,1.0,0.5988571428571429,1.0,0.6425059820486296,2,1750,875,26520,per_session_robust_mad_cf,5.653699159622192,2,within,shaft_car,multi_stft,4.0,256.0,0.5,0.5
4,1,delta_volume,0,-0.0,1.0,1.0,0.6617142857142857,1.0,0.7295147487539576,2,1750,875,26520,per_session_robust_mad_cf,3.3090484142303467,2,within,shaft_car,multi_stft,4.0,256.0,0.5,0.5
4,1,delta_volume,1,-0.0,1.0,1.0,0.5485714285714286,1.0,0.5581577902469097,2,1750,875,26520,per_session_robust_mad_cf,6.410657167434692,2,within,shaft_car,multi_stft,4.0,256.0,0.5,0.5
4,1,pitch,0,-0.0,1.0,1.0,0.5714285714285714,1.0,0.6037454416266992,2,1750,875,26520,per_session_robust_mad_cf,5.553589105606079,2,within,shaft_car,multi_stft,4.0,256.0,0.5,0.5
4,1,pitch,1,-0.0,1.0,1.0,0.5668571428571428,1.0,0.5946313072735443,2,1750,875,26520,per_session_robust_mad_cf,5.291976451873779,2,within,shaft_car,multi_stft,4.0,256.0,0.5,0.5
4,1,word_index,0,-0.0,1.0,1.0,0.6326923076923077,1.0,0.682496301775148,2,1039,520,26520,per_session_robust_mad_cf,4.423811435699463,2,within,shaft_car,multi_stft,4.0,256.0,0.5,0.5
4,1,word_index,1,-0.0,1.0,1.0,0.5846153846153846,1.0,0.5905954142011834,2,1039,520,26520,per_session_robust_mad_cf,4.371452808380127,2,within,shaft_car,multi_stft,4.0,256.0,0.5,0.5
4,1,word_gap,0,-0.0,1.0,1.0,0.5895020188425303,1.0,0.617333999942034,2,1486,743,26520,per_session_robust_mad_cf,5.678310871124268,2,within,shaft_car,multi_stft,4.0,256.0,0.5,0.5
4,1,word_gap,1,-0.0,1.0,1.0,0.522207267833109,1.0,0.5316947077065762,2,1486,743,26520,per_session_robust_mad_cf,3.344337224960327,2,within,shaft_car,multi_stft,4.0,256.0,0.5,0.5
4,1,gpt2_surprisal,0,-0.0,1.0,1.0,0.5085714285714286,1.0,0.5141192021148762,2,1750,875,26520,per_session_robust_mad_cf,8.209415674209595,2,within,shaft_car,multi_stft,4.0,256.0,0.5,0.5
4,1,gpt2_surprisal,1,-0.0,1.0,1.0,0.5394285714285715,1.0,0.5463256115273294,2,1750,875,26520,per_session_robust_mad_cf,5.548176288604736,2,within,shaft_car,multi_stft,4.0,256.0,0.5,0.5
4,1,word_head_pos,0,-0.0,1.0,1.0,0.5337142857142857,1.0,0.5533394982393446,2,1750,875,26520,per_session_robust_mad_cf,5.888902902603149,2,within,shaft_car,multi_stft,4.0,256.0,0.5,0.5
4,1,word_head_pos,1,-0.0,1.0,1.0,0.5154285714285715,1.0,0.5229773361336636,2,1750,875,26520,per_session_robust_mad_cf,5.731107711791992,2,within,shaft_car,multi_stft,4.0,256.0,0.5,0.5
4,1,word_part_speech,0,-0.0,1.0,1.0,0.5299295774647887,1.0,0.53626512596707,2,1135,568,26520,per_session_robust_mad_cf,6.469805479049683,2,within,shaft_car,multi_stft,4.0,256.0,0.5,0.5
4,1,word_part_speech,1,-0.0,1.0,1.0,0.5580985915492958,1.0,0.5592609353302916,2,1135,568,26520,per_session_robust_mad_cf,3.9485559463500977,2,within,shaft_car,multi_stft,4.0,256.0,0.5,0.5
4,1,word_length,0,-0.0,1.0,1.0,0.5645714285714286,1.0,0.5756977315235676,2,1750,875,26520,per_session_robust_mad_cf,5.173563241958618,2,within,shaft_car,multi_stft,4.0,256.0,0.5,0.5
4,1,word_length,1,-0.0,1.0,1.0,0.4925714285714285,1.0,0.494612237860882,2,1750,875,26520,per_session_robust_mad_cf,6.27446174621582,2,within,shaft_car,multi_stft,4.0,256.0,0.5,0.5
4,1,global_flow,0,-0.0,1.0,1.0,0.5908571428571429,1.0,0.6295113528311548,2,1750,875,26520,per_session_robust_mad_cf,4.515380144119263,2,within,shaft_car,multi_stft,4.0,256.0,0.5,0.5
4,1,global_flow,1,-0.0,1.0,1.0,0.5485714285714286,1.0,0.5600268539126255,2,1750,875,26520,per_session_robust_mad_cf,7.715988636016846,2,within,shaft_car,multi_stft,4.0,256.0,0.5,0.5
4,1,local_flow,0,-0.0,1.0,1.0,0.5691428571428572,1.0,0.6052278925425535,2,1750,875,26520,per_session_robust_mad_cf,5.498867750167847,2,within,shaft_car,multi_stft,4.0,256.0,0.5,0.5
4,1,local_flow,1,-0.0,1.0,1.0,0.5462857142857143,1.0,0.5625581225248948,2,1750,875,26520,per_session_robust_mad_cf,4.584753751754761,2,within,shaft_car,multi_stft,4.0,256.0,0.5,0.5
4,1,frame_brightness,0,-0.0,1.0,1.0,0.5622857142857143,1.0,0.5906685265874634,2,1750,875,26520,per_session_robust_mad_cf,5.559101104736328,2,within,shaft_car,multi_stft,4.0,256.0,0.5,0.5
4,1,frame_brightness,1,-0.0,1.0,1.0,0.4411428571428571,1.0,0.4235081449902302,2,1750,875,26520,per_session_robust_mad_cf,4.726875066757202,2,within,shaft_car,multi_stft,4.0,256.0,0.5,0.5
4,1,face_num,0,-0.0,1.0,1.0,0.5165714285714286,1.0,0.5208274557746362,2,1750,875,26520,per_session_robust_mad_cf,3.971778154373169,2,within,shaft_car,multi_stft,4.0,256.0,0.5,0.5
4,1,face_num,1,-0.0,1.0,1.0,0.5222857142857142,1.0,0.5201391283449839,2,1750,875,26520,per_session_robust_mad_cf,5.820082664489746,2,within,shaft_car,multi_stft,4.0,256.0,0.5,0.5
7,0,onset,0,-0.0,1.0,1.0,0.768,1.0,0.8333019863536149,2,1750,875,26299,per_session_robust_mad_cf,4.500201463699341,2,within,shaft_car,multi_stft,4.0,256.0,0.5,0.5
7,0,onset,1,-0.0,1.0,1.0,0.7737142857142857,1.0,0.8601506744825136,2,1750,875,26299,per_session_robust_mad_cf,2.621744394302368,2,within,shaft_car,multi_stft,4.0,256.0,0.5,0.5
7,0,speech,0,-0.0,1.0,1.0,0.7154285714285714,1.0,0.7597254004576659,2,1750,875,26299,per_session_robust_mad_cf,4.479151964187622,2,within,shaft_car,multi_stft,4.0,256.0,0.5,0.5
7,0,speech,1,-0.0,1.0,1.0,0.7611428571428571,1.0,0.8359508061398284,2,1750,875,26299,per_session_robust_mad_cf,4.6242523193359375,2,within,shaft_car,multi_stft,4.0,256.0,0.5,0.5
7,0,volume,0,-0.0,1.0,1.0,0.4891428571428571,1.0,0.4852303480559647,2,1750,875,26299,per_session_robust_mad_cf,4.851298332214356,2,within,shaft_car,multi_stft,4.0,256.0,0.5,0.5
7,0,volume,1,-0.0,1.0,1.0,0.5554285714285714,1.0,0.5856686833223619,2,1750,875,26299,per_session_robust_mad_cf,2.7023937702178955,2,within,shaft_car,multi_stft,4.0,256.0,0.5,0.5
7,0,delta_volume,0,-0.0,1.0,1.0,0.5325714285714286,1.0,0.5526420279406079,2,1750,875,26299,per_session_robust_mad_cf,4.908623456954956,2,within,shaft_car,multi_stft,4.0,256.0,0.5,0.5
7,0,delta_volume,1,-0.0,1.0,1.0,0.5771428571428572,1.0,0.5972435555834195,2,1750,875,26299,per_session_robust_mad_cf,2.666551351547241,2,within,shaft_car,multi_stft,4.0,256.0,0.5,0.5
7,0,pitch,0,-0.0,1.0,1.0,0.5177142857142857,1.0,0.5345704941328904,2,1750,875,26299,per_session_robust_mad_cf,4.787551403045654,2,within,shaft_car,multi_stft,4.0,256.0,0.5,0.5
7,0,pitch,1,-0.0,1.0,1.0,0.5371428571428571,1.0,0.5586815460330398,2,1750,875,26299,per_session_robust_mad_cf,2.8089163303375244,2,within,shaft_car,multi_stft,4.0,256.0,0.5,0.5
7,0,word_index,0,-0.0,1.0,1.0,0.5288461538461539,1.0,0.5582659099142615,2,1455,728,26299,per_session_robust_mad_cf,4.242702722549439,2,within,shaft_car,multi_stft,4.0,256.0,0.5,0.5
7,0,word_index,1,-0.0,1.0,1.0,0.5535714285714286,1.0,0.5815873686752808,2,1455,728,26299,per_session_robust_mad_cf,2.3214640617370605,2,within,shaft_car,multi_stft,4.0,256.0,0.5,0.5
7,0,word_gap,0,-0.0,1.0,1.0,0.504,1.0,0.5187115346436371,2,1750,875,26299,per_session_robust_mad_cf,4.387864112854004,2,within,shaft_car,multi_stft,4.0,256.0,0.5,0.5
7,0,word_gap,1,-0.0,1.0,1.0,0.5062857142857143,1.0,0.4961077500182858,2,1750,875,26299,per_session_robust_mad_cf,2.726450204849243,2,within,shaft_car,multi_stft,4.0,256.0,0.5,0.5
7,0,gpt2_surprisal,0,-0.0,1.0,1.0,0.5382857142857143,1.0,0.5523194152743383,2,1750,875,26299,per_session_robust_mad_cf,2.721132040023804,2,within,shaft_car,multi_stft,4.0,256.0,0.5,0.5
7,0,gpt2_surprisal,1,-0.0,1.0,1.0,0.5325714285714286,1.0,0.54232887161322,2,1750,875,26299,per_session_robust_mad_cf,3.496589422225952,2,within,shaft_car,multi_stft,4.0,256.0,0.5,0.5
7,0,word_head_pos,0,-0.0,1.0,1.0,0.512,1.0,0.5317597149514645,2,1750,875,26299,per_session_robust_mad_cf,4.456623315811157,2,within,shaft_car,multi_stft,4.0,256.0,0.5,0.5
7,0,word_head_pos,1,-0.0,1.0,1.0,0.5131428571428571,1.0,0.5154801834843212,2,1750,875,26299,per_session_robust_mad_cf,5.082951068878174,2,within,shaft_car,multi_stft,4.0,256.0,0.5,0.5
7,0,word_part_speech,0,-0.0,1.0,1.0,0.5633802816901409,1.0,0.5755065905961047,2,1562,781,26299,per_session_robust_mad_cf,3.9167075157165527,2,within,shaft_car,multi_stft,4.0,256.0,0.5,0.5
7,0,word_part_speech,1,-0.0,1.0,1.0,0.5364916773367477,1.0,0.5549937700832841,2,1562,781,26299,per_session_robust_mad_cf,2.470142602920532,2,within,shaft_car,multi_stft,4.0,256.0,0.5,0.5
7,0,word_length,0,-0.0,1.0,1.0,0.5005714285714286,1.0,0.5009469400123299,2,1750,875,26299,per_session_robust_mad_cf,4.293182373046875,2,within,shaft_car,multi_stft,4.0,256.0,0.5,0.5
7,0,word_length,1,-0.0,1.0,1.0,0.544,1.0,0.5366132723112128,2,1750,875,26299,per_session_robust_mad_cf,3.6169393062591553,2,within,shaft_car,multi_stft,4.0,256.0,0.5,0.5
7,0,global_flow,0,-0.0,1.0,1.0,0.568,1.0,0.5959217579386227,2,1750,875,26299,per_session_robust_mad_cf,4.572787284851074,2,within,shaft_car,multi_stft,4.0,256.0,0.5,0.5
7,0,global_flow,1,-0.0,1.0,1.0,0.5851428571428572,1.0,0.6053467498406528,2,1750,875,26299,per_session_robust_mad_cf,4.372526168823242,2,within,shaft_car,multi_stft,4.0,256.0,0.5,0.5
7,0,local_flow,0,-0.0,1.0,1.0,0.5691428571428572,1.0,0.5882600336457582,2,1750,875,26299,per_session_robust_mad_cf,2.9025063514709477,2,within,shaft_car,multi_stft,4.0,256.0,0.5,0.5
7,0,local_flow,1,-0.0,1.0,1.0,0.5622857142857143,1.0,0.5871472158657514,2,1750,875,26299,per_session_robust_mad_cf,4.500103712081909,2,within,shaft_car,multi_stft,4.0,256.0,0.5,0.5
7,0,frame_brightness,0,-0.0,1.0,1.0,0.3748571428571428,1.0,0.3616083090394241,2,1750,875,26299,per_session_robust_mad_cf,2.6982078552246094,2,within,shaft_car,multi_stft,4.0,256.0,0.5,0.5
7,0,frame_brightness,1,-0.0,1.0,1.0,0.408,1.0,0.373405222406821,2,1750,875,26299,per_session_robust_mad_cf,2.96398663520813,2,within,shaft_car,multi_stft,4.0,256.0,0.5,0.5
7,0,face_num,0,-0.0,1.0,1.0,0.4308571428571429,1.0,0.3973072944421805,2,1750,875,26299,per_session_robust_mad_cf,4.647660732269287,2,within,shaft_car,multi_stft,4.0,256.0,0.5,0.5
7,0,face_num,1,-0.0,1.0,1.0,0.4754285714285714,1.0,0.4795983406998736,2,1750,875,26299,per_session_robust_mad_cf,4.196611166000366,2,within,shaft_car,multi_stft,4.0,256.0,0.5,0.5
7,1,onset,0,-0.0,1.0,1.0,0.7351724137931035,1.0,0.8077104546215547,2,1449,725,26299,per_session_robust_mad_cf,8.83854627609253,2,within,shaft_car,multi_stft,4.0,256.0,0.5,0.5
7,1,onset,1,-0.0,1.0,1.0,0.7296551724137931,1.0,0.7965541908284248,2,1449,725,26299,per_session_robust_mad_cf,6.072423219680786,2,within,shaft_car,multi_stft,4.0,256.0,0.5,0.5
7,1,speech,0,-0.0,1.0,1.0,0.7451737451737451,1.0,0.8128428696366575,2,1554,777,26299,per_session_robust_mad_cf,7.166448593139648,2,within,shaft_car,multi_stft,4.0,256.0,0.5,0.5
7,1,speech,1,-0.0,1.0,1.0,0.7451737451737451,1.0,0.8085694219913604,2,1554,777,26299,per_session_robust_mad_cf,10.0966477394104,2,within,shaft_car,multi_stft,4.0,256.0,0.5,0.5
7,1,volume,0,-0.0,1.0,1.0,0.584,1.0,0.6118199011525238,2,1750,875,26299,per_session_robust_mad_cf,9.838329553604126,2,within,shaft_car,multi_stft,4.0,256.0,0.5,0.5
7,1,volume,1,-0.0,1.0,1.0,0.6057142857142858,1.0,0.6484018264840182,2,1750,875,26299,per_session_robust_mad_cf,8.184184789657593,2,within,shaft_car,multi_stft,4.0,256.0,0.5,0.5
7,1,delta_volume,0,-0.0,1.0,1.0,0.6068571428571429,1.0,0.6376707104270505,2,1750,875,26299,per_session_robust_mad_cf,6.506463050842285,2,within,shaft_car,multi_stft,4.0,256.0,0.5,0.5
7,1,delta_volume,1,-0.0,1.0,1.0,0.6045714285714285,1.0,0.6469180694440091,2,1750,875,26299,per_session_robust_mad_cf,6.798498630523682,2,within,shaft_car,multi_stft,4.0,256.0,0.5,0.5
7,1,pitch,0,-0.0,1.0,1.0,0.552,1.0,0.5850861519492596,2,1750,875,26299,per_session_robust_mad_cf,7.023013353347778,2,within,shaft_car,multi_stft,4.0,256.0,0.5,0.5
7,1,pitch,1,-0.0,1.0,1.0,0.5508571428571428,1.0,0.5476003887025485,2,1750,875,26299,per_session_robust_mad_cf,7.155188798904419,2,within,shaft_car,multi_stft,4.0,256.0,0.5,0.5
7,1,word_index,0,-0.0,1.0,1.0,0.5230769230769231,1.0,0.564275147928994,2,1039,520,26299,per_session_robust_mad_cf,5.184149742126465,2,within,shaft_car,multi_stft,4.0,256.0,0.5,0.5
7,1,word_index,1,-0.0,1.0,1.0,0.5173076923076924,1.0,0.541257396449704,2,1039,520,26299,per_session_robust_mad_cf,4.968087196350098,2,within,shaft_car,multi_stft,4.0,256.0,0.5,0.5
7,1,word_gap,0,-0.0,1.0,1.0,0.5087483176312247,1.0,0.5195490247224879,2,1486,743,26299,per_session_robust_mad_cf,7.575627565383911,2,within,shaft_car,multi_stft,4.0,256.0,0.5,0.5
7,1,word_gap,1,-0.0,1.0,1.0,0.5154777927321669,1.0,0.5207228356954468,2,1486,743,26299,per_session_robust_mad_cf,6.38790488243103,2,within,shaft_car,multi_stft,4.0,256.0,0.5,0.5
7,1,gpt2_surprisal,0,-0.0,1.0,1.0,0.5017142857142857,1.0,0.4949740342517998,2,1750,875,26299,per_session_robust_mad_cf,6.714033365249634,2,within,shaft_car,multi_stft,4.0,256.0,0.5,0.5
7,1,gpt2_surprisal,1,-0.0,1.0,1.0,0.5291428571428571,1.0,0.5389695202867204,2,1750,875,26299,per_session_robust_mad_cf,6.99733829498291,2,within,shaft_car,multi_stft,4.0,256.0,0.5,0.5
7,1,word_head_pos,0,-0.0,1.0,1.0,0.5291428571428571,1.0,0.5393822555196807,2,1750,875,26299,per_session_robust_mad_cf,7.5382912158966064,2,within,shaft_car,multi_stft,4.0,256.0,0.5,0.5
7,1,word_head_pos,1,-0.0,1.0,1.0,0.5657142857142857,1.0,0.5750289959562396,2,1750,875,26299,per_session_robust_mad_cf,7.051838636398315,2,within,shaft_car,multi_stft,4.0,256.0,0.5,0.5
7,1,word_part_speech,0,-0.0,1.0,1.0,0.5862676056338029,1.0,0.6187884348343582,2,1135,568,26299,per_session_robust_mad_cf,5.11763334274292,2,within,shaft_car,multi_stft,4.0,256.0,0.5,0.5
7,1,word_part_speech,1,-0.0,1.0,1.0,0.545774647887324,1.0,0.5664054751041461,2,1135,568,26299,per_session_robust_mad_cf,5.29281759262085,2,within,shaft_car,multi_stft,4.0,256.0,0.5,0.5
7,1,word_length,0,-0.0,1.0,1.0,0.5474285714285714,1.0,0.5595749349550171,2,1750,875,26299,per_session_robust_mad_cf,7.496483564376831,2,within,shaft_car,multi_stft,4.0,256.0,0.5,0.5
7,1,word_length,1,-0.0,1.0,1.0,0.5325714285714286,1.0,0.5584673416716299,2,1750,875,26299,per_session_robust_mad_cf,8.068947076797485,2,within,shaft_car,multi_stft,4.0,256.0,0.5,0.5
7,1,global_flow,0,-0.0,1.0,1.0,0.5748571428571428,1.0,0.6170287242824154,2,1750,875,26299,per_session_robust_mad_cf,6.670815944671631,2,within,shaft_car,multi_stft,4.0,256.0,0.5,0.5
7,1,global_flow,1,-0.0,1.0,1.0,0.576,1.0,0.6064647921172794,2,1750,875,26299,per_session_robust_mad_cf,6.469824552536011,2,within,shaft_car,multi_stft,4.0,256.0,0.5,0.5
7,1,local_flow,0,-0.0,1.0,1.0,0.5622857142857143,1.0,0.6051168719893838,2,1750,875,26299,per_session_robust_mad_cf,7.802107810974121,2,within,shaft_car,multi_stft,4.0,256.0,0.5,0.5
7,1,local_flow,1,-0.0,1.0,1.0,0.5691428571428572,1.0,0.5871080321411032,2,1750,875,26299,per_session_robust_mad_cf,7.657752990722656,2,within,shaft_car,multi_stft,4.0,256.0,0.5,0.5
7,1,frame_brightness,0,-0.0,1.0,1.0,0.5165714285714286,1.0,0.5279954651369341,2,1750,875,26299,per_session_robust_mad_cf,8.311415433883667,2,within,shaft_car,multi_stft,4.0,256.0,0.5,0.5
7,1,frame_brightness,1,-0.0,1.0,1.0,0.5337142857142857,1.0,0.5373655998244569,2,1750,875,26299,per_session_robust_mad_cf,6.92500114440918,2,within,shaft_car,multi_stft,4.0,256.0,0.5,0.5
7,1,face_num,0,-0.0,1.0,1.0,0.5165714285714286,1.0,0.547798919574099,2,1750,875,26299,per_session_robust_mad_cf,7.800771474838257,2,within,shaft_car,multi_stft,4.0,256.0,0.5,0.5
7,1,face_num,1,-0.0,1.0,1.0,0.5462857142857143,1.0,0.555071418868792,2,1750,875,26299,per_session_robust_mad_cf,8.04037094116211,2,within,shaft_car,multi_stft,4.0,256.0,0.5,0.5
10,0,onset,0,-0.0,1.0,1.0,0.7889022919179735,1.0,0.8592398579826552,2,1657,829,26520,per_session_robust_mad_cf,4.163701295852661,2,within,shaft_car,multi_stft,4.0,256.0,0.5,0.5
10,0,onset,1,-0.0,1.0,1.0,0.887816646562123,1.0,0.950398696234212,2,1657,829,26520,per_session_robust_mad_cf,2.984951496124268,2,within,shaft_car,multi_stft,4.0,256.0,0.5,0.5
10,0,speech,0,-0.0,1.0,1.0,0.7451428571428571,1.0,0.8011243116725704,2,1750,875,26520,per_session_robust_mad_cf,4.184335470199585,2,within,shaft_car,multi_stft,4.0,256.0,0.5,0.5
10,0,speech,1,-0.0,1.0,1.0,0.8091428571428572,1.0,0.8901079381001642,2,1750,875,26520,per_session_robust_mad_cf,4.455603837966919,2,within,shaft_car,multi_stft,4.0,256.0,0.5,0.5
10,0,volume,0,-0.0,1.0,1.0,0.6937142857142857,1.0,0.758301725128784,2,1750,875,26520,per_session_robust_mad_cf,3.7821695804595943,2,within,shaft_car,multi_stft,4.0,256.0,0.5,0.5
10,0,volume,1,-0.0,1.0,1.0,0.6285714285714286,1.0,0.6761334545416549,2,1750,875,26520,per_session_robust_mad_cf,3.24005126953125,2,within,shaft_car,multi_stft,4.0,256.0,0.5,0.5
10,0,delta_volume,0,-0.0,1.0,1.0,0.6217142857142857,1.0,0.6893292268789902,2,1750,875,26520,per_session_robust_mad_cf,3.615978717803955,2,within,shaft_car,multi_stft,4.0,256.0,0.5,0.5
10,0,delta_volume,1,-0.0,1.0,1.0,0.6388571428571429,1.0,0.7022977336133663,2,1750,875,26520,per_session_robust_mad_cf,4.532660484313965,2,within,shaft_car,multi_stft,4.0,256.0,0.5,0.5
10,0,pitch,0,-0.0,1.0,1.0,0.5611428571428572,1.0,0.5923808553545865,2,1750,875,26520,per_session_robust_mad_cf,3.886754512786865,2,within,shaft_car,multi_stft,4.0,256.0,0.5,0.5
10,0,pitch,1,-0.0,1.0,1.0,0.5725714285714286,1.0,0.6045787488375495,2,1750,875,26520,per_session_robust_mad_cf,2.9759204387664795,2,within,shaft_car,multi_stft,4.0,256.0,0.5,0.5
10,0,word_index,0,-0.0,1.0,1.0,0.7361344537815127,1.0,0.7873251530969652,2,1189,595,26520,per_session_robust_mad_cf,3.0348496437072754,2,within,shaft_car,multi_stft,4.0,256.0,0.5,0.5
10,0,word_index,1,-0.0,1.0,1.0,0.7226890756302521,1.0,0.784274512462432,2,1189,595,26520,per_session_robust_mad_cf,2.41278076171875,2,within,shaft_car,multi_stft,4.0,256.0,0.5,0.5
10,0,word_gap,0,-0.0,1.0,1.0,0.5748571428571428,1.0,0.6239250598204862,2,1750,875,26520,per_session_robust_mad_cf,2.769911766052246,2,within,shaft_car,multi_stft,4.0,256.0,0.5,0.5
10,0,word_gap,1,-0.0,1.0,1.0,0.6194285714285714,1.0,0.6521425660637596,2,1750,875,26520,per_session_robust_mad_cf,3.759909629821777,2,within,shaft_car,multi_stft,4.0,256.0,0.5,0.5
10,0,gpt2_surprisal,0,-0.0,1.0,1.0,0.5531428571428572,1.0,0.5421851979561769,2,1750,875,26520,per_session_robust_mad_cf,3.5551021099090576,2,within,shaft_car,multi_stft,4.0,256.0,0.5,0.5
10,0,gpt2_surprisal,1,-0.0,1.0,1.0,0.528,1.0,0.5493767175532638,2,1750,875,26520,per_session_robust_mad_cf,3.816782951354981,2,within,shaft_car,multi_stft,4.0,256.0,0.5,0.5
10,0,word_head_pos,0,-0.0,1.0,1.0,0.5565714285714286,1.0,0.5797832878802127,2,1750,875,26520,per_session_robust_mad_cf,4.034105777740479,2,within,shaft_car,multi_stft,4.0,256.0,0.5,0.5
10,0,word_head_pos,1,-0.0,1.0,1.0,0.5542857142857143,1.0,0.5843285999393959,2,1750,875,26520,per_session_robust_mad_cf,2.85379409790039,2,within,shaft_car,multi_stft,4.0,256.0,0.5,0.5
10,0,word_part_speech,0,-0.0,1.0,1.0,0.5486862442040186,1.0,0.57111187554944,2,1293,647,26520,per_session_robust_mad_cf,3.395951747894287,2,within,shaft_car,multi_stft,4.0,256.0,0.5,0.5
10,0,word_part_speech,1,-0.0,1.0,1.0,0.5687789799072643,1.0,0.5825115621297252,2,1293,647,26520,per_session_robust_mad_cf,2.5361735820770264,2,within,shaft_car,multi_stft,4.0,256.0,0.5,0.5
10,0,word_length,0,-0.0,1.0,1.0,0.5222857142857142,1.0,0.5349466578895123,2,1750,875,26520,per_session_robust_mad_cf,4.313823938369751,2,within,shaft_car,multi_stft,4.0,256.0,0.5,0.5
10,0,word_length,1,-0.0,1.0,1.0,0.536,1.0,0.5298579981818752,2,1750,875,26520,per_session_robust_mad_cf,3.0468244552612305,2,within,shaft_car,multi_stft,4.0,256.0,0.5,0.5
10,0,global_flow,0,-0.0,1.0,1.0,0.5702857142857143,1.0,0.589020197903932,2,1750,875,26520,per_session_robust_mad_cf,3.3956756591796875,2,within,shaft_car,multi_stft,4.0,256.0,0.5,0.5
10,0,global_flow,1,-0.0,1.0,1.0,0.576,1.0,0.6075201404344691,2,1750,875,26520,per_session_robust_mad_cf,3.5473945140838623,2,within,shaft_car,multi_stft,4.0,256.0,0.5,0.5
10,0,local_flow,0,-0.0,1.0,1.0,0.5782857142857143,1.0,0.6128752494697136,2,1750,875,26520,per_session_robust_mad_cf,3.81606674194336,2,within,shaft_car,multi_stft,4.0,256.0,0.5,0.5
10,0,local_flow,1,-0.0,1.0,1.0,0.5428571428571428,1.0,0.5507063519429902,2,1750,875,26520,per_session_robust_mad_cf,3.0483107566833496,2,within,shaft_car,multi_stft,4.0,256.0,0.5,0.5
10,0,frame_brightness,0,-0.0,1.0,1.0,0.5405714285714286,1.0,0.5696738869209952,2,1750,875,26520,per_session_robust_mad_cf,3.657825231552124,2,within,shaft_car,multi_stft,4.0,256.0,0.5,0.5
10,0,frame_brightness,1,-0.0,1.0,1.0,0.5165714285714286,1.0,0.525041012298465,2,1750,875,26520,per_session_robust_mad_cf,3.0165700912475586,2,within,shaft_car,multi_stft,4.0,256.0,0.5,0.5
10,0,face_num,0,-0.0,1.0,1.0,0.536,1.0,0.5788494091094323,2,1750,875,26520,per_session_robust_mad_cf,3.5622222423553467,2,within,shaft_car,multi_stft,4.0,256.0,0.5,0.5
10,0,face_num,1,-0.0,1.0,1.0,0.488,1.0,0.479504299760718,2,1750,875,26520,per_session_robust_mad_cf,3.8941051959991455,2,within,shaft_car,multi_stft,4.0,256.0,0.5,0.5
10,1,onset,0,-0.0,1.0,1.0,0.9131428571428571,1.0,0.9627650125910368,2,1750,875,26520,per_session_robust_mad_cf,3.806303024291992,2,within,shaft_car,multi_stft,4.0,256.0,0.5,0.5
10,1,onset,1,-0.0,1.0,1.0,0.9142857142857144,1.0,0.9717615957702476,2,1750,875,26520,per_session_robust_mad_cf,3.7709438800811768,2,within,shaft_car,multi_stft,4.0,256.0,0.5,0.5
10,1,speech,0,-0.0,1.0,1.0,0.8982857142857142,1.0,0.9520756925070268,2,1750,875,26520,per_session_robust_mad_cf,3.575735330581665,2,within,shaft_car,multi_stft,4.0,256.0,0.5,0.5
10,1,speech,1,-0.0,1.0,1.0,0.9222857142857144,1.0,0.9753456004513964,2,1750,875,26520,per_session_robust_mad_cf,3.547417402267456,2,within,shaft_car,multi_stft,4.0,256.0,0.5,0.5
10,1,volume,0,-0.0,1.0,1.0,0.7565714285714286,1.0,0.849142660104699,2,1750,875,26520,per_session_robust_mad_cf,6.132956504821777,2,within,shaft_car,multi_stft,4.0,256.0,0.5,0.5
10,1,volume,1,-0.0,1.0,1.0,0.7771428571428571,1.0,0.8587243869053217,2,1750,875,26520,per_session_robust_mad_cf,3.2716856002807617,2,within,shaft_car,multi_stft,4.0,256.0,0.5,0.5
10,1,delta_volume,0,-0.0,1.0,1.0,0.7851428571428571,1.0,0.8582228352298257,2,1750,875,26520,per_session_robust_mad_cf,4.330271005630493,2,within,shaft_car,multi_stft,4.0,256.0,0.5,0.5
10,1,delta_volume,1,-0.0,1.0,1.0,0.6982857142857143,1.0,0.7597776454238634,2,1750,875,26520,per_session_robust_mad_cf,3.735319375991821,2,within,shaft_car,multi_stft,4.0,256.0,0.5,0.5
10,1,pitch,0,-0.0,1.0,1.0,0.6011428571428571,1.0,0.6307169054261622,2,1750,875,26520,per_session_robust_mad_cf,3.533341407775879,2,within,shaft_car,multi_stft,4.0,256.0,0.5,0.5
10,1,pitch,1,-0.0,1.0,1.0,0.6182857142857143,1.0,0.6737040636134708,2,1750,875,26520,per_session_robust_mad_cf,3.5046565532684326,2,within,shaft_car,multi_stft,4.0,256.0,0.5,0.5
10,1,word_index,0,-0.0,1.0,1.0,0.7164869029275809,1.0,0.7803228869895537,2,1298,649,26520,per_session_robust_mad_cf,3.5246388912200928,2,within,shaft_car,multi_stft,4.0,256.0,0.5,0.5
10,1,word_index,1,-0.0,1.0,1.0,0.7211093990755008,1.0,0.785954415954416,2,1298,649,26520,per_session_robust_mad_cf,2.5663952827453613,2,within,shaft_car,multi_stft,4.0,256.0,0.5,0.5
10,1,word_gap,0,-0.0,1.0,1.0,0.5234285714285715,1.0,0.5411951558467343,2,1750,875,26520,per_session_robust_mad_cf,4.458376884460449,2,within,shaft_car,multi_stft,4.0,256.0,0.5,0.5
10,1,word_gap,1,-0.0,1.0,1.0,0.6045714285714285,1.0,0.6438408409349758,2,1750,875,26520,per_session_robust_mad_cf,4.613336086273193,2,within,shaft_car,multi_stft,4.0,256.0,0.5,0.5
10,1,gpt2_surprisal,0,-0.0,1.0,1.0,0.6034285714285714,1.0,0.622002445064418,2,1750,875,26520,per_session_robust_mad_cf,3.855708599090576,2,within,shaft_car,multi_stft,4.0,256.0,0.5,0.5
10,1,gpt2_surprisal,1,-0.0,1.0,1.0,0.584,1.0,0.6061669958099538,2,1750,875,26520,per_session_robust_mad_cf,4.337780952453613,2,within,shaft_car,multi_stft,4.0,256.0,0.5,0.5
10,1,word_head_pos,0,-0.0,1.0,1.0,0.544,1.0,0.5479556544726916,2,1750,875,26520,per_session_robust_mad_cf,3.5369303226470947,2,within,shaft_car,multi_stft,4.0,256.0,0.5,0.5
10,1,word_head_pos,1,-0.0,1.0,1.0,0.5577142857142857,1.0,0.5911256700416915,2,1750,875,26520,per_session_robust_mad_cf,3.106312990188598,2,within,shaft_car,multi_stft,4.0,256.0,0.5,0.5
10,1,word_part_speech,0,-0.0,1.0,1.0,0.5654676258992806,1.0,0.6054688793931564,2,1390,695,26520,per_session_robust_mad_cf,3.6176702976226807,2,within,shaft_car,multi_stft,4.0,256.0,0.5,0.5
10,1,word_part_speech,1,-0.0,1.0,1.0,0.5323741007194245,1.0,0.5605352943124979,2,1390,695,26520,per_session_robust_mad_cf,3.049457550048828,2,within,shaft_car,multi_stft,4.0,256.0,0.5,0.5
10,1,word_length,0,-0.0,1.0,1.0,0.5988571428571429,1.0,0.623679508479358,2,1750,875,26520,per_session_robust_mad_cf,3.810255289077759,2,within,shaft_car,multi_stft,4.0,256.0,0.5,0.5
10,1,word_length,1,-0.0,1.0,1.0,0.5874285714285714,1.0,0.6118460236356227,2,1750,875,26520,per_session_robust_mad_cf,3.5755398273468018,2,within,shaft_car,multi_stft,4.0,256.0,0.5,0.5
10,1,global_flow,0,-0.0,1.0,1.0,0.6228571428571429,1.0,0.6706111616145785,2,1750,875,26520,per_session_robust_mad_cf,4.1967432498931885,2,within,shaft_car,multi_stft,4.0,256.0,0.5,0.5
10,1,global_flow,1,-0.0,1.0,1.0,0.5977142857142858,1.0,0.6617608643407207,2,1750,875,26520,per_session_robust_mad_cf,3.2982378005981445,2,within,shaft_car,multi_stft,4.0,256.0,0.5,0.5
10,1,local_flow,0,-0.0,1.0,1.0,0.6422857142857142,1.0,0.6587724522742233,2,1750,875,26520,per_session_robust_mad_cf,3.1157877445220947,2,within,shaft_car,multi_stft,4.0,256.0,0.5,0.5
10,1,local_flow,1,-0.0,1.0,1.0,0.5725714285714286,1.0,0.6159159065024085,2,1750,875,26520,per_session_robust_mad_cf,3.179642915725708,2,within,shaft_car,multi_stft,4.0,256.0,0.5,0.5
10,1,frame_brightness,0,-0.0,1.0,1.0,0.4891428571428571,1.0,0.4793214423790268,2,1750,875,26520,per_session_robust_mad_cf,4.90243673324585,2,within,shaft_car,multi_stft,4.0,256.0,0.5,0.5
10,1,frame_brightness,1,-0.0,1.0,1.0,0.4777142857142857,1.0,0.4773831541330993,2,1750,875,26520,per_session_robust_mad_cf,4.9890336990356445,2,within,shaft_car,multi_stft,4.0,256.0,0.5,0.5
10,1,face_num,0,-0.0,1.0,1.0,0.4297142857142857,1.0,0.4069099192292822,2,1750,875,26520,per_session_robust_mad_cf,2.890002727508545,2,within,shaft_car,multi_stft,4.0,256.0,0.5,0.5
10,1,face_num,1,-0.0,1.0,1.0,0.5017142857142857,1.0,0.4980773852439317,2,1750,875,26520,per_session_robust_mad_cf,3.743826389312744,2,within,shaft_car,multi_stft,4.0,256.0,0.5,0.5
1,1,onset,0,-0.0,1.0,0.9906417112299464,0.6783663050414805,0.9996291358059995,0.7429822503714129,2,2992,1567,1326,per_session_robust_mad_cf,8.4892737865448,2,cross,shaft_car,multi_stft,4.0,256.0,0.5,0.5
1,1,speech,0,-0.0,1.0,0.932,0.6771428571428572,0.980840163265306,0.7321025306122448,2,3500,1750,1326,per_session_robust_mad_cf,19.529553413391117,2,cross,shaft_car,multi_stft,4.0,256.0,0.5,0.5
1,1,volume,0,-0.0,1.0,0.9168571428571428,0.6137142857142858,0.9763248979591836,0.6464235102040816,2,3500,1750,1326,per_session_robust_mad_cf,12.38003396987915,2,cross,shaft_car,multi_stft,4.0,256.0,0.5,0.5
1,1,delta_volume,0,-0.0,1.0,0.8777142857142857,0.6222857142857143,0.948981551020408,0.6524617142857143,2,3500,1750,1326,per_session_robust_mad_cf,17.079537391662598,2,cross,shaft_car,multi_stft,4.0,256.0,0.5,0.5
1,1,pitch,0,-0.0,1.0,0.8202857142857143,0.5468571428571428,0.8990817959183673,0.543358693877551,2,3500,1750,1326,per_session_robust_mad_cf,18.978341579437256,2,cross,shaft_car,multi_stft,4.0,256.0,0.5,0.5
1,1,word_index,0,-0.0,1.0,0.9962406015037594,0.5546001719690455,0.9998692690372548,0.5831329737210994,2,2128,1163,1326,per_session_robust_mad_cf,13.473689079284668,2,cross,shaft_car,multi_stft,4.0,256.0,0.5,0.5
1,1,word_gap,0,-0.0,1.0,0.8261142498430634,0.5068571428571429,0.9047917974471646,0.5216561632653061,2,3186,1750,1326,per_session_robust_mad_cf,22.289504051208496,2,cross,shaft_car,multi_stft,4.0,256.0,0.5,0.5
1,1,gpt2_surprisal,0,-0.0,1.0,0.7991428571428572,0.5194285714285715,0.8844995918367347,0.5276395102040816,2,3500,1750,1326,per_session_robust_mad_cf,22.2760226726532,2,cross,shaft_car,multi_stft,4.0,256.0,0.5,0.5
1,1,word_head_pos,0,-0.0,1.0,0.8085714285714286,0.5274285714285715,0.8937325714285715,0.5303823673469388,2,3500,1750,1326,per_session_robust_mad_cf,22.67305421829224,2,cross,shaft_car,multi_stft,4.0,256.0,0.5,0.5
1,1,word_part_speech,0,-0.0,1.0,0.9513358778625954,0.5216346153846154,0.9897460083911194,0.5371469350961539,2,2096,1664,1326,per_session_robust_mad_cf,17.551058769226074,2,cross,shaft_car,multi_stft,4.0,256.0,0.5,0.5
1,1,word_length,0,-0.0,1.0,0.8025714285714286,0.5222857142857142,0.8851888979591838,0.5259820408163265,2,3500,1750,1326,per_session_robust_mad_cf,18.485954761505127,2,cross,shaft_car,multi_stft,4.0,256.0,0.5,0.5
1,1,global_flow,0,-0.0,1.0,0.8508571428571429,0.5422857142857143,0.9297688163265306,0.5400607346938776,2,3500,1750,1326,per_session_robust_mad_cf,16.89720320701599,2,cross,shaft_car,multi_stft,4.0,256.0,0.5,0.5
1,1,local_flow,0,-0.0,1.0,0.8405714285714285,0.54,0.9178817959183674,0.5627585306122449,2,3500,1750,1326,per_session_robust_mad_cf,23.17340731620789,2,cross,shaft_car,multi_stft,4.0,256.0,0.5,0.5
1,1,frame_brightness,0,-0.0,1.0,0.8148571428571428,0.4908571428571429,0.8979330612244899,0.4789655510204081,2,3500,1750,1326,per_session_robust_mad_cf,20.70764541625977,2,cross,shaft_car,multi_stft,4.0,256.0,0.5,0.5
1,1,face_num,0,-0.0,1.0,0.7848571428571428,0.4965714285714285,0.8623075918367347,0.5005792653061225,2,3500,1750,1326,per_session_robust_mad_cf,21.44693326950073,2,cross,shaft_car,multi_stft,4.0,256.0,0.5,0.5
1,2,onset,0,-0.0,1.0,0.9906417112299464,0.6906721536351166,0.9996291358059995,0.7468543074395841,2,2992,1458,1326,per_session_robust_mad_cf,13.266310691833496,2,cross,shaft_car,multi_stft,4.0,256.0,0.5,0.5
1,2,speech,0,-0.0,1.0,0.932,0.724,0.980840163265306,0.7840927346938775,2,3500,1750,1326,per_session_robust_mad_cf,18.485199213027958,2,cross,shaft_car,multi_stft,4.0,256.0,0.5,0.5
1,2,volume,0,-0.0,1.0,0.9168571428571428,0.6348571428571429,0.9763248979591836,0.6896509387755102,2,3500,1750,1326,per_session_robust_mad_cf,18.112521409988403,2,cross,shaft_car,multi_stft,4.0,256.0,0.5,0.5
1,2,delta_volume,0,-0.0,1.0,0.8777142857142857,0.5537142857142857,0.948981551020408,0.5920744489795919,2,3500,1750,1326,per_session_robust_mad_cf,16.203872442245483,2,cross,shaft_car,multi_stft,4.0,256.0,0.5,0.5
1,2,pitch,0,-0.0,1.0,0.8202857142857143,0.524,0.8990817959183673,0.524922775510204,2,3500,1750,1326,per_session_robust_mad_cf,20.22986674308777,2,cross,shaft_car,multi_stft,4.0,256.0,0.5,0.5
1,2,word_index,0,-0.0,1.0,0.9962406015037594,0.5,0.9998692690372548,0.5077220299884659,2,2128,1020,1326,per_session_robust_mad_cf,9.64770245552063,2,cross,shaft_car,multi_stft,4.0,256.0,0.5,0.5
1,2,word_gap,0,-0.0,1.0,0.8261142498430634,0.4913394919168591,0.9047917974471646,0.4901060862237251,2,3186,1732,1326,per_session_robust_mad_cf,15.796087741851808,2,cross,shaft_car,multi_stft,4.0,256.0,0.5,0.5
1,2,gpt2_surprisal,0,-0.0,1.0,0.7991428571428572,0.5268571428571428,0.8844995918367347,0.5390249795918367,2,3500,1750,1326,per_session_robust_mad_cf,13.404804944992064,2,cross,shaft_car,multi_stft,4.0,256.0,0.5,0.5
1,2,word_head_pos,0,-0.0,1.0,0.8085714285714286,0.5222857142857142,0.8937325714285715,0.5321247346938776,2,3500,1750,1326,per_session_robust_mad_cf,20.95747113227844,2,cross,shaft_car,multi_stft,4.0,256.0,0.5,0.5
1,2,word_part_speech,0,-0.0,1.0,0.9513358778625954,0.5354260089686098,0.9897460083911194,0.5342174861489161,2,2096,1115,1326,per_session_robust_mad_cf,15.117605209350586,2,cross,shaft_car,multi_stft,4.0,256.0,0.5,0.5
1,2,word_length,0,-0.0,1.0,0.8025714285714286,0.5365714285714286,0.8851888979591838,0.5485022040816326,2,3500,1750,1326,per_session_robust_mad_cf,16.008565425872803,2,cross,shaft_car,multi_stft,4.0,256.0,0.5,0.5
1,2,global_flow,0,-0.0,1.0,0.8508571428571429,0.5222857142857142,0.9297688163265306,0.5288764081632653,2,3500,1750,1326,per_session_robust_mad_cf,19.877095222473145,2,cross,shaft_car,multi_stft,4.0,256.0,0.5,0.5
1,2,local_flow,0,-0.0,1.0,0.8405714285714285,0.5314285714285715,0.9178817959183674,0.5392587755102041,2,3500,1750,1326,per_session_robust_mad_cf,20.534396171569824,2,cross,shaft_car,multi_stft,4.0,256.0,0.5,0.5
1,2,frame_brightness,0,-0.0,1.0,0.8148571428571428,0.5114285714285715,0.8979330612244899,0.5289900408163266,2,3500,1750,1326,per_session_robust_mad_cf,18.267040014266968,2,cross,shaft_car,multi_stft,4.0,256.0,0.5,0.5
1,2,face_num,0,-0.0,1.0,0.7848571428571428,0.5468571428571428,0.8623075918367347,0.5634625306122449,2,3500,1750,1326,per_session_robust_mad_cf,21.994770526885983,2,cross,shaft_car,multi_stft,4.0,256.0,0.5,0.5
3,0,onset,0,-0.0,1.0,0.921457219251337,0.7285714285714285,0.977519374302954,0.8358008163265306,2,2992,1750,884,per_session_robust_mad_cf,16.60537338256836,2,cross,shaft_car,multi_stft,4.0,256.0,0.5,0.5
3,0,speech,0,-0.0,1.0,0.9045714285714286,0.7685714285714286,0.962925387755102,0.8526001632653062,2,3500,1750,884,per_session_robust_mad_cf,13.721729040145874,2,cross,shaft_car,multi_stft,4.0,256.0,0.5,0.5
3,0,volume,0,-0.0,1.0,0.818,0.6182857142857143,0.9041884081632652,0.6605061224489797,2,3500,1750,884,per_session_robust_mad_cf,13.043522596359251,2,cross,shaft_car,multi_stft,4.0,256.0,0.5,0.5
3,0,delta_volume,0,-0.0,1.0,0.8225714285714286,0.608,0.9028884897959184,0.6553861224489796,2,3500,1750,884,per_session_robust_mad_cf,13.974341630935667,2,cross,shaft_car,multi_stft,4.0,256.0,0.5,0.5
3,0,pitch,0,-0.0,1.0,0.7114285714285714,0.5222857142857142,0.7911271836734693,0.5398987755102042,2,3500,1750,884,per_session_robust_mad_cf,12.064132452011108,2,cross,shaft_car,multi_stft,4.0,256.0,0.5,0.5
3,0,word_index,0,-0.0,1.0,0.8909774436090225,0.6151202749140894,0.9551053974221267,0.6484687939295917,2,2128,1455,884,per_session_robust_mad_cf,24.578141689300537,2,cross,shaft_car,multi_stft,4.0,256.0,0.5,0.5
3,0,word_gap,0,-0.0,1.0,0.7504708097928436,0.5228571428571429,0.8342812579675125,0.541122612244898,2,3186,1750,884,per_session_robust_mad_cf,18.24548316001892,2,cross,shaft_car,multi_stft,4.0,256.0,0.5,0.5
3,0,gpt2_surprisal,0,-0.0,1.0,0.7542857142857143,0.5411428571428571,0.8285952653061224,0.5549675102040816,2,3500,1750,884,per_session_robust_mad_cf,21.466792106628414,2,cross,shaft_car,multi_stft,4.0,256.0,0.5,0.5
3,0,word_head_pos,0,-0.0,1.0,0.7454285714285714,0.5262857142857142,0.8289534693877552,0.5424953469387755,2,3500,1750,884,per_session_robust_mad_cf,14.984363317489624,2,cross,shaft_car,multi_stft,4.0,256.0,0.5,0.5
3,0,word_part_speech,0,-0.0,1.0,0.8239503816793893,0.5038412291933418,0.9101751427655732,0.5001926352668449,2,2096,1562,884,per_session_robust_mad_cf,20.779744625091556,2,cross,shaft_car,multi_stft,4.0,256.0,0.5,0.5
3,0,word_length,0,-0.0,1.0,0.752,0.5057142857142857,0.8319621224489797,0.5121763265306123,2,3500,1750,884,per_session_robust_mad_cf,15.405661344528198,2,cross,shaft_car,multi_stft,4.0,256.0,0.5,0.5
3,0,global_flow,0,-0.0,1.0,0.7668571428571429,0.528,0.8466468571428571,0.5292460408163265,2,3500,1750,884,per_session_robust_mad_cf,18.6139976978302,2,cross,shaft_car,multi_stft,4.0,256.0,0.5,0.5
3,0,local_flow,0,-0.0,1.0,0.7534285714285714,0.508,0.8333978775510205,0.5195650612244898,2,3500,1750,884,per_session_robust_mad_cf,11.070436239242554,2,cross,shaft_car,multi_stft,4.0,256.0,0.5,0.5
3,0,frame_brightness,0,-0.0,1.0,0.7462857142857143,0.5051428571428571,0.8254334693877551,0.4996636734693878,2,3500,1750,884,per_session_robust_mad_cf,35.51227903366089,2,cross,shaft_car,multi_stft,4.0,256.0,0.5,0.5
3,0,face_num,0,-0.0,1.0,0.73,0.5074285714285715,0.8032476734693876,0.5154442448979593,2,3500,1750,884,per_session_robust_mad_cf,16.008254528045654,2,cross,shaft_car,multi_stft,4.0,256.0,0.5,0.5
3,1,onset,0,-0.0,1.0,0.921457219251337,0.7566844919786097,0.977519374302954,0.8231306458736468,2,2992,1122,884,per_session_robust_mad_cf,21.61911654472351,2,cross,shaft_car,multi_stft,4.0,256.0,0.5,0.5
3,1,speech,0,-0.0,1.0,0.9045714285714286,0.764,0.962925387755102,0.8312006530612245,2,3500,1750,884,per_session_robust_mad_cf,20.601361989974976,2,cross,shaft_car,multi_stft,4.0,256.0,0.5,0.5
3,1,volume,0,-0.0,1.0,0.818,0.6388571428571429,0.9041884081632652,0.6911856326530612,2,3500,1750,884,per_session_robust_mad_cf,18.039918661117557,2,cross,shaft_car,multi_stft,4.0,256.0,0.5,0.5
3,1,delta_volume,0,-0.0,1.0,0.8225714285714286,0.6937142857142857,0.9028884897959184,0.7602416326530612,2,3500,1750,884,per_session_robust_mad_cf,16.925674438476562,2,cross,shaft_car,multi_stft,4.0,256.0,0.5,0.5
3,1,pitch,0,-0.0,1.0,0.7114285714285714,0.4891428571428571,0.7911271836734693,0.4893609795918367,2,3500,1750,884,per_session_robust_mad_cf,17.804079055786133,2,cross,shaft_car,multi_stft,4.0,256.0,0.5,0.5
3,1,word_index,0,-0.0,1.0,0.8909774436090225,0.6563245823389021,0.9551053974221267,0.7171211145983447,2,2128,838,884,per_session_robust_mad_cf,24.19704294204712,2,cross,shaft_car,multi_stft,4.0,256.0,0.5,0.5
3,1,word_gap,0,-0.0,1.0,0.7504708097928436,0.5296319401122894,0.8342812579675125,0.5460179140164569,2,3186,1603,884,per_session_robust_mad_cf,22.295117139816284,2,cross,shaft_car,multi_stft,4.0,256.0,0.5,0.5
3,1,gpt2_surprisal,0,-0.0,1.0,0.7542857142857143,0.5457142857142857,0.8285952653061224,0.5731892244897959,2,3500,1750,884,per_session_robust_mad_cf,30.86915278434753,2,cross,shaft_car,multi_stft,4.0,256.0,0.5,0.5
3,1,word_head_pos,0,-0.0,1.0,0.7454285714285714,0.5502857142857143,0.8289534693877552,0.5711111836734695,2,3500,1750,884,per_session_robust_mad_cf,20.374760627746586,2,cross,shaft_car,multi_stft,4.0,256.0,0.5,0.5
3,1,word_part_speech,0,-0.0,1.0,0.8239503816793893,0.5082872928176796,0.9101751427655732,0.507646286743384,2,2096,1086,884,per_session_robust_mad_cf,18.63201236724853,2,cross,shaft_car,multi_stft,4.0,256.0,0.5,0.5
3,1,word_length,0,-0.0,1.0,0.752,0.496,0.8319621224489797,0.4978912653061225,2,3500,1750,884,per_session_robust_mad_cf,23.67410922050476,2,cross,shaft_car,multi_stft,4.0,256.0,0.5,0.5
3,1,global_flow,0,-0.0,1.0,0.7668571428571429,0.5577142857142857,0.8466468571428571,0.5804133877551021,2,3500,1750,884,per_session_robust_mad_cf,17.895760774612427,2,cross,shaft_car,multi_stft,4.0,256.0,0.5,0.5
3,1,local_flow,0,-0.0,1.0,0.7534285714285714,0.5588571428571428,0.8333978775510205,0.5960816326530611,2,3500,1750,884,per_session_robust_mad_cf,17.204615592956543,2,cross,shaft_car,multi_stft,4.0,256.0,0.5,0.5
3,1,frame_brightness,0,-0.0,1.0,0.7462857142857143,0.4754285714285714,0.8254334693877551,0.4714710204081632,2,3500,1750,884,per_session_robust_mad_cf,33.90057587623596,2,cross,shaft_car,multi_stft,4.0,256.0,0.5,0.5
3,1,face_num,0,-0.0,1.0,0.73,0.4977142857142857,0.8032476734693876,0.4928143673469387,2,3500,1750,884,per_session_robust_mad_cf,20.15195345878601,2,cross,shaft_car,multi_stft,4.0,256.0,0.5,0.5
4,0,onset,0,-0.0,1.0,1.0,0.6335227272727273,1.0,0.6695201302800734,2,2992,1056,1989,per_session_robust_mad_cf,6.990613222122192,2,cross,shaft_car,multi_stft,4.0,256.0,0.5,0.5
4,0,speech,0,-0.0,1.0,1.0,0.6011428571428571,1.0,0.6325015510204082,2,3500,1750,1989,per_session_robust_mad_cf,22.113502979278564,2,cross,shaft_car,multi_stft,4.0,256.0,0.5,0.5
4,0,volume,0,-0.0,1.0,0.9985714285714286,0.5467540202501489,0.9999898775510204,0.5568821300868381,2,3500,1679,1989,per_session_robust_mad_cf,58.41079068183899,2,cross,shaft_car,multi_stft,4.0,256.0,0.5,0.5
4,0,delta_volume,0,-0.0,1.0,0.9885714285714284,0.566408576533651,0.9993877551020408,0.6012844798229184,2,3500,1679,1989,per_session_robust_mad_cf,52.80420422554016,2,cross,shaft_car,multi_stft,4.0,256.0,0.5,0.5
4,0,pitch,0,-0.0,1.0,0.9088571428571428,0.4925550923168553,0.9702102857142856,0.5048952835007662,2,3500,1679,1989,per_session_robust_mad_cf,56.28003478050232,2,cross,shaft_car,multi_stft,4.0,256.0,0.5,0.5
4,0,word_index,0,-0.0,1.0,1.0,0.609271523178808,1.0,0.6538075589799728,2,2128,755,1989,per_session_robust_mad_cf,9.660870790481567,2,cross,shaft_car,multi_stft,4.0,256.0,0.5,0.5
4,0,word_gap,0,-0.0,1.0,0.9573132454488388,0.5349329569513056,0.9923511880484652,0.5472227534603523,2,3186,1417,1989,per_session_robust_mad_cf,23.710485219955444,2,cross,shaft_car,multi_stft,4.0,256.0,0.5,0.5
4,0,gpt2_surprisal,0,-0.0,1.0,0.9345714285714286,0.5247170935080405,0.9832979591836736,0.5217911061921789,2,3500,1679,1989,per_session_robust_mad_cf,93.44319677352904,2,cross,shaft_car,multi_stft,4.0,256.0,0.5,0.5
4,0,word_head_pos,0,-0.0,1.0,0.9248571428571428,0.5291428571428571,0.9778102857142856,0.5513887346938775,2,3500,1750,1989,per_session_robust_mad_cf,53.28038716316223,2,cross,shaft_car,multi_stft,4.0,256.0,0.5,0.5
4,0,word_part_speech,0,-0.0,1.0,1.0,0.529351184346035,1.0,0.5447456620423401,2,2096,971,1989,per_session_robust_mad_cf,23.790343523025516,2,cross,shaft_car,multi_stft,4.0,256.0,0.5,0.5
4,0,word_length,0,-0.0,1.0,0.934,0.5268176400476758,0.9823487346938776,0.5481122881687007,2,3500,1678,1989,per_session_robust_mad_cf,40.47214865684509,2,cross,shaft_car,multi_stft,4.0,256.0,0.5,0.5
4,0,global_flow,0,-0.0,1.0,0.9577142857142856,0.5008933889219773,0.9924006530612246,0.4951093279981838,2,3500,1679,1989,per_session_robust_mad_cf,39.883044719696045,2,cross,shaft_car,multi_stft,4.0,256.0,0.5,0.5
4,0,local_flow,0,-0.0,1.0,0.9408571428571428,0.4800476474091721,0.985218612244898,0.4722884386174017,2,3500,1679,1989,per_session_robust_mad_cf,86.97545433044434,2,cross,shaft_car,multi_stft,4.0,256.0,0.5,0.5
4,0,frame_brightness,0,-0.0,1.0,0.9468571428571428,0.4997022036926742,0.989773387755102,0.4936027867642886,2,3500,1679,1989,per_session_robust_mad_cf,117.49111795425416,2,cross,shaft_car,multi_stft,4.0,256.0,0.5,0.5
4,0,face_num,0,-0.0,1.0,0.9111428571428573,0.508138711960368,0.9719875918367348,0.5058770850779939,2,3500,1413,1989,per_session_robust_mad_cf,44.15099096298218,2,cross,shaft_car,multi_stft,4.0,256.0,0.5,0.5
4,1,onset,0,-0.0,1.0,1.0,0.6121463077984817,1.0,0.631992284244618,2,2992,1449,1989,per_session_robust_mad_cf,6.405955314636231,2,cross,shaft_car,multi_stft,4.0,256.0,0.5,0.5
4,1,speech,0,-0.0,1.0,1.0,0.5891428571428572,1.0,0.6177074285714286,2,3500,1750,1989,per_session_robust_mad_cf,16.988181591033936,2,cross,shaft_car,multi_stft,4.0,256.0,0.5,0.5
4,1,volume,0,-0.0,1.0,0.9985714285714286,0.48,0.9999898775510204,0.4849952653061224,2,3500,1750,1989,per_session_robust_mad_cf,49.555217027664185,2,cross,shaft_car,multi_stft,4.0,256.0,0.5,0.5
4,1,delta_volume,0,-0.0,1.0,0.9885714285714284,0.536,0.9993877551020408,0.5500101224489795,2,3500,1750,1989,per_session_robust_mad_cf,46.62116193771362,2,cross,shaft_car,multi_stft,4.0,256.0,0.5,0.5
4,1,pitch,0,-0.0,1.0,0.9088571428571428,0.5137142857142857,0.9702102857142856,0.5188904489795918,2,3500,1750,1989,per_session_robust_mad_cf,51.39286923408508,2,cross,shaft_car,multi_stft,4.0,256.0,0.5,0.5
4,1,word_index,0,-0.0,1.0,1.0,0.5736284889316651,1.0,0.5992876463613458,2,2128,1039,1989,per_session_robust_mad_cf,6.709040403366089,2,cross,shaft_car,multi_stft,4.0,256.0,0.5,0.5
4,1,word_gap,0,-0.0,1.0,0.9573132454488388,0.5349932705248991,0.9923511880484652,0.5482090357921127,2,3186,1486,1989,per_session_robust_mad_cf,26.84127402305603,2,cross,shaft_car,multi_stft,4.0,256.0,0.5,0.5
4,1,gpt2_surprisal,0,-0.0,1.0,0.9345714285714286,0.512,0.9832979591836736,0.5030125714285714,2,3500,1750,1989,per_session_robust_mad_cf,77.33358430862427,2,cross,shaft_car,multi_stft,4.0,256.0,0.5,0.5
4,1,word_head_pos,0,-0.0,1.0,0.9248571428571428,0.528,0.9778102857142856,0.5426873469387755,2,3500,1750,1989,per_session_robust_mad_cf,48.76264953613281,2,cross,shaft_car,multi_stft,4.0,256.0,0.5,0.5
4,1,word_part_speech,0,-0.0,1.0,1.0,0.5066079295154186,1.0,0.5079923988374693,2,2096,1135,1989,per_session_robust_mad_cf,22.62025260925293,2,cross,shaft_car,multi_stft,4.0,256.0,0.5,0.5
4,1,word_length,0,-0.0,1.0,0.934,0.5114285714285715,0.9823487346938776,0.5254396734693878,2,3500,1750,1989,per_session_robust_mad_cf,39.8216450214386,2,cross,shaft_car,multi_stft,4.0,256.0,0.5,0.5
4,1,global_flow,0,-0.0,1.0,0.9577142857142856,0.4771428571428571,0.9924006530612246,0.4576310204081631,2,3500,1750,1989,per_session_robust_mad_cf,34.16771841049194,2,cross,shaft_car,multi_stft,4.0,256.0,0.5,0.5
4,1,local_flow,0,-0.0,1.0,0.9408571428571428,0.4754285714285714,0.985218612244898,0.4646014693877551,2,3500,1750,1989,per_session_robust_mad_cf,73.42299008369446,2,cross,shaft_car,multi_stft,4.0,256.0,0.5,0.5
4,1,frame_brightness,0,-0.0,1.0,0.9468571428571428,0.4885714285714285,0.989773387755102,0.4831588571428571,2,3500,1750,1989,per_session_robust_mad_cf,87.09315586090088,2,cross,shaft_car,multi_stft,4.0,256.0,0.5,0.5
4,1,face_num,0,-0.0,1.0,0.9111428571428573,0.5005714285714286,0.9719875918367348,0.5011232653061224,2,3500,1750,1989,per_session_robust_mad_cf,34.41779112815857,2,cross,shaft_car,multi_stft,4.0,256.0,0.5,0.5
7,0,onset,0,-0.0,1.0,0.9946524064171124,0.5062857142857143,0.999911975606966,0.5163007346938775,2,2992,1750,1326,per_session_robust_mad_cf,13.185755968093872,2,cross,shaft_car,multi_stft,4.0,256.0,0.5,0.5
7,0,speech,0,-0.0,1.0,0.9548571428571428,0.5045714285714286,0.9914145306122448,0.509059918367347,2,3500,1750,1326,per_session_robust_mad_cf,61.17705512046814,2,cross,shaft_car,multi_stft,4.0,256.0,0.5,0.5
7,0,volume,0,-0.0,1.0,0.8848571428571429,0.532,0.957290448979592,0.5381851428571429,2,3500,1750,1326,per_session_robust_mad_cf,58.2369499206543,2,cross,shaft_car,multi_stft,4.0,256.0,0.5,0.5
7,0,delta_volume,0,-0.0,1.0,0.8742857142857143,0.508,0.9495343673469387,0.5184979591836735,2,3500,1750,1326,per_session_robust_mad_cf,32.005433082580566,2,cross,shaft_car,multi_stft,4.0,256.0,0.5,0.5
7,0,pitch,0,-0.0,1.0,0.7805714285714286,0.5045714285714286,0.867598693877551,0.5099258775510204,2,3500,1750,1326,per_session_robust_mad_cf,37.04303812980652,2,cross,shaft_car,multi_stft,4.0,256.0,0.5,0.5
7,0,word_index,0,-0.0,1.0,0.9985902255639098,0.4920962199312714,0.9999143182203628,0.5023707808697492,2,2128,1455,1326,per_session_robust_mad_cf,14.3198401927948,2,cross,shaft_car,multi_stft,4.0,256.0,0.5,0.5
7,0,word_gap,0,-0.0,1.0,0.8308223477715003,0.5017142857142857,0.9111394050162178,0.4967562448979591,2,3186,1750,1326,per_session_robust_mad_cf,22.591225147247314,2,cross,shaft_car,multi_stft,4.0,256.0,0.5,0.5
7,0,gpt2_surprisal,0,-0.0,1.0,0.8174285714285714,0.5022857142857143,0.8975082448979592,0.4985900408163265,2,3500,1750,1326,per_session_robust_mad_cf,58.59828925132752,2,cross,shaft_car,multi_stft,4.0,256.0,0.5,0.5
7,0,word_head_pos,0,-0.0,1.0,0.8065714285714286,0.4834285714285714,0.8899791020408163,0.4829283265306122,2,3500,1750,1326,per_session_robust_mad_cf,28.53212261199951,2,cross,shaft_car,multi_stft,4.0,256.0,0.5,0.5
7,0,word_part_speech,0,-0.0,1.0,0.9575381679389312,0.4961587708066581,0.9933069532661268,0.5046896440919993,2,2096,1562,1326,per_session_robust_mad_cf,40.78646969795227,2,cross,shaft_car,multi_stft,4.0,256.0,0.5,0.5
7,0,word_length,0,-0.0,1.0,0.8105714285714286,0.4942857142857143,0.8901551020408163,0.4987167346938775,2,3500,1750,1326,per_session_robust_mad_cf,33.69274187088013,2,cross,shaft_car,multi_stft,4.0,256.0,0.5,0.5
7,0,global_flow,0,-0.0,1.0,0.8337142857142857,0.5337142857142857,0.9140542040816328,0.5469792653061225,2,3500,1750,1326,per_session_robust_mad_cf,47.89764022827149,2,cross,shaft_car,multi_stft,4.0,256.0,0.5,0.5
7,0,local_flow,0,-0.0,1.0,0.822,0.512,0.9068989387755102,0.5221551020408163,2,3500,1750,1326,per_session_robust_mad_cf,58.28992795944214,2,cross,shaft_car,multi_stft,4.0,256.0,0.5,0.5
7,0,frame_brightness,0,-0.0,1.0,0.8291428571428572,0.4902857142857142,0.9073404081632652,0.4719568979591837,2,3500,1750,1326,per_session_robust_mad_cf,77.59233164787292,2,cross,shaft_car,multi_stft,4.0,256.0,0.5,0.5
7,0,face_num,0,-0.0,1.0,0.7891428571428571,0.4857142857142857,0.8767392653061223,0.4759536326530612,2,3500,1750,1326,per_session_robust_mad_cf,28.769866466522217,2,cross,shaft_car,multi_stft,4.0,256.0,0.5,0.5
7,1,onset,0,-0.0,1.0,0.9946524064171124,0.5396825396825397,0.999911975606966,0.5499604686606974,2,2992,1449,1326,per_session_robust_mad_cf,17.823652267456055,2,cross,shaft_car,multi_stft,4.0,256.0,0.5,0.5
7,1,speech,0,-0.0,1.0,0.9548571428571428,0.5115830115830116,0.9914145306122448,0.5148547609937572,2,3500,1554,1326,per_session_robust_mad_cf,53.79558825492859,2,cross,shaft_car,multi_stft,4.0,256.0,0.5,0.5
7,1,volume,0,-0.0,1.0,0.8848571428571429,0.4982857142857143,0.957290448979592,0.5074155102040816,2,3500,1750,1326,per_session_robust_mad_cf,54.87269926071167,2,cross,shaft_car,multi_stft,4.0,256.0,0.5,0.5
7,1,delta_volume,0,-0.0,1.0,0.8742857142857143,0.5085714285714286,0.9495343673469387,0.5256502857142857,2,3500,1750,1326,per_session_robust_mad_cf,31.736783742904663,2,cross,shaft_car,multi_stft,4.0,256.0,0.5,0.5
7,1,pitch,0,-0.0,1.0,0.7805714285714286,0.5171428571428571,0.867598693877551,0.5035624489795918,2,3500,1750,1326,per_session_robust_mad_cf,34.74620819091797,2,cross,shaft_car,multi_stft,4.0,256.0,0.5,0.5
7,1,word_index,0,-0.0,1.0,0.9985902255639098,0.5101058710298364,0.9999143182203628,0.5287192455906329,2,2128,1039,1326,per_session_robust_mad_cf,19.59719038009644,2,cross,shaft_car,multi_stft,4.0,256.0,0.5,0.5
7,1,word_gap,0,-0.0,1.0,0.8308223477715003,0.4966352624495289,0.9111394050162178,0.4904166115689006,2,3186,1486,1326,per_session_robust_mad_cf,22.313401222229004,2,cross,shaft_car,multi_stft,4.0,256.0,0.5,0.5
7,1,gpt2_surprisal,0,-0.0,1.0,0.8174285714285714,0.4914285714285714,0.8975082448979592,0.4928026122448979,2,3500,1750,1326,per_session_robust_mad_cf,77.72668719291687,2,cross,shaft_car,multi_stft,4.0,256.0,0.5,0.5
7,1,word_head_pos,0,-0.0,1.0,0.8065714285714286,0.512,0.8899791020408163,0.5187317551020408,2,3500,1750,1326,per_session_robust_mad_cf,24.694191694259644,2,cross,shaft_car,multi_stft,4.0,256.0,0.5,0.5
7,1,word_part_speech,0,-0.0,1.0,0.9575381679389312,0.505726872246696,0.9933069532661268,0.4966403358422138,2,2096,1135,1326,per_session_robust_mad_cf,34.48462629318237,2,cross,shaft_car,multi_stft,4.0,256.0,0.5,0.5
7,1,word_length,0,-0.0,1.0,0.8105714285714286,0.4988571428571428,0.8901551020408163,0.5026364081632653,2,3500,1750,1326,per_session_robust_mad_cf,31.758008003234863,2,cross,shaft_car,multi_stft,4.0,256.0,0.5,0.5
7,1,global_flow,0,-0.0,1.0,0.8337142857142857,0.5045714285714286,0.9140542040816328,0.5102824489795919,2,3500,1750,1326,per_session_robust_mad_cf,47.03528118133545,2,cross,shaft_car,multi_stft,4.0,256.0,0.5,0.5
7,1,local_flow,0,-0.0,1.0,0.822,0.4988571428571428,0.9068989387755102,0.5044963265306122,2,3500,1750,1326,per_session_robust_mad_cf,63.257444620132446,2,cross,shaft_car,multi_stft,4.0,256.0,0.5,0.5
7,1,frame_brightness,0,-0.0,1.0,0.8291428571428572,0.5131428571428571,0.9073404081632652,0.5152744489795917,2,3500,1750,1326,per_session_robust_mad_cf,74.49548602104187,2,cross,shaft_car,multi_stft,4.0,256.0,0.5,0.5
7,1,face_num,0,-0.0,1.0,0.7891428571428571,0.4977142857142857,0.8767392653061223,0.4978233469387755,2,3500,1750,1326,per_session_robust_mad_cf,27.504881381988525,2,cross,shaft_car,multi_stft,4.0,256.0,0.5,0.5
10,0,onset,0,-0.0,1.0,0.9538770053475936,0.631864815932408,0.9907820140696044,0.6820601184128483,2,2992,1657,1105,per_session_robust_mad_cf,16.361449003219604,2,cross,shaft_car,multi_stft,4.0,256.0,0.5,0.5
10,0,speech,0,-0.0,1.0,0.8985714285714286,0.6051428571428571,0.9633054693877552,0.6508917551020409,2,3500,1750,1105,per_session_robust_mad_cf,17.578545331954956,2,cross,shaft_car,multi_stft,4.0,256.0,0.5,0.5
10,0,volume,0,-0.0,1.0,0.8891428571428571,0.5525714285714286,0.9573916734693878,0.5624986122448979,2,3500,1750,1105,per_session_robust_mad_cf,17.186807870864868,2,cross,shaft_car,multi_stft,4.0,256.0,0.5,0.5
10,0,delta_volume,0,-0.0,1.0,0.8517142857142858,0.544,0.9278899591836736,0.5569671836734693,2,3500,1750,1105,per_session_robust_mad_cf,15.865591764450071,2,cross,shaft_car,multi_stft,4.0,256.0,0.5,0.5
10,0,pitch,0,-0.0,1.0,0.7802857142857142,0.5268571428571428,0.8620819591836735,0.5194475102040816,2,3500,1750,1105,per_session_robust_mad_cf,22.81057095527649,2,cross,shaft_car,multi_stft,4.0,256.0,0.5,0.5
10,0,word_index,0,-0.0,1.0,0.9450187969924811,0.5719091673675357,0.986939270167901,0.5947931697931698,2,2128,1189,1105,per_session_robust_mad_cf,14.569138050079346,2,cross,shaft_car,multi_stft,4.0,256.0,0.5,0.5
10,0,word_gap,0,-0.0,1.0,0.7978656622724419,0.5,0.8736791415991731,0.5008182857142858,2,3186,1750,1105,per_session_robust_mad_cf,17.482274770736694,2,cross,shaft_car,multi_stft,4.0,256.0,0.5,0.5
10,0,gpt2_surprisal,0,-0.0,1.0,0.7725714285714286,0.5262857142857142,0.8545244081632652,0.5373217959183674,2,3500,1750,1105,per_session_robust_mad_cf,19.796870946884155,2,cross,shaft_car,multi_stft,4.0,256.0,0.5,0.5
10,0,word_head_pos,0,-0.0,1.0,0.77,0.492,0.8583712653061224,0.4987650612244898,2,3500,1750,1105,per_session_robust_mad_cf,15.097674131393433,2,cross,shaft_car,multi_stft,4.0,256.0,0.5,0.5
10,0,word_part_speech,0,-0.0,1.0,0.8826335877862596,0.4833720030935808,0.9492863542334364,0.478866499825343,2,2096,1293,1105,per_session_robust_mad_cf,16.256309747695923,2,cross,shaft_car,multi_stft,4.0,256.0,0.5,0.5
10,0,word_length,0,-0.0,1.0,0.772,0.496,0.8523487346938776,0.4892630204081633,2,3500,1750,1105,per_session_robust_mad_cf,21.99514961242676,2,cross,shaft_car,multi_stft,4.0,256.0,0.5,0.5
10,0,global_flow,0,-0.0,1.0,0.8188571428571428,0.5188571428571429,0.9046191020408164,0.534908081632653,2,3500,1750,1105,per_session_robust_mad_cf,20.3365581035614,2,cross,shaft_car,multi_stft,4.0,256.0,0.5,0.5
10,0,local_flow,0,-0.0,1.0,0.8037142857142857,0.4925714285714285,0.8865038367346939,0.5027983673469387,2,3500,1750,1105,per_session_robust_mad_cf,21.89602780342102,2,cross,shaft_car,multi_stft,4.0,256.0,0.5,0.5
10,0,frame_brightness,0,-0.0,1.0,0.7868571428571428,0.4834285714285714,0.8684127346938775,0.4809430204081633,2,3500,1750,1105,per_session_robust_mad_cf,15.604047536849976,2,cross,shaft_car,multi_stft,4.0,256.0,0.5,0.5
10,0,face_num,0,-0.0,1.0,0.7471428571428571,0.5051428571428571,0.8223480816326532,0.5055529795918368,2,3500,1750,1105,per_session_robust_mad_cf,14.851422309875488,2,cross,shaft_car,multi_stft,4.0,256.0,0.5,0.5
10,1,onset,0,-0.0,1.0,0.9538770053475936,0.5857142857142857,0.9907820140696044,0.61312,2,2992,1750,1105,per_session_robust_mad_cf,16.728578567504883,2,cross,shaft_car,multi_stft,4.0,256.0,0.5,0.5
10,1,speech,0,-0.0,1.0,0.8985714285714286,0.5925714285714285,0.9633054693877552,0.6361665306122449,2,3500,1750,1105,per_session_robust_mad_cf,16.646580457687378,2,cross,shaft_car,multi_stft,4.0,256.0,0.5,0.5
10,1,volume,0,-0.0,1.0,0.8891428571428571,0.6262857142857143,0.9573916734693878,0.6845348571428573,2,3500,1750,1105,per_session_robust_mad_cf,13.82383108139038,2,cross,shaft_car,multi_stft,4.0,256.0,0.5,0.5
10,1,delta_volume,0,-0.0,1.0,0.8517142857142858,0.5777142857142857,0.9278899591836736,0.6137730612244898,2,3500,1750,1105,per_session_robust_mad_cf,16.509020805358887,2,cross,shaft_car,multi_stft,4.0,256.0,0.5,0.5
10,1,pitch,0,-0.0,1.0,0.7802857142857142,0.5017142857142857,0.8620819591836735,0.518397387755102,2,3500,1750,1105,per_session_robust_mad_cf,20.779157161712646,2,cross,shaft_car,multi_stft,4.0,256.0,0.5,0.5
10,1,word_index,0,-0.0,1.0,0.9450187969924811,0.5362095531587057,0.986939270167901,0.5659245823253032,2,2128,1298,1105,per_session_robust_mad_cf,13.576414346694946,2,cross,shaft_car,multi_stft,4.0,256.0,0.5,0.5
10,1,word_gap,0,-0.0,1.0,0.7978656622724419,0.4885714285714285,0.8736791415991731,0.4856385306122448,2,3186,1750,1105,per_session_robust_mad_cf,21.12684226036072,2,cross,shaft_car,multi_stft,4.0,256.0,0.5,0.5
10,1,gpt2_surprisal,0,-0.0,1.0,0.7725714285714286,0.5068571428571429,0.8545244081632652,0.5062295510204082,2,3500,1750,1105,per_session_robust_mad_cf,18.687525272369385,2,cross,shaft_car,multi_stft,4.0,256.0,0.5,0.5
10,1,word_head_pos,0,-0.0,1.0,0.77,0.4954285714285714,0.8583712653061224,0.505728,2,3500,1750,1105,per_session_robust_mad_cf,18.82823801040649,2,cross,shaft_car,multi_stft,4.0,256.0,0.5,0.5
10,1,word_part_speech,0,-0.0,1.0,0.8826335877862596,0.4834532374100719,0.9492863542334364,0.4762113762227627,2,2096,1390,1105,per_session_robust_mad_cf,16.53708505630493,2,cross,shaft_car,multi_stft,4.0,256.0,0.5,0.5
10,1,word_length,0,-0.0,1.0,0.772,0.5091428571428571,0.8523487346938776,0.5182249795918368,2,3500,1750,1105,per_session_robust_mad_cf,18.79852104187012,2,cross,shaft_car,multi_stft,4.0,256.0,0.5,0.5
10,1,global_flow,0,-0.0,1.0,0.8188571428571428,0.5462857142857143,0.9046191020408164,0.5529822040816326,2,3500,1750,1105,per_session_robust_mad_cf,13.147935628890991,2,cross,shaft_car,multi_stft,4.0,256.0,0.5,0.5
10,1,local_flow,0,-0.0,1.0,0.8037142857142857,0.5251428571428571,0.8865038367346939,0.5459487346938776,2,3500,1750,1105,per_session_robust_mad_cf,12.569945335388184,2,cross,shaft_car,multi_stft,4.0,256.0,0.5,0.5
10,1,frame_brightness,0,-0.0,1.0,0.7868571428571428,0.528,0.8684127346938775,0.5428179591836735,2,3500,1750,1105,per_session_robust_mad_cf,15.524051189422607,2,cross,shaft_car,multi_stft,4.0,256.0,0.5,0.5
10,1,face_num,0,-0.0,1.0,0.7471428571428571,0.5022857142857143,0.8223480816326532,0.5035102040816326,2,3500,1750,1105,per_session_robust_mad_cf,18.342135190963745,2,cross,shaft_car,multi_stft,4.0,256.0,0.5,0.5
1,1,onset,0,-0.0,1.0,1.0,0.9043367346938777,1.0,0.9659126405664308,2,1567,784,26520,per_session_robust_mad_cf,4.812448263168335,3,within,shaft_car,multi_stft,2.0,128.0,0.5,0.5
1,1,onset,1,-0.0,1.0,1.0,0.8380102040816326,1.0,0.9007379737609328,2,1567,784,26520,per_session_robust_mad_cf,4.056731700897217,3,within,shaft_car,multi_stft,2.0,128.0,0.5,0.5
1,1,speech,0,-0.0,1.0,1.0,0.912,1.0,0.9732766997899752,2,1750,875,26520,per_session_robust_mad_cf,4.451491355895996,3,within,shaft_car,multi_stft,2.0,128.0,0.5,0.5
1,1,speech,1,-0.0,1.0,1.0,0.824,1.0,0.8696540338338401,2,1750,875,26520,per_session_robust_mad_cf,4.188719272613525,3,within,shaft_car,multi_stft,2.0,128.0,0.5,0.5
1,1,volume,0,-0.0,1.0,1.0,0.752,1.0,0.8334992111010104,2,1750,875,26520,per_session_robust_mad_cf,5.0158631801605225,3,within,shaft_car,multi_stft,2.0,128.0,0.5,0.5
1,1,volume,1,-0.0,1.0,1.0,0.784,1.0,0.8533379308903586,2,1750,875,26520,per_session_robust_mad_cf,4.549097299575806,3,within,shaft_car,multi_stft,2.0,128.0,0.5,0.5
1,1,delta_volume,0,-0.0,1.0,1.0,0.7565714285714286,1.0,0.8429150601339561,2,1750,875,26520,per_session_robust_mad_cf,4.928689956665039,3,within,shaft_car,multi_stft,2.0,128.0,0.5,0.5
1,1,delta_volume,1,-0.0,1.0,1.0,0.7622857142857142,1.0,0.8393571779359059,2,1750,875,26520,per_session_robust_mad_cf,4.484480619430542,3,within,shaft_car,multi_stft,2.0,128.0,0.5,0.5
1,1,pitch,0,-0.0,1.0,1.0,0.544,1.0,0.5467853672298675,2,1750,875,26520,per_session_robust_mad_cf,4.418490171432495,3,within,shaft_car,multi_stft,2.0,128.0,0.5,0.5
1,1,pitch,1,-0.0,1.0,1.0,0.5862857142857143,1.0,0.6348965027219627,2,1750,875,26520,per_session_robust_mad_cf,4.27056097984314,3,within,shaft_car,multi_stft,2.0,128.0,0.5,0.5
1,1,word_index,0,-0.0,1.0,1.0,0.7353951890034365,1.0,0.7962116649543581,2,1163,582,26520,per_session_robust_mad_cf,4.228237867355347,3,within,shaft_car,multi_stft,2.0,128.0,0.5,0.5
1,1,word_index,1,-0.0,1.0,1.0,0.7147766323024055,1.0,0.7961290017831627,2,1163,582,26520,per_session_robust_mad_cf,3.0321409702301025,3,within,shaft_car,multi_stft,2.0,128.0,0.5,0.5
1,1,word_gap,0,-0.0,1.0,1.0,0.5668571428571428,1.0,0.6093957347209596,2,1750,875,26520,per_session_robust_mad_cf,4.069974422454834,3,within,shaft_car,multi_stft,2.0,128.0,0.5,0.5
1,1,word_gap,1,-0.0,1.0,1.0,0.576,1.0,0.598241434437792,2,1750,875,26520,per_session_robust_mad_cf,5.102719068527222,3,within,shaft_car,multi_stft,2.0,128.0,0.5,0.5
1,1,gpt2_surprisal,0,-0.0,1.0,1.0,0.5714285714285714,1.0,0.593858081773821,2,1750,875,26520,per_session_robust_mad_cf,4.75272274017334,3,within,shaft_car,multi_stft,2.0,128.0,0.5,0.5
1,1,gpt2_surprisal,1,-0.0,1.0,1.0,0.6137142857142858,1.0,0.6445827194549805,2,1750,875,26520,per_session_robust_mad_cf,4.7231645584106445,3,within,shaft_car,multi_stft,2.0,128.0,0.5,0.5
1,1,word_head_pos,0,-0.0,1.0,1.0,0.6125714285714285,1.0,0.6295831896596762,2,1750,875,26520,per_session_robust_mad_cf,4.857471227645874,3,within,shaft_car,multi_stft,2.0,128.0,0.5,0.5
1,1,word_head_pos,1,-0.0,1.0,1.0,0.5942857142857143,1.0,0.6417092463141177,2,1750,875,26520,per_session_robust_mad_cf,4.799312353134155,3,within,shaft_car,multi_stft,2.0,128.0,0.5,0.5
1,1,word_part_speech,0,-0.0,1.0,1.0,0.5757211538461539,1.0,0.6166154308431953,2,1664,832,26520,per_session_robust_mad_cf,4.269896030426025,3,within,shaft_car,multi_stft,2.0,128.0,0.5,0.5
1,1,word_part_speech,1,-0.0,1.0,1.0,0.5721153846153846,1.0,0.5934495192307693,2,1664,832,26520,per_session_robust_mad_cf,4.400085687637329,3,within,shaft_car,multi_stft,2.0,128.0,0.5,0.5
1,1,word_length,0,-0.0,1.0,1.0,0.5565714285714286,1.0,0.5840151301422107,2,1750,875,26520,per_session_robust_mad_cf,4.765323638916016,3,within,shaft_car,multi_stft,2.0,128.0,0.5,0.5
1,1,word_length,1,-0.0,1.0,1.0,0.5782857142857143,1.0,0.6017313981797854,2,1750,875,26520,per_session_robust_mad_cf,4.5387938022613525,3,within,shaft_car,multi_stft,2.0,128.0,0.5,0.5
1,1,global_flow,0,-0.0,1.0,1.0,0.6365714285714286,1.0,0.6784217840611058,2,1750,875,26520,per_session_robust_mad_cf,4.514422655105591,3,within,shaft_car,multi_stft,2.0,128.0,0.5,0.5
1,1,global_flow,1,-0.0,1.0,1.0,0.6045714285714285,1.0,0.6336844195061806,2,1750,875,26520,per_session_robust_mad_cf,5.024746894836426,3,within,shaft_car,multi_stft,2.0,128.0,0.5,0.5
1,1,local_flow,0,-0.0,1.0,1.0,0.6148571428571429,1.0,0.6475606825282383,2,1750,875,26520,per_session_robust_mad_cf,5.137314319610596,3,within,shaft_car,multi_stft,2.0,128.0,0.5,0.5
1,1,local_flow,1,-0.0,1.0,1.0,0.5805714285714285,1.0,0.616407009184665,2,1750,875,26520,per_session_robust_mad_cf,4.312354803085327,3,within,shaft_car,multi_stft,2.0,128.0,0.5,0.5
1,1,frame_brightness,0,-0.0,1.0,1.0,0.5051428571428571,1.0,0.5152450811364324,2,1750,875,26520,per_session_robust_mad_cf,5.323825359344482,3,within,shaft_car,multi_stft,2.0,128.0,0.5,0.5
1,1,frame_brightness,1,-0.0,1.0,1.0,0.5417142857142857,1.0,0.5537809682037136,2,1750,875,26520,per_session_robust_mad_cf,4.469398021697998,3,within,shaft_car,multi_stft,2.0,128.0,0.5,0.5
1,1,face_num,0,-0.0,1.0,1.0,0.5565714285714286,1.0,0.5793235321776746,2,1750,875,26520,per_session_robust_mad_cf,4.214871883392334,3,within,shaft_car,multi_stft,2.0,128.0,0.5,0.5
1,1,face_num,1,-0.0,1.0,1.0,0.5371428571428571,1.0,0.5688797634347931,2,1750,875,26520,per_session_robust_mad_cf,4.624975681304932,3,within,shaft_car,multi_stft,2.0,128.0,0.5,0.5
1,2,onset,0,-0.0,1.0,1.0,0.8888888888888888,1.0,0.928345626975764,2,1458,729,26520,per_session_robust_mad_cf,3.2625486850738525,3,within,shaft_car,multi_stft,2.0,128.0,0.5,0.5
1,2,onset,1,-0.0,1.0,1.0,0.943758573388203,1.0,0.98253800993527,2,1458,729,26520,per_session_robust_mad_cf,2.471752643585205,3,within,shaft_car,multi_stft,2.0,128.0,0.5,0.5
1,2,speech,0,-0.0,1.0,1.0,0.9028571428571428,1.0,0.936632080499044,2,1750,875,26520,per_session_robust_mad_cf,3.823123216629028,3,within,shaft_car,multi_stft,2.0,128.0,0.5,0.5
1,2,speech,1,-0.0,1.0,1.0,0.9428571428571428,1.0,0.977477195072255,2,1750,875,26520,per_session_robust_mad_cf,3.405916929244995,3,within,shaft_car,multi_stft,2.0,128.0,0.5,0.5
1,2,volume,0,-0.0,1.0,1.0,0.7725714285714286,1.0,0.8655110080143777,2,1750,875,26520,per_session_robust_mad_cf,3.911548137664795,3,within,shaft_car,multi_stft,2.0,128.0,0.5,0.5
1,2,volume,1,-0.0,1.0,1.0,0.8057142857142857,1.0,0.8951756998213223,2,1750,875,26520,per_session_robust_mad_cf,2.804877281188965,3,within,shaft_car,multi_stft,2.0,128.0,0.5,0.5
1,2,delta_volume,0,-0.0,1.0,1.0,0.7257142857142858,1.0,0.7968872449139526,2,1750,875,26520,per_session_robust_mad_cf,3.073988437652588,3,within,shaft_car,multi_stft,2.0,128.0,0.5,0.5
1,2,delta_volume,1,-0.0,1.0,1.0,0.7005714285714286,1.0,0.7959050395494394,2,1750,875,26520,per_session_robust_mad_cf,4.2982611656188965,3,within,shaft_car,multi_stft,2.0,128.0,0.5,0.5
1,2,pitch,0,-0.0,1.0,1.0,0.5771428571428572,1.0,0.6133506786621109,2,1750,875,26520,per_session_robust_mad_cf,4.67370867729187,3,within,shaft_car,multi_stft,2.0,128.0,0.5,0.5
1,2,pitch,1,-0.0,1.0,1.0,0.5874285714285714,1.0,0.6223942823108994,2,1750,875,26520,per_session_robust_mad_cf,3.090956211090088,3,within,shaft_car,multi_stft,2.0,128.0,0.5,0.5
1,2,word_index,0,-0.0,1.0,1.0,0.5882352941176471,1.0,0.6384159938485199,2,1020,510,26520,per_session_robust_mad_cf,2.89628529548645,3,within,shaft_car,multi_stft,2.0,128.0,0.5,0.5
1,2,word_index,1,-0.0,1.0,1.0,0.5607843137254902,1.0,0.6221760861207228,2,1020,510,26520,per_session_robust_mad_cf,1.9138805866241453,3,within,shaft_car,multi_stft,2.0,128.0,0.5,0.5
1,2,word_gap,0,-0.0,1.0,1.0,0.5554272517321016,1.0,0.5728816090543978,2,1732,866,26520,per_session_robust_mad_cf,3.9243602752685542,3,within,shaft_car,multi_stft,2.0,128.0,0.5,0.5
1,2,word_gap,1,-0.0,1.0,1.0,0.5404157043879908,1.0,0.5602355338179841,2,1732,866,26520,per_session_robust_mad_cf,3.948307037353516,3,within,shaft_car,multi_stft,2.0,128.0,0.5,0.5
1,2,gpt2_surprisal,0,-0.0,1.0,1.0,0.6091428571428571,1.0,0.6249386121647178,2,1750,875,26520,per_session_robust_mad_cf,4.12653398513794,3,within,shaft_car,multi_stft,2.0,128.0,0.5,0.5
1,2,gpt2_surprisal,1,-0.0,1.0,1.0,0.5805714285714285,1.0,0.6054825867527663,2,1750,875,26520,per_session_robust_mad_cf,3.372331142425537,3,within,shaft_car,multi_stft,2.0,128.0,0.5,0.5
1,2,word_head_pos,0,-0.0,1.0,1.0,0.5451428571428572,1.0,0.5820350459233252,2,1750,875,26520,per_session_robust_mad_cf,3.625309467315674,3,within,shaft_car,multi_stft,2.0,128.0,0.5,0.5
1,2,word_head_pos,1,-0.0,1.0,1.0,0.5657142857142857,1.0,0.5970606982017282,2,1750,875,26520,per_session_robust_mad_cf,4.175279855728149,3,within,shaft_car,multi_stft,2.0,128.0,0.5,0.5
1,2,word_part_speech,0,-0.0,1.0,1.0,0.6075268817204301,1.0,0.6431700517722023,2,1115,558,26520,per_session_robust_mad_cf,3.375252723693848,3,within,shaft_car,multi_stft,2.0,128.0,0.5,0.5
1,2,word_part_speech,1,-0.0,1.0,1.0,0.5931899641577061,1.0,0.6372348762220423,2,1115,558,26520,per_session_robust_mad_cf,3.092726469039917,3,within,shaft_car,multi_stft,2.0,128.0,0.5,0.5
1,2,word_length,0,-0.0,1.0,1.0,0.5702857142857143,1.0,0.6280106161771313,2,1750,875,26520,per_session_robust_mad_cf,4.536554336547852,3,within,shaft_car,multi_stft,2.0,128.0,0.5,0.5
1,2,word_length,1,-0.0,1.0,1.0,0.5851428571428572,1.0,0.6225823641892103,2,1750,875,26520,per_session_robust_mad_cf,3.0557689666748047,3,within,shaft_car,multi_stft,2.0,128.0,0.5,0.5
1,2,global_flow,0,-0.0,1.0,1.0,0.6171428571428571,1.0,0.6747541874340408,2,1750,875,26520,per_session_robust_mad_cf,4.096794128417969,3,within,shaft_car,multi_stft,2.0,128.0,0.5,0.5
1,2,global_flow,1,-0.0,1.0,1.0,0.6742857142857143,1.0,0.7429808887913649,2,1750,875,26520,per_session_robust_mad_cf,3.3756275177001958,3,within,shaft_car,multi_stft,2.0,128.0,0.5,0.5
1,2,local_flow,0,-0.0,1.0,1.0,0.6274285714285714,1.0,0.6866033457676353,2,1750,875,26520,per_session_robust_mad_cf,6.327595472335815,3,within,shaft_car,multi_stft,2.0,128.0,0.5,0.5
1,2,local_flow,1,-0.0,1.0,1.0,0.6262857142857143,1.0,0.6988391168510915,2,1750,875,26520,per_session_robust_mad_cf,5.773300647735596,3,within,shaft_car,multi_stft,2.0,128.0,0.5,0.5
1,2,frame_brightness,0,-0.0,1.0,1.0,0.4354285714285714,1.0,0.4046686101794091,2,1750,875,26520,per_session_robust_mad_cf,4.105799198150635,3,within,shaft_car,multi_stft,2.0,128.0,0.5,0.5
1,2,frame_brightness,1,-0.0,1.0,1.0,0.448,1.0,0.4326039936052162,2,1750,875,26520,per_session_robust_mad_cf,3.4435880184173584,3,within,shaft_car,multi_stft,2.0,128.0,0.5,0.5
1,2,face_num,0,-0.0,1.0,1.0,0.5051428571428571,1.0,0.5031346979718504,2,1750,875,26520,per_session_robust_mad_cf,4.065093994140625,3,within,shaft_car,multi_stft,2.0,128.0,0.5,0.5
1,2,face_num,1,-0.0,1.0,1.0,0.52,1.0,0.5378201310303752,2,1750,875,26520,per_session_robust_mad_cf,2.9075961112976074,3,within,shaft_car,multi_stft,2.0,128.0,0.5,0.5
2,0,onset,0,-0.0,1.0,1.0,0.8860182370820668,1.0,0.9484021766243844,2,1315,658,26299,per_session_robust_mad_cf,5.040522813796997,3,within,shaft_car,multi_stft,2.0,128.0,0.5,0.5
2,0,onset,1,-0.0,1.0,1.0,0.919452887537994,1.0,0.9638307110983824,2,1315,658,26299,per_session_robust_mad_cf,5.253503084182739,3,within,shaft_car,multi_stft,2.0,128.0,0.5,0.5
2,0,speech,0,-0.0,1.0,1.0,0.888,1.0,0.9481468710489744,2,1750,875,26299,per_session_robust_mad_cf,7.2765724658966064,3,within,shaft_car,multi_stft,2.0,128.0,0.5,0.5
2,0,speech,1,-0.0,1.0,1.0,0.9302857142857144,1.0,0.97170935080405,2,1750,875,26299,per_session_robust_mad_cf,4.440474033355713,3,within,shaft_car,multi_stft,2.0,128.0,0.5,0.5
2,0,volume,0,-0.0,1.0,1.0,0.784,1.0,0.8754375515919042,2,1750,875,26299,per_session_robust_mad_cf,6.41978120803833,3,within,shaft_car,multi_stft,2.0,128.0,0.5,0.5
2,0,volume,1,-0.0,1.0,1.0,0.7622857142857142,1.0,0.8358724386905321,2,1750,875,26299,per_session_robust_mad_cf,4.653360366821289,3,within,shaft_car,multi_stft,2.0,128.0,0.5,0.5
2,0,delta_volume,0,-0.0,1.0,1.0,0.7508571428571429,1.0,0.7984232469201593,2,1750,875,26299,per_session_robust_mad_cf,6.498212099075317,3,within,shaft_car,multi_stft,2.0,128.0,0.5,0.5
2,0,delta_volume,1,-0.0,1.0,1.0,0.7485714285714286,1.0,0.8372935017711043,2,1750,875,26299,per_session_robust_mad_cf,5.348034381866455,3,within,shaft_car,multi_stft,2.0,128.0,0.5,0.5
2,0,pitch,0,-0.0,1.0,1.0,0.5931428571428572,1.0,0.6452880264986469,2,1750,875,26299,per_session_robust_mad_cf,6.480190277099609,3,within,shaft_car,multi_stft,2.0,128.0,0.5,0.5
2,0,pitch,1,-0.0,1.0,1.0,0.608,1.0,0.6748221058900974,2,1750,875,26299,per_session_robust_mad_cf,6.149676084518433,3,within,shaft_car,multi_stft,2.0,128.0,0.5,0.5
2,0,word_index,0,-0.0,1.0,1.0,0.7112970711297071,1.0,0.7801684144185153,2,955,478,26299,per_session_robust_mad_cf,4.304378747940064,3,within,shaft_car,multi_stft,2.0,128.0,0.5,0.5
2,0,word_index,1,-0.0,1.0,1.0,0.7071129707112971,1.0,0.7814288965529315,2,955,478,26299,per_session_robust_mad_cf,2.4483325481414795,3,within,shaft_car,multi_stft,2.0,128.0,0.5,0.5
2,0,word_gap,0,-0.0,1.0,1.0,0.6499302649930265,1.0,0.6860537495526058,2,1433,717,26299,per_session_robust_mad_cf,4.682363271713257,3,within,shaft_car,multi_stft,2.0,128.0,0.5,0.5
2,0,word_gap,1,-0.0,1.0,1.0,0.6122733612273361,1.0,0.6596769424689937,2,1433,717,26299,per_session_robust_mad_cf,5.403331756591797,3,within,shaft_car,multi_stft,2.0,128.0,0.5,0.5
2,0,gpt2_surprisal,0,-0.0,1.0,1.0,0.5988571428571429,1.0,0.6381827110957858,2,1750,875,26299,per_session_robust_mad_cf,6.39624810218811,3,within,shaft_car,multi_stft,2.0,128.0,0.5,0.5
2,0,gpt2_surprisal,1,-0.0,1.0,1.0,0.5725714285714286,1.0,0.6038838907871227,2,1750,875,26299,per_session_robust_mad_cf,5.100881099700928,3,within,shaft_car,multi_stft,2.0,128.0,0.5,0.5
2,0,word_head_pos,0,-0.0,1.0,1.0,0.5714285714285714,1.0,0.6161666823401566,2,1750,875,26299,per_session_robust_mad_cf,4.896860837936401,3,within,shaft_car,multi_stft,2.0,128.0,0.5,0.5
2,0,word_head_pos,1,-0.0,1.0,1.0,0.5942857142857143,1.0,0.6054878112493861,2,1750,875,26299,per_session_robust_mad_cf,6.568835020065308,3,within,shaft_car,multi_stft,2.0,128.0,0.5,0.5
2,0,word_part_speech,0,-0.0,1.0,1.0,0.52,1.0,0.5479449021171052,2,850,425,26299,per_session_robust_mad_cf,3.750844955444336,3,within,shaft_car,multi_stft,2.0,128.0,0.5,0.5
2,0,word_part_speech,1,-0.0,1.0,1.0,0.5529411764705883,1.0,0.5559837009478252,2,850,425,26299,per_session_robust_mad_cf,4.0581955909729,3,within,shaft_car,multi_stft,2.0,128.0,0.5,0.5
2,0,word_length,0,-0.0,1.0,1.0,0.6068571428571429,1.0,0.6551100801437781,2,1750,875,26299,per_session_robust_mad_cf,5.872932195663452,3,within,shaft_car,multi_stft,2.0,128.0,0.5,0.5
2,0,word_length,1,-0.0,1.0,1.0,0.6594285714285715,1.0,0.7217798815084167,2,1750,875,26299,per_session_robust_mad_cf,5.828888177871704,3,within,shaft_car,multi_stft,2.0,128.0,0.5,0.5
2,0,global_flow,0,-0.0,1.0,1.0,0.6045714285714285,1.0,0.6327126631349069,2,1750,875,26299,per_session_robust_mad_cf,6.1817121505737305,3,within,shaft_car,multi_stft,2.0,128.0,0.5,0.5
2,0,global_flow,1,-0.0,1.0,1.0,0.6011428571428571,1.0,0.6472733352141522,2,1750,875,26299,per_session_robust_mad_cf,4.731464862823486,3,within,shaft_car,multi_stft,2.0,128.0,0.5,0.5
2,0,local_flow,0,-0.0,1.0,1.0,0.5337142857142857,1.0,0.5641097980209606,2,1750,875,26299,per_session_robust_mad_cf,5.90791654586792,3,within,shaft_car,multi_stft,2.0,128.0,0.5,0.5
2,0,local_flow,1,-0.0,1.0,1.0,0.6228571428571429,1.0,0.6546242019581414,2,1750,875,26299,per_session_robust_mad_cf,5.1364052295684814,3,within,shaft_car,multi_stft,2.0,128.0,0.5,0.5
2,0,frame_brightness,0,-0.0,1.0,1.0,0.5497142857142857,1.0,0.5512732098262332,2,1750,875,26299,per_session_robust_mad_cf,5.266526937484741,3,within,shaft_car,multi_stft,2.0,128.0,0.5,0.5
2,0,frame_brightness,1,-0.0,1.0,1.0,0.52,1.0,0.523557255258456,2,1750,875,26299,per_session_robust_mad_cf,6.418668031692505,3,within,shaft_car,multi_stft,2.0,128.0,0.5,0.5
2,0,face_num,0,-0.0,1.0,1.0,0.488,1.0,0.5016822879115597,2,1750,875,26299,per_session_robust_mad_cf,5.1785736083984375,3,within,shaft_car,multi_stft,2.0,128.0,0.5,0.5
2,0,face_num,1,-0.0,1.0,1.0,0.5257142857142857,1.0,0.5474175313208572,2,1750,875,26299,per_session_robust_mad_cf,4.695658922195435,3,within,shaft_car,multi_stft,2.0,128.0,0.5,0.5
2,4,onset,0,-0.0,1.0,1.0,0.7580213903743316,1.0,0.8398653092739283,2,1496,748,26299,per_session_robust_mad_cf,4.039090156555176,3,within,shaft_car,multi_stft,2.0,128.0,0.5,0.5
2,4,onset,1,-0.0,1.0,1.0,0.8609625668449198,1.0,0.916674411621722,2,1496,748,26299,per_session_robust_mad_cf,3.155618906021118,3,within,shaft_car,multi_stft,2.0,128.0,0.5,0.5
2,4,speech,0,-0.0,1.0,1.0,0.7771428571428571,1.0,0.8508980909689352,2,1750,875,26299,per_session_robust_mad_cf,5.125985383987427,3,within,shaft_car,multi_stft,2.0,128.0,0.5,0.5
2,4,speech,1,-0.0,1.0,1.0,0.8548571428571429,1.0,0.9114748231507894,2,1750,875,26299,per_session_robust_mad_cf,3.174979448318481,3,within,shaft_car,multi_stft,2.0,128.0,0.5,0.5
2,4,volume,0,-0.0,1.0,1.0,0.7245714285714285,1.0,0.8048546022590723,2,1750,875,26299,per_session_robust_mad_cf,4.218209743499756,3,within,shaft_car,multi_stft,2.0,128.0,0.5,0.5
2,4,volume,1,-0.0,1.0,1.0,0.7897142857142857,1.0,0.862467738733373,2,1750,875,26299,per_session_robust_mad_cf,4.687076568603516,3,within,shaft_car,multi_stft,2.0,128.0,0.5,0.5
2,4,delta_volume,0,-0.0,1.0,1.0,0.7428571428571429,1.0,0.814943105231811,2,1750,875,26299,per_session_robust_mad_cf,5.531423091888428,3,within,shaft_car,multi_stft,2.0,128.0,0.5,0.5
2,4,delta_volume,1,-0.0,1.0,1.0,0.696,1.0,0.7752604411564946,2,1750,875,26299,per_session_robust_mad_cf,3.621049880981445,3,within,shaft_car,multi_stft,2.0,128.0,0.5,0.5
2,4,pitch,0,-0.0,1.0,1.0,0.5588571428571428,1.0,0.5800680229459891,2,1750,875,26299,per_session_robust_mad_cf,5.274296522140503,3,within,shaft_car,multi_stft,2.0,128.0,0.5,0.5
2,4,pitch,1,-0.0,1.0,1.0,0.6491428571428571,1.0,0.6862376310042528,2,1750,875,26299,per_session_robust_mad_cf,4.310865640640259,3,within,shaft_car,multi_stft,2.0,128.0,0.5,0.5
2,4,word_index,0,-0.0,1.0,1.0,0.7030075187969925,1.0,0.7686909944033014,2,1064,532,26299,per_session_robust_mad_cf,3.781141042709351,3,within,shaft_car,multi_stft,2.0,128.0,0.5,0.5
2,4,word_index,1,-0.0,1.0,1.0,0.75,1.0,0.8201141952625925,2,1064,532,26299,per_session_robust_mad_cf,4.375086307525635,3,within,shaft_car,multi_stft,2.0,128.0,0.5,0.5
2,4,word_gap,0,-0.0,1.0,1.0,0.5445420326223338,1.0,0.5431039911336129,2,1593,797,26299,per_session_robust_mad_cf,4.582078218460083,3,within,shaft_car,multi_stft,2.0,128.0,0.5,0.5
2,4,word_gap,1,-0.0,1.0,1.0,0.5834378920953576,1.0,0.620387337690961,2,1593,797,26299,per_session_robust_mad_cf,5.072421073913574,3,within,shaft_car,multi_stft,2.0,128.0,0.5,0.5
2,4,gpt2_surprisal,0,-0.0,1.0,1.0,0.5965714285714285,1.0,0.6374029549752881,2,1750,875,26299,per_session_robust_mad_cf,5.516290903091431,3,within,shaft_car,multi_stft,2.0,128.0,0.5,0.5
2,4,gpt2_surprisal,1,-0.0,1.0,1.0,0.6194285714285714,1.0,0.6609301693781804,2,1750,875,26299,per_session_robust_mad_cf,3.5628135204315186,3,within,shaft_car,multi_stft,2.0,128.0,0.5,0.5
2,4,word_head_pos,0,-0.0,1.0,1.0,0.5565714285714286,1.0,0.5811860652226158,2,1750,875,26299,per_session_robust_mad_cf,5.559134244918823,3,within,shaft_car,multi_stft,2.0,128.0,0.5,0.5
2,4,word_head_pos,1,-0.0,1.0,1.0,0.5908571428571429,1.0,0.6273392683614933,2,1750,875,26299,per_session_robust_mad_cf,4.686845541000366,3,within,shaft_car,multi_stft,2.0,128.0,0.5,0.5
2,4,word_part_speech,0,-0.0,1.0,1.0,0.6164122137404581,1.0,0.6639327545014859,2,1048,524,26299,per_session_robust_mad_cf,3.458709239959717,3,within,shaft_car,multi_stft,2.0,128.0,0.5,0.5
2,4,word_part_speech,1,-0.0,1.0,1.0,0.6316793893129771,1.0,0.660651331507488,2,1048,524,26299,per_session_robust_mad_cf,3.918156385421753,3,within,shaft_car,multi_stft,2.0,128.0,0.5,0.5
2,4,word_length,0,-0.0,1.0,1.0,0.6514285714285715,1.0,0.6822578707041577,2,1750,875,26299,per_session_robust_mad_cf,4.921445846557617,3,within,shaft_car,multi_stft,2.0,128.0,0.5,0.5
2,4,word_length,1,-0.0,1.0,1.0,0.6468571428571429,1.0,0.6913328213326646,2,1750,875,26299,per_session_robust_mad_cf,5.135773420333862,3,within,shaft_car,multi_stft,2.0,128.0,0.5,0.5
2,4,global_flow,0,-0.0,1.0,1.0,0.5668571428571428,1.0,0.5924239574516995,2,1750,875,26299,per_session_robust_mad_cf,3.818012952804565,3,within,shaft_car,multi_stft,2.0,128.0,0.5,0.5
2,4,global_flow,1,-0.0,1.0,1.0,0.6548571428571428,1.0,0.7169550588800769,2,1750,875,26299,per_session_robust_mad_cf,5.197538614273071,3,within,shaft_car,multi_stft,2.0,128.0,0.5,0.5
2,4,local_flow,0,-0.0,1.0,1.0,0.5657142857142857,1.0,0.6014283773758399,2,1750,875,26299,per_session_robust_mad_cf,5.502171993255615,3,within,shaft_car,multi_stft,2.0,128.0,0.5,0.5
2,4,local_flow,1,-0.0,1.0,1.0,0.6502857142857142,1.0,0.6911800048065369,2,1750,875,26299,per_session_robust_mad_cf,5.157371759414673,3,within,shaft_car,multi_stft,2.0,128.0,0.5,0.5
2,4,frame_brightness,0,-0.0,1.0,1.0,0.4491428571428571,1.0,0.4476766663531969,2,1750,875,26299,per_session_robust_mad_cf,5.06193995475769,3,within,shaft_car,multi_stft,2.0,128.0,0.5,0.5
2,4,frame_brightness,1,-0.0,1.0,1.0,0.5257142857142857,1.0,0.5302393864351169,2,1750,875,26299,per_session_robust_mad_cf,3.345247268676758,3,within,shaft_car,multi_stft,2.0,128.0,0.5,0.5
2,4,face_num,0,-0.0,1.0,1.0,0.504,1.0,0.5236395410802169,2,1750,875,26299,per_session_robust_mad_cf,4.872351408004761,3,within,shaft_car,multi_stft,2.0,128.0,0.5,0.5
2,4,face_num,1,-0.0,1.0,1.0,0.4994285714285714,1.0,0.5161227965685506,2,1750,875,26299,per_session_robust_mad_cf,4.364101886749268,3,within,shaft_car,multi_stft,2.0,128.0,0.5,0.5
3,0,onset,0,-0.0,1.0,1.0,0.8628571428571429,1.0,0.940028003301882,2,1750,875,24089,per_session_robust_mad_cf,5.928813457489014,3,within,shaft_car,multi_stft,2.0,128.0,0.5,0.5
3,0,onset,1,-0.0,1.0,1.0,0.88,1.0,0.9205667533933106,2,1750,875,24089,per_session_robust_mad_cf,4.61525559425354,3,within,shaft_car,multi_stft,2.0,128.0,0.5,0.5
3,0,speech,0,-0.0,1.0,1.0,0.864,1.0,0.925524800685454,2,1750,875,24089,per_session_robust_mad_cf,6.237211227416992,3,within,shaft_car,multi_stft,2.0,128.0,0.5,0.5
3,0,speech,1,-0.0,1.0,1.0,0.864,1.0,0.9040416705850391,2,1750,875,24089,per_session_robust_mad_cf,5.146771192550659,3,within,shaft_car,multi_stft,2.0,128.0,0.5,0.5
3,0,volume,0,-0.0,1.0,1.0,0.7611428571428571,1.0,0.8450832262311526,2,1750,875,24089,per_session_robust_mad_cf,6.364298582077026,3,within,shaft_car,multi_stft,2.0,128.0,0.5,0.5
3,0,volume,1,-0.0,1.0,1.0,0.7531428571428571,1.0,0.8346708044679895,2,1750,875,24089,per_session_robust_mad_cf,5.129549264907837,3,within,shaft_car,multi_stft,2.0,128.0,0.5,0.5
3,0,delta_volume,0,-0.0,1.0,1.0,0.6685714285714286,1.0,0.7421031733592469,2,1750,875,24089,per_session_robust_mad_cf,6.094654321670532,3,within,shaft_car,multi_stft,2.0,128.0,0.5,0.5
3,0,delta_volume,1,-0.0,1.0,1.0,0.6731428571428572,1.0,0.7424897861091084,2,1750,875,24089,per_session_robust_mad_cf,7.11455774307251,3,within,shaft_car,multi_stft,2.0,128.0,0.5,0.5
3,0,pitch,0,-0.0,1.0,1.0,0.5462857142857143,1.0,0.5694753560494447,2,1750,875,24089,per_session_robust_mad_cf,5.868484735488892,3,within,shaft_car,multi_stft,2.0,128.0,0.5,0.5
3,0,pitch,1,-0.0,1.0,1.0,0.5462857142857143,1.0,0.5532428450518794,2,1750,875,24089,per_session_robust_mad_cf,6.357403755187988,3,within,shaft_car,multi_stft,2.0,128.0,0.5,0.5
3,0,word_index,0,-0.0,1.0,1.0,0.7486263736263736,1.0,0.8247871633860644,2,1455,728,24089,per_session_robust_mad_cf,6.1171534061431885,3,within,shaft_car,multi_stft,2.0,128.0,0.5,0.5
3,0,word_index,1,-0.0,1.0,1.0,0.7417582417582418,1.0,0.8106584349716218,2,1455,728,24089,per_session_robust_mad_cf,5.94701886177063,3,within,shaft_car,multi_stft,2.0,128.0,0.5,0.5
3,0,word_gap,0,-0.0,1.0,1.0,0.6251428571428571,1.0,0.6757102703154552,2,1750,875,24089,per_session_robust_mad_cf,6.473565101623535,3,within,shaft_car,multi_stft,2.0,128.0,0.5,0.5
3,0,word_gap,1,-0.0,1.0,1.0,0.616,1.0,0.6605853526012768,2,1750,875,24089,per_session_robust_mad_cf,5.1479902267456055,3,within,shaft_car,multi_stft,2.0,128.0,0.5,0.5
3,0,gpt2_surprisal,0,-0.0,1.0,1.0,0.6228571428571429,1.0,0.6505177476150172,2,1750,875,24089,per_session_robust_mad_cf,7.515743017196655,3,within,shaft_car,multi_stft,2.0,128.0,0.5,0.5
3,0,gpt2_surprisal,1,-0.0,1.0,1.0,0.616,1.0,0.6499430529868447,2,1750,875,24089,per_session_robust_mad_cf,7.292909860610962,3,within,shaft_car,multi_stft,2.0,128.0,0.5,0.5
3,0,word_head_pos,0,-0.0,1.0,1.0,0.5885714285714285,1.0,0.6060938528572772,2,1750,875,24089,per_session_robust_mad_cf,6.3814756870269775,3,within,shaft_car,multi_stft,2.0,128.0,0.5,0.5
3,0,word_head_pos,1,-0.0,1.0,1.0,0.5394285714285715,1.0,0.5868520318067354,2,1750,875,24089,per_session_robust_mad_cf,4.284090518951416,3,within,shaft_car,multi_stft,2.0,128.0,0.5,0.5
3,0,word_part_speech,0,-0.0,1.0,1.0,0.6325224071702945,1.0,0.6835071152206702,2,1562,781,24089,per_session_robust_mad_cf,6.251394033432007,3,within,shaft_car,multi_stft,2.0,128.0,0.5,0.5
3,0,word_part_speech,1,-0.0,1.0,1.0,0.6350832266325224,1.0,0.6766017443766804,2,1562,781,24089,per_session_robust_mad_cf,5.102734804153442,3,within,shaft_car,multi_stft,2.0,128.0,0.5,0.5
3,0,word_length,0,-0.0,1.0,1.0,0.5771428571428572,1.0,0.6166786830088922,2,1750,875,24089,per_session_robust_mad_cf,6.749969959259033,3,within,shaft_car,multi_stft,2.0,128.0,0.5,0.5
3,0,word_length,1,-0.0,1.0,1.0,0.6034285714285714,1.0,0.6429265540265194,2,1750,875,24089,per_session_robust_mad_cf,5.988224506378174,3,within,shaft_car,multi_stft,2.0,128.0,0.5,0.5
3,0,global_flow,0,-0.0,1.0,1.0,0.664,1.0,0.7157978328788022,2,1750,875,24089,per_session_robust_mad_cf,6.31620454788208,3,within,shaft_car,multi_stft,2.0,128.0,0.5,0.5
3,0,global_flow,1,-0.0,1.0,1.0,0.6514285714285715,1.0,0.7053174926595822,2,1750,875,24089,per_session_robust_mad_cf,5.797180891036987,3,within,shaft_car,multi_stft,2.0,128.0,0.5,0.5
3,0,local_flow,0,-0.0,1.0,1.0,0.6148571428571429,1.0,0.663976050907495,2,1750,875,24089,per_session_robust_mad_cf,6.907158374786377,3,within,shaft_car,multi_stft,2.0,128.0,0.5,0.5
3,0,local_flow,1,-0.0,1.0,1.0,0.6034285714285714,1.0,0.619823829973982,2,1750,875,24089,per_session_robust_mad_cf,6.074613332748413,3,within,shaft_car,multi_stft,2.0,128.0,0.5,0.5
3,0,frame_brightness,0,-0.0,1.0,1.0,0.5691428571428572,1.0,0.6062022611621372,2,1750,875,24089,per_session_robust_mad_cf,6.370750904083252,3,within,shaft_car,multi_stft,2.0,128.0,0.5,0.5
3,0,frame_brightness,1,-0.0,1.0,1.0,0.4742857142857143,1.0,0.4693374293386831,2,1750,875,24089,per_session_robust_mad_cf,4.559661865234375,3,within,shaft_car,multi_stft,2.0,128.0,0.5,0.5
3,0,face_num,0,-0.0,1.0,1.0,0.4914285714285714,1.0,0.4922729694993887,2,1750,875,24089,per_session_robust_mad_cf,6.5287699699401855,3,within,shaft_car,multi_stft,2.0,128.0,0.5,0.5
3,0,face_num,1,-0.0,1.0,1.0,0.52,1.0,0.5440790779808365,2,1750,875,24089,per_session_robust_mad_cf,6.721345663070679,3,within,shaft_car,multi_stft,2.0,128.0,0.5,0.5
3,1,onset,0,-0.0,1.0,1.0,0.8520499108734403,1.0,0.9338713777325878,2,1122,561,24089,per_session_robust_mad_cf,5.820739030838013,3,within,shaft_car,multi_stft,2.0,128.0,0.5,0.5
3,1,onset,1,-0.0,1.0,1.0,0.9126559714795008,1.0,0.963065582104728,2,1122,561,24089,per_session_robust_mad_cf,4.571092367172241,3,within,shaft_car,multi_stft,2.0,128.0,0.5,0.5
3,1,speech,0,-0.0,1.0,1.0,0.784,1.0,0.8699622791344053,2,1750,875,24089,per_session_robust_mad_cf,4.756877422332764,3,within,shaft_car,multi_stft,2.0,128.0,0.5,0.5
3,1,speech,1,-0.0,1.0,1.0,0.8857142857142857,1.0,0.945957806965299,2,1750,875,24089,per_session_robust_mad_cf,6.8410820960998535,3,within,shaft_car,multi_stft,2.0,128.0,0.5,0.5
3,1,volume,0,-0.0,1.0,1.0,0.7931428571428571,1.0,0.871984159326249,2,1750,875,24089,per_session_robust_mad_cf,6.038509368896484,3,within,shaft_car,multi_stft,2.0,128.0,0.5,0.5
3,1,volume,1,-0.0,1.0,1.0,0.7931428571428571,1.0,0.8782431062767103,2,1750,875,24089,per_session_robust_mad_cf,4.507877349853516,3,within,shaft_car,multi_stft,2.0,128.0,0.5,0.5
3,1,delta_volume,0,-0.0,1.0,1.0,0.7794285714285715,1.0,0.8479984953449735,2,1750,875,24089,per_session_robust_mad_cf,6.648021936416626,3,within,shaft_car,multi_stft,2.0,128.0,0.5,0.5
3,1,delta_volume,1,-0.0,1.0,1.0,0.7782857142857142,1.0,0.8501927839252689,2,1750,875,24089,per_session_robust_mad_cf,7.220460653305054,3,within,shaft_car,multi_stft,2.0,128.0,0.5,0.5
3,1,pitch,0,-0.0,1.0,1.0,0.5405714285714286,1.0,0.5725996050280555,2,1750,875,24089,per_session_robust_mad_cf,7.010722398757935,3,within,shaft_car,multi_stft,2.0,128.0,0.5,0.5
3,1,pitch,1,-0.0,1.0,1.0,0.5817142857142857,1.0,0.5990042109442755,2,1750,875,24089,per_session_robust_mad_cf,5.24740195274353,3,within,shaft_car,multi_stft,2.0,128.0,0.5,0.5
3,1,word_index,0,-0.0,1.0,1.0,0.8042959427207638,1.0,0.8749373433583959,2,838,419,24089,per_session_robust_mad_cf,4.607050180435181,3,within,shaft_car,multi_stft,2.0,128.0,0.5,0.5
3,1,word_index,1,-0.0,1.0,1.0,0.7637231503579952,1.0,0.8446798815219869,2,838,419,24089,per_session_robust_mad_cf,4.239407539367676,3,within,shaft_car,multi_stft,2.0,128.0,0.5,0.5
3,1,word_gap,0,-0.0,1.0,1.0,0.5897755610972568,1.0,0.6269363996492558,2,1603,802,24089,per_session_robust_mad_cf,6.7772297859191895,3,within,shaft_car,multi_stft,2.0,128.0,0.5,0.5
3,1,word_gap,1,-0.0,1.0,1.0,0.6359102244389028,1.0,0.6770044962406949,2,1603,802,24089,per_session_robust_mad_cf,5.553143501281738,3,within,shaft_car,multi_stft,2.0,128.0,0.5,0.5
3,1,gpt2_surprisal,0,-0.0,1.0,1.0,0.6068571428571429,1.0,0.6516253408984045,2,1750,875,24089,per_session_robust_mad_cf,6.638405799865723,3,within,shaft_car,multi_stft,2.0,128.0,0.5,0.5
3,1,gpt2_surprisal,1,-0.0,1.0,1.0,0.6228571428571429,1.0,0.6711754072495115,2,1750,875,24089,per_session_robust_mad_cf,7.0754075050354,3,within,shaft_car,multi_stft,2.0,128.0,0.5,0.5
3,1,word_head_pos,0,-0.0,1.0,1.0,0.5874285714285714,1.0,0.6435743916073686,2,1750,875,24089,per_session_robust_mad_cf,6.269310712814331,3,within,shaft_car,multi_stft,2.0,128.0,0.5,0.5
3,1,word_head_pos,1,-0.0,1.0,1.0,0.6011428571428571,1.0,0.6376289144540923,2,1750,875,24089,per_session_robust_mad_cf,6.756994962692261,3,within,shaft_car,multi_stft,2.0,128.0,0.5,0.5
3,1,word_part_speech,0,-0.0,1.0,1.0,0.6095764272559853,1.0,0.6466382678532667,2,1086,543,24089,per_session_robust_mad_cf,3.868250608444214,3,within,shaft_car,multi_stft,2.0,128.0,0.5,0.5
3,1,word_part_speech,1,-0.0,1.0,1.0,0.6224677716390423,1.0,0.6615205122639463,2,1086,543,24089,per_session_robust_mad_cf,2.6578290462493896,3,within,shaft_car,multi_stft,2.0,128.0,0.5,0.5
3,1,word_length,0,-0.0,1.0,1.0,0.5897142857142857,1.0,0.657019633658297,2,1750,875,24089,per_session_robust_mad_cf,6.595781087875366,3,within,shaft_car,multi_stft,2.0,128.0,0.5,0.5
3,1,word_length,1,-0.0,1.0,1.0,0.64,1.0,0.6841896283293104,2,1750,875,24089,per_session_robust_mad_cf,6.446444511413574,3,within,shaft_car,multi_stft,2.0,128.0,0.5,0.5
3,1,global_flow,0,-0.0,1.0,1.0,0.5965714285714285,1.0,0.6550944066539188,2,1750,875,24089,per_session_robust_mad_cf,7.175378084182739,3,within,shaft_car,multi_stft,2.0,128.0,0.5,0.5
3,1,global_flow,1,-0.0,1.0,1.0,0.6114285714285714,1.0,0.6517611778105179,2,1750,875,24089,per_session_robust_mad_cf,5.83412504196167,3,within,shaft_car,multi_stft,2.0,128.0,0.5,0.5
3,1,local_flow,0,-0.0,1.0,1.0,0.7508571428571429,1.0,0.8099746089464279,2,1750,875,24089,per_session_robust_mad_cf,6.180959224700928,3,within,shaft_car,multi_stft,2.0,128.0,0.5,0.5
3,1,local_flow,1,-0.0,1.0,1.0,0.6994285714285714,1.0,0.7705557819504091,2,1750,875,24089,per_session_robust_mad_cf,7.172522068023682,3,within,shaft_car,multi_stft,2.0,128.0,0.5,0.5
3,1,frame_brightness,0,-0.0,1.0,1.0,0.5108571428571429,1.0,0.5359497612405044,2,1750,875,24089,per_session_robust_mad_cf,7.414764881134033,3,within,shaft_car,multi_stft,2.0,128.0,0.5,0.5
3,1,frame_brightness,1,-0.0,1.0,1.0,0.4857142857142857,1.0,0.4896816191759924,2,1750,875,24089,per_session_robust_mad_cf,5.251971960067749,3,within,shaft_car,multi_stft,2.0,128.0,0.5,0.5
3,1,face_num,0,-0.0,1.0,1.0,0.5051428571428571,1.0,0.5254824822628339,2,1750,875,24089,per_session_robust_mad_cf,6.189527750015259,3,within,shaft_car,multi_stft,2.0,128.0,0.5,0.5
3,1,face_num,1,-0.0,1.0,1.0,0.5177142857142857,1.0,0.5019748597222657,2,1750,875,24089,per_session_robust_mad_cf,6.032639503479004,3,within,shaft_car,multi_stft,2.0,128.0,0.5,0.5
4,0,onset,0,-0.0,1.0,1.0,0.8106060606060606,1.0,0.8797348484848485,2,1056,528,26520,per_session_robust_mad_cf,4.596657514572144,3,within,shaft_car,multi_stft,2.0,128.0,0.5,0.5
4,0,onset,1,-0.0,1.0,1.0,0.8465909090909091,1.0,0.9122331267217632,2,1056,528,26520,per_session_robust_mad_cf,3.6416494846344,3,within,shaft_car,multi_stft,2.0,128.0,0.5,0.5
4,0,speech,0,-0.0,1.0,1.0,0.7508571428571429,1.0,0.8003615351660867,2,1750,875,26520,per_session_robust_mad_cf,4.285672664642334,3,within,shaft_car,multi_stft,2.0,128.0,0.5,0.5
4,0,speech,1,-0.0,1.0,1.0,0.7988571428571428,1.0,0.8621412076946386,2,1750,875,26520,per_session_robust_mad_cf,3.2637057304382324,3,within,shaft_car,multi_stft,2.0,128.0,0.5,0.5
4,0,volume,0,-0.0,1.0,1.0,0.6285714285714286,1.0,0.6755272108843537,2,1679,840,26520,per_session_robust_mad_cf,4.231877088546753,3,within,shaft_car,multi_stft,2.0,128.0,0.5,0.5
4,0,volume,1,-0.0,1.0,1.0,0.6071428571428571,1.0,0.6496995464852608,2,1679,840,26520,per_session_robust_mad_cf,4.035288572311401,3,within,shaft_car,multi_stft,2.0,128.0,0.5,0.5
4,0,delta_volume,0,-0.0,1.0,1.0,0.7023809523809523,1.0,0.782641723356009,2,1679,840,26520,per_session_robust_mad_cf,4.450319528579712,3,within,shaft_car,multi_stft,2.0,128.0,0.5,0.5
4,0,delta_volume,1,-0.0,1.0,1.0,0.7166666666666667,1.0,0.7935487528344671,2,1679,840,26520,per_session_robust_mad_cf,2.784688949584961,3,within,shaft_car,multi_stft,2.0,128.0,0.5,0.5
4,0,pitch,0,-0.0,1.0,1.0,0.5535714285714286,1.0,0.5688633786848073,2,1679,840,26520,per_session_robust_mad_cf,4.008323907852173,3,within,shaft_car,multi_stft,2.0,128.0,0.5,0.5
4,0,pitch,1,-0.0,1.0,1.0,0.5119047619047619,1.0,0.5227310090702948,2,1679,840,26520,per_session_robust_mad_cf,3.159627914428711,3,within,shaft_car,multi_stft,2.0,128.0,0.5,0.5
4,0,word_index,0,-0.0,1.0,1.0,0.6534391534391535,1.0,0.7271352985638699,2,755,378,26520,per_session_robust_mad_cf,3.51661229133606,3,within,shaft_car,multi_stft,2.0,128.0,0.5,0.5
4,0,word_index,1,-0.0,1.0,1.0,0.6931216931216931,1.0,0.7449329526049102,2,755,378,26520,per_session_robust_mad_cf,2.096370220184326,3,within,shaft_car,multi_stft,2.0,128.0,0.5,0.5
4,0,word_gap,0,-0.0,1.0,1.0,0.6220028208744711,1.0,0.678041696506724,2,1417,709,26520,per_session_robust_mad_cf,2.2917518615722656,3,within,shaft_car,multi_stft,2.0,128.0,0.5,0.5
4,0,word_gap,1,-0.0,1.0,1.0,0.61212976022567,1.0,0.6465425320283282,2,1417,709,26520,per_session_robust_mad_cf,2.3785011768341064,3,within,shaft_car,multi_stft,2.0,128.0,0.5,0.5
4,0,gpt2_surprisal,0,-0.0,1.0,1.0,0.5404761904761904,1.0,0.5516439909297053,2,1679,840,26520,per_session_robust_mad_cf,2.6094863414764404,3,within,shaft_car,multi_stft,2.0,128.0,0.5,0.5
4,0,gpt2_surprisal,1,-0.0,1.0,1.0,0.5726190476190476,1.0,0.5890901360544217,2,1679,840,26520,per_session_robust_mad_cf,3.847271680831909,3,within,shaft_car,multi_stft,2.0,128.0,0.5,0.5
4,0,word_head_pos,0,-0.0,1.0,1.0,0.5668571428571428,1.0,0.5626051429944725,2,1750,875,26520,per_session_robust_mad_cf,5.74530291557312,3,within,shaft_car,multi_stft,2.0,128.0,0.5,0.5
4,0,word_head_pos,1,-0.0,1.0,1.0,0.5531428571428572,1.0,0.5696373154446569,2,1750,875,26520,per_session_robust_mad_cf,3.158794403076172,3,within,shaft_car,multi_stft,2.0,128.0,0.5,0.5
4,0,word_part_speech,0,-0.0,1.0,1.0,0.4938271604938271,1.0,0.4909185591627293,2,971,486,26520,per_session_robust_mad_cf,1.8710412979125977,3,within,shaft_car,multi_stft,2.0,128.0,0.5,0.5
4,0,word_part_speech,1,-0.0,1.0,1.0,0.4835390946502058,1.0,0.4951396297989805,2,971,486,26520,per_session_robust_mad_cf,2.171830415725708,3,within,shaft_car,multi_stft,2.0,128.0,0.5,0.5
4,0,word_length,0,-0.0,1.0,1.0,0.5423122765196663,1.0,0.5794010683032162,2,1678,839,26520,per_session_robust_mad_cf,4.485002756118774,3,within,shaft_car,multi_stft,2.0,128.0,0.5,0.5
4,0,word_length,1,-0.0,1.0,1.0,0.564958283671037,1.0,0.5877159336288215,2,1678,839,26520,per_session_robust_mad_cf,4.331845045089722,3,within,shaft_car,multi_stft,2.0,128.0,0.5,0.5
4,0,global_flow,0,-0.0,1.0,1.0,0.7035714285714286,1.0,0.8040986394557823,2,1679,840,26520,per_session_robust_mad_cf,2.82936692237854,3,within,shaft_car,multi_stft,2.0,128.0,0.5,0.5
4,0,global_flow,1,-0.0,1.0,1.0,0.5797619047619048,1.0,0.6271541950113378,2,1679,840,26520,per_session_robust_mad_cf,2.9204466342926025,3,within,shaft_car,multi_stft,2.0,128.0,0.5,0.5
4,0,local_flow,0,-0.0,1.0,1.0,0.6202380952380953,1.0,0.6763321995464853,2,1679,840,26520,per_session_robust_mad_cf,3.111049175262451,3,within,shaft_car,multi_stft,2.0,128.0,0.5,0.5
4,0,local_flow,1,-0.0,1.0,1.0,0.5785714285714286,1.0,0.6125992063492063,2,1679,840,26520,per_session_robust_mad_cf,2.8552632331848145,3,within,shaft_car,multi_stft,2.0,128.0,0.5,0.5
4,0,frame_brightness,0,-0.0,1.0,1.0,0.4142857142857143,1.0,0.3671712018140589,2,1679,840,26520,per_session_robust_mad_cf,4.387300491333008,3,within,shaft_car,multi_stft,2.0,128.0,0.5,0.5
4,0,frame_brightness,1,-0.0,1.0,1.0,0.5285714285714286,1.0,0.5320521541950113,2,1679,840,26520,per_session_robust_mad_cf,3.841790437698364,3,within,shaft_car,multi_stft,2.0,128.0,0.5,0.5
4,0,face_num,0,-0.0,1.0,1.0,0.5176803394625177,1.0,0.5142763400073622,2,1413,707,26520,per_session_robust_mad_cf,4.7318854331970215,3,within,shaft_car,multi_stft,2.0,128.0,0.5,0.5
4,0,face_num,1,-0.0,1.0,1.0,0.4879773691654879,1.0,0.4929438549318993,2,1413,707,26520,per_session_robust_mad_cf,2.845539331436157,3,within,shaft_car,multi_stft,2.0,128.0,0.5,0.5
4,1,onset,0,-0.0,1.0,1.0,0.7889655172413793,1.0,0.8677609850387349,2,1449,725,26520,per_session_robust_mad_cf,2.41043758392334,3,within,shaft_car,multi_stft,2.0,128.0,0.5,0.5
4,1,onset,1,-0.0,1.0,1.0,0.7462068965517241,1.0,0.8154288997458259,2,1449,725,26520,per_session_robust_mad_cf,2.664100646972656,3,within,shaft_car,multi_stft,2.0,128.0,0.5,0.5
4,1,speech,0,-0.0,1.0,1.0,0.7851428571428571,1.0,0.8504879679842847,2,1750,875,26520,per_session_robust_mad_cf,4.683597564697266,3,within,shaft_car,multi_stft,2.0,128.0,0.5,0.5
4,1,speech,1,-0.0,1.0,1.0,0.7634285714285715,1.0,0.839103789849848,2,1750,875,26520,per_session_robust_mad_cf,3.622635841369629,3,within,shaft_car,multi_stft,2.0,128.0,0.5,0.5
4,1,volume,0,-0.0,1.0,1.0,0.6045714285714285,1.0,0.6479094176776068,2,1750,875,26520,per_session_robust_mad_cf,5.295743227005005,3,within,shaft_car,multi_stft,2.0,128.0,0.5,0.5
4,1,volume,1,-0.0,1.0,1.0,0.592,1.0,0.6368687501959187,2,1750,875,26520,per_session_robust_mad_cf,7.696213722229004,3,within,shaft_car,multi_stft,2.0,128.0,0.5,0.5
4,1,delta_volume,0,-0.0,1.0,1.0,0.6388571428571429,1.0,0.6867444071763685,2,1750,875,26520,per_session_robust_mad_cf,4.981235504150391,3,within,shaft_car,multi_stft,2.0,128.0,0.5,0.5
4,1,delta_volume,1,-0.0,1.0,1.0,0.5588571428571428,1.0,0.569342131385641,2,1750,875,26520,per_session_robust_mad_cf,8.18847393989563,3,within,shaft_car,multi_stft,2.0,128.0,0.5,0.5
4,1,pitch,0,-0.0,1.0,1.0,0.5497142857142857,1.0,0.5666933115994274,2,1750,875,26520,per_session_robust_mad_cf,5.2875165939331055,3,within,shaft_car,multi_stft,2.0,128.0,0.5,0.5
4,1,pitch,1,-0.0,1.0,1.0,0.5474285714285714,1.0,0.5487628392004431,2,1750,875,26520,per_session_robust_mad_cf,5.332033395767212,3,within,shaft_car,multi_stft,2.0,128.0,0.5,0.5
4,1,word_index,0,-0.0,1.0,1.0,0.625,1.0,0.6757100591715977,2,1039,520,26520,per_session_robust_mad_cf,3.64241886138916,3,within,shaft_car,multi_stft,2.0,128.0,0.5,0.5
4,1,word_index,1,-0.0,1.0,1.0,0.5846153846153846,1.0,0.5981323964497041,2,1039,520,26520,per_session_robust_mad_cf,5.1676435470581055,3,within,shaft_car,multi_stft,2.0,128.0,0.5,0.5
4,1,word_gap,0,-0.0,1.0,1.0,0.5585464333781965,1.0,0.5991942729617714,2,1486,743,26520,per_session_robust_mad_cf,4.37177848815918,3,within,shaft_car,multi_stft,2.0,128.0,0.5,0.5
4,1,word_gap,1,-0.0,1.0,1.0,0.5074024226110363,1.0,0.5082891342781788,2,1486,743,26520,per_session_robust_mad_cf,3.840015649795532,3,within,shaft_car,multi_stft,2.0,128.0,0.5,0.5
4,1,gpt2_surprisal,0,-0.0,1.0,1.0,0.5028571428571429,1.0,0.5027454729736789,2,1750,875,26520,per_session_robust_mad_cf,5.772371292114258,3,within,shaft_car,multi_stft,2.0,128.0,0.5,0.5
4,1,gpt2_surprisal,1,-0.0,1.0,1.0,0.5131428571428571,1.0,0.5204852512460425,2,1750,875,26520,per_session_robust_mad_cf,4.472079277038574,3,within,shaft_car,multi_stft,2.0,128.0,0.5,0.5
4,1,word_head_pos,0,-0.0,1.0,1.0,0.544,1.0,0.5536425190432902,2,1750,875,26520,per_session_robust_mad_cf,5.395075559616089,3,within,shaft_car,multi_stft,2.0,128.0,0.5,0.5
4,1,word_head_pos,1,-0.0,1.0,1.0,0.5165714285714286,1.0,0.5335556356645037,2,1750,875,26520,per_session_robust_mad_cf,4.918721675872803,3,within,shaft_car,multi_stft,2.0,128.0,0.5,0.5
4,1,word_part_speech,0,-0.0,1.0,1.0,0.5352112676056338,1.0,0.5536847847649276,2,1135,568,26520,per_session_robust_mad_cf,5.719920635223389,3,within,shaft_car,multi_stft,2.0,128.0,0.5,0.5
4,1,word_part_speech,1,-0.0,1.0,1.0,0.5299295774647887,1.0,0.5402325927395358,2,1135,568,26520,per_session_robust_mad_cf,3.7561824321746826,3,within,shaft_car,multi_stft,2.0,128.0,0.5,0.5
4,1,word_length,0,-0.0,1.0,1.0,0.5245714285714286,1.0,0.5448575279771795,2,1750,875,26520,per_session_robust_mad_cf,6.805387735366821,3,within,shaft_car,multi_stft,2.0,128.0,0.5,0.5
4,1,word_length,1,-0.0,1.0,1.0,0.5154285714285715,1.0,0.5078707041576545,2,1750,875,26520,per_session_robust_mad_cf,7.832356214523315,3,within,shaft_car,multi_stft,2.0,128.0,0.5,0.5
4,1,global_flow,0,-0.0,1.0,1.0,0.5771428571428572,1.0,0.619695829806798,2,1750,875,26520,per_session_robust_mad_cf,4.51729679107666,3,within,shaft_car,multi_stft,2.0,128.0,0.5,0.5
4,1,global_flow,1,-0.0,1.0,1.0,0.5405714285714286,1.0,0.5392398879867925,2,1750,875,26520,per_session_robust_mad_cf,8.031783103942871,3,within,shaft_car,multi_stft,2.0,128.0,0.5,0.5
4,1,local_flow,0,-0.0,1.0,1.0,0.5611428571428572,1.0,0.5870662361681451,2,1750,875,26520,per_session_robust_mad_cf,6.091628074645996,3,within,shaft_car,multi_stft,2.0,128.0,0.5,0.5
4,1,local_flow,1,-0.0,1.0,1.0,0.5017142857142857,1.0,0.5103144624515428,2,1750,875,26520,per_session_robust_mad_cf,4.607230186462402,3,within,shaft_car,multi_stft,2.0,128.0,0.5,0.5
4,1,frame_brightness,0,-0.0,1.0,1.0,0.6057142857142858,1.0,0.6562699183933627,2,1750,875,26520,per_session_robust_mad_cf,2.944998264312744,3,within,shaft_car,multi_stft,2.0,128.0,0.5,0.5
4,1,frame_brightness,1,-0.0,1.0,1.0,0.448,1.0,0.4266297817205312,2,1750,875,26520,per_session_robust_mad_cf,3.6696581840515137,3,within,shaft_car,multi_stft,2.0,128.0,0.5,0.5
4,1,face_num,0,-0.0,1.0,1.0,0.5085714285714286,1.0,0.4948590953261653,2,1750,875,26520,per_session_robust_mad_cf,7.21448016166687,3,within,shaft_car,multi_stft,2.0,128.0,0.5,0.5
4,1,face_num,1,-0.0,1.0,1.0,0.52,1.0,0.5153978976625602,2,1750,875,26520,per_session_robust_mad_cf,5.091741323471069,3,within,shaft_car,multi_stft,2.0,128.0,0.5,0.5
7,0,onset,0,-0.0,1.0,1.0,0.744,1.0,0.8155804938194204,2,1750,875,26299,per_session_robust_mad_cf,2.7440226078033447,3,within,shaft_car,multi_stft,2.0,128.0,0.5,0.5
7,0,onset,1,-0.0,1.0,1.0,0.776,1.0,0.8720573022789255,2,1750,875,26299,per_session_robust_mad_cf,3.671203136444092,3,within,shaft_car,multi_stft,2.0,128.0,0.5,0.5
7,0,speech,0,-0.0,1.0,1.0,0.6948571428571428,1.0,0.7446004827434878,2,1750,875,26299,per_session_robust_mad_cf,4.45728874206543,3,within,shaft_car,multi_stft,2.0,128.0,0.5,0.5
7,0,speech,1,-0.0,1.0,1.0,0.7611428571428571,1.0,0.8448115524069255,2,1750,875,26299,per_session_robust_mad_cf,3.0930593013763428,3,within,shaft_car,multi_stft,2.0,128.0,0.5,0.5
7,0,volume,0,-0.0,1.0,1.0,0.4925714285714285,1.0,0.5001149389256345,2,1750,875,26299,per_session_robust_mad_cf,5.237922430038452,3,within,shaft_car,multi_stft,2.0,128.0,0.5,0.5
7,0,volume,1,-0.0,1.0,1.0,0.5828571428571429,1.0,0.6235645695537235,2,1750,875,26299,per_session_robust_mad_cf,4.270586013793945,3,within,shaft_car,multi_stft,2.0,128.0,0.5,0.5
7,0,delta_volume,0,-0.0,1.0,1.0,0.5428571428571428,1.0,0.5533368859910348,2,1750,875,26299,per_session_robust_mad_cf,4.4687347412109375,3,within,shaft_car,multi_stft,2.0,128.0,0.5,0.5
7,0,delta_volume,1,-0.0,1.0,1.0,0.5874285714285714,1.0,0.6005872334200599,2,1750,875,26299,per_session_robust_mad_cf,4.12057638168335,3,within,shaft_car,multi_stft,2.0,128.0,0.5,0.5
7,0,pitch,0,-0.0,1.0,1.0,0.5314285714285715,1.0,0.5411899313501144,2,1750,875,26299,per_session_robust_mad_cf,4.419316291809082,3,within,shaft_car,multi_stft,2.0,128.0,0.5,0.5
7,0,pitch,1,-0.0,1.0,1.0,0.5337142857142857,1.0,0.5555677460476683,2,1750,875,26299,per_session_robust_mad_cf,3.052894592285156,3,within,shaft_car,multi_stft,2.0,128.0,0.5,0.5
7,0,word_index,0,-0.0,1.0,1.0,0.5563186813186813,1.0,0.5562205651491365,2,1455,728,26299,per_session_robust_mad_cf,6.133358716964722,3,within,shaft_car,multi_stft,2.0,128.0,0.5,0.5
7,0,word_index,1,-0.0,1.0,1.0,0.5439560439560439,1.0,0.5762740007245502,2,1455,728,26299,per_session_robust_mad_cf,3.2273483276367188,3,within,shaft_car,multi_stft,2.0,128.0,0.5,0.5
7,0,word_gap,0,-0.0,1.0,1.0,0.5131428571428571,1.0,0.5187716163547642,2,1750,875,26299,per_session_robust_mad_cf,7.166242599487305,3,within,shaft_car,multi_stft,2.0,128.0,0.5,0.5
7,0,word_gap,1,-0.0,1.0,1.0,0.5028571428571429,1.0,0.502199513076915,2,1750,875,26299,per_session_robust_mad_cf,5.306379079818726,3,within,shaft_car,multi_stft,2.0,128.0,0.5,0.5
7,0,gpt2_surprisal,0,-0.0,1.0,1.0,0.5417142857142857,1.0,0.5548180307827341,2,1750,875,26299,per_session_robust_mad_cf,4.408435106277466,3,within,shaft_car,multi_stft,2.0,128.0,0.5,0.5
7,0,gpt2_surprisal,1,-0.0,1.0,1.0,0.5405714285714286,1.0,0.5624849795722182,2,1750,875,26299,per_session_robust_mad_cf,7.529574394226074,3,within,shaft_car,multi_stft,2.0,128.0,0.5,0.5
7,0,word_head_pos,0,-0.0,1.0,1.0,0.5222857142857142,1.0,0.5364513129160005,2,1750,875,26299,per_session_robust_mad_cf,4.279375314712524,3,within,shaft_car,multi_stft,2.0,128.0,0.5,0.5
7,0,word_head_pos,1,-0.0,1.0,1.0,0.5097142857142857,1.0,0.522966887140424,2,1750,875,26299,per_session_robust_mad_cf,3.209836006164551,3,within,shaft_car,multi_stft,2.0,128.0,0.5,0.5
7,0,word_part_speech,0,-0.0,1.0,1.0,0.5377720870678617,1.0,0.568522526067283,2,1562,781,26299,per_session_robust_mad_cf,3.895392417907715,3,within,shaft_car,multi_stft,2.0,128.0,0.5,0.5
7,0,word_part_speech,1,-0.0,1.0,1.0,0.5249679897567221,1.0,0.5417207685749885,2,1562,781,26299,per_session_robust_mad_cf,3.127081871032715,3,within,shaft_car,multi_stft,2.0,128.0,0.5,0.5
7,0,word_length,0,-0.0,1.0,1.0,0.496,1.0,0.4940401554810194,2,1750,875,26299,per_session_robust_mad_cf,4.202661991119385,3,within,shaft_car,multi_stft,2.0,128.0,0.5,0.5
7,0,word_length,1,-0.0,1.0,1.0,0.5405714285714286,1.0,0.5327889407855553,2,1750,875,26299,per_session_robust_mad_cf,4.568812608718872,3,within,shaft_car,multi_stft,2.0,128.0,0.5,0.5
7,0,global_flow,0,-0.0,1.0,1.0,0.5805714285714285,1.0,0.5979802096068043,2,1750,875,26299,per_session_robust_mad_cf,4.184889554977417,3,within,shaft_car,multi_stft,2.0,128.0,0.5,0.5
7,0,global_flow,1,-0.0,1.0,1.0,0.5828571428571429,1.0,0.6048660961516357,2,1750,875,26299,per_session_robust_mad_cf,4.232006311416626,3,within,shaft_car,multi_stft,2.0,128.0,0.5,0.5
7,0,local_flow,0,-0.0,1.0,1.0,0.5474285714285714,1.0,0.5767870390687857,2,1750,875,26299,per_session_robust_mad_cf,4.755730152130127,3,within,shaft_car,multi_stft,2.0,128.0,0.5,0.5
7,0,local_flow,1,-0.0,1.0,1.0,0.5794285714285714,1.0,0.5933722035881843,2,1750,875,26299,per_session_robust_mad_cf,3.488893508911133,3,within,shaft_car,multi_stft,2.0,128.0,0.5,0.5
7,0,frame_brightness,0,-0.0,1.0,1.0,0.4308571428571429,1.0,0.4217422651327545,2,1750,875,26299,per_session_robust_mad_cf,4.3084716796875,3,within,shaft_car,multi_stft,2.0,128.0,0.5,0.5
7,0,frame_brightness,1,-0.0,1.0,1.0,0.4274285714285714,1.0,0.3909386330627044,2,1750,875,26299,per_session_robust_mad_cf,4.7991783618927,3,within,shaft_car,multi_stft,2.0,128.0,0.5,0.5
7,0,face_num,0,-0.0,1.0,1.0,0.4365714285714285,1.0,0.4201644671535897,2,1750,875,26299,per_session_robust_mad_cf,4.373139142990112,3,within,shaft_car,multi_stft,2.0,128.0,0.5,0.5
7,0,face_num,1,-0.0,1.0,1.0,0.4857142857142857,1.0,0.4705860840308036,2,1750,875,26299,per_session_robust_mad_cf,4.103905439376831,3,within,shaft_car,multi_stft,2.0,128.0,0.5,0.5
7,1,onset,0,-0.0,1.0,1.0,0.6827586206896552,1.0,0.7203247949104302,2,1449,725,26299,per_session_robust_mad_cf,5.325177907943726,3,within,shaft_car,multi_stft,2.0,128.0,0.5,0.5
7,1,onset,1,-0.0,1.0,1.0,0.6096551724137931,1.0,0.6465305998204038,2,1449,725,26299,per_session_robust_mad_cf,3.9875235557556152,3,within,shaft_car,multi_stft,2.0,128.0,0.5,0.5
7,1,speech,0,-0.0,1.0,1.0,0.6821106821106822,1.0,0.7216428590358572,2,1554,777,26299,per_session_robust_mad_cf,4.780951261520386,3,within,shaft_car,multi_stft,2.0,128.0,0.5,0.5
7,1,speech,1,-0.0,1.0,1.0,0.601029601029601,1.0,0.6415604378130548,2,1554,777,26299,per_session_robust_mad_cf,4.626967430114746,3,within,shaft_car,multi_stft,2.0,128.0,0.5,0.5
7,1,volume,0,-0.0,1.0,1.0,0.5668571428571428,1.0,0.5959060844487634,2,1750,875,26299,per_session_robust_mad_cf,5.348163604736328,3,within,shaft_car,multi_stft,2.0,128.0,0.5,0.5
7,1,volume,1,-0.0,1.0,1.0,0.5737142857142857,1.0,0.6025882156254245,2,1750,875,26299,per_session_robust_mad_cf,4.818881511688232,3,within,shaft_car,multi_stft,2.0,128.0,0.5,0.5
7,1,delta_volume,0,-0.0,1.0,1.0,0.5817142857142857,1.0,0.6267671859816306,2,1750,875,26299,per_session_robust_mad_cf,5.392451286315918,3,within,shaft_car,multi_stft,2.0,128.0,0.5,0.5
7,1,delta_volume,1,-0.0,1.0,1.0,0.5897142857142857,1.0,0.6422421449693323,2,1750,875,26299,per_session_robust_mad_cf,4.483656644821167,3,within,shaft_car,multi_stft,2.0,128.0,0.5,0.5
7,1,pitch,0,-0.0,1.0,1.0,0.536,1.0,0.5632007356091241,2,1750,875,26299,per_session_robust_mad_cf,5.89530348777771,3,within,shaft_car,multi_stft,2.0,128.0,0.5,0.5
7,1,pitch,1,-0.0,1.0,1.0,0.5268571428571428,1.0,0.5272091783956616,2,1750,875,26299,per_session_robust_mad_cf,5.206571340560913,3,within,shaft_car,multi_stft,2.0,128.0,0.5,0.5
7,1,word_index,0,-0.0,1.0,1.0,0.5326923076923077,1.0,0.5543343195266273,2,1039,520,26299,per_session_robust_mad_cf,4.3587422370910645,3,within,shaft_car,multi_stft,2.0,128.0,0.5,0.5
7,1,word_index,1,-0.0,1.0,1.0,0.5423076923076923,1.0,0.546094674556213,2,1039,520,26299,per_session_robust_mad_cf,4.423507928848267,3,within,shaft_car,multi_stft,2.0,128.0,0.5,0.5
7,1,word_gap,0,-0.0,1.0,1.0,0.4952893674293405,1.0,0.4925586180911805,2,1486,743,26299,per_session_robust_mad_cf,4.813763618469238,3,within,shaft_car,multi_stft,2.0,128.0,0.5,0.5
7,1,word_gap,1,-0.0,1.0,1.0,0.5154777927321669,1.0,0.5183462307625424,2,1486,743,26299,per_session_robust_mad_cf,3.909125566482544,3,within,shaft_car,multi_stft,2.0,128.0,0.5,0.5
7,1,gpt2_surprisal,0,-0.0,1.0,1.0,0.5131428571428571,1.0,0.5159242656970001,2,1750,875,26299,per_session_robust_mad_cf,5.637156486511231,3,within,shaft_car,multi_stft,2.0,128.0,0.5,0.5
7,1,gpt2_surprisal,1,-0.0,1.0,1.0,0.5108571428571429,1.0,0.5265822388012915,2,1750,875,26299,per_session_robust_mad_cf,4.5209290981292725,3,within,shaft_car,multi_stft,2.0,128.0,0.5,0.5
7,1,word_head_pos,0,-0.0,1.0,1.0,0.5245714285714286,1.0,0.5363886189565635,2,1750,875,26299,per_session_robust_mad_cf,5.320898532867432,3,within,shaft_car,multi_stft,2.0,128.0,0.5,0.5
7,1,word_head_pos,1,-0.0,1.0,1.0,0.5497142857142857,1.0,0.5748461385745484,2,1750,875,26299,per_session_robust_mad_cf,4.951479434967041,3,within,shaft_car,multi_stft,2.0,128.0,0.5,0.5
7,1,word_part_speech,0,-0.0,1.0,1.0,0.5933098591549296,1.0,0.6096012695893671,2,1135,568,26299,per_session_robust_mad_cf,4.063510656356812,3,within,shaft_car,multi_stft,2.0,128.0,0.5,0.5
7,1,word_part_speech,1,-0.0,1.0,1.0,0.5704225352112676,1.0,0.5684635984923626,2,1135,568,26299,per_session_robust_mad_cf,3.2205560207366943,3,within,shaft_car,multi_stft,2.0,128.0,0.5,0.5
7,1,word_length,0,-0.0,1.0,1.0,0.5382857142857143,1.0,0.55134112828229,2,1750,875,26299,per_session_robust_mad_cf,5.223472833633423,3,within,shaft_car,multi_stft,2.0,128.0,0.5,0.5
7,1,word_length,1,-0.0,1.0,1.0,0.544,1.0,0.5583471782493756,2,1750,875,26299,per_session_robust_mad_cf,4.561424493789673,3,within,shaft_car,multi_stft,2.0,128.0,0.5,0.5
7,1,global_flow,0,-0.0,1.0,1.0,0.5702857142857143,1.0,0.5959113089453831,2,1750,875,26299,per_session_robust_mad_cf,4.252491474151611,3,within,shaft_car,multi_stft,2.0,128.0,0.5,0.5
7,1,global_flow,1,-0.0,1.0,1.0,0.5645714285714286,1.0,0.5861206022799703,2,1750,875,26299,per_session_robust_mad_cf,6.228801727294922,3,within,shaft_car,multi_stft,2.0,128.0,0.5,0.5
7,1,local_flow,0,-0.0,1.0,1.0,0.5554285714285714,1.0,0.5607399977012215,2,1750,875,26299,per_session_robust_mad_cf,5.8231706619262695,3,within,shaft_car,multi_stft,2.0,128.0,0.5,0.5
7,1,local_flow,1,-0.0,1.0,1.0,0.5291428571428571,1.0,0.5481803078273408,2,1750,875,26299,per_session_robust_mad_cf,5.255091428756714,3,within,shaft_car,multi_stft,2.0,128.0,0.5,0.5
7,1,frame_brightness,0,-0.0,1.0,1.0,0.5497142857142857,1.0,0.5529633344827226,2,1750,875,26299,per_session_robust_mad_cf,5.142336130142212,3,within,shaft_car,multi_stft,2.0,128.0,0.5,0.5
7,1,frame_brightness,1,-0.0,1.0,1.0,0.5577142857142857,1.0,0.5816588821667033,2,1750,875,26299,per_session_robust_mad_cf,4.967539072036743,3,within,shaft_car,multi_stft,2.0,128.0,0.5,0.5
7,1,face_num,0,-0.0,1.0,1.0,0.5325714285714286,1.0,0.5418168709444846,2,1750,875,26299,per_session_robust_mad_cf,5.932323455810547,3,within,shaft_car,multi_stft,2.0,128.0,0.5,0.5
7,1,face_num,1,-0.0,1.0,1.0,0.536,1.0,0.551466516201164,2,1750,875,26299,per_session_robust_mad_cf,5.775448083877564,3,within,shaft_car,multi_stft,2.0,128.0,0.5,0.5
10,0,onset,0,-0.0,1.0,1.0,0.7913148371531966,1.0,0.8626680635585822,2,1657,829,26520,per_session_robust_mad_cf,4.7882914543151855,3,within,shaft_car,multi_stft,2.0,128.0,0.5,0.5
10,0,onset,1,-0.0,1.0,1.0,0.8709288299155609,1.0,0.944106862231535,2,1657,829,26520,per_session_robust_mad_cf,5.691062927246094,3,within,shaft_car,multi_stft,2.0,128.0,0.5,0.5
10,0,speech,0,-0.0,1.0,1.0,0.744,1.0,0.817247108241121,2,1750,875,26520,per_session_robust_mad_cf,5.127537488937378,3,within,shaft_car,multi_stft,2.0,128.0,0.5,0.5
10,0,speech,1,-0.0,1.0,1.0,0.7965714285714286,1.0,0.8830914391398389,2,1750,875,26520,per_session_robust_mad_cf,4.555438995361328,3,within,shaft_car,multi_stft,2.0,128.0,0.5,0.5
10,0,volume,0,-0.0,1.0,1.0,0.7142857142857143,1.0,0.7744336645664189,2,1750,875,26520,per_session_robust_mad_cf,3.8310608863830566,3,within,shaft_car,multi_stft,2.0,128.0,0.5,0.5
10,0,volume,1,-0.0,1.0,1.0,0.6354285714285715,1.0,0.6678317294128711,2,1750,875,26520,per_session_robust_mad_cf,5.686542272567749,3,within,shaft_car,multi_stft,2.0,128.0,0.5,0.5
10,0,delta_volume,0,-0.0,1.0,1.0,0.6388571428571429,1.0,0.7027574893159043,2,1750,875,26520,per_session_robust_mad_cf,4.80086088180542,3,within,shaft_car,multi_stft,2.0,128.0,0.5,0.5
10,0,delta_volume,1,-0.0,1.0,1.0,0.6342857142857142,1.0,0.6954275205583943,2,1750,875,26520,per_session_robust_mad_cf,5.902235984802246,3,within,shaft_car,multi_stft,2.0,128.0,0.5,0.5
10,0,pitch,0,-0.0,1.0,1.0,0.5474285714285714,1.0,0.5528797425368066,2,1750,875,26520,per_session_robust_mad_cf,5.152803897857666,3,within,shaft_car,multi_stft,2.0,128.0,0.5,0.5
10,0,pitch,1,-0.0,1.0,1.0,0.5497142857142857,1.0,0.5757081805168072,2,1750,875,26520,per_session_robust_mad_cf,5.598369836807251,3,within,shaft_car,multi_stft,2.0,128.0,0.5,0.5
10,0,word_index,0,-0.0,1.0,1.0,0.7411764705882353,1.0,0.8088039228978827,2,1189,595,26520,per_session_robust_mad_cf,3.259716749191284,3,within,shaft_car,multi_stft,2.0,128.0,0.5,0.5
10,0,word_index,1,-0.0,1.0,1.0,0.7260504201680672,1.0,0.7840259417440626,2,1189,595,26520,per_session_robust_mad_cf,3.529296636581421,3,within,shaft_car,multi_stft,2.0,128.0,0.5,0.5
10,0,word_gap,0,-0.0,1.0,1.0,0.5622857142857143,1.0,0.6081549167737689,2,1750,875,26520,per_session_robust_mad_cf,5.170705795288086,3,within,shaft_car,multi_stft,2.0,128.0,0.5,0.5
10,0,word_gap,1,-0.0,1.0,1.0,0.6022857142857143,1.0,0.6330104594422328,2,1750,875,26520,per_session_robust_mad_cf,5.245969533920288,3,within,shaft_car,multi_stft,2.0,128.0,0.5,0.5
10,0,gpt2_surprisal,0,-0.0,1.0,1.0,0.5337142857142857,1.0,0.5438348327638631,2,1750,875,26520,per_session_robust_mad_cf,4.432847499847412,3,within,shaft_car,multi_stft,2.0,128.0,0.5,0.5
10,0,gpt2_surprisal,1,-0.0,1.0,1.0,0.5508571428571428,1.0,0.5505783517758064,2,1750,875,26520,per_session_robust_mad_cf,4.3830225467681885,3,within,shaft_car,multi_stft,2.0,128.0,0.5,0.5
10,0,word_head_pos,0,-0.0,1.0,1.0,0.5542857142857143,1.0,0.5780957754720333,2,1750,875,26520,per_session_robust_mad_cf,5.197113752365112,3,within,shaft_car,multi_stft,2.0,128.0,0.5,0.5
10,0,word_head_pos,1,-0.0,1.0,1.0,0.5417142857142857,1.0,0.5679602520297169,2,1750,875,26520,per_session_robust_mad_cf,5.605393171310425,3,within,shaft_car,multi_stft,2.0,128.0,0.5,0.5
10,0,word_part_speech,0,-0.0,1.0,1.0,0.5672333848531684,1.0,0.5892863968199366,2,1293,647,26520,per_session_robust_mad_cf,4.974709272384644,3,within,shaft_car,multi_stft,2.0,128.0,0.5,0.5
10,0,word_part_speech,1,-0.0,1.0,1.0,0.5826893353941267,1.0,0.6077189160264496,2,1293,647,26520,per_session_robust_mad_cf,5.250806570053101,3,within,shaft_car,multi_stft,2.0,128.0,0.5,0.5
10,0,word_length,0,-0.0,1.0,1.0,0.5005714285714286,1.0,0.5303699988506108,2,1750,875,26520,per_session_robust_mad_cf,5.114921808242798,3,within,shaft_car,multi_stft,2.0,128.0,0.5,0.5
10,0,word_length,1,-0.0,1.0,1.0,0.5074285714285715,1.0,0.5227004378128168,2,1750,875,26520,per_session_robust_mad_cf,6.442632436752319,3,within,shaft_car,multi_stft,2.0,128.0,0.5,0.5
10,0,global_flow,0,-0.0,1.0,1.0,0.5451428571428572,1.0,0.5533081512596261,2,1750,875,26520,per_session_robust_mad_cf,5.0949108600616455,3,within,shaft_car,multi_stft,2.0,128.0,0.5,0.5
10,0,global_flow,1,-0.0,1.0,1.0,0.5531428571428572,1.0,0.5795638590221832,2,1750,875,26520,per_session_robust_mad_cf,4.757925987243652,3,within,shaft_car,multi_stft,2.0,128.0,0.5,0.5
10,0,local_flow,0,-0.0,1.0,1.0,0.552,1.0,0.572212992278194,2,1750,875,26520,per_session_robust_mad_cf,5.4281227588653564,3,within,shaft_car,multi_stft,2.0,128.0,0.5,0.5
10,0,local_flow,1,-0.0,1.0,1.0,0.5245714285714286,1.0,0.5303334273742726,2,1750,875,26520,per_session_robust_mad_cf,4.761775732040405,3,within,shaft_car,multi_stft,2.0,128.0,0.5,0.5
10,0,frame_brightness,0,-0.0,1.0,1.0,0.56,1.0,0.5567524006561968,2,1750,875,26520,per_session_robust_mad_cf,5.4645936489105225,3,within,shaft_car,multi_stft,2.0,128.0,0.5,0.5
10,0,frame_brightness,1,-0.0,1.0,1.0,0.5108571428571429,1.0,0.5105430341786569,2,1750,875,26520,per_session_robust_mad_cf,4.475687026977539,3,within,shaft_car,multi_stft,2.0,128.0,0.5,0.5
10,0,face_num,0,-0.0,1.0,1.0,0.5474285714285714,1.0,0.5616124886367199,2,1750,875,26520,per_session_robust_mad_cf,4.881520986557007,3,within,shaft_car,multi_stft,2.0,128.0,0.5,0.5
10,0,face_num,1,-0.0,1.0,1.0,0.4788571428571428,1.0,0.4754709883702705,2,1750,875,26520,per_session_robust_mad_cf,6.242515802383423,3,within,shaft_car,multi_stft,2.0,128.0,0.5,0.5
10,1,onset,0,-0.0,1.0,1.0,0.9028571428571428,1.0,0.963496442117802,2,1750,875,26520,per_session_robust_mad_cf,8.144099473953247,3,within,shaft_car,multi_stft,2.0,128.0,0.5,0.5
10,1,onset,1,-0.0,1.0,1.0,0.9028571428571428,1.0,0.9676551414271236,2,1750,875,26520,per_session_robust_mad_cf,7.387215852737427,3,within,shaft_car,multi_stft,2.0,128.0,0.5,0.5
10,1,speech,0,-0.0,1.0,1.0,0.896,1.0,0.9495052401701096,2,1750,875,26520,per_session_robust_mad_cf,7.584411382675171,3,within,shaft_car,multi_stft,2.0,128.0,0.5,0.5
10,1,speech,1,-0.0,1.0,1.0,0.9005714285714286,1.0,0.9671326917651484,2,1750,875,26520,per_session_robust_mad_cf,7.683529853820801,3,within,shaft_car,multi_stft,2.0,128.0,0.5,0.5
10,1,volume,0,-0.0,1.0,1.0,0.7291428571428571,1.0,0.8143893085901173,2,1750,875,26520,per_session_robust_mad_cf,7.142360687255859,3,within,shaft_car,multi_stft,2.0,128.0,0.5,0.5
10,1,volume,1,-0.0,1.0,1.0,0.7577142857142857,1.0,0.8314838615299415,2,1750,875,26520,per_session_robust_mad_cf,8.292336463928223,3,within,shaft_car,multi_stft,2.0,128.0,0.5,0.5
10,1,delta_volume,0,-0.0,1.0,1.0,0.784,1.0,0.8517914798909123,2,1750,875,26520,per_session_robust_mad_cf,7.397393465042114,3,within,shaft_car,multi_stft,2.0,128.0,0.5,0.5
10,1,delta_volume,1,-0.0,1.0,1.0,0.6891428571428572,1.0,0.7546053937703102,2,1750,875,26520,per_session_robust_mad_cf,7.539256572723389,3,within,shaft_car,multi_stft,2.0,128.0,0.5,0.5
10,1,pitch,0,-0.0,1.0,1.0,0.5211428571428571,1.0,0.5035526577014304,2,1750,875,26520,per_session_robust_mad_cf,7.65290641784668,3,within,shaft_car,multi_stft,2.0,128.0,0.5,0.5
10,1,pitch,1,-0.0,1.0,1.0,0.6285714285714286,1.0,0.672486755901069,2,1750,875,26520,per_session_robust_mad_cf,7.544230222702026,3,within,shaft_car,multi_stft,2.0,128.0,0.5,0.5
10,1,word_index,0,-0.0,1.0,1.0,0.7103235747303543,1.0,0.7837226970560304,2,1298,649,26520,per_session_robust_mad_cf,7.061648607254028,3,within,shaft_car,multi_stft,2.0,128.0,0.5,0.5
10,1,word_index,1,-0.0,1.0,1.0,0.7257318952234206,1.0,0.7836752136752136,2,1298,649,26520,per_session_robust_mad_cf,6.273661613464356,3,within,shaft_car,multi_stft,2.0,128.0,0.5,0.5
10,1,word_gap,0,-0.0,1.0,1.0,0.5177142857142857,1.0,0.5187611673615247,2,1750,875,26520,per_session_robust_mad_cf,8.291563510894775,3,within,shaft_car,multi_stft,2.0,128.0,0.5,0.5
10,1,word_gap,1,-0.0,1.0,1.0,0.6114285714285714,1.0,0.6291338829503778,2,1750,875,26520,per_session_robust_mad_cf,8.057122945785522,3,within,shaft_car,multi_stft,2.0,128.0,0.5,0.5
10,1,gpt2_surprisal,0,-0.0,1.0,1.0,0.5954285714285714,1.0,0.629274944359111,2,1750,875,26520,per_session_robust_mad_cf,9.038963794708252,3,within,shaft_car,multi_stft,2.0,128.0,0.5,0.5
10,1,gpt2_surprisal,1,-0.0,1.0,1.0,0.5497142857142857,1.0,0.5891299123329468,2,1750,875,26520,per_session_robust_mad_cf,8.061893224716187,3,within,shaft_car,multi_stft,2.0,128.0,0.5,0.5
10,1,word_head_pos,0,-0.0,1.0,1.0,0.5314285714285715,1.0,0.5448470789839399,2,1750,875,26520,per_session_robust_mad_cf,8.564347267150879,3,within,shaft_car,multi_stft,2.0,128.0,0.5,0.5
10,1,word_head_pos,1,-0.0,1.0,1.0,0.5634285714285714,1.0,0.5870348891884267,2,1750,875,26520,per_session_robust_mad_cf,9.27815079689026,3,within,shaft_car,multi_stft,2.0,128.0,0.5,0.5
10,1,word_part_speech,0,-0.0,1.0,1.0,0.5784172661870504,1.0,0.589320613468482,2,1390,695,26520,per_session_robust_mad_cf,5.707977533340454,3,within,shaft_car,multi_stft,2.0,128.0,0.5,0.5
10,1,word_part_speech,1,-0.0,1.0,1.0,0.5280575539568345,1.0,0.5483371426678592,2,1390,695,26520,per_session_robust_mad_cf,6.838479280471802,3,within,shaft_car,multi_stft,2.0,128.0,0.5,0.5
10,1,word_length,0,-0.0,1.0,1.0,0.6091428571428571,1.0,0.6301787822743279,2,1750,875,26520,per_session_robust_mad_cf,7.316184759140015,3,within,shaft_car,multi_stft,2.0,128.0,0.5,0.5
10,1,word_length,1,-0.0,1.0,1.0,0.5691428571428572,1.0,0.6012455199941484,2,1750,875,26520,per_session_robust_mad_cf,6.661823749542236,3,within,shaft_car,multi_stft,2.0,128.0,0.5,0.5
10,1,global_flow,0,-0.0,1.0,1.0,0.6171428571428571,1.0,0.6655016039204622,2,1750,875,26520,per_session_robust_mad_cf,6.936357736587524,3,within,shaft_car,multi_stft,2.0,128.0,0.5,0.5
10,1,global_flow,1,-0.0,1.0,1.0,0.6182857142857143,1.0,0.681540808543097,2,1750,875,26520,per_session_robust_mad_cf,7.590459823608398,3,within,shaft_car,multi_stft,2.0,128.0,0.5,0.5
10,1,local_flow,0,-0.0,1.0,1.0,0.5417142857142857,1.0,0.5411220128940577,2,1750,875,26520,per_session_robust_mad_cf,6.129943609237671,3,within,shaft_car,multi_stft,2.0,128.0,0.5,0.5
10,1,local_flow,1,-0.0,1.0,1.0,0.5748571428571428,1.0,0.5988318025558237,2,1750,875,26520,per_session_robust_mad_cf,6.686234474182129,3,within,shaft_car,multi_stft,2.0,128.0,0.5,0.5
10,1,frame_brightness,0,-0.0,1.0,1.0,0.472,1.0,0.4633292582259699,2,1750,875,26520,per_session_robust_mad_cf,7.377242803573608,3,within,shaft_car,multi_stft,2.0,128.0,0.5,0.5
10,1,frame_brightness,1,-0.0,1.0,1.0,0.6068571428571429,1.0,0.7032747144812598,2,1750,875,26520,per_session_robust_mad_cf,7.685139894485474,3,within,shaft_car,multi_stft,2.0,128.0,0.5,0.5
10,1,face_num,0,-0.0,1.0,1.0,0.4137142857142857,1.0,0.3786297190265718,2,1750,875,26520,per_session_robust_mad_cf,7.079078435897827,3,within,shaft_car,multi_stft,2.0,128.0,0.5,0.5
10,1,face_num,1,-0.0,1.0,1.0,0.5051428571428571,1.0,0.5024764113977618,2,1750,875,26520,per_session_robust_mad_cf,7.40326189994812,3,within,shaft_car,multi_stft,2.0,128.0,0.5,0.5
1,1,onset,0,-0.0,1.0,0.9665775401069518,0.6636885768985322,0.995516117847236,0.7302283700836657,2,2992,1567,1326,per_session_robust_mad_cf,12.0305917263031,3,cross,shaft_car,multi_stft,2.0,128.0,0.5,0.5
1,1,speech,0,-0.0,1.0,0.9097142857142856,0.6868571428571428,0.9709355102040816,0.730810775510204,2,3500,1750,1326,per_session_robust_mad_cf,15.96420431137085,3,cross,shaft_car,multi_stft,2.0,128.0,0.5,0.5
1,1,volume,0,-0.0,1.0,0.9017142857142856,0.5828571428571429,0.961923918367347,0.613888,2,3500,1750,1326,per_session_robust_mad_cf,11.025967597961426,3,cross,shaft_car,multi_stft,2.0,128.0,0.5,0.5
1,1,delta_volume,0,-0.0,1.0,0.8694285714285714,0.6217142857142857,0.9426390204081632,0.6763023673469388,2,3500,1750,1326,per_session_robust_mad_cf,13.823965072631836,3,cross,shaft_car,multi_stft,2.0,128.0,0.5,0.5
1,1,pitch,0,-0.0,1.0,0.7931428571428571,0.5325714285714286,0.8812052244897959,0.5334608979591837,2,3500,1750,1326,per_session_robust_mad_cf,16.061914443969727,3,cross,shaft_car,multi_stft,2.0,128.0,0.5,0.5
1,1,word_index,0,-0.0,1.0,0.9652255639097744,0.5528804815133276,0.9934934846514782,0.5755274411341981,2,2128,1163,1326,per_session_robust_mad_cf,9.531869173049929,3,cross,shaft_car,multi_stft,2.0,128.0,0.5,0.5
1,1,word_gap,0,-0.0,1.0,0.8022598870056498,0.5217142857142857,0.8769715591084504,0.5289900408163266,2,3186,1750,1326,per_session_robust_mad_cf,14.65143346786499,3,cross,shaft_car,multi_stft,2.0,128.0,0.5,0.5
1,1,gpt2_surprisal,0,-0.0,1.0,0.7957142857142857,0.5268571428571428,0.8742295510204081,0.5366360816326531,2,3500,1750,1326,per_session_robust_mad_cf,15.6262686252594,3,cross,shaft_car,multi_stft,2.0,128.0,0.5,0.5
1,1,word_head_pos,0,-0.0,1.0,0.7851428571428571,0.5365714285714286,0.8719993469387755,0.5409724081632652,2,3500,1750,1326,per_session_robust_mad_cf,14.30615210533142,3,cross,shaft_car,multi_stft,2.0,128.0,0.5,0.5
1,1,word_part_speech,0,-0.0,1.0,0.9002862595419847,0.5342548076923077,0.9632779266942486,0.5443916997965976,2,2096,1664,1326,per_session_robust_mad_cf,13.231351137161257,3,cross,shaft_car,multi_stft,2.0,128.0,0.5,0.5
1,1,word_length,0,-0.0,1.0,0.7837142857142857,0.5182857142857142,0.8715435102040816,0.5266155102040816,2,3500,1750,1326,per_session_robust_mad_cf,13.111078262329102,3,cross,shaft_car,multi_stft,2.0,128.0,0.5,0.5
1,1,global_flow,0,-0.0,1.0,0.8294285714285714,0.5257142857142857,0.9176146938775512,0.538754612244898,2,3500,1750,1326,per_session_robust_mad_cf,16.755448818206787,3,cross,shaft_car,multi_stft,2.0,128.0,0.5,0.5
1,1,local_flow,0,-0.0,1.0,0.8168571428571428,0.5325714285714286,0.9020006530612246,0.548348081632653,2,3500,1750,1326,per_session_robust_mad_cf,15.259832859039308,3,cross,shaft_car,multi_stft,2.0,128.0,0.5,0.5
1,1,frame_brightness,0,-0.0,1.0,0.8042857142857143,0.4845714285714286,0.881207836734694,0.4736470204081633,2,3500,1750,1326,per_session_robust_mad_cf,14.93421483039856,3,cross,shaft_car,multi_stft,2.0,128.0,0.5,0.5
1,1,face_num,0,-0.0,1.0,0.7631428571428571,0.5062857142857143,0.8469472653061223,0.5023843265306123,2,3500,1750,1326,per_session_robust_mad_cf,13.564413070678713,3,cross,shaft_car,multi_stft,2.0,128.0,0.5,0.5
1,2,onset,0,-0.0,1.0,0.9665775401069518,0.7037037037037037,0.995516117847236,0.7656165030549017,2,2992,1458,1326,per_session_robust_mad_cf,9.566556692123411,3,cross,shaft_car,multi_stft,2.0,128.0,0.5,0.5
1,2,speech,0,-0.0,1.0,0.9097142857142856,0.7411428571428571,0.9709355102040816,0.8106475102040817,2,3500,1750,1326,per_session_robust_mad_cf,14.92331576347351,3,cross,shaft_car,multi_stft,2.0,128.0,0.5,0.5
1,2,volume,0,-0.0,1.0,0.9017142857142856,0.6285714285714286,0.961923918367347,0.6713404081632652,2,3500,1750,1326,per_session_robust_mad_cf,10.900322437286375,3,cross,shaft_car,multi_stft,2.0,128.0,0.5,0.5
1,2,delta_volume,0,-0.0,1.0,0.8694285714285714,0.5691428571428572,0.9426390204081632,0.6055314285714286,2,3500,1750,1326,per_session_robust_mad_cf,14.305204391479492,3,cross,shaft_car,multi_stft,2.0,128.0,0.5,0.5
1,2,pitch,0,-0.0,1.0,0.7931428571428571,0.4925714285714285,0.8812052244897959,0.5087190204081633,2,3500,1750,1326,per_session_robust_mad_cf,10.999845266342165,3,cross,shaft_car,multi_stft,2.0,128.0,0.5,0.5
1,2,word_index,0,-0.0,1.0,0.9652255639097744,0.5088235294117647,0.9934934846514782,0.5171472510572857,2,2128,1020,1326,per_session_robust_mad_cf,8.535278558731079,3,cross,shaft_car,multi_stft,2.0,128.0,0.5,0.5
1,2,word_gap,0,-0.0,1.0,0.8022598870056498,0.5202078521939953,0.8769715591084504,0.5071270847889743,2,3186,1732,1326,per_session_robust_mad_cf,15.451758623123167,3,cross,shaft_car,multi_stft,2.0,128.0,0.5,0.5
1,2,gpt2_surprisal,0,-0.0,1.0,0.7957142857142857,0.5205714285714286,0.8742295510204081,0.5314089795918367,2,3500,1750,1326,per_session_robust_mad_cf,16.21945548057556,3,cross,shaft_car,multi_stft,2.0,128.0,0.5,0.5
1,2,word_head_pos,0,-0.0,1.0,0.7851428571428571,0.5337142857142857,0.8719993469387755,0.5497808979591837,2,3500,1750,1326,per_session_robust_mad_cf,14.982020854949951,3,cross,shaft_car,multi_stft,2.0,128.0,0.5,0.5
1,2,word_part_speech,0,-0.0,1.0,0.9002862595419847,0.5219730941704036,0.9632779266942486,0.5253148266120988,2,2096,1115,1326,per_session_robust_mad_cf,12.704458713531494,3,cross,shaft_car,multi_stft,2.0,128.0,0.5,0.5
1,2,word_length,0,-0.0,1.0,0.7837142857142857,0.5268571428571428,0.8715435102040816,0.5336868571428571,2,3500,1750,1326,per_session_robust_mad_cf,17.45813226699829,3,cross,shaft_car,multi_stft,2.0,128.0,0.5,0.5
1,2,global_flow,0,-0.0,1.0,0.8294285714285714,0.5274285714285715,0.9176146938775512,0.5343843265306123,2,3500,1750,1326,per_session_robust_mad_cf,15.53844428062439,3,cross,shaft_car,multi_stft,2.0,128.0,0.5,0.5
1,2,local_flow,0,-0.0,1.0,0.8168571428571428,0.5257142857142857,0.9020006530612246,0.529984,2,3500,1750,1326,per_session_robust_mad_cf,12.408096551895142,3,cross,shaft_car,multi_stft,2.0,128.0,0.5,0.5
1,2,frame_brightness,0,-0.0,1.0,0.8042857142857143,0.508,0.881207836734694,0.5247921632653061,2,3500,1750,1326,per_session_robust_mad_cf,15.035513401031494,3,cross,shaft_car,multi_stft,2.0,128.0,0.5,0.5
1,2,face_num,0,-0.0,1.0,0.7631428571428571,0.5365714285714286,0.8469472653061223,0.5529782857142856,2,3500,1750,1326,per_session_robust_mad_cf,12.75987458229065,3,cross,shaft_car,multi_stft,2.0,128.0,0.5,0.5
3,0,onset,0,-0.0,1.0,0.9127673796791445,0.7382857142857143,0.9698089736623868,0.8189962448979592,2,2992,1750,884,per_session_robust_mad_cf,13.307956457138062,3,cross,shaft_car,multi_stft,2.0,128.0,0.5,0.5
3,0,speech,0,-0.0,1.0,0.8911428571428571,0.7262857142857143,0.9544457142857145,0.7903751836734694,2,3500,1750,884,per_session_robust_mad_cf,13.796496391296388,3,cross,shaft_car,multi_stft,2.0,128.0,0.5,0.5
3,0,volume,0,-0.0,1.0,0.8034285714285714,0.6148571428571429,0.8873616326530613,0.6577658775510205,2,3500,1750,884,per_session_robust_mad_cf,16.118770122528076,3,cross,shaft_car,multi_stft,2.0,128.0,0.5,0.5
3,0,delta_volume,0,-0.0,1.0,0.8197142857142857,0.6274285714285714,0.8976084897959185,0.6786037551020407,2,3500,1750,884,per_session_robust_mad_cf,12.960515260696411,3,cross,shaft_car,multi_stft,2.0,128.0,0.5,0.5
3,0,pitch,0,-0.0,1.0,0.716,0.528,0.7886174693877551,0.5294994285714285,2,3500,1750,884,per_session_robust_mad_cf,18.82942223548889,3,cross,shaft_car,multi_stft,2.0,128.0,0.5,0.5
3,0,word_index,0,-0.0,1.0,0.8726503759398496,0.6343642611683848,0.9441973118887445,0.6856266154753088,2,2128,1455,884,per_session_robust_mad_cf,22.756954669952396,3,cross,shaft_car,multi_stft,2.0,128.0,0.5,0.5
3,0,word_gap,0,-0.0,1.0,0.7379158819836786,0.5417142857142857,0.8195278385623859,0.5495758367346939,2,3186,1750,884,per_session_robust_mad_cf,18.71200966835022,3,cross,shaft_car,multi_stft,2.0,128.0,0.5,0.5
3,0,gpt2_surprisal,0,-0.0,1.0,0.7425714285714285,0.5565714285714286,0.8226589387755101,0.5585658775510205,2,3500,1750,884,per_session_robust_mad_cf,17.26276469230652,3,cross,shaft_car,multi_stft,2.0,128.0,0.5,0.5
3,0,word_head_pos,0,-0.0,1.0,0.7351428571428571,0.5337142857142857,0.816355918367347,0.5431523265306122,2,3500,1750,884,per_session_robust_mad_cf,19.943679332733154,3,cross,shaft_car,multi_stft,2.0,128.0,0.5,0.5
3,0,word_part_speech,0,-0.0,1.0,0.8024809160305344,0.5096030729833547,0.8933719625895926,0.5102900021476784,2,2096,1562,884,per_session_robust_mad_cf,18.95950937271118,3,cross,shaft_car,multi_stft,2.0,128.0,0.5,0.5
3,0,word_length,0,-0.0,1.0,0.7382857142857143,0.5091428571428571,0.8178697142857143,0.5099715918367347,2,3500,1750,884,per_session_robust_mad_cf,17.88017225265503,3,cross,shaft_car,multi_stft,2.0,128.0,0.5,0.5
3,0,global_flow,0,-0.0,1.0,0.7585714285714286,0.528,0.8457139591836735,0.543491918367347,2,3500,1750,884,per_session_robust_mad_cf,15.306041717529297,3,cross,shaft_car,multi_stft,2.0,128.0,0.5,0.5
3,0,local_flow,0,-0.0,1.0,0.7477142857142857,0.5137142857142857,0.8283977142857142,0.5170847346938776,2,3500,1750,884,per_session_robust_mad_cf,15.209988355636597,3,cross,shaft_car,multi_stft,2.0,128.0,0.5,0.5
3,0,frame_brightness,0,-0.0,1.0,0.7291428571428571,0.4988571428571428,0.8098710204081632,0.496067918367347,2,3500,1750,884,per_session_robust_mad_cf,21.457515239715576,3,cross,shaft_car,multi_stft,2.0,128.0,0.5,0.5
3,0,face_num,0,-0.0,1.0,0.7165714285714285,0.5062857142857143,0.7900153469387755,0.5136574693877551,2,3500,1750,884,per_session_robust_mad_cf,17.31809663772583,3,cross,shaft_car,multi_stft,2.0,128.0,0.5,0.5
3,1,onset,0,-0.0,1.0,0.9127673796791445,0.7798573975044564,0.9698089736623868,0.8614042278716705,2,2992,1122,884,per_session_robust_mad_cf,10.892956018447876,3,cross,shaft_car,multi_stft,2.0,128.0,0.5,0.5
3,1,speech,0,-0.0,1.0,0.8911428571428571,0.7628571428571429,0.9544457142857145,0.8331689795918367,2,3500,1750,884,per_session_robust_mad_cf,11.51114821434021,3,cross,shaft_car,multi_stft,2.0,128.0,0.5,0.5
3,1,volume,0,-0.0,1.0,0.8034285714285714,0.6417142857142857,0.8873616326530613,0.6934269387755101,2,3500,1750,884,per_session_robust_mad_cf,9.523114681243896,3,cross,shaft_car,multi_stft,2.0,128.0,0.5,0.5
3,1,delta_volume,0,-0.0,1.0,0.8197142857142857,0.6982857142857143,0.8976084897959185,0.784442775510204,2,3500,1750,884,per_session_robust_mad_cf,10.602115392684937,3,cross,shaft_car,multi_stft,2.0,128.0,0.5,0.5
3,1,pitch,0,-0.0,1.0,0.716,0.4971428571428571,0.7886174693877551,0.4821041632653061,2,3500,1750,884,per_session_robust_mad_cf,18.49095058441162,3,cross,shaft_car,multi_stft,2.0,128.0,0.5,0.5
3,1,word_index,0,-0.0,1.0,0.8726503759398496,0.6634844868735084,0.9441973118887445,0.7276160422872961,2,2128,838,884,per_session_robust_mad_cf,15.84514021873474,3,cross,shaft_car,multi_stft,2.0,128.0,0.5,0.5
3,1,word_gap,0,-0.0,1.0,0.7379158819836786,0.5396132252027449,0.8195278385623859,0.547378432819325,2,3186,1603,884,per_session_robust_mad_cf,16.514737129211426,3,cross,shaft_car,multi_stft,2.0,128.0,0.5,0.5
3,1,gpt2_surprisal,0,-0.0,1.0,0.7425714285714285,0.564,0.8226589387755101,0.5971004081632653,2,3500,1750,884,per_session_robust_mad_cf,16.76060724258423,3,cross,shaft_car,multi_stft,2.0,128.0,0.5,0.5
3,1,word_head_pos,0,-0.0,1.0,0.7351428571428571,0.5434285714285715,0.816355918367347,0.5684623673469387,2,3500,1750,884,per_session_robust_mad_cf,18.47614073753357,3,cross,shaft_car,multi_stft,2.0,128.0,0.5,0.5
3,1,word_part_speech,0,-0.0,1.0,0.8024809160305344,0.5027624309392266,0.8933719625895926,0.508151630156453,2,2096,1086,884,per_session_robust_mad_cf,16.88058614730835,3,cross,shaft_car,multi_stft,2.0,128.0,0.5,0.5
3,1,word_length,0,-0.0,1.0,0.7382857142857143,0.5051428571428571,0.8178697142857143,0.5098213877551021,2,3500,1750,884,per_session_robust_mad_cf,13.258360624313354,3,cross,shaft_car,multi_stft,2.0,128.0,0.5,0.5
3,1,global_flow,0,-0.0,1.0,0.7585714285714286,0.552,0.8457139591836735,0.5797668571428571,2,3500,1750,884,per_session_robust_mad_cf,12.89551591873169,3,cross,shaft_car,multi_stft,2.0,128.0,0.5,0.5
3,1,local_flow,0,-0.0,1.0,0.7477142857142857,0.5668571428571428,0.8283977142857142,0.596220081632653,2,3500,1750,884,per_session_robust_mad_cf,15.57818078994751,3,cross,shaft_car,multi_stft,2.0,128.0,0.5,0.5
3,1,frame_brightness,0,-0.0,1.0,0.7291428571428571,0.492,0.8098710204081632,0.4723748571428572,2,3500,1750,884,per_session_robust_mad_cf,17.91959857940674,3,cross,shaft_car,multi_stft,2.0,128.0,0.5,0.5
3,1,face_num,0,-0.0,1.0,0.7165714285714285,0.4805714285714286,0.7900153469387755,0.4817149387755102,2,3500,1750,884,per_session_robust_mad_cf,13.051973104476929,3,cross,shaft_car,multi_stft,2.0,128.0,0.5,0.5
4,0,onset,0,-0.0,1.0,1.0,0.5946969696969697,1.0,0.6215923438934803,2,2992,1056,1989,per_session_robust_mad_cf,9.71872615814209,3,cross,shaft_car,multi_stft,2.0,128.0,0.5,0.5
4,0,speech,0,-0.0,1.0,1.0,0.5874285714285714,1.0,0.6176940408163265,2,3500,1750,1989,per_session_robust_mad_cf,12.449554204940796,3,cross,shaft_car,multi_stft,2.0,128.0,0.5,0.5
4,0,volume,0,-0.0,1.0,0.9637142857142856,0.5431804645622395,0.9945136326530613,0.5628692746466882,2,3500,1679,1989,per_session_robust_mad_cf,35.03017067909241,3,cross,shaft_car,multi_stft,2.0,128.0,0.5,0.5
4,0,delta_volume,0,-0.0,1.0,0.9602857142857144,0.5807027992852889,0.9936431020408164,0.6087731993870255,2,3500,1679,1989,per_session_robust_mad_cf,30.131469249725345,3,cross,shaft_car,multi_stft,2.0,128.0,0.5,0.5
4,0,pitch,0,-0.0,1.0,0.8845714285714286,0.5074449076831448,0.9519542857142858,0.5104035416311936,2,3500,1679,1989,per_session_robust_mad_cf,30.79715466499329,3,cross,shaft_car,multi_stft,2.0,128.0,0.5,0.5
4,0,word_index,0,-0.0,1.0,1.0,0.633112582781457,1.0,0.6658807348462521,2,2128,755,1989,per_session_robust_mad_cf,11.783040285110474,3,cross,shaft_car,multi_stft,2.0,128.0,0.5,0.5
4,0,word_gap,0,-0.0,1.0,0.9017576898932832,0.5278757939308398,0.9697101529801796,0.5476246683081925,2,3186,1417,1989,per_session_robust_mad_cf,30.77789282798767,3,cross,shaft_car,multi_stft,2.0,128.0,0.5,0.5
4,0,gpt2_surprisal,0,-0.0,1.0,0.8871428571428571,0.521143537820131,0.9600897959183674,0.5288367671263976,2,3500,1679,1989,per_session_robust_mad_cf,68.01230716705322,3,cross,shaft_car,multi_stft,2.0,128.0,0.5,0.5
4,0,word_head_pos,0,-0.0,1.0,0.8817142857142857,0.5525714285714286,0.9503444897959183,0.5602135510204082,2,3500,1750,1989,per_session_robust_mad_cf,43.26310110092163,3,cross,shaft_car,multi_stft,2.0,128.0,0.5,0.5
4,0,word_part_speech,0,-0.0,1.0,1.0,0.5355303810504635,1.0,0.5516397267829112,2,2096,971,1989,per_session_robust_mad_cf,17.1306369304657,3,cross,shaft_car,multi_stft,2.0,128.0,0.5,0.5
4,0,word_length,0,-0.0,1.0,0.8845714285714286,0.5423122765196663,0.9544806530612244,0.5582387796357831,2,3500,1678,1989,per_session_robust_mad_cf,28.85759019851685,3,cross,shaft_car,multi_stft,2.0,128.0,0.5,0.5
4,0,global_flow,0,-0.0,1.0,0.9231428571428572,0.4836212030970816,0.9768248163265304,0.4897688574833986,2,3500,1679,1989,per_session_robust_mad_cf,21.76783919334412,3,cross,shaft_car,multi_stft,2.0,128.0,0.5,0.5
4,0,local_flow,0,-0.0,1.0,0.9051428571428572,0.4782608695652174,0.9661871020408164,0.475770475055338,2,3500,1679,1989,per_session_robust_mad_cf,26.99384069442749,3,cross,shaft_car,multi_stft,2.0,128.0,0.5,0.5
4,0,frame_brightness,0,-0.0,1.0,0.918,0.4997022036926742,0.9780137142857144,0.498926584936716,2,3500,1679,1989,per_session_robust_mad_cf,50.540847301483154,3,cross,shaft_car,multi_stft,2.0,128.0,0.5,0.5
4,0,face_num,0,-0.0,1.0,0.8691428571428571,0.4939844302901627,0.9448946938775512,0.4921805818785035,2,3500,1413,1989,per_session_robust_mad_cf,20.91117000579834,3,cross,shaft_car,multi_stft,2.0,128.0,0.5,0.5
4,1,onset,0,-0.0,1.0,1.0,0.567287784679089,1.0,0.5985749666603162,2,2992,1449,1989,per_session_robust_mad_cf,11.56441879272461,3,cross,shaft_car,multi_stft,2.0,128.0,0.5,0.5
4,1,speech,0,-0.0,1.0,1.0,0.5708571428571428,1.0,0.5966429387755102,2,3500,1750,1989,per_session_robust_mad_cf,19.399374961853027,3,cross,shaft_car,multi_stft,2.0,128.0,0.5,0.5
4,1,volume,0,-0.0,1.0,0.9637142857142856,0.484,0.9945136326530613,0.4827748571428571,2,3500,1750,1989,per_session_robust_mad_cf,38.36219167709351,3,cross,shaft_car,multi_stft,2.0,128.0,0.5,0.5
4,1,delta_volume,0,-0.0,1.0,0.9602857142857144,0.5508571428571428,0.9936431020408164,0.5600741224489796,2,3500,1750,1989,per_session_robust_mad_cf,28.5193350315094,3,cross,shaft_car,multi_stft,2.0,128.0,0.5,0.5
4,1,pitch,0,-0.0,1.0,0.8845714285714286,0.5177142857142857,0.9519542857142858,0.5239317551020408,2,3500,1750,1989,per_session_robust_mad_cf,32.41311430931091,3,cross,shaft_car,multi_stft,2.0,128.0,0.5,0.5
4,1,word_index,0,-0.0,1.0,1.0,0.5784408084696824,1.0,0.5998684600563213,2,2128,1039,1989,per_session_robust_mad_cf,23.96523928642273,3,cross,shaft_car,multi_stft,2.0,128.0,0.5,0.5
4,1,word_gap,0,-0.0,1.0,0.9017576898932832,0.5275908479138627,0.9697101529801796,0.5438855971118506,2,3186,1486,1989,per_session_robust_mad_cf,38.0325870513916,3,cross,shaft_car,multi_stft,2.0,128.0,0.5,0.5
4,1,gpt2_surprisal,0,-0.0,1.0,0.8871428571428571,0.4977142857142857,0.9600897959183674,0.5016267755102041,2,3500,1750,1989,per_session_robust_mad_cf,96.88205432891846,3,cross,shaft_car,multi_stft,2.0,128.0,0.5,0.5
4,1,word_head_pos,0,-0.0,1.0,0.8817142857142857,0.528,0.9503444897959183,0.5368705306122449,2,3500,1750,1989,per_session_robust_mad_cf,46.56679558753967,3,cross,shaft_car,multi_stft,2.0,128.0,0.5,0.5
4,1,word_part_speech,0,-0.0,1.0,1.0,0.520704845814978,1.0,0.5199965223439402,2,2096,1135,1989,per_session_robust_mad_cf,18.907615900039676,3,cross,shaft_car,multi_stft,2.0,128.0,0.5,0.5
4,1,word_length,0,-0.0,1.0,0.8845714285714286,0.52,0.9544806530612244,0.5256398367346939,2,3500,1750,1989,per_session_robust_mad_cf,31.67332649230957,3,cross,shaft_car,multi_stft,2.0,128.0,0.5,0.5
4,1,global_flow,0,-0.0,1.0,0.9231428571428572,0.4685714285714286,0.9768248163265304,0.4725002448979591,2,3500,1750,1989,per_session_robust_mad_cf,34.06494879722595,3,cross,shaft_car,multi_stft,2.0,128.0,0.5,0.5
4,1,local_flow,0,-0.0,1.0,0.9051428571428572,0.468,0.9661871020408164,0.4507111836734694,2,3500,1750,1989,per_session_robust_mad_cf,41.95310139656067,3,cross,shaft_car,multi_stft,2.0,128.0,0.5,0.5
4,1,frame_brightness,0,-0.0,1.0,0.918,0.4908571428571429,0.9780137142857144,0.494416,2,3500,1750,1989,per_session_robust_mad_cf,64.69236755371094,3,cross,shaft_car,multi_stft,2.0,128.0,0.5,0.5
4,1,face_num,0,-0.0,1.0,0.8691428571428571,0.492,0.9448946938775512,0.4914605714285714,2,3500,1750,1989,per_session_robust_mad_cf,30.644196033477783,3,cross,shaft_car,multi_stft,2.0,128.0,0.5,0.5
7,0,onset,0,-0.0,1.0,0.9756016042780749,0.5068571428571429,0.9976564063885156,0.5135673469387755,2,2992,1750,1326,per_session_robust_mad_cf,25.968297958374023,3,cross,shaft_car,multi_stft,2.0,128.0,0.5,0.5
7,0,speech,0,-0.0,1.0,0.9305714285714286,0.5085714285714286,0.981013224489796,0.5217750204081633,2,3500,1750,1326,per_session_robust_mad_cf,29.1074059009552,3,cross,shaft_car,multi_stft,2.0,128.0,0.5,0.5
7,0,volume,0,-0.0,1.0,0.8637142857142858,0.5091428571428571,0.9437524897959184,0.5199386122448979,2,3500,1750,1326,per_session_robust_mad_cf,44.42733097076416,3,cross,shaft_car,multi_stft,2.0,128.0,0.5,0.5
7,0,delta_volume,0,-0.0,1.0,0.8642857142857143,0.4931428571428571,0.9402873469387756,0.5050070204081633,2,3500,1750,1326,per_session_robust_mad_cf,26.398268699646,3,cross,shaft_car,multi_stft,2.0,128.0,0.5,0.5
7,0,pitch,0,-0.0,1.0,0.7785714285714286,0.5017142857142857,0.8626739591836736,0.500028081632653,2,3500,1750,1326,per_session_robust_mad_cf,33.754231691360474,3,cross,shaft_car,multi_stft,2.0,128.0,0.5,0.5
7,0,word_index,0,-0.0,1.0,0.9788533834586466,0.5147766323024054,0.9971610181468707,0.5096928518524118,2,2128,1455,1326,per_session_robust_mad_cf,24.582602500915527,3,cross,shaft_car,multi_stft,2.0,128.0,0.5,0.5
7,0,word_gap,0,-0.0,1.0,0.8088512241054614,0.5051428571428571,0.8880889358615002,0.499073306122449,2,3186,1750,1326,per_session_robust_mad_cf,22.42060494422913,3,cross,shaft_car,multi_stft,2.0,128.0,0.5,0.5
7,0,gpt2_surprisal,0,-0.0,1.0,0.7957142857142857,0.4937142857142857,0.8829231020408164,0.5046164897959184,2,3500,1750,1326,per_session_robust_mad_cf,77.04627513885498,3,cross,shaft_car,multi_stft,2.0,128.0,0.5,0.5
7,0,word_head_pos,0,-0.0,1.0,0.7865714285714286,0.4954285714285714,0.8700137142857143,0.5029067755102041,2,3500,1750,1326,per_session_robust_mad_cf,36.60852909088135,3,cross,shaft_car,multi_stft,2.0,128.0,0.5,0.5
7,0,word_part_speech,0,-0.0,1.0,0.9017175572519084,0.4814340588988476,0.9722617781597808,0.4895788419259592,2,2096,1562,1326,per_session_robust_mad_cf,32.67070007324219,3,cross,shaft_car,multi_stft,2.0,128.0,0.5,0.5
7,0,word_length,0,-0.0,1.0,0.792,0.5085714285714286,0.871613387755102,0.5042168163265306,2,3500,1750,1326,per_session_robust_mad_cf,30.281874895095825,3,cross,shaft_car,multi_stft,2.0,128.0,0.5,0.5
7,0,global_flow,0,-0.0,1.0,0.8225714285714286,0.5217142857142857,0.9041394285714286,0.5346364081632653,2,3500,1750,1326,per_session_robust_mad_cf,30.66486978530884,3,cross,shaft_car,multi_stft,2.0,128.0,0.5,0.5
7,0,local_flow,0,-0.0,1.0,0.8105714285714286,0.504,0.8988382040816327,0.5177051428571429,2,3500,1750,1326,per_session_robust_mad_cf,43.40221881866455,3,cross,shaft_car,multi_stft,2.0,128.0,0.5,0.5
7,0,frame_brightness,0,-0.0,1.0,0.8091428571428572,0.4874285714285714,0.8951245714285714,0.4675591836734694,2,3500,1750,1326,per_session_robust_mad_cf,46.05332827568054,3,cross,shaft_car,multi_stft,2.0,128.0,0.5,0.5
7,0,face_num,0,-0.0,1.0,0.778,0.4885714285714285,0.8592463673469388,0.4913959183673469,2,3500,1750,1326,per_session_robust_mad_cf,19.841844081878666,3,cross,shaft_car,multi_stft,2.0,128.0,0.5,0.5
7,1,onset,0,-0.0,1.0,0.9756016042780749,0.5320910973084886,0.9976564063885156,0.53560106686988,2,2992,1449,1326,per_session_robust_mad_cf,32.54393005371094,3,cross,shaft_car,multi_stft,2.0,128.0,0.5,0.5
7,1,speech,0,-0.0,1.0,0.9305714285714286,0.5077220077220077,0.981013224489796,0.5097833630652164,2,3500,1554,1326,per_session_robust_mad_cf,30.63582992553711,3,cross,shaft_car,multi_stft,2.0,128.0,0.5,0.5
7,1,volume,0,-0.0,1.0,0.8637142857142858,0.5034285714285714,0.9437524897959184,0.503226775510204,2,3500,1750,1326,per_session_robust_mad_cf,41.623706102371216,3,cross,shaft_car,multi_stft,2.0,128.0,0.5,0.5
7,1,delta_volume,0,-0.0,1.0,0.8642857142857143,0.5274285714285715,0.9402873469387756,0.5313854693877551,2,3500,1750,1326,per_session_robust_mad_cf,28.350836992263797,3,cross,shaft_car,multi_stft,2.0,128.0,0.5,0.5
7,1,pitch,0,-0.0,1.0,0.7785714285714286,0.5011428571428571,0.8626739591836736,0.5030661224489796,2,3500,1750,1326,per_session_robust_mad_cf,35.087934494018555,3,cross,shaft_car,multi_stft,2.0,128.0,0.5,0.5
7,1,word_index,0,-0.0,1.0,0.9788533834586466,0.5120307988450433,0.9971610181468707,0.524418259967393,2,2128,1039,1326,per_session_robust_mad_cf,28.153934240341187,3,cross,shaft_car,multi_stft,2.0,128.0,0.5,0.5
7,1,word_gap,0,-0.0,1.0,0.8088512241054614,0.4993270524899058,0.8880889358615002,0.4863988522757944,2,3186,1486,1326,per_session_robust_mad_cf,25.899009943008423,3,cross,shaft_car,multi_stft,2.0,128.0,0.5,0.5
7,1,gpt2_surprisal,0,-0.0,1.0,0.7957142857142857,0.4971428571428571,0.8829231020408164,0.5052499591836734,2,3500,1750,1326,per_session_robust_mad_cf,83.8379738330841,3,cross,shaft_car,multi_stft,2.0,128.0,0.5,0.5
7,1,word_head_pos,0,-0.0,1.0,0.7865714285714286,0.4988571428571428,0.8700137142857143,0.4983862857142856,2,3500,1750,1326,per_session_robust_mad_cf,32.65950036048889,3,cross,shaft_car,multi_stft,2.0,128.0,0.5,0.5
7,1,word_part_speech,0,-0.0,1.0,0.9017175572519084,0.5162995594713656,0.9722617781597808,0.527917505030181,2,2096,1135,1326,per_session_robust_mad_cf,33.72191548347473,3,cross,shaft_car,multi_stft,2.0,128.0,0.5,0.5
7,1,word_length,0,-0.0,1.0,0.792,0.5108571428571429,0.871613387755102,0.521150693877551,2,3500,1750,1326,per_session_robust_mad_cf,31.46816873550415,3,cross,shaft_car,multi_stft,2.0,128.0,0.5,0.5
7,1,global_flow,0,-0.0,1.0,0.8225714285714286,0.5034285714285714,0.9041394285714286,0.504256,2,3500,1750,1326,per_session_robust_mad_cf,28.874587059021,3,cross,shaft_car,multi_stft,2.0,128.0,0.5,0.5
7,1,local_flow,0,-0.0,1.0,0.8105714285714286,0.5217142857142857,0.8988382040816327,0.5057606530612244,2,3500,1750,1326,per_session_robust_mad_cf,44.3570761680603,3,cross,shaft_car,multi_stft,2.0,128.0,0.5,0.5
7,1,frame_brightness,0,-0.0,1.0,0.8091428571428572,0.5011428571428571,0.8951245714285714,0.5174530612244899,2,3500,1750,1326,per_session_robust_mad_cf,51.29259824752808,3,cross,shaft_car,multi_stft,2.0,128.0,0.5,0.5
7,1,face_num,0,-0.0,1.0,0.778,0.5034285714285714,0.8592463673469388,0.4991934693877551,2,3500,1750,1326,per_session_robust_mad_cf,20.554457664489743,3,cross,shaft_car,multi_stft,2.0,128.0,0.5,0.5
10,0,onset,0,-0.0,1.0,0.9271390374331552,0.627640313820157,0.9812177392833652,0.6840563684784065,2,2992,1657,1105,per_session_robust_mad_cf,10.562256574630736,3,cross,shaft_car,multi_stft,2.0,128.0,0.5,0.5
10,0,speech,0,-0.0,1.0,0.8897142857142857,0.6137142857142858,0.9558974693877552,0.6567634285714286,2,3500,1750,1105,per_session_robust_mad_cf,11.3720862865448,3,cross,shaft_car,multi_stft,2.0,128.0,0.5,0.5
10,0,volume,0,-0.0,1.0,0.8748571428571429,0.5611428571428572,0.9467663673469388,0.5743608163265306,2,3500,1750,1105,per_session_robust_mad_cf,13.717839241027832,3,cross,shaft_car,multi_stft,2.0,128.0,0.5,0.5
10,0,delta_volume,0,-0.0,1.0,0.84,0.5474285714285714,0.9223725714285712,0.5723121632653061,2,3500,1750,1105,per_session_robust_mad_cf,12.420488834381104,3,cross,shaft_car,multi_stft,2.0,128.0,0.5,0.5
10,0,pitch,0,-0.0,1.0,0.7648571428571429,0.5211428571428571,0.848197224489796,0.5243572244897959,2,3500,1750,1105,per_session_robust_mad_cf,10.696509838104248,3,cross,shaft_car,multi_stft,2.0,128.0,0.5,0.5
10,0,word_index,0,-0.0,1.0,0.9191729323308272,0.5853658536585366,0.9719652750296794,0.6024587612822907,2,2128,1189,1105,per_session_robust_mad_cf,11.658318042755129,3,cross,shaft_car,multi_stft,2.0,128.0,0.5,0.5
10,0,word_gap,0,-0.0,1.0,0.7658505963590709,0.5074285714285715,0.8504887791810452,0.5162161632653062,2,3186,1750,1105,per_session_robust_mad_cf,12.50301218032837,3,cross,shaft_car,multi_stft,2.0,128.0,0.5,0.5
10,0,gpt2_surprisal,0,-0.0,1.0,0.7651428571428571,0.5371428571428571,0.8440215510204081,0.5461368163265305,2,3500,1750,1105,per_session_robust_mad_cf,12.60649800300598,3,cross,shaft_car,multi_stft,2.0,128.0,0.5,0.5
10,0,word_head_pos,0,-0.0,1.0,0.75,0.5177142857142857,0.8419131428571429,0.5170481632653061,2,3500,1750,1105,per_session_robust_mad_cf,14.987530708312988,3,cross,shaft_car,multi_stft,2.0,128.0,0.5,0.5
10,0,word_part_speech,0,-0.0,1.0,0.853530534351145,0.4818252126836813,0.9286918740166656,0.4918796445609887,2,2096,1293,1105,per_session_robust_mad_cf,13.64478087425232,3,cross,shaft_car,multi_stft,2.0,128.0,0.5,0.5
10,0,word_length,0,-0.0,1.0,0.7557142857142857,0.5028571428571429,0.8425035102040817,0.4952359183673469,2,3500,1750,1105,per_session_robust_mad_cf,14.674224853515623,3,cross,shaft_car,multi_stft,2.0,128.0,0.5,0.5
10,0,global_flow,0,-0.0,1.0,0.8145714285714286,0.5205714285714286,0.8959493877551021,0.52736,2,3500,1750,1105,per_session_robust_mad_cf,11.902153730392456,3,cross,shaft_car,multi_stft,2.0,128.0,0.5,0.5
10,0,local_flow,0,-0.0,1.0,0.7937142857142857,0.5137142857142857,0.8730638367346939,0.5130488163265305,2,3500,1750,1105,per_session_robust_mad_cf,14.020436525344849,3,cross,shaft_car,multi_stft,2.0,128.0,0.5,0.5
10,0,frame_brightness,0,-0.0,1.0,0.776,0.4868571428571429,0.859938612244898,0.4798641632653061,2,3500,1750,1105,per_session_robust_mad_cf,13.537542343139648,3,cross,shaft_car,multi_stft,2.0,128.0,0.5,0.5
10,0,face_num,0,-0.0,1.0,0.7374285714285714,0.5142857142857142,0.8145430204081632,0.5052434285714286,2,3500,1750,1105,per_session_robust_mad_cf,14.84138822555542,3,cross,shaft_car,multi_stft,2.0,128.0,0.5,0.5
10,1,onset,0,-0.0,1.0,0.9271390374331552,0.5942857142857143,0.9812177392833652,0.6277707755102041,2,2992,1750,1105,per_session_robust_mad_cf,12.715944766998293,3,cross,shaft_car,multi_stft,2.0,128.0,0.5,0.5
10,1,speech,0,-0.0,1.0,0.8897142857142857,0.604,0.9558974693877552,0.6476917551020408,2,3500,1750,1105,per_session_robust_mad_cf,15.095255851745604,3,cross,shaft_car,multi_stft,2.0,128.0,0.5,0.5
10,1,volume,0,-0.0,1.0,0.8748571428571429,0.6154285714285714,0.9467663673469388,0.6595330612244897,2,3500,1750,1105,per_session_robust_mad_cf,12.290908336639404,3,cross,shaft_car,multi_stft,2.0,128.0,0.5,0.5
10,1,delta_volume,0,-0.0,1.0,0.84,0.5977142857142858,0.9223725714285712,0.6373551020408164,2,3500,1750,1105,per_session_robust_mad_cf,15.515622615814207,3,cross,shaft_car,multi_stft,2.0,128.0,0.5,0.5
10,1,pitch,0,-0.0,1.0,0.7648571428571429,0.5108571428571429,0.848197224489796,0.5273939591836734,2,3500,1750,1105,per_session_robust_mad_cf,13.973965167999268,3,cross,shaft_car,multi_stft,2.0,128.0,0.5,0.5
10,1,word_index,0,-0.0,1.0,0.9191729323308272,0.5431432973805855,0.9719652750296794,0.563512432306666,2,2128,1298,1105,per_session_robust_mad_cf,16.84043264389038,3,cross,shaft_car,multi_stft,2.0,128.0,0.5,0.5
10,1,word_gap,0,-0.0,1.0,0.7658505963590709,0.5034285714285714,0.8504887791810452,0.5050749387755102,2,3186,1750,1105,per_session_robust_mad_cf,10.967180728912354,3,cross,shaft_car,multi_stft,2.0,128.0,0.5,0.5
10,1,gpt2_surprisal,0,-0.0,1.0,0.7651428571428571,0.5285714285714286,0.8440215510204081,0.5261113469387755,2,3500,1750,1105,per_session_robust_mad_cf,13.643625497817991,3,cross,shaft_car,multi_stft,2.0,128.0,0.5,0.5
10,1,word_head_pos,0,-0.0,1.0,0.75,0.5091428571428571,0.8419131428571429,0.518403918367347,2,3500,1750,1105,per_session_robust_mad_cf,15.457409858703612,3,cross,shaft_car,multi_stft,2.0,128.0,0.5,0.5
10,1,word_part_speech,0,-0.0,1.0,0.853530534351145,0.5093525179856115,0.9286918740166656,0.5038559080792919,2,2096,1390,1105,per_session_robust_mad_cf,15.141712188720703,3,cross,shaft_car,multi_stft,2.0,128.0,0.5,0.5
10,1,word_length,0,-0.0,1.0,0.7557142857142857,0.5211428571428571,0.8425035102040817,0.5221407346938776,2,3500,1750,1105,per_session_robust_mad_cf,16.00373673439026,3,cross,shaft_car,multi_stft,2.0,128.0,0.5,0.5
10,1,global_flow,0,-0.0,1.0,0.8145714285714286,0.5177142857142857,0.8959493877551021,0.5297828571428571,2,3500,1750,1105,per_session_robust_mad_cf,16.346672534942627,3,cross,shaft_car,multi_stft,2.0,128.0,0.5,0.5
10,1,local_flow,0,-0.0,1.0,0.7937142857142857,0.5205714285714286,0.8730638367346939,0.531137306122449,2,3500,1750,1105,per_session_robust_mad_cf,15.886861085891724,3,cross,shaft_car,multi_stft,2.0,128.0,0.5,0.5
10,1,frame_brightness,0,-0.0,1.0,0.776,0.52,0.859938612244898,0.5332754285714285,2,3500,1750,1105,per_session_robust_mad_cf,13.857796430587769,3,cross,shaft_car,multi_stft,2.0,128.0,0.5,0.5
10,1,face_num,0,-0.0,1.0,0.7374285714285714,0.4971428571428571,0.8145430204081632,0.5032241632653062,2,3500,1750,1105,per_session_robust_mad_cf,14.98884129524231,3,cross,shaft_car,multi_stft,2.0,128.0,0.5,0.5
1,1,onset,0,-0.0,1.0,1.0,0.9081632653061223,1.0,0.9617997709287798,2,1567,784,44880,per_session_robust_mad_cf,7.1081061363220215,4,within,shaft_car,multi_stft,2.0,256.0,0.3333333333333333,0.3333333333333333
1,1,onset,1,-0.0,1.0,1.0,0.8418367346938775,1.0,0.9051111516034986,2,1567,784,44880,per_session_robust_mad_cf,6.580339431762695,4,within,shaft_car,multi_stft,2.0,256.0,0.3333333333333333,0.3333333333333333
1,1,speech,0,-0.0,1.0,1.0,0.912,1.0,0.9740655987795576,2,1750,875,44880,per_session_robust_mad_cf,7.706312656402588,4,within,shaft_car,multi_stft,2.0,256.0,0.3333333333333333,0.3333333333333333
1,1,speech,1,-0.0,1.0,1.0,0.8285714285714286,1.0,0.8705683207422965,2,1750,875,44880,per_session_robust_mad_cf,7.400480985641479,4,within,shaft_car,multi_stft,2.0,256.0,0.3333333333333333,0.3333333333333333
1,1,volume,0,-0.0,1.0,1.0,0.7748571428571429,1.0,0.8413072212992279,2,1750,875,44880,per_session_robust_mad_cf,6.201973676681519,4,within,shaft_car,multi_stft,2.0,256.0,0.3333333333333333,0.3333333333333333
1,1,volume,1,-0.0,1.0,1.0,0.8091428571428572,1.0,0.8720782002654045,2,1750,875,44880,per_session_robust_mad_cf,7.064096689224243,4,within,shaft_car,multi_stft,2.0,256.0,0.3333333333333333,0.3333333333333333
1,1,delta_volume,0,-0.0,1.0,1.0,0.76,1.0,0.8454646144843945,2,1750,875,44880,per_session_robust_mad_cf,7.350730895996094,4,within,shaft_car,multi_stft,2.0,256.0,0.3333333333333333,0.3333333333333333
1,1,delta_volume,1,-0.0,1.0,1.0,0.7657142857142857,1.0,0.8477111480308872,2,1750,875,44880,per_session_robust_mad_cf,7.156075477600098,4,within,shaft_car,multi_stft,2.0,256.0,0.3333333333333333,0.3333333333333333
1,1,pitch,0,-0.0,1.0,1.0,0.536,1.0,0.5402860934348974,2,1750,875,44880,per_session_robust_mad_cf,7.483271837234497,4,within,shaft_car,multi_stft,2.0,256.0,0.3333333333333333,0.3333333333333333
1,1,pitch,1,-0.0,1.0,1.0,0.5348571428571428,1.0,0.5493349215803057,2,1750,875,44880,per_session_robust_mad_cf,7.737650156021118,4,within,shaft_car,multi_stft,2.0,256.0,0.3333333333333333,0.3333333333333333
1,1,word_index,0,-0.0,1.0,1.0,0.7319587628865979,1.0,0.7971209598375079,2,1163,582,44880,per_session_robust_mad_cf,4.98695707321167,4,within,shaft_car,multi_stft,2.0,256.0,0.3333333333333333,0.3333333333333333
1,1,word_index,1,-0.0,1.0,1.0,0.7250859106529209,1.0,0.8000732159516302,2,1163,582,44880,per_session_robust_mad_cf,4.923030138015747,4,within,shaft_car,multi_stft,2.0,256.0,0.3333333333333333,0.3333333333333333
1,1,word_gap,0,-0.0,1.0,1.0,0.5805714285714285,1.0,0.619510360176797,2,1750,875,44880,per_session_robust_mad_cf,6.726816177368164,4,within,shaft_car,multi_stft,2.0,256.0,0.3333333333333333,0.3333333333333333
1,1,word_gap,1,-0.0,1.0,1.0,0.5451428571428572,1.0,0.5870714606647649,2,1750,875,44880,per_session_robust_mad_cf,7.276488304138184,4,within,shaft_car,multi_stft,2.0,256.0,0.3333333333333333,0.3333333333333333
1,1,gpt2_surprisal,0,-0.0,1.0,1.0,0.576,1.0,0.5943700824425566,2,1750,875,44880,per_session_robust_mad_cf,6.634670972824097,4,within,shaft_car,multi_stft,2.0,256.0,0.3333333333333333,0.3333333333333333
1,1,gpt2_surprisal,1,-0.0,1.0,1.0,0.6,1.0,0.6407322654462242,2,1750,875,44880,per_session_robust_mad_cf,6.856552839279175,4,within,shaft_car,multi_stft,2.0,256.0,0.3333333333333333,0.3333333333333333
1,1,word_head_pos,0,-0.0,1.0,1.0,0.608,1.0,0.634010950544915,2,1750,875,44880,per_session_robust_mad_cf,7.150101184844971,4,within,shaft_car,multi_stft,2.0,256.0,0.3333333333333333,0.3333333333333333
1,1,word_head_pos,1,-0.0,1.0,1.0,0.6011428571428571,1.0,0.6523306479420707,2,1750,875,44880,per_session_robust_mad_cf,7.795854091644287,4,within,shaft_car,multi_stft,2.0,256.0,0.3333333333333333,0.3333333333333333
1,1,word_part_speech,0,-0.0,1.0,1.0,0.5913461538461539,1.0,0.6199149408284024,2,1664,832,44880,per_session_robust_mad_cf,6.927189111709595,4,within,shaft_car,multi_stft,2.0,256.0,0.3333333333333333,0.3333333333333333
1,1,word_part_speech,1,-0.0,1.0,1.0,0.5805288461538461,1.0,0.6019669933431953,2,1664,832,44880,per_session_robust_mad_cf,6.369755029678345,4,within,shaft_car,multi_stft,2.0,256.0,0.3333333333333333,0.3333333333333333
1,1,word_length,0,-0.0,1.0,1.0,0.5622857142857143,1.0,0.5801855741199335,2,1750,875,44880,per_session_robust_mad_cf,7.090084791183472,4,within,shaft_car,multi_stft,2.0,256.0,0.3333333333333333,0.3333333333333333
1,1,word_length,1,-0.0,1.0,1.0,0.5748571428571428,1.0,0.5965225750498939,2,1750,875,44880,per_session_robust_mad_cf,6.808480739593506,4,within,shaft_car,multi_stft,2.0,256.0,0.3333333333333333,0.3333333333333333
1,1,global_flow,0,-0.0,1.0,1.0,0.648,1.0,0.6779829263450468,2,1750,875,44880,per_session_robust_mad_cf,6.958861589431763,4,within,shaft_car,multi_stft,2.0,256.0,0.3333333333333333,0.3333333333333333
1,1,global_flow,1,-0.0,1.0,1.0,0.6171428571428571,1.0,0.6381409151228279,2,1750,875,44880,per_session_robust_mad_cf,7.100279331207275,4,within,shaft_car,multi_stft,2.0,256.0,0.3333333333333333,0.3333333333333333
1,1,local_flow,0,-0.0,1.0,1.0,0.6045714285714285,1.0,0.6405337345746738,2,1750,875,44880,per_session_robust_mad_cf,7.0737144947052,4,within,shaft_car,multi_stft,2.0,256.0,0.3333333333333333,0.3333333333333333
1,1,local_flow,1,-0.0,1.0,1.0,0.5725714285714286,1.0,0.6108272467947713,2,1750,875,44880,per_session_robust_mad_cf,6.537569046020508,4,within,shaft_car,multi_stft,2.0,256.0,0.3333333333333333,0.3333333333333333
1,1,frame_brightness,0,-0.0,1.0,1.0,0.5051428571428571,1.0,0.5135941402045914,2,1750,875,44880,per_session_robust_mad_cf,7.271259069442749,4,within,shaft_car,multi_stft,2.0,256.0,0.3333333333333333,0.3333333333333333
1,1,frame_brightness,1,-0.0,1.0,1.0,0.5874285714285714,1.0,0.6122535343719633,2,1750,875,44880,per_session_robust_mad_cf,6.932137727737427,4,within,shaft_car,multi_stft,2.0,256.0,0.3333333333333333,0.3333333333333333
1,1,face_num,0,-0.0,1.0,1.0,0.552,1.0,0.5836755378619269,2,1750,875,44880,per_session_robust_mad_cf,7.4698326587677,4,within,shaft_car,multi_stft,2.0,256.0,0.3333333333333333,0.3333333333333333
1,1,face_num,1,-0.0,1.0,1.0,0.5337142857142857,1.0,0.5758283439390615,2,1750,875,44880,per_session_robust_mad_cf,6.896397352218628,4,within,shaft_car,multi_stft,2.0,256.0,0.3333333333333333,0.3333333333333333
1,2,onset,0,-0.0,1.0,1.0,0.8888888888888888,1.0,0.9279391841035678,2,1458,729,44880,per_session_robust_mad_cf,5.003927946090698,4,within,shaft_car,multi_stft,2.0,256.0,0.3333333333333333,0.3333333333333333
1,2,onset,1,-0.0,1.0,1.0,0.9327846364883402,1.0,0.9717597471022128,2,1458,729,44880,per_session_robust_mad_cf,4.27449107170105,4,within,shaft_car,multi_stft,2.0,256.0,0.3333333333333333,0.3333333333333333
1,2,speech,0,-0.0,1.0,1.0,0.8994285714285715,1.0,0.9344743633950868,2,1750,875,44880,per_session_robust_mad_cf,5.053885221481323,4,within,shaft_car,multi_stft,2.0,256.0,0.3333333333333333,0.3333333333333333
1,2,speech,1,-0.0,1.0,1.0,0.9302857142857144,1.0,0.96542428137049,2,1750,875,44880,per_session_robust_mad_cf,4.963072776794434,4,within,shaft_car,multi_stft,2.0,256.0,0.3333333333333333,0.3333333333333333
1,2,volume,0,-0.0,1.0,1.0,0.7794285714285715,1.0,0.8664566419025528,2,1750,875,44880,per_session_robust_mad_cf,5.233237504959106,4,within,shaft_car,multi_stft,2.0,256.0,0.3333333333333333,0.3333333333333333
1,2,volume,1,-0.0,1.0,1.0,0.8114285714285714,1.0,0.9027355464301016,2,1750,875,44880,per_session_robust_mad_cf,4.362629413604736,4,within,shaft_car,multi_stft,2.0,256.0,0.3333333333333333,0.3333333333333333
1,2,delta_volume,0,-0.0,1.0,1.0,0.7268571428571429,1.0,0.7981933690688903,2,1750,875,44880,per_session_robust_mad_cf,5.36234450340271,4,within,shaft_car,multi_stft,2.0,256.0,0.3333333333333333,0.3333333333333333
1,2,delta_volume,1,-0.0,1.0,1.0,0.7165714285714285,1.0,0.7870442932823423,2,1750,875,44880,per_session_robust_mad_cf,5.749125957489014,4,within,shaft_car,multi_stft,2.0,256.0,0.3333333333333333,0.3333333333333333
1,2,pitch,0,-0.0,1.0,1.0,0.5748571428571428,1.0,0.6232302017700595,2,1750,875,44880,per_session_robust_mad_cf,5.5388593673706055,4,within,shaft_car,multi_stft,2.0,256.0,0.3333333333333333,0.3333333333333333
1,2,pitch,1,-0.0,1.0,1.0,0.5988571428571429,1.0,0.6244109380061231,2,1750,875,44880,per_session_robust_mad_cf,5.056756019592285,4,within,shaft_car,multi_stft,2.0,256.0,0.3333333333333333,0.3333333333333333
1,2,word_index,0,-0.0,1.0,1.0,0.6039215686274509,1.0,0.6256978085351788,2,1020,510,44880,per_session_robust_mad_cf,3.4525225162506104,4,within,shaft_car,multi_stft,2.0,256.0,0.3333333333333333,0.3333333333333333
1,2,word_index,1,-0.0,1.0,1.0,0.5529411764705883,1.0,0.6121491733948481,2,1020,510,44880,per_session_robust_mad_cf,3.901346206665039,4,within,shaft_car,multi_stft,2.0,256.0,0.3333333333333333,0.3333333333333333
1,2,word_gap,0,-0.0,1.0,1.0,0.5508083140877598,1.0,0.5664438980420184,2,1732,866,44880,per_session_robust_mad_cf,6.078847408294678,4,within,shaft_car,multi_stft,2.0,256.0,0.3333333333333333,0.3333333333333333
1,2,word_gap,1,-0.0,1.0,1.0,0.5427251732101617,1.0,0.5525870851089931,2,1732,866,44880,per_session_robust_mad_cf,5.917578458786011,4,within,shaft_car,multi_stft,2.0,256.0,0.3333333333333333,0.3333333333333333
1,2,gpt2_surprisal,0,-0.0,1.0,1.0,0.5988571428571429,1.0,0.6356906262081647,2,1750,875,44880,per_session_robust_mad_cf,4.941520929336548,4,within,shaft_car,multi_stft,2.0,256.0,0.3333333333333333,0.3333333333333333
1,2,gpt2_surprisal,1,-0.0,1.0,1.0,0.5897142857142857,1.0,0.6271381252416329,2,1750,875,44880,per_session_robust_mad_cf,4.342809438705444,4,within,shaft_car,multi_stft,2.0,256.0,0.3333333333333333,0.3333333333333333
1,2,word_head_pos,0,-0.0,1.0,1.0,0.5542857142857143,1.0,0.5800758596909188,2,1750,875,44880,per_session_robust_mad_cf,5.019305467605591,4,within,shaft_car,multi_stft,2.0,256.0,0.3333333333333333,0.3333333333333333
1,2,word_head_pos,1,-0.0,1.0,1.0,0.5782857142857143,1.0,0.6104458585415296,2,1750,875,44880,per_session_robust_mad_cf,5.516938209533691,4,within,shaft_car,multi_stft,2.0,256.0,0.3333333333333333,0.3333333333333333
1,2,word_part_speech,0,-0.0,1.0,1.0,0.6272401433691757,1.0,0.6409604193162985,2,1115,558,44880,per_session_robust_mad_cf,4.273041009902954,4,within,shaft_car,multi_stft,2.0,256.0,0.3333333333333333,0.3333333333333333
1,2,word_part_speech,1,-0.0,1.0,1.0,0.5878136200716846,1.0,0.6284862733007027,2,1115,558,44880,per_session_robust_mad_cf,3.1643335819244385,4,within,shaft_car,multi_stft,2.0,256.0,0.3333333333333333,0.3333333333333333
1,2,word_length,0,-0.0,1.0,1.0,0.6137142857142858,1.0,0.6444939030124448,2,1750,875,44880,per_session_robust_mad_cf,6.158252239227295,4,within,shaft_car,multi_stft,2.0,256.0,0.3333333333333333,0.3333333333333333
1,2,word_length,1,-0.0,1.0,1.0,0.592,1.0,0.632670867161949,2,1750,875,44880,per_session_robust_mad_cf,5.74707555770874,4,within,shaft_car,multi_stft,2.0,256.0,0.3333333333333333,0.3333333333333333
1,2,global_flow,0,-0.0,1.0,1.0,0.6297142857142857,1.0,0.6788449682873055,2,1750,875,44880,per_session_robust_mad_cf,5.287346363067627,4,within,shaft_car,multi_stft,2.0,256.0,0.3333333333333333,0.3333333333333333
1,2,global_flow,1,-0.0,1.0,1.0,0.6845714285714286,1.0,0.7475836703133653,2,1750,875,44880,per_session_robust_mad_cf,4.499691724777222,4,within,shaft_car,multi_stft,2.0,256.0,0.3333333333333333,0.3333333333333333
1,2,local_flow,0,-0.0,1.0,1.0,0.6457142857142857,1.0,0.6982957692026373,2,1750,875,44880,per_session_robust_mad_cf,4.604341506958008,4,within,shaft_car,multi_stft,2.0,256.0,0.3333333333333333,0.3333333333333333
1,2,local_flow,1,-0.0,1.0,1.0,0.6297142857142857,1.0,0.690088085013009,2,1750,875,44880,per_session_robust_mad_cf,4.129839658737183,4,within,shaft_car,multi_stft,2.0,256.0,0.3333333333333333,0.3333333333333333
1,2,frame_brightness,0,-0.0,1.0,1.0,0.44,1.0,0.4044753038044784,2,1750,875,44880,per_session_robust_mad_cf,4.510923862457275,4,within,shaft_car,multi_stft,2.0,256.0,0.3333333333333333,0.3333333333333333
1,2,frame_brightness,1,-0.0,1.0,1.0,0.4731428571428571,1.0,0.4617096642738472,2,1750,875,44880,per_session_robust_mad_cf,4.483120679855347,4,within,shaft_car,multi_stft,2.0,256.0,0.3333333333333333,0.3333333333333333
1,2,face_num,0,-0.0,1.0,1.0,0.5165714285714286,1.0,0.5188447593074407,2,1750,875,44880,per_session_robust_mad_cf,5.875041961669922,4,within,shaft_car,multi_stft,2.0,256.0,0.3333333333333333,0.3333333333333333
1,2,face_num,1,-0.0,1.0,1.0,0.5348571428571428,1.0,0.5369267421083979,2,1750,875,44880,per_session_robust_mad_cf,4.515484809875488,4,within,shaft_car,multi_stft,2.0,256.0,0.3333333333333333,0.3333333333333333
2,0,onset,0,-0.0,1.0,1.0,0.8860182370820668,1.0,0.9489103020112526,2,1315,658,44506,per_session_robust_mad_cf,4.055285215377808,4,within,shaft_car,multi_stft,2.0,256.0,0.3333333333333333,0.3333333333333333
2,0,onset,1,-0.0,1.0,1.0,0.919452887537994,1.0,0.9552480113820088,2,1315,658,44506,per_session_robust_mad_cf,3.458349704742432,4,within,shaft_car,multi_stft,2.0,256.0,0.3333333333333333,0.3333333333333333
2,0,speech,0,-0.0,1.0,1.0,0.8902857142857142,1.0,0.947357972059392,2,1750,875,44506,per_session_robust_mad_cf,4.959234237670898,4,within,shaft_car,multi_stft,2.0,256.0,0.3333333333333333,0.3333333333333333
2,0,speech,1,-0.0,1.0,1.0,0.9245714285714286,1.0,0.9743895175699822,2,1750,875,44506,per_session_robust_mad_cf,4.53994607925415,4,within,shaft_car,multi_stft,2.0,256.0,0.3333333333333333,0.3333333333333333
2,0,volume,0,-0.0,1.0,1.0,0.7965714285714286,1.0,0.8853170746998527,2,1750,875,44506,per_session_robust_mad_cf,5.413105726242065,4,within,shaft_car,multi_stft,2.0,256.0,0.3333333333333333,0.3333333333333333
2,0,volume,1,-0.0,1.0,1.0,0.752,1.0,0.8358776631871518,2,1750,875,44506,per_session_robust_mad_cf,4.416386842727661,4,within,shaft_car,multi_stft,2.0,256.0,0.3333333333333333,0.3333333333333333
2,0,delta_volume,0,-0.0,1.0,1.0,0.7565714285714286,1.0,0.8238508719684858,2,1750,875,44506,per_session_robust_mad_cf,5.663023233413696,4,within,shaft_car,multi_stft,2.0,256.0,0.3333333333333333,0.3333333333333333
2,0,delta_volume,1,-0.0,1.0,1.0,0.7497142857142857,1.0,0.8360291735891248,2,1750,875,44506,per_session_robust_mad_cf,5.056694269180298,4,within,shaft_car,multi_stft,2.0,256.0,0.3333333333333333,0.3333333333333333
2,0,pitch,0,-0.0,1.0,1.0,0.6,1.0,0.6577223284536535,2,1750,875,44506,per_session_robust_mad_cf,5.336406469345093,4,within,shaft_car,multi_stft,2.0,256.0,0.3333333333333333,0.3333333333333333
2,0,pitch,1,-0.0,1.0,1.0,0.616,1.0,0.6692736904799221,2,1750,875,44506,per_session_robust_mad_cf,5.007441997528076,4,within,shaft_car,multi_stft,2.0,256.0,0.3333333333333333,0.3333333333333333
2,0,word_index,0,-0.0,1.0,1.0,0.7112970711297071,1.0,0.7701370774321177,2,955,478,44506,per_session_robust_mad_cf,3.121722459793091,4,within,shaft_car,multi_stft,2.0,256.0,0.3333333333333333,0.3333333333333333
2,0,word_index,1,-0.0,1.0,1.0,0.7092050209205021,1.0,0.7822517112795644,2,955,478,44506,per_session_robust_mad_cf,2.7193174362182617,4,within,shaft_car,multi_stft,2.0,256.0,0.3333333333333333,0.3333333333333333
2,0,word_gap,0,-0.0,1.0,1.0,0.6610878661087866,1.0,0.6937255878371017,2,1433,717,44506,per_session_robust_mad_cf,3.5455596446990967,4,within,shaft_car,multi_stft,2.0,256.0,0.3333333333333333,0.3333333333333333
2,0,word_gap,1,-0.0,1.0,1.0,0.6164574616457462,1.0,0.6766234574625356,2,1433,717,44506,per_session_robust_mad_cf,3.987043619155884,4,within,shaft_car,multi_stft,2.0,256.0,0.3333333333333333,0.3333333333333333
2,0,gpt2_surprisal,0,-0.0,1.0,1.0,0.6,1.0,0.6384230379402944,2,1750,875,44506,per_session_robust_mad_cf,5.224522352218628,4,within,shaft_car,multi_stft,2.0,256.0,0.3333333333333333,0.3333333333333333
2,0,gpt2_surprisal,1,-0.0,1.0,1.0,0.5897142857142857,1.0,0.6196827685652487,2,1750,875,44506,per_session_robust_mad_cf,4.855514049530029,4,within,shaft_car,multi_stft,2.0,256.0,0.3333333333333333,0.3333333333333333
2,0,word_head_pos,0,-0.0,1.0,1.0,0.5771428571428572,1.0,0.6313699675036311,2,1750,875,44506,per_session_robust_mad_cf,5.199382781982422,4,within,shaft_car,multi_stft,2.0,256.0,0.3333333333333333,0.3333333333333333
2,0,word_head_pos,1,-0.0,1.0,1.0,0.6057142857142858,1.0,0.6215583628517393,2,1750,875,44506,per_session_robust_mad_cf,4.744581699371338,4,within,shaft_car,multi_stft,2.0,256.0,0.3333333333333333,0.3333333333333333
2,0,word_part_speech,0,-0.0,1.0,1.0,0.5552941176470588,1.0,0.5694702808043228,2,850,425,44506,per_session_robust_mad_cf,3.300344944000244,4,within,shaft_car,multi_stft,2.0,256.0,0.3333333333333333,0.3333333333333333
2,0,word_part_speech,1,-0.0,1.0,1.0,0.5670588235294117,1.0,0.5686508991053237,2,850,425,44506,per_session_robust_mad_cf,2.8482823371887207,4,within,shaft_car,multi_stft,2.0,256.0,0.3333333333333333,0.3333333333333333
2,0,word_length,0,-0.0,1.0,1.0,0.616,1.0,0.6621161301108638,2,1750,875,44506,per_session_robust_mad_cf,5.040256023406982,4,within,shaft_car,multi_stft,2.0,256.0,0.3333333333333333,0.3333333333333333
2,0,word_length,1,-0.0,1.0,1.0,0.6742857142857143,1.0,0.726090091219711,2,1750,875,44506,per_session_robust_mad_cf,4.960329055786133,4,within,shaft_car,multi_stft,2.0,256.0,0.3333333333333333,0.3333333333333333
2,0,global_flow,0,-0.0,1.0,1.0,0.5988571428571429,1.0,0.6251371430362684,2,1750,875,44506,per_session_robust_mad_cf,5.229606628417969,4,within,shaft_car,multi_stft,2.0,256.0,0.3333333333333333,0.3333333333333333
2,0,global_flow,1,-0.0,1.0,1.0,0.5862857142857143,1.0,0.6471583962885177,2,1750,875,44506,per_session_robust_mad_cf,4.727196455001831,4,within,shaft_car,multi_stft,2.0,256.0,0.3333333333333333,0.3333333333333333
2,0,local_flow,0,-0.0,1.0,1.0,0.5474285714285714,1.0,0.5713718483224142,2,1750,875,44506,per_session_robust_mad_cf,4.713191270828247,4,within,shaft_car,multi_stft,2.0,256.0,0.3333333333333333,0.3333333333333333
2,0,local_flow,1,-0.0,1.0,1.0,0.6217142857142857,1.0,0.6503871351995235,2,1750,875,44506,per_session_robust_mad_cf,5.194787979125977,4,within,shaft_car,multi_stft,2.0,256.0,0.3333333333333333,0.3333333333333333
2,0,frame_brightness,0,-0.0,1.0,1.0,0.5714285714285714,1.0,0.5779233670835815,2,1750,875,44506,per_session_robust_mad_cf,6.007559299468994,4,within,shaft_car,multi_stft,2.0,256.0,0.3333333333333333,0.3333333333333333
2,0,frame_brightness,1,-0.0,1.0,1.0,0.512,1.0,0.5144196106705119,2,1750,875,44506,per_session_robust_mad_cf,4.958398103713989,4,within,shaft_car,multi_stft,2.0,256.0,0.3333333333333333,0.3333333333333333
2,0,face_num,0,-0.0,1.0,1.0,0.5177142857142857,1.0,0.523175867005214,2,1750,875,44506,per_session_robust_mad_cf,4.668836116790772,4,within,shaft_car,multi_stft,2.0,256.0,0.3333333333333333,0.3333333333333333
2,0,face_num,1,-0.0,1.0,1.0,0.5417142857142857,1.0,0.5595226899888195,2,1750,875,44506,per_session_robust_mad_cf,4.698729753494263,4,within,shaft_car,multi_stft,2.0,256.0,0.3333333333333333,0.3333333333333333
2,4,onset,0,-0.0,1.0,1.0,0.766042780748663,1.0,0.8353398724584633,2,1496,748,44506,per_session_robust_mad_cf,7.252010822296143,4,within,shaft_car,multi_stft,2.0,256.0,0.3333333333333333,0.3333333333333333
2,4,onset,1,-0.0,1.0,1.0,0.8649732620320856,1.0,0.9200077211244244,2,1496,748,44506,per_session_robust_mad_cf,7.073448657989502,4,within,shaft_car,multi_stft,2.0,256.0,0.3333333333333333,0.3333333333333333
2,4,speech,0,-0.0,1.0,1.0,0.7828571428571428,1.0,0.8474864946762379,2,1750,875,44506,per_session_robust_mad_cf,8.2262864112854,4,within,shaft_car,multi_stft,2.0,256.0,0.3333333333333333,0.3333333333333333
2,4,speech,1,-0.0,1.0,1.0,0.8731428571428571,1.0,0.921688714042402,2,1750,875,44506,per_session_robust_mad_cf,7.851567983627319,4,within,shaft_car,multi_stft,2.0,256.0,0.3333333333333333,0.3333333333333333
2,4,volume,0,-0.0,1.0,1.0,0.7314285714285714,1.0,0.7989247985956553,2,1750,875,44506,per_session_robust_mad_cf,8.411303758621216,4,within,shaft_car,multi_stft,2.0,256.0,0.3333333333333333,0.3333333333333333
2,4,volume,1,-0.0,1.0,1.0,0.8011428571428572,1.0,0.8716393425493454,2,1750,875,44506,per_session_robust_mad_cf,8.011899471282959,4,within,shaft_car,multi_stft,2.0,256.0,0.3333333333333333,0.3333333333333333
2,4,delta_volume,0,-0.0,1.0,1.0,0.7417142857142857,1.0,0.8175031085754887,2,1750,875,44506,per_session_robust_mad_cf,7.866044282913208,4,within,shaft_car,multi_stft,2.0,256.0,0.3333333333333333,0.3333333333333333
2,4,delta_volume,1,-0.0,1.0,1.0,0.7017142857142857,1.0,0.7666922667001035,2,1750,875,44506,per_session_robust_mad_cf,7.763666868209839,4,within,shaft_car,multi_stft,2.0,256.0,0.3333333333333333,0.3333333333333333
2,4,pitch,0,-0.0,1.0,1.0,0.5622857142857143,1.0,0.5829336593419223,2,1750,875,44506,per_session_robust_mad_cf,8.368065595626831,4,within,shaft_car,multi_stft,2.0,256.0,0.3333333333333333,0.3333333333333333
2,4,pitch,1,-0.0,1.0,1.0,0.6571428571428571,1.0,0.6850255477884706,2,1750,875,44506,per_session_robust_mad_cf,8.065508127212524,4,within,shaft_car,multi_stft,2.0,256.0,0.3333333333333333,0.3333333333333333
2,4,word_index,0,-0.0,1.0,1.0,0.6954887218045113,1.0,0.7646100684040928,2,1064,532,44506,per_session_robust_mad_cf,6.704906463623047,4,within,shaft_car,multi_stft,2.0,256.0,0.3333333333333333,0.3333333333333333
2,4,word_index,1,-0.0,1.0,1.0,0.7669172932330827,1.0,0.8279333201424615,2,1064,532,44506,per_session_robust_mad_cf,5.081403970718384,4,within,shaft_car,multi_stft,2.0,256.0,0.3333333333333333,0.3333333333333333
2,4,word_gap,0,-0.0,1.0,1.0,0.5495608531994981,1.0,0.5461140287905695,2,1593,797,44506,per_session_robust_mad_cf,8.496004343032837,4,within,shaft_car,multi_stft,2.0,256.0,0.3333333333333333,0.3333333333333333
2,4,word_gap,1,-0.0,1.0,1.0,0.5696361355081556,1.0,0.6116925479527966,2,1593,797,44506,per_session_robust_mad_cf,7.441524982452393,4,within,shaft_car,multi_stft,2.0,256.0,0.3333333333333333,0.3333333333333333
2,4,gpt2_surprisal,0,-0.0,1.0,1.0,0.6114285714285714,1.0,0.6562777551382923,2,1750,875,44506,per_session_robust_mad_cf,8.732001304626465,4,within,shaft_car,multi_stft,2.0,256.0,0.3333333333333333,0.3333333333333333
2,4,gpt2_surprisal,1,-0.0,1.0,1.0,0.6102857142857143,1.0,0.6663714826076508,2,1750,875,44506,per_session_robust_mad_cf,8.958683490753174,4,within,shaft_car,multi_stft,2.0,256.0,0.3333333333333333,0.3333333333333333
2,4,word_head_pos,0,-0.0,1.0,1.0,0.5588571428571428,1.0,0.5954345736288308,2,1750,875,44506,per_session_robust_mad_cf,9.594879388809204,4,within,shaft_car,multi_stft,2.0,256.0,0.3333333333333333,0.3333333333333333
2,4,word_head_pos,1,-0.0,1.0,1.0,0.5897142857142857,1.0,0.6312994367992644,2,1750,875,44506,per_session_robust_mad_cf,8.469205856323242,4,within,shaft_car,multi_stft,2.0,256.0,0.3333333333333333,0.3333333333333333
2,4,word_part_speech,0,-0.0,1.0,1.0,0.6374045801526718,1.0,0.6585426257211118,2,1048,524,44506,per_session_robust_mad_cf,5.897161960601807,4,within,shaft_car,multi_stft,2.0,256.0,0.3333333333333333,0.3333333333333333
2,4,word_part_speech,1,-0.0,1.0,1.0,0.6164122137404581,1.0,0.649623419381155,2,1048,524,44506,per_session_robust_mad_cf,4.553605556488037,4,within,shaft_car,multi_stft,2.0,256.0,0.3333333333333333,0.3333333333333333
2,4,word_length,0,-0.0,1.0,1.0,0.6457142857142857,1.0,0.673531655225019,2,1750,875,44506,per_session_robust_mad_cf,9.12895441055298,4,within,shaft_car,multi_stft,2.0,256.0,0.3333333333333333,0.3333333333333333
2,4,word_length,1,-0.0,1.0,1.0,0.6205714285714286,1.0,0.6684103424135084,2,1750,875,44506,per_session_robust_mad_cf,8.713812351226807,4,within,shaft_car,multi_stft,2.0,256.0,0.3333333333333333,0.3333333333333333
2,4,global_flow,0,-0.0,1.0,1.0,0.5622857142857143,1.0,0.5849450905405265,2,1750,875,44506,per_session_robust_mad_cf,8.026913166046143,4,within,shaft_car,multi_stft,2.0,256.0,0.3333333333333333,0.3333333333333333
2,4,global_flow,1,-0.0,1.0,1.0,0.648,1.0,0.7047258184173955,2,1750,875,44506,per_session_robust_mad_cf,8.605713129043579,4,within,shaft_car,multi_stft,2.0,256.0,0.3333333333333333,0.3333333333333333
2,4,local_flow,0,-0.0,1.0,1.0,0.6022857142857143,1.0,0.625502857799651,2,1750,875,44506,per_session_robust_mad_cf,9.840193033218384,4,within,shaft_car,multi_stft,2.0,256.0,0.3333333333333333,0.3333333333333333
2,4,local_flow,1,-0.0,1.0,1.0,0.6708571428571428,1.0,0.7039173275654891,2,1750,875,44506,per_session_robust_mad_cf,8.0975182056427,4,within,shaft_car,multi_stft,2.0,256.0,0.3333333333333333,0.3333333333333333
2,4,frame_brightness,0,-0.0,1.0,1.0,0.4422857142857143,1.0,0.4247672486755901,2,1750,875,44506,per_session_robust_mad_cf,7.769412517547607,4,within,shaft_car,multi_stft,2.0,256.0,0.3333333333333333,0.3333333333333333
2,4,frame_brightness,1,-0.0,1.0,1.0,0.5188571428571429,1.0,0.5256261559198772,2,1750,875,44506,per_session_robust_mad_cf,7.81715726852417,4,within,shaft_car,multi_stft,2.0,256.0,0.3333333333333333,0.3333333333333333
2,4,face_num,0,-0.0,1.0,1.0,0.5337142857142857,1.0,0.5459807947504258,2,1750,875,44506,per_session_robust_mad_cf,8.272678136825562,4,within,shaft_car,multi_stft,2.0,256.0,0.3333333333333333,0.3333333333333333
2,4,face_num,1,-0.0,1.0,1.0,0.4777142857142857,1.0,0.508988746434281,2,1750,875,44506,per_session_robust_mad_cf,8.371345281600952,4,within,shaft_car,multi_stft,2.0,256.0,0.3333333333333333,0.3333333333333333
3,0,onset,0,-0.0,1.0,1.0,0.872,1.0,0.9411512700751282,2,1750,875,40766,per_session_robust_mad_cf,5.792867422103882,4,within,shaft_car,multi_stft,2.0,256.0,0.3333333333333333,0.3333333333333333
3,0,onset,1,-0.0,1.0,1.0,0.8811428571428571,1.0,0.9309426036801356,2,1750,875,40766,per_session_robust_mad_cf,4.455070972442627,4,within,shaft_car,multi_stft,2.0,256.0,0.3333333333333333,0.3333333333333333
3,0,speech,0,-0.0,1.0,1.0,0.8594285714285714,1.0,0.9231737772065662,2,1750,875,40766,per_session_robust_mad_cf,4.54136848449707,4,within,shaft_car,multi_stft,2.0,256.0,0.3333333333333333,0.3333333333333333
3,0,speech,1,-0.0,1.0,1.0,0.8685714285714285,1.0,0.8979864790027481,2,1750,875,40766,per_session_robust_mad_cf,4.526523351669312,4,within,shaft_car,multi_stft,2.0,256.0,0.3333333333333333,0.3333333333333333
3,0,volume,0,-0.0,1.0,1.0,0.7634285714285715,1.0,0.8414835480601444,2,1750,875,40766,per_session_robust_mad_cf,5.006078481674194,4,within,shaft_car,multi_stft,2.0,256.0,0.3333333333333333,0.3333333333333333
3,0,volume,1,-0.0,1.0,1.0,0.7657142857142857,1.0,0.8390332591454812,2,1750,875,40766,per_session_robust_mad_cf,4.15111517906189,4,within,shaft_car,multi_stft,2.0,256.0,0.3333333333333333,0.3333333333333333
3,0,delta_volume,0,-0.0,1.0,1.0,0.6788571428571428,1.0,0.7497884078869002,2,1750,875,40766,per_session_robust_mad_cf,5.4413042068481445,4,within,shaft_car,multi_stft,2.0,256.0,0.3333333333333333,0.3333333333333333
3,0,delta_volume,1,-0.0,1.0,1.0,0.6754285714285714,1.0,0.7508333072108502,2,1750,875,40766,per_session_robust_mad_cf,4.620473623275757,4,within,shaft_car,multi_stft,2.0,256.0,0.3333333333333333,0.3333333333333333
3,0,pitch,0,-0.0,1.0,1.0,0.5554285714285714,1.0,0.572651849994253,2,1750,875,40766,per_session_robust_mad_cf,4.830589532852173,4,within,shaft_car,multi_stft,2.0,256.0,0.3333333333333333,0.3333333333333333
3,0,pitch,1,-0.0,1.0,1.0,0.5542857142857143,1.0,0.5504686373467915,2,1750,875,40766,per_session_robust_mad_cf,4.138352870941162,4,within,shaft_car,multi_stft,2.0,256.0,0.3333333333333333,0.3333333333333333
3,0,word_index,0,-0.0,1.0,1.0,0.7678571428571429,1.0,0.828341987682647,2,1455,728,40766,per_session_robust_mad_cf,4.40949010848999,4,within,shaft_car,multi_stft,2.0,256.0,0.3333333333333333,0.3333333333333333
3,0,word_index,1,-0.0,1.0,1.0,0.7403846153846154,1.0,0.8070356840961237,2,1455,728,40766,per_session_robust_mad_cf,5.110893964767456,4,within,shaft_car,multi_stft,2.0,256.0,0.3333333333333333,0.3333333333333333
3,0,word_gap,0,-0.0,1.0,1.0,0.6274285714285714,1.0,0.6787404783549105,2,1750,875,40766,per_session_robust_mad_cf,4.812044858932495,4,within,shaft_car,multi_stft,2.0,256.0,0.3333333333333333,0.3333333333333333
3,0,word_gap,1,-0.0,1.0,1.0,0.6068571428571429,1.0,0.6615257619928319,2,1750,875,40766,per_session_robust_mad_cf,4.292086839675903,4,within,shaft_car,multi_stft,2.0,256.0,0.3333333333333333,0.3333333333333333
3,0,gpt2_surprisal,0,-0.0,1.0,1.0,0.6228571428571429,1.0,0.6676906680041377,2,1750,875,40766,per_session_robust_mad_cf,4.645915508270264,4,within,shaft_car,multi_stft,2.0,256.0,0.3333333333333333,0.3333333333333333
3,0,gpt2_surprisal,1,-0.0,1.0,1.0,0.608,1.0,0.6583544925446432,2,1750,875,40766,per_session_robust_mad_cf,4.287184238433838,4,within,shaft_car,multi_stft,2.0,256.0,0.3333333333333333,0.3333333333333333
3,0,word_head_pos,0,-0.0,1.0,1.0,0.5965714285714285,1.0,0.6162241518029739,2,1750,875,40766,per_session_robust_mad_cf,5.214562177658081,4,within,shaft_car,multi_stft,2.0,256.0,0.3333333333333333,0.3333333333333333
3,0,word_head_pos,1,-0.0,1.0,1.0,0.5508571428571428,1.0,0.5882312989143497,2,1750,875,40766,per_session_robust_mad_cf,3.716688871383667,4,within,shaft_car,multi_stft,2.0,256.0,0.3333333333333333,0.3333333333333333
3,0,word_part_speech,0,-0.0,1.0,1.0,0.645326504481434,1.0,0.6781034821955538,2,1562,781,40766,per_session_robust_mad_cf,4.92969822883606,4,within,shaft_car,multi_stft,2.0,256.0,0.3333333333333333,0.3333333333333333
3,0,word_part_speech,1,-0.0,1.0,1.0,0.6209987195902689,1.0,0.6687717227359171,2,1562,781,40766,per_session_robust_mad_cf,3.65960693359375,4,within,shaft_car,multi_stft,2.0,256.0,0.3333333333333333,0.3333333333333333
3,0,word_length,0,-0.0,1.0,1.0,0.5988571428571429,1.0,0.6231831813004818,2,1750,875,40766,per_session_robust_mad_cf,5.852278232574463,4,within,shaft_car,multi_stft,2.0,256.0,0.3333333333333333,0.3333333333333333
3,0,word_length,1,-0.0,1.0,1.0,0.5908571428571429,1.0,0.6434855751648328,2,1750,875,40766,per_session_robust_mad_cf,4.361626386642456,4,within,shaft_car,multi_stft,2.0,256.0,0.3333333333333333,0.3333333333333333
3,0,global_flow,0,-0.0,1.0,1.0,0.672,1.0,0.7227150664033519,2,1750,875,40766,per_session_robust_mad_cf,5.633596181869507,4,within,shaft_car,multi_stft,2.0,256.0,0.3333333333333333,0.3333333333333333
3,0,global_flow,1,-0.0,1.0,1.0,0.6537142857142857,1.0,0.7155104855647159,2,1750,875,40766,per_session_robust_mad_cf,3.795142412185669,4,within,shaft_car,multi_stft,2.0,256.0,0.3333333333333333,0.3333333333333333
3,0,local_flow,0,-0.0,1.0,1.0,0.6274285714285714,1.0,0.671603815972331,2,1750,875,40766,per_session_robust_mad_cf,5.814236640930176,4,within,shaft_car,multi_stft,2.0,256.0,0.3333333333333333,0.3333333333333333
3,0,local_flow,1,-0.0,1.0,1.0,0.5862857142857143,1.0,0.6063916491646031,2,1750,875,40766,per_session_robust_mad_cf,4.516564130783081,4,within,shaft_car,multi_stft,2.0,256.0,0.3333333333333333,0.3333333333333333
3,0,frame_brightness,0,-0.0,1.0,1.0,0.5702857142857143,1.0,0.6098189189471594,2,1750,875,40766,per_session_robust_mad_cf,3.911221265792847,4,within,shaft_car,multi_stft,2.0,256.0,0.3333333333333333,0.3333333333333333
3,0,frame_brightness,1,-0.0,1.0,1.0,0.4822857142857142,1.0,0.4813119755911518,2,1750,875,40766,per_session_robust_mad_cf,4.522212505340576,4,within,shaft_car,multi_stft,2.0,256.0,0.3333333333333333,0.3333333333333333
3,0,face_num,0,-0.0,1.0,1.0,0.5028571428571429,1.0,0.5008254704659206,2,1750,875,40766,per_session_robust_mad_cf,4.69733738899231,4,within,shaft_car,multi_stft,2.0,256.0,0.3333333333333333,0.3333333333333333
3,0,face_num,1,-0.0,1.0,1.0,0.5222857142857142,1.0,0.5511948423769369,2,1750,875,40766,per_session_robust_mad_cf,4.214096307754517,4,within,shaft_car,multi_stft,2.0,256.0,0.3333333333333333,0.3333333333333333
3,1,onset,0,-0.0,1.0,1.0,0.8538324420677362,1.0,0.9382816471784444,2,1122,561,40766,per_session_robust_mad_cf,4.125434875488281,4,within,shaft_car,multi_stft,2.0,256.0,0.3333333333333333,0.3333333333333333
3,1,onset,1,-0.0,1.0,1.0,0.9126559714795008,1.0,0.962417386883579,2,1122,561,40766,per_session_robust_mad_cf,3.254841089248657,4,within,shaft_car,multi_stft,2.0,256.0,0.3333333333333333,0.3333333333333333
3,1,speech,0,-0.0,1.0,1.0,0.784,1.0,0.871226607316385,2,1750,875,40766,per_session_robust_mad_cf,5.796181917190552,4,within,shaft_car,multi_stft,2.0,256.0,0.3333333333333333,0.3333333333333333
3,1,speech,1,-0.0,1.0,1.0,0.8925714285714286,1.0,0.9465168281036124,2,1750,875,40766,per_session_robust_mad_cf,4.517756938934326,4,within,shaft_car,multi_stft,2.0,256.0,0.3333333333333333,0.3333333333333333
3,1,volume,0,-0.0,1.0,1.0,0.8034285714285714,1.0,0.8791730666750259,2,1750,875,40766,per_session_robust_mad_cf,3.939683675765991,4,within,shaft_car,multi_stft,2.0,256.0,0.3333333333333333,0.3333333333333333
3,1,volume,1,-0.0,1.0,1.0,0.8011428571428572,1.0,0.88516556429788,2,1750,875,40766,per_session_robust_mad_cf,4.618679285049439,4,within,shaft_car,multi_stft,2.0,256.0,0.3333333333333333,0.3333333333333333
3,1,delta_volume,0,-0.0,1.0,1.0,0.7908571428571428,1.0,0.8569428335579867,2,1750,875,40766,per_session_robust_mad_cf,5.950210809707642,4,within,shaft_car,multi_stft,2.0,256.0,0.3333333333333333,0.3333333333333333
3,1,delta_volume,1,-0.0,1.0,1.0,0.776,1.0,0.8506629886210464,2,1750,875,40766,per_session_robust_mad_cf,4.929621458053589,4,within,shaft_car,multi_stft,2.0,256.0,0.3333333333333333,0.3333333333333333
3,1,pitch,0,-0.0,1.0,1.0,0.544,1.0,0.5710270315455106,2,1750,875,40766,per_session_robust_mad_cf,5.690881252288818,4,within,shaft_car,multi_stft,2.0,256.0,0.3333333333333333,0.3333333333333333
3,1,pitch,1,-0.0,1.0,1.0,0.5885714285714285,1.0,0.6018411126088001,2,1750,875,40766,per_session_robust_mad_cf,4.500482559204102,4,within,shaft_car,multi_stft,2.0,256.0,0.3333333333333333,0.3333333333333333
3,1,word_index,0,-0.0,1.0,1.0,0.7923627684964201,1.0,0.8682615629984051,2,838,419,40766,per_session_robust_mad_cf,3.2210781574249268,4,within,shaft_car,multi_stft,2.0,256.0,0.3333333333333333,0.3333333333333333
3,1,word_index,1,-0.0,1.0,1.0,0.7637231503579952,1.0,0.8427887901572112,2,838,419,40766,per_session_robust_mad_cf,2.5543148517608643,4,within,shaft_car,multi_stft,2.0,256.0,0.3333333333333333,0.3333333333333333
3,1,word_gap,0,-0.0,1.0,1.0,0.6047381546134664,1.0,0.6544611040976114,2,1603,802,40766,per_session_robust_mad_cf,5.104371547698975,4,within,shaft_car,multi_stft,2.0,256.0,0.3333333333333333,0.3333333333333333
3,1,word_gap,1,-0.0,1.0,1.0,0.6321695760598504,1.0,0.6791997562204215,2,1603,802,40766,per_session_robust_mad_cf,5.094091415405273,4,within,shaft_car,multi_stft,2.0,256.0,0.3333333333333333,0.3333333333333333
3,1,gpt2_surprisal,0,-0.0,1.0,1.0,0.6114285714285714,1.0,0.6683541790748462,2,1750,875,40766,per_session_robust_mad_cf,5.109434604644775,4,within,shaft_car,multi_stft,2.0,256.0,0.3333333333333333,0.3333333333333333
3,1,gpt2_surprisal,1,-0.0,1.0,1.0,0.6434285714285715,1.0,0.6875489796558102,2,1750,875,40766,per_session_robust_mad_cf,5.055797576904297,4,within,shaft_car,multi_stft,2.0,256.0,0.3333333333333333,0.3333333333333333
3,1,word_head_pos,0,-0.0,1.0,1.0,0.5874285714285714,1.0,0.643062390938633,2,1750,875,40766,per_session_robust_mad_cf,5.99755859375,4,within,shaft_car,multi_stft,2.0,256.0,0.3333333333333333,0.3333333333333333
3,1,word_head_pos,1,-0.0,1.0,1.0,0.608,1.0,0.6403247547098836,2,1750,875,40766,per_session_robust_mad_cf,4.87352728843689,4,within,shaft_car,multi_stft,2.0,256.0,0.3333333333333333,0.3333333333333333
3,1,word_part_speech,0,-0.0,1.0,1.0,0.6169429097605893,1.0,0.6474522465812893,2,1086,543,40766,per_session_robust_mad_cf,4.862013101577759,4,within,shaft_car,multi_stft,2.0,256.0,0.3333333333333333,0.3333333333333333
3,1,word_part_speech,1,-0.0,1.0,1.0,0.6316758747697975,1.0,0.6666621445626222,2,1086,543,40766,per_session_robust_mad_cf,4.258969306945801,4,within,shaft_car,multi_stft,2.0,256.0,0.3333333333333333,0.3333333333333333
3,1,word_length,0,-0.0,1.0,1.0,0.6057142857142858,1.0,0.6665647889825815,2,1750,875,40766,per_session_robust_mad_cf,5.88340163230896,4,within,shaft_car,multi_stft,2.0,256.0,0.3333333333333333,0.3333333333333333
3,1,word_length,1,-0.0,1.0,1.0,0.6251428571428571,1.0,0.6790069276825177,2,1750,875,40766,per_session_robust_mad_cf,5.536132335662842,4,within,shaft_car,multi_stft,2.0,256.0,0.3333333333333333,0.3333333333333333
3,1,global_flow,0,-0.0,1.0,1.0,0.6171428571428571,1.0,0.6685736079328757,2,1750,875,40766,per_session_robust_mad_cf,5.6173415184021,4,within,shaft_car,multi_stft,2.0,256.0,0.3333333333333333,0.3333333333333333
3,1,global_flow,1,-0.0,1.0,1.0,0.6331428571428571,1.0,0.6681974441762537,2,1750,875,40766,per_session_robust_mad_cf,4.521494150161743,4,within,shaft_car,multi_stft,2.0,256.0,0.3333333333333333,0.3333333333333333
3,1,local_flow,0,-0.0,1.0,1.0,0.7382857142857143,1.0,0.8124196733644713,2,1750,875,40766,per_session_robust_mad_cf,5.13767671585083,4,within,shaft_car,multi_stft,2.0,256.0,0.3333333333333333,0.3333333333333333
3,1,local_flow,1,-0.0,1.0,1.0,0.7108571428571429,1.0,0.7736486839493015,2,1750,875,40766,per_session_robust_mad_cf,4.427311420440674,4,within,shaft_car,multi_stft,2.0,256.0,0.3333333333333333,0.3333333333333333
3,1,frame_brightness,0,-0.0,1.0,1.0,0.5074285714285715,1.0,0.5273293418179159,2,1750,875,40766,per_session_robust_mad_cf,4.774418592453003,4,within,shaft_car,multi_stft,2.0,256.0,0.3333333333333333,0.3333333333333333
3,1,frame_brightness,1,-0.0,1.0,1.0,0.4845714285714286,1.0,0.487132064825554,2,1750,875,40766,per_session_robust_mad_cf,5.024455785751343,4,within,shaft_car,multi_stft,2.0,256.0,0.3333333333333333,0.3333333333333333
3,1,face_num,0,-0.0,1.0,1.0,0.5131428571428571,1.0,0.5321188990940722,2,1750,875,40766,per_session_robust_mad_cf,5.660563945770264,4,within,shaft_car,multi_stft,2.0,256.0,0.3333333333333333,0.3333333333333333
3,1,face_num,1,-0.0,1.0,1.0,0.5051428571428571,1.0,0.5048117613867904,2,1750,875,40766,per_session_robust_mad_cf,4.835714340209961,4,within,shaft_car,multi_stft,2.0,256.0,0.3333333333333333,0.3333333333333333
4,0,onset,0,-0.0,1.0,1.0,0.8333333333333334,1.0,0.8882575757575758,2,1056,528,44880,per_session_robust_mad_cf,4.209043979644775,4,within,shaft_car,multi_stft,2.0,256.0,0.3333333333333333,0.3333333333333333
4,0,onset,1,-0.0,1.0,1.0,0.8579545454545454,1.0,0.914141414141414,2,1056,528,44880,per_session_robust_mad_cf,2.84319806098938,4,within,shaft_car,multi_stft,2.0,256.0,0.3333333333333333,0.3333333333333333
4,0,speech,0,-0.0,1.0,1.0,0.7725714285714286,1.0,0.8222417270096027,2,1750,875,44880,per_session_robust_mad_cf,6.174046516418457,4,within,shaft_car,multi_stft,2.0,256.0,0.3333333333333333,0.3333333333333333
4,0,speech,1,-0.0,1.0,1.0,0.808,1.0,0.8655789264704346,2,1750,875,44880,per_session_robust_mad_cf,4.630354881286621,4,within,shaft_car,multi_stft,2.0,256.0,0.3333333333333333,0.3333333333333333
4,0,volume,0,-0.0,1.0,1.0,0.6261904761904762,1.0,0.6920408163265306,2,1679,840,44880,per_session_robust_mad_cf,7.713702201843262,4,within,shaft_car,multi_stft,2.0,256.0,0.3333333333333333,0.3333333333333333
4,0,volume,1,-0.0,1.0,1.0,0.6130952380952381,1.0,0.6478514739229024,2,1679,840,44880,per_session_robust_mad_cf,4.2283244132995605,4,within,shaft_car,multi_stft,2.0,256.0,0.3333333333333333,0.3333333333333333
4,0,delta_volume,0,-0.0,1.0,1.0,0.7095238095238096,1.0,0.7779662698412699,2,1679,840,44880,per_session_robust_mad_cf,6.436652183532715,4,within,shaft_car,multi_stft,2.0,256.0,0.3333333333333333,0.3333333333333333
4,0,delta_volume,1,-0.0,1.0,1.0,0.7464285714285714,1.0,0.8051743197278911,2,1679,840,44880,per_session_robust_mad_cf,5.454087972640991,4,within,shaft_car,multi_stft,2.0,256.0,0.3333333333333333,0.3333333333333333
4,0,pitch,0,-0.0,1.0,1.0,0.575,1.0,0.5956519274376417,2,1679,840,44880,per_session_robust_mad_cf,6.250830411911011,4,within,shaft_car,multi_stft,2.0,256.0,0.3333333333333333,0.3333333333333333
4,0,pitch,1,-0.0,1.0,1.0,0.5071428571428571,1.0,0.5339384920634921,2,1679,840,44880,per_session_robust_mad_cf,5.242753744125366,4,within,shaft_car,multi_stft,2.0,256.0,0.3333333333333333,0.3333333333333333
4,0,word_index,0,-0.0,1.0,1.0,0.6587301587301587,1.0,0.7404327986338568,2,755,378,44880,per_session_robust_mad_cf,2.7624425888061523,4,within,shaft_car,multi_stft,2.0,256.0,0.3333333333333333,0.3333333333333333
4,0,word_index,1,-0.0,1.0,1.0,0.708994708994709,1.0,0.7543671789703535,2,755,378,44880,per_session_robust_mad_cf,1.91349458694458,4,within,shaft_car,multi_stft,2.0,256.0,0.3333333333333333,0.3333333333333333
4,0,word_gap,0,-0.0,1.0,1.0,0.6304654442877292,1.0,0.6859711943980266,2,1417,709,44880,per_session_robust_mad_cf,5.917609453201294,4,within,shaft_car,multi_stft,2.0,256.0,0.3333333333333333,0.3333333333333333
4,0,word_gap,1,-0.0,1.0,1.0,0.6177715091678421,1.0,0.6438768202434949,2,1417,709,44880,per_session_robust_mad_cf,4.833092927932739,4,within,shaft_car,multi_stft,2.0,256.0,0.3333333333333333,0.3333333333333333
4,0,gpt2_surprisal,0,-0.0,1.0,1.0,0.5488095238095239,1.0,0.5607142857142857,2,1679,840,44880,per_session_robust_mad_cf,6.0230255126953125,4,within,shaft_car,multi_stft,2.0,256.0,0.3333333333333333,0.3333333333333333
4,0,gpt2_surprisal,1,-0.0,1.0,1.0,0.555952380952381,1.0,0.5760374149659864,2,1679,840,44880,per_session_robust_mad_cf,4.654417037963867,4,within,shaft_car,multi_stft,2.0,256.0,0.3333333333333333,0.3333333333333333
4,0,word_head_pos,0,-0.0,1.0,1.0,0.5622857142857143,1.0,0.5798316144739454,2,1750,875,44880,per_session_robust_mad_cf,7.223641872406006,4,within,shaft_car,multi_stft,2.0,256.0,0.3333333333333333,0.3333333333333333
4,0,word_head_pos,1,-0.0,1.0,1.0,0.5542857142857143,1.0,0.5800641045735243,2,1750,875,44880,per_session_robust_mad_cf,4.9353015422821045,4,within,shaft_car,multi_stft,2.0,256.0,0.3333333333333333,0.3333333333333333
4,0,word_part_speech,0,-0.0,1.0,1.0,0.4753086419753086,1.0,0.4788226726955579,2,971,486,44880,per_session_robust_mad_cf,4.847559690475464,4,within,shaft_car,multi_stft,2.0,256.0,0.3333333333333333,0.3333333333333333
4,0,word_part_speech,1,-0.0,1.0,1.0,0.4979423868312757,1.0,0.4943775508476011,2,971,486,44880,per_session_robust_mad_cf,2.9220871925354004,4,within,shaft_car,multi_stft,2.0,256.0,0.3333333333333333,0.3333333333333333
4,0,word_length,0,-0.0,1.0,1.0,0.5589988081048868,1.0,0.5839910785316513,2,1678,839,44880,per_session_robust_mad_cf,6.873662710189819,4,within,shaft_car,multi_stft,2.0,256.0,0.3333333333333333,0.3333333333333333
4,0,word_length,1,-0.0,1.0,1.0,0.5733015494636472,1.0,0.5789919309012388,2,1678,839,44880,per_session_robust_mad_cf,4.307204484939575,4,within,shaft_car,multi_stft,2.0,256.0,0.3333333333333333,0.3333333333333333
4,0,global_flow,0,-0.0,1.0,1.0,0.7226190476190476,1.0,0.8283163265306123,2,1679,840,44880,per_session_robust_mad_cf,7.953018188476562,4,within,shaft_car,multi_stft,2.0,256.0,0.3333333333333333,0.3333333333333333
4,0,global_flow,1,-0.0,1.0,1.0,0.5821428571428572,1.0,0.620921201814059,2,1679,840,44880,per_session_robust_mad_cf,5.399981021881104,4,within,shaft_car,multi_stft,2.0,256.0,0.3333333333333333,0.3333333333333333
4,0,local_flow,0,-0.0,1.0,1.0,0.6476190476190476,1.0,0.7032142857142858,2,1679,840,44880,per_session_robust_mad_cf,5.74570631980896,4,within,shaft_car,multi_stft,2.0,256.0,0.3333333333333333,0.3333333333333333
4,0,local_flow,1,-0.0,1.0,1.0,0.5952380952380952,1.0,0.6397052154195011,2,1679,840,44880,per_session_robust_mad_cf,4.486850023269653,4,within,shaft_car,multi_stft,2.0,256.0,0.3333333333333333,0.3333333333333333
4,0,frame_brightness,0,-0.0,1.0,1.0,0.4,1.0,0.3767290249433107,2,1679,840,44880,per_session_robust_mad_cf,6.915897607803345,4,within,shaft_car,multi_stft,2.0,256.0,0.3333333333333333,0.3333333333333333
4,0,frame_brightness,1,-0.0,1.0,1.0,0.4976190476190476,1.0,0.5001077097505668,2,1679,840,44880,per_session_robust_mad_cf,4.594936847686768,4,within,shaft_car,multi_stft,2.0,256.0,0.3333333333333333,0.3333333333333333
4,0,face_num,0,-0.0,1.0,1.0,0.495049504950495,1.0,0.4896688593332373,2,1413,707,44880,per_session_robust_mad_cf,5.167223215103149,4,within,shaft_car,multi_stft,2.0,256.0,0.3333333333333333,0.3333333333333333
4,0,face_num,1,-0.0,1.0,1.0,0.512022630834512,1.0,0.5053216177718026,2,1413,707,44880,per_session_robust_mad_cf,3.945717096328736,4,within,shaft_car,multi_stft,2.0,256.0,0.3333333333333333,0.3333333333333333
4,1,onset,0,-0.0,1.0,1.0,0.7806896551724138,1.0,0.8492230187358263,2,1449,725,44880,per_session_robust_mad_cf,6.589489698410034,4,within,shaft_car,multi_stft,2.0,256.0,0.3333333333333333,0.3333333333333333
4,1,onset,1,-0.0,1.0,1.0,0.7186206896551725,1.0,0.7786973197570887,2,1449,725,44880,per_session_robust_mad_cf,6.1041998863220215,4,within,shaft_car,multi_stft,2.0,256.0,0.3333333333333333,0.3333333333333333
4,1,speech,0,-0.0,1.0,1.0,0.7931428571428571,1.0,0.8540327889407855,2,1750,875,44880,per_session_robust_mad_cf,6.8523924350738525,4,within,shaft_car,multi_stft,2.0,256.0,0.3333333333333333,0.3333333333333333
4,1,speech,1,-0.0,1.0,1.0,0.7691428571428571,1.0,0.8369382360009613,2,1750,875,44880,per_session_robust_mad_cf,6.483062028884888,4,within,shaft_car,multi_stft,2.0,256.0,0.3333333333333333,0.3333333333333333
4,1,volume,0,-0.0,1.0,1.0,0.6045714285714285,1.0,0.6480883566868332,2,1750,875,44880,per_session_robust_mad_cf,10.70053744316101,4,within,shaft_car,multi_stft,2.0,256.0,0.3333333333333333,0.3333333333333333
4,1,volume,1,-0.0,1.0,1.0,0.5805714285714285,1.0,0.6337431950931528,2,1750,875,44880,per_session_robust_mad_cf,7.500975370407104,4,within,shaft_car,multi_stft,2.0,256.0,0.3333333333333333,0.3333333333333333
4,1,delta_volume,0,-0.0,1.0,1.0,0.6788571428571428,1.0,0.7389841488772556,2,1750,875,44880,per_session_robust_mad_cf,6.591206789016724,4,within,shaft_car,multi_stft,2.0,256.0,0.3333333333333333,0.3333333333333333
4,1,delta_volume,1,-0.0,1.0,1.0,0.5485714285714286,1.0,0.5592157508124093,2,1750,875,44880,per_session_robust_mad_cf,10.957756280899048,4,within,shaft_car,multi_stft,2.0,256.0,0.3333333333333333,0.3333333333333333
4,1,pitch,0,-0.0,1.0,1.0,0.5531428571428572,1.0,0.5651076768753331,2,1750,875,44880,per_session_robust_mad_cf,7.591360569000244,4,within,shaft_car,multi_stft,2.0,256.0,0.3333333333333333,0.3333333333333333
4,1,pitch,1,-0.0,1.0,1.0,0.5474285714285714,1.0,0.5677878436412651,2,1750,875,44880,per_session_robust_mad_cf,5.873069286346436,4,within,shaft_car,multi_stft,2.0,256.0,0.3333333333333333,0.3333333333333333
4,1,word_index,0,-0.0,1.0,1.0,0.6461538461538462,1.0,0.6973594674556212,2,1039,520,44880,per_session_robust_mad_cf,4.724811315536499,4,within,shaft_car,multi_stft,2.0,256.0,0.3333333333333333,0.3333333333333333
4,1,word_index,1,-0.0,1.0,1.0,0.5884615384615385,1.0,0.5901590236686389,2,1039,520,44880,per_session_robust_mad_cf,5.40741753578186,4,within,shaft_car,multi_stft,2.0,256.0,0.3333333333333333,0.3333333333333333
4,1,word_gap,0,-0.0,1.0,1.0,0.5693135935397039,1.0,0.5983030461119323,2,1486,743,44880,per_session_robust_mad_cf,7.233328819274902,4,within,shaft_car,multi_stft,2.0,256.0,0.3333333333333333,0.3333333333333333
4,1,word_gap,1,-0.0,1.0,1.0,0.4952893674293405,1.0,0.4920622844390343,2,1486,743,44880,per_session_robust_mad_cf,5.349826097488403,4,within,shaft_car,multi_stft,2.0,256.0,0.3333333333333333,0.3333333333333333
4,1,gpt2_surprisal,0,-0.0,1.0,1.0,0.4971428571428571,1.0,0.5120555259500748,2,1750,875,44880,per_session_robust_mad_cf,7.552683353424072,4,within,shaft_car,multi_stft,2.0,256.0,0.3333333333333333,0.3333333333333333
4,1,gpt2_surprisal,1,-0.0,1.0,1.0,0.5131428571428571,1.0,0.5293002831677167,2,1750,875,44880,per_session_robust_mad_cf,6.711183071136475,4,within,shaft_car,multi_stft,2.0,256.0,0.3333333333333333,0.3333333333333333
4,1,word_head_pos,0,-0.0,1.0,1.0,0.5177142857142857,1.0,0.5392764594631307,2,1750,875,44880,per_session_robust_mad_cf,7.637757062911987,4,within,shaft_car,multi_stft,2.0,256.0,0.3333333333333333,0.3333333333333333
4,1,word_head_pos,1,-0.0,1.0,1.0,0.504,1.0,0.526718075713405,2,1750,875,44880,per_session_robust_mad_cf,5.60939884185791,4,within,shaft_car,multi_stft,2.0,256.0,0.3333333333333333,0.3333333333333333
4,1,word_part_speech,0,-0.0,1.0,1.0,0.5369718309859155,1.0,0.5347649275937314,2,1135,568,44880,per_session_robust_mad_cf,5.460882663726807,4,within,shaft_car,multi_stft,2.0,256.0,0.3333333333333333,0.3333333333333333
4,1,word_part_speech,1,-0.0,1.0,1.0,0.5440140845070423,1.0,0.5570881273556835,2,1135,568,44880,per_session_robust_mad_cf,5.868018865585327,4,within,shaft_car,multi_stft,2.0,256.0,0.3333333333333333,0.3333333333333333
4,1,word_length,0,-0.0,1.0,1.0,0.5462857142857143,1.0,0.5566230943648579,2,1750,875,44880,per_session_robust_mad_cf,10.341706037521362,4,within,shaft_car,multi_stft,2.0,256.0,0.3333333333333333,0.3333333333333333
4,1,word_length,1,-0.0,1.0,1.0,0.5154285714285715,1.0,0.503100738743822,2,1750,875,44880,per_session_robust_mad_cf,7.060147047042847,4,within,shaft_car,multi_stft,2.0,256.0,0.3333333333333333,0.3333333333333333
4,1,global_flow,0,-0.0,1.0,1.0,0.5977142857142858,1.0,0.6358930754521802,2,1750,875,44880,per_session_robust_mad_cf,8.392313003540039,4,within,shaft_car,multi_stft,2.0,256.0,0.3333333333333333,0.3333333333333333
4,1,global_flow,1,-0.0,1.0,1.0,0.5485714285714286,1.0,0.5394240514926387,2,1750,875,44880,per_session_robust_mad_cf,5.782343149185181,4,within,shaft_car,multi_stft,2.0,256.0,0.3333333333333333,0.3333333333333333
4,1,local_flow,0,-0.0,1.0,1.0,0.5565714285714286,1.0,0.5859690918779976,2,1750,875,44880,per_session_robust_mad_cf,7.176398992538452,4,within,shaft_car,multi_stft,2.0,256.0,0.3333333333333333,0.3333333333333333
4,1,local_flow,1,-0.0,1.0,1.0,0.5108571428571429,1.0,0.5276493422358756,2,1750,875,44880,per_session_robust_mad_cf,6.567779064178467,4,within,shaft_car,multi_stft,2.0,256.0,0.3333333333333333,0.3333333333333333
4,1,frame_brightness,0,-0.0,1.0,1.0,0.5851428571428572,1.0,0.6291038420948142,2,1750,875,44880,per_session_robust_mad_cf,6.716313362121582,4,within,shaft_car,multi_stft,2.0,256.0,0.3333333333333333,0.3333333333333333
4,1,frame_brightness,1,-0.0,1.0,1.0,0.4502857142857143,1.0,0.4217866733540223,2,1750,875,44880,per_session_robust_mad_cf,7.186129808425903,4,within,shaft_car,multi_stft,2.0,256.0,0.3333333333333333,0.3333333333333333
4,1,face_num,0,-0.0,1.0,1.0,0.5177142857142857,1.0,0.5080561737876557,2,1750,875,44880,per_session_robust_mad_cf,8.277563095092773,4,within,shaft_car,multi_stft,2.0,256.0,0.3333333333333333,0.3333333333333333
4,1,face_num,1,-0.0,1.0,1.0,0.512,1.0,0.5060917630586292,2,1750,875,44880,per_session_robust_mad_cf,10.55933713912964,4,within,shaft_car,multi_stft,2.0,256.0,0.3333333333333333,0.3333333333333333
7,0,onset,0,-0.0,1.0,1.0,0.7474285714285714,1.0,0.8081460351295152,2,1750,875,44506,per_session_robust_mad_cf,5.228639841079712,4,within,shaft_car,multi_stft,2.0,256.0,0.3333333333333333,0.3333333333333333
7,0,onset,1,-0.0,1.0,1.0,0.7577142857142857,1.0,0.8498375181551258,2,1750,875,44506,per_session_robust_mad_cf,4.233060359954834,4,within,shaft_car,multi_stft,2.0,256.0,0.3333333333333333,0.3333333333333333
7,0,speech,0,-0.0,1.0,1.0,0.688,1.0,0.7352172868144154,2,1750,875,44506,per_session_robust_mad_cf,4.658322811126709,4,within,shaft_car,multi_stft,2.0,256.0,0.3333333333333333,0.3333333333333333
7,0,speech,1,-0.0,1.0,1.0,0.7394285714285714,1.0,0.8324451689079758,2,1750,875,44506,per_session_robust_mad_cf,4.548509836196899,4,within,shaft_car,multi_stft,2.0,256.0,0.3333333333333333,0.3333333333333333
7,0,volume,0,-0.0,1.0,1.0,0.4765714285714286,1.0,0.4868656154979468,2,1750,875,44506,per_session_robust_mad_cf,5.304664373397827,4,within,shaft_car,multi_stft,2.0,256.0,0.3333333333333333,0.3333333333333333
7,0,volume,1,-0.0,1.0,1.0,0.5874285714285714,1.0,0.6197872584976438,2,1750,875,44506,per_session_robust_mad_cf,4.544966220855713,4,within,shaft_car,multi_stft,2.0,256.0,0.3333333333333333,0.3333333333333333
7,0,delta_volume,0,-0.0,1.0,1.0,0.5142857142857142,1.0,0.5252029716936772,2,1750,875,44506,per_session_robust_mad_cf,5.648350715637207,4,within,shaft_car,multi_stft,2.0,256.0,0.3333333333333333,0.3333333333333333
7,0,delta_volume,1,-0.0,1.0,1.0,0.5645714285714286,1.0,0.5816118616971255,2,1750,875,44506,per_session_robust_mad_cf,4.480650663375855,4,within,shaft_car,multi_stft,2.0,256.0,0.3333333333333333,0.3333333333333333
7,0,pitch,0,-0.0,1.0,1.0,0.536,1.0,0.5457613658923963,2,1750,875,44506,per_session_robust_mad_cf,5.901468753814697,4,within,shaft_car,multi_stft,2.0,256.0,0.3333333333333333,0.3333333333333333
7,0,pitch,1,-0.0,1.0,1.0,0.5702857142857143,1.0,0.566450372506609,2,1750,875,44506,per_session_robust_mad_cf,5.01453709602356,4,within,shaft_car,multi_stft,2.0,256.0,0.3333333333333333,0.3333333333333333
7,0,word_index,0,-0.0,1.0,1.0,0.5467032967032966,1.0,0.5569073783359497,2,1455,728,44506,per_session_robust_mad_cf,4.9506659507751465,4,within,shaft_car,multi_stft,2.0,256.0,0.3333333333333333,0.3333333333333333
7,0,word_index,1,-0.0,1.0,1.0,0.5576923076923077,1.0,0.5702511773940346,2,1455,728,44506,per_session_robust_mad_cf,3.72778582572937,4,within,shaft_car,multi_stft,2.0,256.0,0.3333333333333333,0.3333333333333333
7,0,word_gap,0,-0.0,1.0,1.0,0.5097142857142857,1.0,0.5195788010825158,2,1750,875,44506,per_session_robust_mad_cf,5.668738126754761,4,within,shaft_car,multi_stft,2.0,256.0,0.3333333333333333,0.3333333333333333
7,0,word_gap,1,-0.0,1.0,1.0,0.4982857142857143,1.0,0.5039340459546722,2,1750,875,44506,per_session_robust_mad_cf,4.330716371536255,4,within,shaft_car,multi_stft,2.0,256.0,0.3333333333333333,0.3333333333333333
7,0,gpt2_surprisal,0,-0.0,1.0,1.0,0.5405714285714286,1.0,0.5453747531425348,2,1750,875,44506,per_session_robust_mad_cf,5.257792711257935,4,within,shaft_car,multi_stft,2.0,256.0,0.3333333333333333,0.3333333333333333
7,0,gpt2_surprisal,1,-0.0,1.0,1.0,0.5245714285714286,1.0,0.5409966249751836,2,1750,875,44506,per_session_robust_mad_cf,4.469715118408203,4,within,shaft_car,multi_stft,2.0,256.0,0.3333333333333333,0.3333333333333333
7,0,word_head_pos,0,-0.0,1.0,1.0,0.5165714285714286,1.0,0.521963783789432,2,1750,875,44506,per_session_robust_mad_cf,4.695312738418579,4,within,shaft_car,multi_stft,2.0,256.0,0.3333333333333333,0.3333333333333333
7,0,word_head_pos,1,-0.0,1.0,1.0,0.5154285714285715,1.0,0.5268852596052371,2,1750,875,44506,per_session_robust_mad_cf,4.31566858291626,4,within,shaft_car,multi_stft,2.0,256.0,0.3333333333333333,0.3333333333333333
7,0,word_part_speech,0,-0.0,1.0,1.0,0.558258642765685,1.0,0.5658928454324874,2,1562,781,44506,per_session_robust_mad_cf,4.893127918243408,4,within,shaft_car,multi_stft,2.0,256.0,0.3333333333333333,0.3333333333333333
7,0,word_part_speech,1,-0.0,1.0,1.0,0.528809218950064,1.0,0.5443766804380615,2,1562,781,44506,per_session_robust_mad_cf,5.075285911560059,4,within,shaft_car,multi_stft,2.0,256.0,0.3333333333333333,0.3333333333333333
7,0,word_length,0,-0.0,1.0,1.0,0.4937142857142857,1.0,0.4975405682162523,2,1750,875,44506,per_session_robust_mad_cf,5.7717249393463135,4,within,shaft_car,multi_stft,2.0,256.0,0.3333333333333333,0.3333333333333333
7,0,word_length,1,-0.0,1.0,1.0,0.5348571428571428,1.0,0.5331494310523182,2,1750,875,44506,per_session_robust_mad_cf,4.859331130981445,4,within,shaft_car,multi_stft,2.0,256.0,0.3333333333333333,0.3333333333333333
7,0,global_flow,0,-0.0,1.0,1.0,0.56,1.0,0.5921026509095848,2,1750,875,44506,per_session_robust_mad_cf,5.230513095855713,4,within,shaft_car,multi_stft,2.0,256.0,0.3333333333333333,0.3333333333333333
7,0,global_flow,1,-0.0,1.0,1.0,0.6057142857142858,1.0,0.6160674169043813,2,1750,875,44506,per_session_robust_mad_cf,4.390931606292725,4,within,shaft_car,multi_stft,2.0,256.0,0.3333333333333333,0.3333333333333333
7,0,local_flow,0,-0.0,1.0,1.0,0.5394285714285715,1.0,0.5771409987147739,2,1750,875,44506,per_session_robust_mad_cf,4.666157484054565,4,within,shaft_car,multi_stft,2.0,256.0,0.3333333333333333,0.3333333333333333
7,0,local_flow,1,-0.0,1.0,1.0,0.5577142857142857,1.0,0.5818887600179723,2,1750,875,44506,per_session_robust_mad_cf,4.279157400131226,4,within,shaft_car,multi_stft,2.0,256.0,0.3333333333333333,0.3333333333333333
7,0,frame_brightness,0,-0.0,1.0,1.0,0.4034285714285714,1.0,0.3816442535761679,2,1750,875,44506,per_session_robust_mad_cf,5.394726276397705,4,within,shaft_car,multi_stft,2.0,256.0,0.3333333333333333,0.3333333333333333
7,0,frame_brightness,1,-0.0,1.0,1.0,0.416,1.0,0.3696749318203191,2,1750,875,44506,per_session_robust_mad_cf,4.443259954452515,4,within,shaft_car,multi_stft,2.0,256.0,0.3333333333333333,0.3333333333333333
7,0,face_num,0,-0.0,1.0,1.0,0.432,1.0,0.4077771856681608,2,1750,875,44506,per_session_robust_mad_cf,5.365299940109253,4,within,shaft_car,multi_stft,2.0,256.0,0.3333333333333333,0.3333333333333333
7,0,face_num,1,-0.0,1.0,1.0,0.4948571428571429,1.0,0.4896711701827528,2,1750,875,44506,per_session_robust_mad_cf,4.433074474334717,4,within,shaft_car,multi_stft,2.0,256.0,0.3333333333333333,0.3333333333333333
7,1,onset,0,-0.0,1.0,1.0,0.6951724137931035,1.0,0.7459172336118594,2,1449,725,44506,per_session_robust_mad_cf,6.241740703582764,4,within,shaft_car,multi_stft,2.0,256.0,0.3333333333333333,0.3333333333333333
7,1,onset,1,-0.0,1.0,1.0,0.6068965517241379,1.0,0.646492549807467,2,1449,725,44506,per_session_robust_mad_cf,5.590583562850952,4,within,shaft_car,multi_stft,2.0,256.0,0.3333333333333333,0.3333333333333333
7,1,speech,0,-0.0,1.0,1.0,0.6602316602316602,1.0,0.6996925767895477,2,1554,777,44506,per_session_robust_mad_cf,7.031493902206421,4,within,shaft_car,multi_stft,2.0,256.0,0.3333333333333333,0.3333333333333333
7,1,speech,1,-0.0,1.0,1.0,0.6087516087516087,1.0,0.6375387591763177,2,1554,777,44506,per_session_robust_mad_cf,6.433758974075317,4,within,shaft_car,multi_stft,2.0,256.0,0.3333333333333333,0.3333333333333333
7,1,volume,0,-0.0,1.0,1.0,0.5794285714285714,1.0,0.6166212135460749,2,1750,875,44506,per_session_robust_mad_cf,7.375126600265503,4,within,shaft_car,multi_stft,2.0,256.0,0.3333333333333333,0.3333333333333333
7,1,volume,1,-0.0,1.0,1.0,0.5714285714285714,1.0,0.604233932060646,2,1750,875,44506,per_session_robust_mad_cf,7.527014255523682,4,within,shaft_car,multi_stft,2.0,256.0,0.3333333333333333,0.3333333333333333
7,1,delta_volume,0,-0.0,1.0,1.0,0.5874285714285714,1.0,0.6331515208509659,2,1750,875,44506,per_session_robust_mad_cf,7.631846904754639,4,within,shaft_car,multi_stft,2.0,256.0,0.3333333333333333,0.3333333333333333
7,1,delta_volume,1,-0.0,1.0,1.0,0.6057142857142858,1.0,0.6438669634180747,2,1750,875,44506,per_session_robust_mad_cf,7.481526851654053,4,within,shaft_car,multi_stft,2.0,256.0,0.3333333333333333,0.3333333333333333
7,1,pitch,0,-0.0,1.0,1.0,0.5474285714285714,1.0,0.5667429443173151,2,1750,875,44506,per_session_robust_mad_cf,7.899821043014526,4,within,shaft_car,multi_stft,2.0,256.0,0.3333333333333333,0.3333333333333333
7,1,pitch,1,-0.0,1.0,1.0,0.5371428571428571,1.0,0.5467122242771909,2,1750,875,44506,per_session_robust_mad_cf,7.121046543121338,4,within,shaft_car,multi_stft,2.0,256.0,0.3333333333333333,0.3333333333333333
7,1,word_index,0,-0.0,1.0,1.0,0.5153846153846153,1.0,0.5431804733727812,2,1039,520,44506,per_session_robust_mad_cf,5.210915565490723,4,within,shaft_car,multi_stft,2.0,256.0,0.3333333333333333,0.3333333333333333
7,1,word_index,1,-0.0,1.0,1.0,0.5211538461538462,1.0,0.5268639053254438,2,1039,520,44506,per_session_robust_mad_cf,4.043053865432739,4,within,shaft_car,multi_stft,2.0,256.0,0.3333333333333333,0.3333333333333333
7,1,word_gap,0,-0.0,1.0,1.0,0.4872139973082099,1.0,0.500724574674666,2,1486,743,44506,per_session_robust_mad_cf,6.154193162918091,4,within,shaft_car,multi_stft,2.0,256.0,0.3333333333333333,0.3333333333333333
7,1,word_gap,1,-0.0,1.0,1.0,0.5302826379542396,1.0,0.5238819812769904,2,1486,743,44506,per_session_robust_mad_cf,5.6583778858184814,4,within,shaft_car,multi_stft,2.0,256.0,0.3333333333333333,0.3333333333333333
7,1,gpt2_surprisal,0,-0.0,1.0,1.0,0.5051428571428571,1.0,0.5078367449296259,2,1750,875,44506,per_session_robust_mad_cf,7.541776418685913,4,within,shaft_car,multi_stft,2.0,256.0,0.3333333333333333,0.3333333333333333
7,1,gpt2_surprisal,1,-0.0,1.0,1.0,0.5188571428571429,1.0,0.5284787310742609,2,1750,875,44506,per_session_robust_mad_cf,7.575704097747803,4,within,shaft_car,multi_stft,2.0,256.0,0.3333333333333333,0.3333333333333333
7,1,word_head_pos,0,-0.0,1.0,1.0,0.5337142857142857,1.0,0.5463569585070478,2,1750,875,44506,per_session_robust_mad_cf,7.261659860610962,4,within,shaft_car,multi_stft,2.0,256.0,0.3333333333333333,0.3333333333333333
7,1,word_head_pos,1,-0.0,1.0,1.0,0.5622857142857143,1.0,0.576089568770049,2,1750,875,44506,per_session_robust_mad_cf,7.234130859375,4,within,shaft_car,multi_stft,2.0,256.0,0.3333333333333333,0.3333333333333333
7,1,word_part_speech,0,-0.0,1.0,1.0,0.5809859154929577,1.0,0.6109774846260663,2,1135,568,44506,per_session_robust_mad_cf,5.002804756164551,4,within,shaft_car,multi_stft,2.0,256.0,0.3333333333333333,0.3333333333333333
7,1,word_part_speech,1,-0.0,1.0,1.0,0.5580985915492958,1.0,0.5548006347946837,2,1135,568,44506,per_session_robust_mad_cf,4.262616395950317,4,within,shaft_car,multi_stft,2.0,256.0,0.3333333333333333,0.3333333333333333
7,1,word_length,0,-0.0,1.0,1.0,0.5245714285714286,1.0,0.540045766590389,2,1750,875,44506,per_session_robust_mad_cf,7.628245115280151,4,within,shaft_car,multi_stft,2.0,256.0,0.3333333333333333,0.3333333333333333
7,1,word_length,1,-0.0,1.0,1.0,0.5428571428571428,1.0,0.5497790037929846,2,1750,875,44506,per_session_robust_mad_cf,7.178325653076172,4,within,shaft_car,multi_stft,2.0,256.0,0.3333333333333333,0.3333333333333333
7,1,global_flow,0,-0.0,1.0,1.0,0.5897142857142857,1.0,0.616427907171144,2,1750,875,44506,per_session_robust_mad_cf,7.024816036224365,4,within,shaft_car,multi_stft,2.0,256.0,0.3333333333333333,0.3333333333333333
7,1,global_flow,1,-0.0,1.0,1.0,0.5725714285714286,1.0,0.5835240274599542,2,1750,875,44506,per_session_robust_mad_cf,7.113981485366821,4,within,shaft_car,multi_stft,2.0,256.0,0.3333333333333333,0.3333333333333333
7,1,local_flow,0,-0.0,1.0,1.0,0.5668571428571428,1.0,0.5722495637545322,2,1750,875,44506,per_session_robust_mad_cf,7.092935562133789,4,within,shaft_car,multi_stft,2.0,256.0,0.3333333333333333,0.3333333333333333
7,1,local_flow,1,-0.0,1.0,1.0,0.5371428571428571,1.0,0.5465816118616971,2,1750,875,44506,per_session_robust_mad_cf,6.864496946334839,4,within,shaft_car,multi_stft,2.0,256.0,0.3333333333333333,0.3333333333333333
7,1,frame_brightness,0,-0.0,1.0,1.0,0.5394285714285715,1.0,0.5508813725797519,2,1750,875,44506,per_session_robust_mad_cf,7.56251859664917,4,within,shaft_car,multi_stft,2.0,256.0,0.3333333333333333,0.3333333333333333
7,1,frame_brightness,1,-0.0,1.0,1.0,0.56,1.0,0.5779442650700606,2,1750,875,44506,per_session_robust_mad_cf,7.140773773193359,4,within,shaft_car,multi_stft,2.0,256.0,0.3333333333333333,0.3333333333333333
7,1,face_num,0,-0.0,1.0,1.0,0.5108571428571429,1.0,0.5353750666123318,2,1750,875,44506,per_session_robust_mad_cf,7.444042921066284,4,within,shaft_car,multi_stft,2.0,256.0,0.3333333333333333,0.3333333333333333
7,1,face_num,1,-0.0,1.0,1.0,0.5462857142857143,1.0,0.5617692235353123,2,1750,875,44506,per_session_robust_mad_cf,7.150837421417236,4,within,shaft_car,multi_stft,2.0,256.0,0.3333333333333333,0.3333333333333333
10,0,onset,0,-0.0,1.0,1.0,0.7768395657418576,1.0,0.8528141551714103,2,1657,829,44880,per_session_robust_mad_cf,4.894925832748413,4,within,shaft_car,multi_stft,2.0,256.0,0.3333333333333333,0.3333333333333333
10,0,onset,1,-0.0,1.0,1.0,0.8769601930036188,1.0,0.950043652872359,2,1657,829,44880,per_session_robust_mad_cf,5.198928356170654,4,within,shaft_car,multi_stft,2.0,256.0,0.3333333333333333,0.3333333333333333
10,0,speech,0,-0.0,1.0,1.0,0.7291428571428571,1.0,0.8039664378337147,2,1750,875,44880,per_session_robust_mad_cf,5.104870080947876,4,within,shaft_car,multi_stft,2.0,256.0,0.3333333333333333,0.3333333333333333
10,0,speech,1,-0.0,1.0,1.0,0.7988571428571428,1.0,0.8901810810528406,2,1750,875,44880,per_session_robust_mad_cf,4.477818965911865,4,within,shaft_car,multi_stft,2.0,256.0,0.3333333333333333,0.3333333333333333
10,0,volume,0,-0.0,1.0,1.0,0.6742857142857143,1.0,0.7031179795826672,2,1750,875,44880,per_session_robust_mad_cf,4.916244029998779,4,within,shaft_car,multi_stft,2.0,256.0,0.3333333333333333,0.3333333333333333
10,0,volume,1,-0.0,1.0,1.0,0.6102857142857143,1.0,0.648469744940075,2,1750,875,44880,per_session_robust_mad_cf,4.752833604812622,4,within,shaft_car,multi_stft,2.0,256.0,0.3333333333333333,0.3333333333333333
10,0,delta_volume,0,-0.0,1.0,1.0,0.624,1.0,0.6912884131113967,2,1750,875,44880,per_session_robust_mad_cf,4.8159825801849365,4,within,shaft_car,multi_stft,2.0,256.0,0.3333333333333333,0.3333333333333333
10,0,delta_volume,1,-0.0,1.0,1.0,0.6331428571428571,1.0,0.6950043363321944,2,1750,875,44880,per_session_robust_mad_cf,4.7860541343688965,4,within,shaft_car,multi_stft,2.0,256.0,0.3333333333333333,0.3333333333333333
10,0,pitch,0,-0.0,1.0,1.0,0.568,1.0,0.5657189429798439,2,1750,875,44880,per_session_robust_mad_cf,4.496607542037964,4,within,shaft_car,multi_stft,2.0,256.0,0.3333333333333333,0.3333333333333333
10,0,pitch,1,-0.0,1.0,1.0,0.5657142857142857,1.0,0.5845219063143265,2,1750,875,44880,per_session_robust_mad_cf,4.890491962432861,4,within,shaft_car,multi_stft,2.0,256.0,0.3333333333333333,0.3333333333333333
10,0,word_index,0,-0.0,1.0,1.0,0.7529411764705882,1.0,0.8135719612229679,2,1189,595,44880,per_session_robust_mad_cf,3.313636302947998,4,within,shaft_car,multi_stft,2.0,256.0,0.3333333333333333,0.3333333333333333
10,0,word_index,1,-0.0,1.0,1.0,0.7243697478991596,1.0,0.7840711364201297,2,1189,595,44880,per_session_robust_mad_cf,3.731738328933716,4,within,shaft_car,multi_stft,2.0,256.0,0.3333333333333333,0.3333333333333333
10,0,word_gap,0,-0.0,1.0,1.0,0.5462857142857143,1.0,0.5854074584913743,2,1750,875,44880,per_session_robust_mad_cf,4.9952497482299805,4,within,shaft_car,multi_stft,2.0,256.0,0.3333333333333333,0.3333333333333333
10,0,word_gap,1,-0.0,1.0,1.0,0.5817142857142857,1.0,0.6281255551027658,2,1750,875,44880,per_session_robust_mad_cf,4.75004506111145,4,within,shaft_car,multi_stft,2.0,256.0,0.3333333333333333,0.3333333333333333
10,0,gpt2_surprisal,0,-0.0,1.0,1.0,0.5497142857142857,1.0,0.5460016927369049,2,1750,875,44880,per_session_robust_mad_cf,5.049085855484009,4,within,shaft_car,multi_stft,2.0,256.0,0.3333333333333333,0.3333333333333333
10,0,gpt2_surprisal,1,-0.0,1.0,1.0,0.5234285714285715,1.0,0.5432536075149159,2,1750,875,44880,per_session_robust_mad_cf,4.879906177520752,4,within,shaft_car,multi_stft,2.0,256.0,0.3333333333333333,0.3333333333333333
10,0,word_head_pos,0,-0.0,1.0,1.0,0.5565714285714286,1.0,0.5904726079642226,2,1750,875,44880,per_session_robust_mad_cf,4.297443151473999,4,within,shaft_car,multi_stft,2.0,256.0,0.3333333333333333,0.3333333333333333
10,0,word_head_pos,1,-0.0,1.0,1.0,0.5462857142857143,1.0,0.5794541445931685,2,1750,875,44880,per_session_robust_mad_cf,4.712494850158691,4,within,shaft_car,multi_stft,2.0,256.0,0.3333333333333333,0.3333333333333333
10,0,word_part_speech,0,-0.0,1.0,1.0,0.5656877897990726,1.0,0.6005618621717692,2,1293,647,44880,per_session_robust_mad_cf,3.363213062286377,4,within,shaft_car,multi_stft,2.0,256.0,0.3333333333333333,0.3333333333333333
10,0,word_part_speech,1,-0.0,1.0,1.0,0.58887171561051,1.0,0.6069735886557353,2,1293,647,44880,per_session_robust_mad_cf,3.462884426116944,4,within,shaft_car,multi_stft,2.0,256.0,0.3333333333333333,0.3333333333333333
10,0,word_length,0,-0.0,1.0,1.0,0.5154285714285715,1.0,0.5298997941548332,2,1750,875,44880,per_session_robust_mad_cf,5.277925968170166,4,within,shaft_car,multi_stft,2.0,256.0,0.3333333333333333,0.3333333333333333
10,0,word_length,1,-0.0,1.0,1.0,0.5234285714285715,1.0,0.5351765357407814,2,1750,875,44880,per_session_robust_mad_cf,4.902643203735352,4,within,shaft_car,multi_stft,2.0,256.0,0.3333333333333333,0.3333333333333333
10,0,global_flow,0,-0.0,1.0,1.0,0.536,1.0,0.5363298433695913,2,1750,875,44880,per_session_robust_mad_cf,4.489839792251587,4,within,shaft_car,multi_stft,2.0,256.0,0.3333333333333333,0.3333333333333333
10,0,global_flow,1,-0.0,1.0,1.0,0.5748571428571428,1.0,0.5817476986092389,2,1750,875,44880,per_session_robust_mad_cf,4.534693002700806,4,within,shaft_car,multi_stft,2.0,256.0,0.3333333333333333,0.3333333333333333
10,0,local_flow,0,-0.0,1.0,1.0,0.5451428571428572,1.0,0.5866404396936356,2,1750,875,44880,per_session_robust_mad_cf,4.465555429458618,4,within,shaft_car,multi_stft,2.0,256.0,0.3333333333333333,0.3333333333333333
10,0,local_flow,1,-0.0,1.0,1.0,0.5234285714285715,1.0,0.528207057250034,2,1750,875,44880,per_session_robust_mad_cf,4.832458734512329,4,within,shaft_car,multi_stft,2.0,256.0,0.3333333333333333,0.3333333333333333
10,0,frame_brightness,0,-0.0,1.0,1.0,0.5554285714285714,1.0,0.5654315956657576,2,1750,875,44880,per_session_robust_mad_cf,5.163870334625244,4,within,shaft_car,multi_stft,2.0,256.0,0.3333333333333333,0.3333333333333333
10,0,frame_brightness,1,-0.0,1.0,1.0,0.4868571428571429,1.0,0.4964682402850485,2,1750,875,44880,per_session_robust_mad_cf,4.404613256454468,4,within,shaft_car,multi_stft,2.0,256.0,0.3333333333333333,0.3333333333333333
10,0,face_num,0,-0.0,1.0,1.0,0.536,1.0,0.570786704701002,2,1750,875,44880,per_session_robust_mad_cf,4.744781494140625,4,within,shaft_car,multi_stft,2.0,256.0,0.3333333333333333,0.3333333333333333
10,0,face_num,1,-0.0,1.0,1.0,0.5028571428571429,1.0,0.4842768774228603,2,1750,875,44880,per_session_robust_mad_cf,4.74106240272522,4,within,shaft_car,multi_stft,2.0,256.0,0.3333333333333333,0.3333333333333333
10,1,onset,0,-0.0,1.0,1.0,0.8914285714285715,1.0,0.9552887579281736,2,1750,875,44880,per_session_robust_mad_cf,8.453050136566162,4,within,shaft_car,multi_stft,2.0,256.0,0.3333333333333333,0.3333333333333333
10,1,onset,1,-0.0,1.0,1.0,0.9028571428571428,1.0,0.969238163902908,2,1750,875,44880,per_session_robust_mad_cf,6.758469104766846,4,within,shaft_car,multi_stft,2.0,256.0,0.3333333333333333,0.3333333333333333
10,1,speech,0,-0.0,1.0,1.0,0.8937142857142857,1.0,0.95158981432139,2,1750,875,44880,per_session_robust_mad_cf,7.994127035140991,4,within,shaft_car,multi_stft,2.0,256.0,0.3333333333333333,0.3333333333333333
10,1,speech,1,-0.0,1.0,1.0,0.904,1.0,0.9659310575426058,2,1750,875,44880,per_session_robust_mad_cf,7.357695817947388,4,within,shaft_car,multi_stft,2.0,256.0,0.3333333333333333,0.3333333333333333
10,1,volume,0,-0.0,1.0,1.0,0.7531428571428571,1.0,0.8330616595091063,2,1750,875,44880,per_session_robust_mad_cf,8.060059070587158,4,within,shaft_car,multi_stft,2.0,256.0,0.3333333333333333,0.3333333333333333
10,1,volume,1,-0.0,1.0,1.0,0.7474285714285714,1.0,0.8297702266386634,2,1750,875,44880,per_session_robust_mad_cf,8.750412702560425,4,within,shaft_car,multi_stft,2.0,256.0,0.3333333333333333,0.3333333333333333
10,1,delta_volume,0,-0.0,1.0,1.0,0.7942857142857143,1.0,0.8585363050270106,2,1750,875,44880,per_session_robust_mad_cf,8.847694396972656,4,within,shaft_car,multi_stft,2.0,256.0,0.3333333333333333,0.3333333333333333
10,1,delta_volume,1,-0.0,1.0,1.0,0.6902857142857143,1.0,0.762384669237119,2,1750,875,44880,per_session_robust_mad_cf,8.455765008926392,4,within,shaft_car,multi_stft,2.0,256.0,0.3333333333333333,0.3333333333333333
10,1,pitch,0,-0.0,1.0,1.0,0.5405714285714286,1.0,0.537470089756852,2,1750,875,44880,per_session_robust_mad_cf,18.324880361557007,4,within,shaft_car,multi_stft,2.0,256.0,0.3333333333333333,0.3333333333333333
10,1,pitch,1,-0.0,1.0,1.0,0.6114285714285714,1.0,0.6642268267452431,2,1750,875,44880,per_session_robust_mad_cf,18.06645131111145,4,within,shaft_car,multi_stft,2.0,256.0,0.3333333333333333,0.3333333333333333
10,1,word_index,0,-0.0,1.0,1.0,0.7195685670261941,1.0,0.7845489078822412,2,1298,649,44880,per_session_robust_mad_cf,12.879122972488403,4,within,shaft_car,multi_stft,2.0,256.0,0.3333333333333333,0.3333333333333333
10,1,word_index,1,-0.0,1.0,1.0,0.7226502311248074,1.0,0.7779677113010446,2,1298,649,44880,per_session_robust_mad_cf,12.94539189338684,4,within,shaft_car,multi_stft,2.0,256.0,0.3333333333333333,0.3333333333333333
10,1,word_gap,0,-0.0,1.0,1.0,0.5154285714285715,1.0,0.5247641139776182,2,1750,875,44880,per_session_robust_mad_cf,19.223918437957764,4,within,shaft_car,multi_stft,2.0,256.0,0.3333333333333333,0.3333333333333333
10,1,word_gap,1,-0.0,1.0,1.0,0.6217142857142857,1.0,0.6378796902918404,2,1750,875,44880,per_session_robust_mad_cf,19.815749645233154,4,within,shaft_car,multi_stft,2.0,256.0,0.3333333333333333,0.3333333333333333
10,1,gpt2_surprisal,0,-0.0,1.0,1.0,0.6,1.0,0.6259155930326112,2,1750,875,44880,per_session_robust_mad_cf,18.934659719467163,4,within,shaft_car,multi_stft,2.0,256.0,0.3333333333333333,0.3333333333333333
10,1,gpt2_surprisal,1,-0.0,1.0,1.0,0.5622857142857143,1.0,0.5931579992267745,2,1750,875,44880,per_session_robust_mad_cf,18.72887754440308,4,within,shaft_car,multi_stft,2.0,256.0,0.3333333333333333,0.3333333333333333
10,1,word_head_pos,0,-0.0,1.0,1.0,0.5428571428571428,1.0,0.564313553389131,2,1750,875,44880,per_session_robust_mad_cf,9.231818199157717,4,within,shaft_car,multi_stft,2.0,256.0,0.3333333333333333,0.3333333333333333
10,1,word_head_pos,1,-0.0,1.0,1.0,0.5828571428571429,1.0,0.6011253565718944,2,1750,875,44880,per_session_robust_mad_cf,7.842025995254517,4,within,shaft_car,multi_stft,2.0,256.0,0.3333333333333333,0.3333333333333333
10,1,word_part_speech,0,-0.0,1.0,1.0,0.5755395683453237,1.0,0.60067408658783,2,1390,695,44880,per_session_robust_mad_cf,14.19251823425293,4,within,shaft_car,multi_stft,2.0,256.0,0.3333333333333333,0.3333333333333333
10,1,word_part_speech,1,-0.0,1.0,1.0,0.5338129496402878,1.0,0.5601626420219286,2,1390,695,44880,per_session_robust_mad_cf,14.449387550354004,4,within,shaft_car,multi_stft,2.0,256.0,0.3333333333333333,0.3333333333333333
10,1,word_length,0,-0.0,1.0,1.0,0.6091428571428571,1.0,0.634201644671536,2,1750,875,44880,per_session_robust_mad_cf,18.581294775009155,4,within,shaft_car,multi_stft,2.0,256.0,0.3333333333333333,0.3333333333333333
10,1,word_length,1,-0.0,1.0,1.0,0.5897142857142857,1.0,0.616218927306354,2,1750,875,44880,per_session_robust_mad_cf,18.20574402809143,4,within,shaft_car,multi_stft,2.0,256.0,0.3333333333333333,0.3333333333333333
10,1,global_flow,0,-0.0,1.0,1.0,0.6377142857142857,1.0,0.6726016948267035,2,1750,875,44880,per_session_robust_mad_cf,19.52297806739807,4,within,shaft_car,multi_stft,2.0,256.0,0.3333333333333333,0.3333333333333333
10,1,global_flow,1,-0.0,1.0,1.0,0.6057142857142858,1.0,0.6710970398002152,2,1750,875,44880,per_session_robust_mad_cf,19.83936595916748,4,within,shaft_car,multi_stft,2.0,256.0,0.3333333333333333,0.3333333333333333
10,1,local_flow,0,-0.0,1.0,1.0,0.576,1.0,0.581852188541634,2,1750,875,44880,per_session_robust_mad_cf,9.662074565887451,4,within,shaft_car,multi_stft,2.0,256.0,0.3333333333333333,0.3333333333333333
10,1,local_flow,1,-0.0,1.0,1.0,0.5702857142857143,1.0,0.6049914840705097,2,1750,875,44880,per_session_robust_mad_cf,9.63932967185974,4,within,shaft_car,multi_stft,2.0,256.0,0.3333333333333333,0.3333333333333333
10,1,frame_brightness,0,-0.0,1.0,1.0,0.488,1.0,0.4857214507382213,2,1750,875,44880,per_session_robust_mad_cf,10.450408935546877,4,within,shaft_car,multi_stft,2.0,256.0,0.3333333333333333,0.3333333333333333
10,1,frame_brightness,1,-0.0,1.0,1.0,0.6125714285714285,1.0,0.6942938047919083,2,1750,875,44880,per_session_robust_mad_cf,13.765727519989014,4,within,shaft_car,multi_stft,2.0,256.0,0.3333333333333333,0.3333333333333333
10,1,face_num,0,-0.0,1.0,1.0,0.3954285714285714,1.0,0.3597536127394125,2,1750,875,44880,per_session_robust_mad_cf,20.35225343704224,4,within,shaft_car,multi_stft,2.0,256.0,0.3333333333333333,0.3333333333333333
10,1,face_num,1,-0.0,1.0,1.0,0.5005714285714286,1.0,0.5033332288434009,2,1750,875,44880,per_session_robust_mad_cf,20.77393841743469,4,within,shaft_car,multi_stft,2.0,256.0,0.3333333333333333,0.3333333333333333
1,1,onset,0,-0.0,1.0,1.0,0.6866624122527122,1.0,0.7473390218156228,2,2992,1567,2244,per_session_robust_mad_cf,6.471433401107788,4,cross,shaft_car,multi_stft,2.0,256.0,0.3333333333333333,0.3333333333333333
1,1,speech,0,-0.0,1.0,1.0,0.6828571428571428,1.0,0.7362762448979592,2,3500,1750,2244,per_session_robust_mad_cf,9.428237676620483,4,cross,shaft_car,multi_stft,2.0,256.0,0.3333333333333333,0.3333333333333333
1,1,volume,0,-0.0,1.0,1.0,0.5845714285714285,1.0,0.6191079183673469,2,3500,1750,2244,per_session_robust_mad_cf,8.736901044845581,4,cross,shaft_car,multi_stft,2.0,256.0,0.3333333333333333,0.3333333333333333
1,1,delta_volume,0,-0.0,1.0,0.9911428571428572,0.5822857142857143,0.9995435102040816,0.6241955918367348,2,3500,1750,2244,per_session_robust_mad_cf,14.13208508491516,4,cross,shaft_car,multi_stft,2.0,256.0,0.3333333333333333,0.3333333333333333
1,1,pitch,0,-0.0,1.0,0.9302857142857144,0.5045714285714286,0.9819141224489796,0.5202625306122449,2,3500,1750,2244,per_session_robust_mad_cf,21.62137007713318,4,cross,shaft_car,multi_stft,2.0,256.0,0.3333333333333333,0.3333333333333333
1,1,word_index,0,-0.0,1.0,1.0,0.5640584694754944,1.0,0.5844963062855251,2,2128,1163,2244,per_session_robust_mad_cf,7.830784559249878,4,cross,shaft_car,multi_stft,2.0,256.0,0.3333333333333333,0.3333333333333333
1,1,word_gap,0,-0.0,1.0,0.9588826114249844,0.5217142857142857,0.9929403160169116,0.5211964081632654,2,3186,1750,2244,per_session_robust_mad_cf,19.71198058128357,4,cross,shaft_car,multi_stft,2.0,256.0,0.3333333333333333,0.3333333333333333
1,1,gpt2_surprisal,0,-0.0,1.0,0.9094285714285716,0.5222857142857142,0.972609306122449,0.5234612244897958,2,3500,1750,2244,per_session_robust_mad_cf,20.500317573547363,4,cross,shaft_car,multi_stft,2.0,256.0,0.3333333333333333,0.3333333333333333
1,1,word_head_pos,0,-0.0,1.0,0.91,0.52,0.9718850612244898,0.5229975510204081,2,3500,1750,2244,per_session_robust_mad_cf,21.373640537261963,4,cross,shaft_car,multi_stft,2.0,256.0,0.3333333333333333,0.3333333333333333
1,1,word_part_speech,0,-0.0,1.0,1.0,0.5282451923076923,1.0,0.5387847719813239,2,2096,1664,2244,per_session_robust_mad_cf,8.82402777671814,4,cross,shaft_car,multi_stft,2.0,256.0,0.3333333333333333,0.3333333333333333
1,1,word_length,0,-0.0,1.0,0.9102857142857144,0.504,0.973413224489796,0.5043408979591837,2,3500,1750,2244,per_session_robust_mad_cf,24.52588415145874,4,cross,shaft_car,multi_stft,2.0,256.0,0.3333333333333333,0.3333333333333333
1,1,global_flow,0,-0.0,1.0,0.9777142857142858,0.524,0.9975980408163264,0.5279859591836735,2,3500,1750,2244,per_session_robust_mad_cf,18.409600496292114,4,cross,shaft_car,multi_stft,2.0,256.0,0.3333333333333333,0.3333333333333333
1,1,local_flow,0,-0.0,1.0,0.9668571428571427,0.5502857142857143,0.9945407346938776,0.5580368979591837,2,3500,1750,2244,per_session_robust_mad_cf,17.93937921524048,4,cross,shaft_car,multi_stft,2.0,256.0,0.3333333333333333,0.3333333333333333
1,1,frame_brightness,0,-0.0,1.0,0.9385714285714286,0.4811428571428571,0.9839660408163264,0.4691461224489796,2,3500,1750,2244,per_session_robust_mad_cf,22.079030752182007,4,cross,shaft_car,multi_stft,2.0,256.0,0.3333333333333333,0.3333333333333333
1,1,face_num,0,-0.0,1.0,0.8911428571428571,0.4902857142857142,0.9565204897959184,0.4883970612244898,2,3500,1750,2244,per_session_robust_mad_cf,22.70116662979126,4,cross,shaft_car,multi_stft,2.0,256.0,0.3333333333333333,0.3333333333333333
1,2,onset,0,-0.0,1.0,1.0,0.696159122085048,1.0,0.7476996505726883,2,2992,1458,2244,per_session_robust_mad_cf,5.058752298355103,4,cross,shaft_car,multi_stft,2.0,256.0,0.3333333333333333,0.3333333333333333
1,2,speech,0,-0.0,1.0,1.0,0.7108571428571429,1.0,0.7847862857142858,2,3500,1750,2244,per_session_robust_mad_cf,9.042650938034058,4,cross,shaft_car,multi_stft,2.0,256.0,0.3333333333333333,0.3333333333333333
1,2,volume,0,-0.0,1.0,1.0,0.644,1.0,0.6823379591836735,2,3500,1750,2244,per_session_robust_mad_cf,6.006515264511108,4,cross,shaft_car,multi_stft,2.0,256.0,0.3333333333333333,0.3333333333333333
1,2,delta_volume,0,-0.0,1.0,0.9911428571428572,0.5508571428571428,0.9995435102040816,0.578377469387755,2,3500,1750,2244,per_session_robust_mad_cf,11.86710262298584,4,cross,shaft_car,multi_stft,2.0,256.0,0.3333333333333333,0.3333333333333333
1,2,pitch,0,-0.0,1.0,0.9302857142857144,0.5045714285714286,0.9819141224489796,0.5122664489795918,2,3500,1750,2244,per_session_robust_mad_cf,16.582934856414795,4,cross,shaft_car,multi_stft,2.0,256.0,0.3333333333333333,0.3333333333333333
1,2,word_index,0,-0.0,1.0,1.0,0.5254901960784314,1.0,0.5194242599000385,2,2128,1020,2244,per_session_robust_mad_cf,6.8233160972595215,4,cross,shaft_car,multi_stft,2.0,256.0,0.3333333333333333,0.3333333333333333
1,2,word_gap,0,-0.0,1.0,0.9588826114249844,0.5086605080831409,0.9929403160169116,0.5111046514728864,2,3186,1732,2244,per_session_robust_mad_cf,21.08868193626404,4,cross,shaft_car,multi_stft,2.0,256.0,0.3333333333333333,0.3333333333333333
1,2,gpt2_surprisal,0,-0.0,1.0,0.9094285714285716,0.5245714285714286,0.972609306122449,0.5246380408163265,2,3500,1750,2244,per_session_robust_mad_cf,23.096787452697757,4,cross,shaft_car,multi_stft,2.0,256.0,0.3333333333333333,0.3333333333333333
1,2,word_head_pos,0,-0.0,1.0,0.91,0.5331428571428571,0.9718850612244898,0.5348231836734694,2,3500,1750,2244,per_session_robust_mad_cf,23.34636092185974,4,cross,shaft_car,multi_stft,2.0,256.0,0.3333333333333333,0.3333333333333333
1,2,word_part_speech,0,-0.0,1.0,1.0,0.5309417040358745,1.0,0.5428563155151445,2,2096,1115,2244,per_session_robust_mad_cf,9.104752779006958,4,cross,shaft_car,multi_stft,2.0,256.0,0.3333333333333333,0.3333333333333333
1,2,word_length,0,-0.0,1.0,0.9102857142857144,0.5211428571428571,0.973413224489796,0.5352071836734695,2,3500,1750,2244,per_session_robust_mad_cf,22.50087308883667,4,cross,shaft_car,multi_stft,2.0,256.0,0.3333333333333333,0.3333333333333333
1,2,global_flow,0,-0.0,1.0,0.9777142857142858,0.5142857142857142,0.9975980408163264,0.5289397551020408,2,3500,1750,2244,per_session_robust_mad_cf,16.44631600379944,4,cross,shaft_car,multi_stft,2.0,256.0,0.3333333333333333,0.3333333333333333
1,2,local_flow,0,-0.0,1.0,0.9668571428571427,0.5371428571428571,0.9945407346938776,0.5497260408163265,2,3500,1750,2244,per_session_robust_mad_cf,14.685724020004272,4,cross,shaft_car,multi_stft,2.0,256.0,0.3333333333333333,0.3333333333333333
1,2,frame_brightness,0,-0.0,1.0,0.9385714285714286,0.5217142857142857,0.9839660408163264,0.5306736326530612,2,3500,1750,2244,per_session_robust_mad_cf,20.247746229171756,4,cross,shaft_car,multi_stft,2.0,256.0,0.3333333333333333,0.3333333333333333
1,2,face_num,0,-0.0,1.0,0.8911428571428571,0.5257142857142857,0.9565204897959184,0.5417887346938776,2,3500,1750,2244,per_session_robust_mad_cf,21.38209891319275,4,cross,shaft_car,multi_stft,2.0,256.0,0.3333333333333333,0.3333333333333333
3,0,onset,0,-0.0,1.0,0.9923128342245988,0.7291428571428571,0.9997144792530528,0.8353224489795918,2,2992,1750,1496,per_session_robust_mad_cf,12.0178382396698,4,cross,shaft_car,multi_stft,2.0,256.0,0.3333333333333333,0.3333333333333333
3,0,speech,0,-0.0,1.0,0.9611428571428572,0.7211428571428572,0.9936940408163264,0.804,2,3500,1750,1496,per_session_robust_mad_cf,11.76822543144226,4,cross,shaft_car,multi_stft,2.0,256.0,0.3333333333333333,0.3333333333333333
3,0,volume,0,-0.0,1.0,0.8645714285714285,0.6045714285714285,0.9449583673469388,0.6420244897959184,2,3500,1750,1496,per_session_robust_mad_cf,20.76330161094665,4,cross,shaft_car,multi_stft,2.0,256.0,0.3333333333333333,0.3333333333333333
3,0,delta_volume,0,-0.0,1.0,0.8794285714285714,0.6205714285714286,0.950446693877551,0.6714736326530613,2,3500,1750,1496,per_session_robust_mad_cf,22.541741847991943,4,cross,shaft_car,multi_stft,2.0,256.0,0.3333333333333333,0.3333333333333333
3,0,pitch,0,-0.0,1.0,0.774,0.5451428571428572,0.8646220408163264,0.5415235918367347,2,3500,1750,1496,per_session_robust_mad_cf,29.08538031578064,4,cross,shaft_car,multi_stft,2.0,256.0,0.3333333333333333,0.3333333333333333
3,0,word_index,0,-0.0,1.0,0.99906015037594,0.6,0.9999964667307366,0.6421769427271491,2,2128,1455,1496,per_session_robust_mad_cf,18.594470024108887,4,cross,shaft_car,multi_stft,2.0,256.0,0.3333333333333333,0.3333333333333333
3,0,word_gap,0,-0.0,1.0,0.8129315756434401,0.5131428571428571,0.8937843649771895,0.5177678367346938,2,3186,1750,1496,per_session_robust_mad_cf,19.49604105949402,4,cross,shaft_car,multi_stft,2.0,256.0,0.3333333333333333,0.3333333333333333
3,0,gpt2_surprisal,0,-0.0,1.0,0.8108571428571428,0.5451428571428572,0.8966932244897958,0.5535203265306122,2,3500,1750,1496,per_session_robust_mad_cf,28.616565704345703,4,cross,shaft_car,multi_stft,2.0,256.0,0.3333333333333333,0.3333333333333333
3,0,word_head_pos,0,-0.0,1.0,0.8051428571428572,0.5245714285714286,0.891457306122449,0.5311751836734694,2,3500,1750,1496,per_session_robust_mad_cf,15.899863004684448,4,cross,shaft_car,multi_stft,2.0,256.0,0.3333333333333333,0.3333333333333333
3,0,word_part_speech,0,-0.0,1.0,0.9723282442748092,0.4955185659411011,0.9962378357904552,0.4923659053611624,2,2096,1562,1496,per_session_robust_mad_cf,15.755078315734863,4,cross,shaft_car,multi_stft,2.0,256.0,0.3333333333333333,0.3333333333333333
3,0,word_length,0,-0.0,1.0,0.81,0.4862857142857142,0.8914122448979592,0.507713306122449,2,3500,1750,1496,per_session_robust_mad_cf,22.796878337860107,4,cross,shaft_car,multi_stft,2.0,256.0,0.3333333333333333,0.3333333333333333
3,0,global_flow,0,-0.0,1.0,0.83,0.524,0.9110177959183674,0.5282142040816327,2,3500,1750,1496,per_session_robust_mad_cf,22.63239622116089,4,cross,shaft_car,multi_stft,2.0,256.0,0.3333333333333333,0.3333333333333333
3,0,local_flow,0,-0.0,1.0,0.8205714285714286,0.5131428571428571,0.8954409795918368,0.5130331428571429,2,3500,1750,1496,per_session_robust_mad_cf,17.16013813018799,4,cross,shaft_car,multi_stft,2.0,256.0,0.3333333333333333,0.3333333333333333
3,0,frame_brightness,0,-0.0,1.0,0.8054285714285714,0.4862857142857142,0.8856009795918367,0.495232,2,3500,1750,1496,per_session_robust_mad_cf,32.38060164451599,4,cross,shaft_car,multi_stft,2.0,256.0,0.3333333333333333,0.3333333333333333
3,0,face_num,0,-0.0,1.0,0.79,0.5177142857142857,0.8695118367346939,0.5221093877551021,2,3500,1750,1496,per_session_robust_mad_cf,18.775131940841675,4,cross,shaft_car,multi_stft,2.0,256.0,0.3333333333333333,0.3333333333333333
3,1,onset,0,-0.0,1.0,0.9923128342245988,0.7388591800356507,0.9997144792530528,0.8134736798624814,2,2992,1122,1496,per_session_robust_mad_cf,12.5076584815979,4,cross,shaft_car,multi_stft,2.0,256.0,0.3333333333333333,0.3333333333333333
3,1,speech,0,-0.0,1.0,0.9611428571428572,0.728,0.9936940408163264,0.7951516734693878,2,3500,1750,1496,per_session_robust_mad_cf,15.607177734375,4,cross,shaft_car,multi_stft,2.0,256.0,0.3333333333333333,0.3333333333333333
3,1,volume,0,-0.0,1.0,0.8645714285714285,0.624,0.9449583673469388,0.6702210612244899,2,3500,1750,1496,per_session_robust_mad_cf,22.479384183883667,4,cross,shaft_car,multi_stft,2.0,256.0,0.3333333333333333,0.3333333333333333
3,1,delta_volume,0,-0.0,1.0,0.8794285714285714,0.6908571428571428,0.950446693877551,0.7610553469387755,2,3500,1750,1496,per_session_robust_mad_cf,23.954455137252808,4,cross,shaft_car,multi_stft,2.0,256.0,0.3333333333333333,0.3333333333333333
3,1,pitch,0,-0.0,1.0,0.774,0.4857142857142857,0.8646220408163264,0.4892839183673469,2,3500,1750,1496,per_session_robust_mad_cf,22.019792795181274,4,cross,shaft_car,multi_stft,2.0,256.0,0.3333333333333333,0.3333333333333333
3,1,word_index,0,-0.0,1.0,0.99906015037594,0.6336515513126492,0.9999964667307366,0.7033310359362273,2,2128,838,1496,per_session_robust_mad_cf,19.054327726364136,4,cross,shaft_car,multi_stft,2.0,256.0,0.3333333333333333,0.3333333333333333
3,1,word_gap,0,-0.0,1.0,0.8129315756434401,0.5134123518402994,0.8937843649771895,0.5309977241664876,2,3186,1603,1496,per_session_robust_mad_cf,17.499282836914062,4,cross,shaft_car,multi_stft,2.0,256.0,0.3333333333333333,0.3333333333333333
3,1,gpt2_surprisal,0,-0.0,1.0,0.8108571428571428,0.556,0.8966932244897958,0.5802383673469389,2,3500,1750,1496,per_session_robust_mad_cf,27.16054630279541,4,cross,shaft_car,multi_stft,2.0,256.0,0.3333333333333333,0.3333333333333333
3,1,word_head_pos,0,-0.0,1.0,0.8051428571428572,0.5325714285714286,0.891457306122449,0.5600483265306122,2,3500,1750,1496,per_session_robust_mad_cf,17.326138496398926,4,cross,shaft_car,multi_stft,2.0,256.0,0.3333333333333333,0.3333333333333333
3,1,word_part_speech,0,-0.0,1.0,0.9723282442748092,0.498158379373849,0.9962378357904552,0.4871035682671469,2,2096,1086,1496,per_session_robust_mad_cf,17.674509286880493,4,cross,shaft_car,multi_stft,2.0,256.0,0.3333333333333333,0.3333333333333333
3,1,word_length,0,-0.0,1.0,0.81,0.496,0.8914122448979592,0.508482612244898,2,3500,1750,1496,per_session_robust_mad_cf,20.541503190994263,4,cross,shaft_car,multi_stft,2.0,256.0,0.3333333333333333,0.3333333333333333
3,1,global_flow,0,-0.0,1.0,0.83,0.5502857142857143,0.9110177959183674,0.5723833469387756,2,3500,1750,1496,per_session_robust_mad_cf,22.010777473449707,4,cross,shaft_car,multi_stft,2.0,256.0,0.3333333333333333,0.3333333333333333
3,1,local_flow,0,-0.0,1.0,0.8205714285714286,0.5502857142857143,0.8954409795918368,0.5898435918367346,2,3500,1750,1496,per_session_robust_mad_cf,18.186342477798465,4,cross,shaft_car,multi_stft,2.0,256.0,0.3333333333333333,0.3333333333333333
3,1,frame_brightness,0,-0.0,1.0,0.8054285714285714,0.4902857142857142,0.8856009795918367,0.4828604081632653,2,3500,1750,1496,per_session_robust_mad_cf,33.390941858291626,4,cross,shaft_car,multi_stft,2.0,256.0,0.3333333333333333,0.3333333333333333
3,1,face_num,0,-0.0,1.0,0.79,0.5091428571428571,0.8695118367346939,0.4946102857142858,2,3500,1750,1496,per_session_robust_mad_cf,21.896588563919067,4,cross,shaft_car,multi_stft,2.0,256.0,0.3333333333333333,0.3333333333333333
4,0,onset,0,-0.0,1.0,1.0,0.6240530303030303,1.0,0.6530432162534435,2,2992,1056,3366,per_session_robust_mad_cf,6.210066080093384,4,cross,shaft_car,multi_stft,2.0,256.0,0.3333333333333333,0.3333333333333333
4,0,speech,0,-0.0,1.0,1.0,0.6125714285714285,1.0,0.648029387755102,2,3500,1750,3366,per_session_robust_mad_cf,5.817363500595093,4,cross,shaft_car,multi_stft,2.0,256.0,0.3333333333333333,0.3333333333333333
4,0,volume,0,-0.0,1.0,1.0,0.5473496128648004,1.0,0.5649749560133945,2,3500,1679,3366,per_session_robust_mad_cf,13.717817783355711,4,cross,shaft_car,multi_stft,2.0,256.0,0.3333333333333333,0.3333333333333333
4,0,delta_volume,0,-0.0,1.0,1.0,0.5801072066706373,1.0,0.6208028264941257,2,3500,1679,3366,per_session_robust_mad_cf,25.00697660446167,4,cross,shaft_car,multi_stft,2.0,256.0,0.3333333333333333,0.3333333333333333
4,0,pitch,0,-0.0,1.0,1.0,0.5092316855270994,1.0,0.5151012401384869,2,3500,1679,3366,per_session_robust_mad_cf,30.851725339889526,4,cross,shaft_car,multi_stft,2.0,256.0,0.3333333333333333,0.3333333333333333
4,0,word_index,0,-0.0,1.0,1.0,0.6264900662251656,1.0,0.6837466492638906,2,2128,755,3366,per_session_robust_mad_cf,5.862058401107788,4,cross,shaft_car,multi_stft,2.0,256.0,0.3333333333333333,0.3333333333333333
4,0,word_gap,0,-0.0,1.0,1.0,0.5229357798165137,1.0,0.5313976675989895,2,3186,1417,3366,per_session_robust_mad_cf,12.99841856956482,4,cross,shaft_car,multi_stft,2.0,256.0,0.3333333333333333,0.3333333333333333
4,0,gpt2_surprisal,0,-0.0,1.0,1.0,0.5288862418106015,1.0,0.5360264487201316,2,3500,1679,3366,per_session_robust_mad_cf,52.1699287891388,4,cross,shaft_car,multi_stft,2.0,256.0,0.3333333333333333,0.3333333333333333
4,0,word_head_pos,0,-0.0,1.0,1.0,0.5274285714285715,1.0,0.5443425306122449,2,3500,1750,3366,per_session_robust_mad_cf,27.676406383514404,4,cross,shaft_car,multi_stft,2.0,256.0,0.3333333333333333,0.3333333333333333
4,0,word_part_speech,0,-0.0,1.0,1.0,0.5345005149330587,1.0,0.5535403674006194,2,2096,971,3366,per_session_robust_mad_cf,8.948594808578491,4,cross,shaft_car,multi_stft,2.0,256.0,0.3333333333333333,0.3333333333333333
4,0,word_length,0,-0.0,1.0,1.0,0.5423122765196663,1.0,0.5491884032441141,2,3500,1678,3366,per_session_robust_mad_cf,26.12794589996338,4,cross,shaft_car,multi_stft,2.0,256.0,0.3333333333333333,0.3333333333333333
4,0,global_flow,0,-0.0,1.0,1.0,0.48302561048243,1.0,0.4886823173846416,2,3500,1679,3366,per_session_robust_mad_cf,24.013933897018436,4,cross,shaft_car,multi_stft,2.0,256.0,0.3333333333333333,0.3333333333333333
4,0,local_flow,0,-0.0,1.0,1.0,0.4687313877307921,1.0,0.4767073188035643,2,3500,1679,3366,per_session_robust_mad_cf,35.75469994544983,4,cross,shaft_car,multi_stft,2.0,256.0,0.3333333333333333,0.3333333333333333
4,0,frame_brightness,0,-0.0,1.0,1.0,0.5247170935080405,1.0,0.5092283188603213,2,3500,1679,3366,per_session_robust_mad_cf,43.34698438644409,4,cross,shaft_car,multi_stft,2.0,256.0,0.3333333333333333,0.3333333333333333
4,0,face_num,0,-0.0,1.0,1.0,0.5194621372965322,1.0,0.5153793910350161,2,3500,1413,3366,per_session_robust_mad_cf,16.31314253807068,4,cross,shaft_car,multi_stft,2.0,256.0,0.3333333333333333,0.3333333333333333
4,1,onset,0,-0.0,1.0,1.0,0.601104209799862,1.0,0.6299323680701086,2,2992,1449,3366,per_session_robust_mad_cf,3.809096813201904,4,cross,shaft_car,multi_stft,2.0,256.0,0.3333333333333333,0.3333333333333333
4,1,speech,0,-0.0,1.0,1.0,0.6005714285714285,1.0,0.6376858775510204,2,3500,1750,3366,per_session_robust_mad_cf,4.994981527328491,4,cross,shaft_car,multi_stft,2.0,256.0,0.3333333333333333,0.3333333333333333
4,1,volume,0,-0.0,1.0,1.0,0.4977142857142857,1.0,0.4922507755102041,2,3500,1750,3366,per_session_robust_mad_cf,10.762884616851808,4,cross,shaft_car,multi_stft,2.0,256.0,0.3333333333333333,0.3333333333333333
4,1,delta_volume,0,-0.0,1.0,1.0,0.5485714285714286,1.0,0.5581188571428571,2,3500,1750,3366,per_session_robust_mad_cf,17.15498685836792,4,cross,shaft_car,multi_stft,2.0,256.0,0.3333333333333333,0.3333333333333333
4,1,pitch,0,-0.0,1.0,1.0,0.5205714285714286,1.0,0.5262651428571429,2,3500,1750,3366,per_session_robust_mad_cf,24.56835174560547,4,cross,shaft_car,multi_stft,2.0,256.0,0.3333333333333333,0.3333333333333333
4,1,word_index,0,-0.0,1.0,1.0,0.5832531280076997,1.0,0.6255530235660294,2,2128,1039,3366,per_session_robust_mad_cf,4.829564094543457,4,cross,shaft_car,multi_stft,2.0,256.0,0.3333333333333333,0.3333333333333333
4,1,word_gap,0,-0.0,1.0,1.0,0.5174966352624495,1.0,0.5242555461562288,2,3186,1486,3366,per_session_robust_mad_cf,9.238776683807371,4,cross,shaft_car,multi_stft,2.0,256.0,0.3333333333333333,0.3333333333333333
4,1,gpt2_surprisal,0,-0.0,1.0,1.0,0.5165714285714286,1.0,0.5106543673469388,2,3500,1750,3366,per_session_robust_mad_cf,46.84891748428345,4,cross,shaft_car,multi_stft,2.0,256.0,0.3333333333333333,0.3333333333333333
4,1,word_head_pos,0,-0.0,1.0,1.0,0.5285714285714286,1.0,0.5256679183673469,2,3500,1750,3366,per_session_robust_mad_cf,25.597505569458008,4,cross,shaft_car,multi_stft,2.0,256.0,0.3333333333333333,0.3333333333333333
4,1,word_part_speech,0,-0.0,1.0,1.0,0.5030837004405286,1.0,0.4947695431850362,2,2096,1135,3366,per_session_robust_mad_cf,7.916107177734375,4,cross,shaft_car,multi_stft,2.0,256.0,0.3333333333333333,0.3333333333333333
4,1,word_length,0,-0.0,1.0,1.0,0.5177142857142857,1.0,0.5245234285714286,2,3500,1750,3366,per_session_robust_mad_cf,20.50286436080933,4,cross,shaft_car,multi_stft,2.0,256.0,0.3333333333333333,0.3333333333333333
4,1,global_flow,0,-0.0,1.0,1.0,0.4748571428571428,1.0,0.4681162448979591,2,3500,1750,3366,per_session_robust_mad_cf,20.43156409263611,4,cross,shaft_car,multi_stft,2.0,256.0,0.3333333333333333,0.3333333333333333
4,1,local_flow,0,-0.0,1.0,1.0,0.4497142857142857,1.0,0.4249028571428571,2,3500,1750,3366,per_session_robust_mad_cf,31.128867387771606,4,cross,shaft_car,multi_stft,2.0,256.0,0.3333333333333333,0.3333333333333333
4,1,frame_brightness,0,-0.0,1.0,1.0,0.5062857142857143,1.0,0.5067033469387756,2,3500,1750,3366,per_session_robust_mad_cf,31.599082708358765,4,cross,shaft_car,multi_stft,2.0,256.0,0.3333333333333333,0.3333333333333333
4,1,face_num,0,-0.0,1.0,1.0,0.4988571428571428,1.0,0.5021093877551022,2,3500,1750,3366,per_session_robust_mad_cf,15.92720103263855,4,cross,shaft_car,multi_stft,2.0,256.0,0.3333333333333333,0.3333333333333333
7,0,onset,0,-0.0,1.0,1.0,0.5068571428571429,1.0,0.5327983673469388,2,2992,1750,2244,per_session_robust_mad_cf,9.30858325958252,4,cross,shaft_car,multi_stft,2.0,256.0,0.3333333333333333,0.3333333333333333
7,0,speech,0,-0.0,1.0,1.0,0.5028571428571429,1.0,0.5122406530612245,2,3500,1750,2244,per_session_robust_mad_cf,32.26442670822144,4,cross,shaft_car,multi_stft,2.0,256.0,0.3333333333333333,0.3333333333333333
7,0,volume,0,-0.0,1.0,0.9942857142857144,0.5377142857142857,0.9997315918367348,0.543186612244898,2,3500,1750,2244,per_session_robust_mad_cf,61.89463448524475,4,cross,shaft_car,multi_stft,2.0,256.0,0.3333333333333333,0.3333333333333333
7,0,delta_volume,0,-0.0,1.0,0.9885714285714284,0.5142857142857142,0.9992649795918368,0.518606693877551,2,3500,1750,2244,per_session_robust_mad_cf,38.53408622741699,4,cross,shaft_car,multi_stft,2.0,256.0,0.3333333333333333,0.3333333333333333
7,0,pitch,0,-0.0,1.0,0.902,0.508,0.9641711020408164,0.5107500408163266,2,3500,1750,2244,per_session_robust_mad_cf,56.50126099586487,4,cross,shaft_car,multi_stft,2.0,256.0,0.3333333333333333,0.3333333333333333
7,0,word_index,0,-0.0,1.0,1.0,0.4900343642611683,1.0,0.5100017760781173,2,2128,1455,2244,per_session_robust_mad_cf,10.6657075881958,4,cross,shaft_car,multi_stft,2.0,256.0,0.3333333333333333,0.3333333333333333
7,0,word_gap,0,-0.0,1.0,0.9526051475204016,0.512,0.990452580321392,0.4907937959183673,2,3186,1750,2244,per_session_robust_mad_cf,25.02625250816345,4,cross,shaft_car,multi_stft,2.0,256.0,0.3333333333333333,0.3333333333333333
7,0,gpt2_surprisal,0,-0.0,1.0,0.92,0.5114285714285715,0.9766334693877552,0.5076793469387755,2,3500,1750,2244,per_session_robust_mad_cf,118.3405122756958,4,cross,shaft_car,multi_stft,2.0,256.0,0.3333333333333333,0.3333333333333333
7,0,word_head_pos,0,-0.0,1.0,0.9248571428571428,0.4908571428571429,0.976994612244898,0.4928117551020408,2,3500,1750,2244,per_session_robust_mad_cf,42.61281442642212,4,cross,shaft_car,multi_stft,2.0,256.0,0.3333333333333333,0.3333333333333333
7,0,word_part_speech,0,-0.0,1.0,1.0,0.499359795134443,1.0,0.4870590086907196,2,2096,1562,2244,per_session_robust_mad_cf,26.717493057250977,4,cross,shaft_car,multi_stft,2.0,256.0,0.3333333333333333,0.3333333333333333
7,0,word_length,0,-0.0,1.0,0.922,0.5017142857142857,0.9757384489795918,0.5003937959183673,2,3500,1750,2244,per_session_robust_mad_cf,54.956127643585205,4,cross,shaft_car,multi_stft,2.0,256.0,0.3333333333333333,0.3333333333333333
7,0,global_flow,0,-0.0,1.0,0.964,0.5182857142857142,0.995394612244898,0.5270576326530612,2,3500,1750,2244,per_session_robust_mad_cf,44.20173215866089,4,cross,shaft_car,multi_stft,2.0,256.0,0.3333333333333333,0.3333333333333333
7,0,local_flow,0,-0.0,1.0,0.9374285714285714,0.5314285714285715,0.9854435918367348,0.5256346122448979,2,3500,1750,2244,per_session_robust_mad_cf,72.83698630332947,4,cross,shaft_car,multi_stft,2.0,256.0,0.3333333333333333,0.3333333333333333
7,0,frame_brightness,0,-0.0,1.0,0.9445714285714286,0.488,0.9866125714285714,0.4773146122448979,2,3500,1750,2244,per_session_robust_mad_cf,103.11082816123962,4,cross,shaft_car,multi_stft,2.0,256.0,0.3333333333333333,0.3333333333333333
7,0,face_num,0,-0.0,1.0,0.9117142857142856,0.5017142857142857,0.9709570612244898,0.5007124897959183,2,3500,1750,2244,per_session_robust_mad_cf,34.02614784240723,4,cross,shaft_car,multi_stft,2.0,256.0,0.3333333333333333,0.3333333333333333
7,1,onset,0,-0.0,1.0,1.0,0.525879917184265,1.0,0.5301233568298724,2,2992,1449,2244,per_session_robust_mad_cf,8.0758798122406,4,cross,shaft_car,multi_stft,2.0,256.0,0.3333333333333333,0.3333333333333333
7,1,speech,0,-0.0,1.0,1.0,0.5257400257400258,1.0,0.5267578665262063,2,3500,1554,2244,per_session_robust_mad_cf,27.94880199432373,4,cross,shaft_car,multi_stft,2.0,256.0,0.3333333333333333,0.3333333333333333
7,1,volume,0,-0.0,1.0,0.9942857142857144,0.5011428571428571,0.9997315918367348,0.5054641632653061,2,3500,1750,2244,per_session_robust_mad_cf,58.247660636901855,4,cross,shaft_car,multi_stft,2.0,256.0,0.3333333333333333,0.3333333333333333
7,1,delta_volume,0,-0.0,1.0,0.9885714285714284,0.5182857142857142,0.9992649795918368,0.5272427755102042,2,3500,1750,2244,per_session_robust_mad_cf,34.8069441318512,4,cross,shaft_car,multi_stft,2.0,256.0,0.3333333333333333,0.3333333333333333
7,1,pitch,0,-0.0,1.0,0.902,0.5005714285714286,0.9641711020408164,0.5058168163265306,2,3500,1750,2244,per_session_robust_mad_cf,44.60121989250183,4,cross,shaft_car,multi_stft,2.0,256.0,0.3333333333333333,0.3333333333333333
7,1,word_index,0,-0.0,1.0,1.0,0.5168431183830606,1.0,0.5231547354379724,2,2128,1039,2244,per_session_robust_mad_cf,7.553874492645264,4,cross,shaft_car,multi_stft,2.0,256.0,0.3333333333333333,0.3333333333333333
7,1,word_gap,0,-0.0,1.0,0.9526051475204016,0.4932705248990578,0.990452580321392,0.4824245673844169,2,3186,1486,2244,per_session_robust_mad_cf,25.25176358222961,4,cross,shaft_car,multi_stft,2.0,256.0,0.3333333333333333,0.3333333333333333
7,1,gpt2_surprisal,0,-0.0,1.0,0.92,0.5045714285714286,0.9766334693877552,0.5030099591836734,2,3500,1750,2244,per_session_robust_mad_cf,102.43081212043762,4,cross,shaft_car,multi_stft,2.0,256.0,0.3333333333333333,0.3333333333333333
7,1,word_head_pos,0,-0.0,1.0,0.9248571428571428,0.516,0.976994612244898,0.5117740408163265,2,3500,1750,2244,per_session_robust_mad_cf,35.14917469024658,4,cross,shaft_car,multi_stft,2.0,256.0,0.3333333333333333,0.3333333333333333
7,1,word_part_speech,0,-0.0,1.0,1.0,0.4986784140969163,1.0,0.4861142161611644,2,2096,1135,2244,per_session_robust_mad_cf,25.771898984909058,4,cross,shaft_car,multi_stft,2.0,256.0,0.3333333333333333,0.3333333333333333
7,1,word_length,0,-0.0,1.0,0.922,0.4931428571428571,0.9757384489795918,0.4832822857142858,2,3500,1750,2244,per_session_robust_mad_cf,59.740957736968994,4,cross,shaft_car,multi_stft,2.0,256.0,0.3333333333333333,0.3333333333333333
7,1,global_flow,0,-0.0,1.0,0.964,0.5068571428571429,0.995394612244898,0.5140545306122448,2,3500,1750,2244,per_session_robust_mad_cf,37.93885517120361,4,cross,shaft_car,multi_stft,2.0,256.0,0.3333333333333333,0.3333333333333333
7,1,local_flow,0,-0.0,1.0,0.9374285714285714,0.5131428571428571,0.9854435918367348,0.5135595102040816,2,3500,1750,2244,per_session_robust_mad_cf,54.91438150405884,4,cross,shaft_car,multi_stft,2.0,256.0,0.3333333333333333,0.3333333333333333
7,1,frame_brightness,0,-0.0,1.0,0.9445714285714286,0.5171428571428571,0.9866125714285714,0.5192241632653062,2,3500,1750,2244,per_session_robust_mad_cf,94.83382725715636,4,cross,shaft_car,multi_stft,2.0,256.0,0.3333333333333333,0.3333333333333333
7,1,face_num,0,-0.0,1.0,0.9117142857142856,0.4845714285714286,0.9709570612244898,0.4964035918367347,2,3500,1750,2244,per_session_robust_mad_cf,25.650575637817383,4,cross,shaft_car,multi_stft,2.0,256.0,0.3333333333333333,0.3333333333333333
10,0,onset,0,-0.0,1.0,1.0,0.6529873264936632,1.0,0.6954664254121432,2,2992,1657,1870,per_session_robust_mad_cf,8.665755271911621,4,cross,shaft_car,multi_stft,2.0,256.0,0.3333333333333333,0.3333333333333333
10,0,speech,0,-0.0,1.0,0.992,0.5731428571428572,0.9996770612244898,0.6163180408163265,2,3500,1750,1870,per_session_robust_mad_cf,14.975305318832396,4,cross,shaft_car,multi_stft,2.0,256.0,0.3333333333333333,0.3333333333333333
10,0,volume,0,-0.0,1.0,0.9802857142857144,0.5514285714285714,0.9979379591836736,0.5563262040816326,2,3500,1750,1870,per_session_robust_mad_cf,14.90550971031189,4,cross,shaft_car,multi_stft,2.0,256.0,0.3333333333333333,0.3333333333333333
10,0,delta_volume,0,-0.0,1.0,0.9271428571428572,0.5291428571428571,0.9793939591836734,0.5469133061224489,2,3500,1750,1870,per_session_robust_mad_cf,16.434854984283447,4,cross,shaft_car,multi_stft,2.0,256.0,0.3333333333333333,0.3333333333333333
10,0,pitch,0,-0.0,1.0,0.8582857142857143,0.5045714285714286,0.9354377142857144,0.5070569795918367,2,3500,1750,1870,per_session_robust_mad_cf,18.502940893173218,4,cross,shaft_car,multi_stft,2.0,256.0,0.3333333333333333,0.3333333333333333
10,0,word_index,0,-0.0,1.0,1.0,0.543313708999159,1.0,0.570148261324732,2,2128,1189,1870,per_session_robust_mad_cf,6.07635498046875,4,cross,shaft_car,multi_stft,2.0,256.0,0.3333333333333333,0.3333333333333333
10,0,word_gap,0,-0.0,1.0,0.879472693032015,0.52,0.9509683963385008,0.5240362448979592,2,3186,1750,1870,per_session_robust_mad_cf,16.237132787704468,4,cross,shaft_car,multi_stft,2.0,256.0,0.3333333333333333,0.3333333333333333
10,0,gpt2_surprisal,0,-0.0,1.0,0.8605714285714285,0.528,0.9299673469387756,0.5416097959183674,2,3500,1750,1870,per_session_robust_mad_cf,18.699121475219727,4,cross,shaft_car,multi_stft,2.0,256.0,0.3333333333333333,0.3333333333333333
10,0,word_head_pos,0,-0.0,1.0,0.8468571428571429,0.5171428571428571,0.9281136326530612,0.5232470204081633,2,3500,1750,1870,per_session_robust_mad_cf,21.561017274856567,4,cross,shaft_car,multi_stft,2.0,256.0,0.3333333333333333,0.3333333333333333
10,0,word_part_speech,0,-0.0,1.0,1.0,0.5081206496519721,1.0,0.5096922686751427,2,2096,1293,1870,per_session_robust_mad_cf,11.72051215171814,4,cross,shaft_car,multi_stft,2.0,256.0,0.3333333333333333,0.3333333333333333
10,0,word_length,0,-0.0,1.0,0.8554285714285714,0.5148571428571429,0.9298671020408164,0.4985221224489796,2,3500,1750,1870,per_session_robust_mad_cf,18.999521255493164,4,cross,shaft_car,multi_stft,2.0,256.0,0.3333333333333333,0.3333333333333333
10,0,global_flow,0,-0.0,1.0,0.9057142857142856,0.5125714285714286,0.9704653061224492,0.5280897959183674,2,3500,1750,1870,per_session_robust_mad_cf,21.627476692199707,4,cross,shaft_car,multi_stft,2.0,256.0,0.3333333333333333,0.3333333333333333
10,0,local_flow,0,-0.0,1.0,0.8854285714285715,0.512,0.958663836734694,0.5164956734693877,2,3500,1750,1870,per_session_robust_mad_cf,20.641891956329346,4,cross,shaft_car,multi_stft,2.0,256.0,0.3333333333333333,0.3333333333333333
10,0,frame_brightness,0,-0.0,1.0,0.8708571428571429,0.48,0.9425116734693878,0.4551183673469388,2,3500,1750,1870,per_session_robust_mad_cf,17.12108588218689,4,cross,shaft_car,multi_stft,2.0,256.0,0.3333333333333333,0.3333333333333333
10,0,face_num,0,-0.0,1.0,0.832,0.4965714285714285,0.9120607346938776,0.5024222040816326,2,3500,1750,1870,per_session_robust_mad_cf,19.073503732681274,4,cross,shaft_car,multi_stft,2.0,256.0,0.3333333333333333,0.3333333333333333
10,1,onset,0,-0.0,1.0,1.0,0.5845714285714285,1.0,0.6167510204081633,2,2992,1750,1870,per_session_robust_mad_cf,8.128570079803467,4,cross,shaft_car,multi_stft,2.0,256.0,0.3333333333333333,0.3333333333333333
10,1,speech,0,-0.0,1.0,0.992,0.5828571428571429,0.9996770612244898,0.6071137959183674,2,3500,1750,1870,per_session_robust_mad_cf,15.50698709487915,4,cross,shaft_car,multi_stft,2.0,256.0,0.3333333333333333,0.3333333333333333
10,1,volume,0,-0.0,1.0,0.9802857142857144,0.6125714285714285,0.9979379591836736,0.6493805714285714,2,3500,1750,1870,per_session_robust_mad_cf,14.387246131896973,4,cross,shaft_car,multi_stft,2.0,256.0,0.3333333333333333,0.3333333333333333
10,1,delta_volume,0,-0.0,1.0,0.9271428571428572,0.5902857142857143,0.9793939591836734,0.6125126530612246,2,3500,1750,1870,per_session_robust_mad_cf,17.225070476531982,4,cross,shaft_car,multi_stft,2.0,256.0,0.3333333333333333,0.3333333333333333
10,1,pitch,0,-0.0,1.0,0.8582857142857143,0.512,0.9354377142857144,0.5340538775510204,2,3500,1750,1870,per_session_robust_mad_cf,19.37499952316284,4,cross,shaft_car,multi_stft,2.0,256.0,0.3333333333333333,0.3333333333333333
10,1,word_index,0,-0.0,1.0,1.0,0.536979969183359,1.0,0.5533237100576684,2,2128,1298,1870,per_session_robust_mad_cf,7.862431287765503,4,cross,shaft_car,multi_stft,2.0,256.0,0.3333333333333333,0.3333333333333333
10,1,word_gap,0,-0.0,1.0,0.879472693032015,0.492,0.9509683963385008,0.4893100408163265,2,3186,1750,1870,per_session_robust_mad_cf,18.70028686523437,4,cross,shaft_car,multi_stft,2.0,256.0,0.3333333333333333,0.3333333333333333
10,1,gpt2_surprisal,0,-0.0,1.0,0.8605714285714285,0.4948571428571429,0.9299673469387756,0.5036199183673469,2,3500,1750,1870,per_session_robust_mad_cf,22.361379146575928,4,cross,shaft_car,multi_stft,2.0,256.0,0.3333333333333333,0.3333333333333333
10,1,word_head_pos,0,-0.0,1.0,0.8468571428571429,0.4954285714285714,0.9281136326530612,0.4974955102040816,2,3500,1750,1870,per_session_robust_mad_cf,20.406053066253666,4,cross,shaft_car,multi_stft,2.0,256.0,0.3333333333333333,0.3333333333333333
10,1,word_part_speech,0,-0.0,1.0,1.0,0.5064748201438849,1.0,0.501236996014699,2,2096,1390,1870,per_session_robust_mad_cf,12.331021785736084,4,cross,shaft_car,multi_stft,2.0,256.0,0.3333333333333333,0.3333333333333333
10,1,word_length,0,-0.0,1.0,0.8554285714285714,0.5217142857142857,0.9298671020408164,0.5337756734693877,2,3500,1750,1870,per_session_robust_mad_cf,18.31311273574829,4,cross,shaft_car,multi_stft,2.0,256.0,0.3333333333333333,0.3333333333333333
10,1,global_flow,0,-0.0,1.0,0.9057142857142856,0.5228571428571429,0.9704653061224492,0.5210122448979592,2,3500,1750,1870,per_session_robust_mad_cf,20.43515110015869,4,cross,shaft_car,multi_stft,2.0,256.0,0.3333333333333333,0.3333333333333333
10,1,local_flow,0,-0.0,1.0,0.8854285714285715,0.5205714285714286,0.958663836734694,0.5255030204081632,2,3500,1750,1870,per_session_robust_mad_cf,20.130375385284424,4,cross,shaft_car,multi_stft,2.0,256.0,0.3333333333333333,0.3333333333333333
10,1,frame_brightness,0,-0.0,1.0,0.8708571428571429,0.5137142857142857,0.9425116734693878,0.5304855510204082,2,3500,1750,1870,per_session_robust_mad_cf,18.32796597480774,4,cross,shaft_car,multi_stft,2.0,256.0,0.3333333333333333,0.3333333333333333
10,1,face_num,0,-0.0,1.0,0.832,0.5068571428571429,0.9120607346938776,0.5057384489795917,2,3500,1750,1870,per_session_robust_mad_cf,15.255096912384031,4,cross,shaft_car,multi_stft,2.0,256.0,0.3333333333333333,0.3333333333333333
1,1,onset,0,-0.0,1.0,1.0,0.9068877551020408,1.0,0.963869221157851,2,1567,784,59160,per_session_robust_mad_cf,8.459954738616943,5,within,shaft_car,multi_stft,2.0,256.0,0.25,0.25
1,1,onset,1,-0.0,1.0,1.0,0.8392857142857143,1.0,0.8981934610578926,2,1567,784,59160,per_session_robust_mad_cf,8.528205156326294,5,within,shaft_car,multi_stft,2.0,256.0,0.25,0.25
1,1,speech,0,-0.0,1.0,1.0,0.9165714285714286,1.0,0.9772316437311264,2,1750,875,59160,per_session_robust_mad_cf,8.366647720336914,5,within,shaft_car,multi_stft,2.0,256.0,0.25,0.25
1,1,speech,1,-0.0,1.0,1.0,0.824,1.0,0.872151343218081,2,1750,875,59160,per_session_robust_mad_cf,7.716460227966309,5,within,shaft_car,multi_stft,2.0,256.0,0.25,0.25
1,1,volume,0,-0.0,1.0,1.0,0.7691428571428571,1.0,0.842916366258111,2,1750,875,59160,per_session_robust_mad_cf,7.287678956985474,5,within,shaft_car,multi_stft,2.0,256.0,0.25,0.25
1,1,volume,1,-0.0,1.0,1.0,0.7988571428571428,1.0,0.8682799912228456,2,1750,875,59160,per_session_robust_mad_cf,5.7515504360198975,5,within,shaft_car,multi_stft,2.0,256.0,0.25,0.25
1,1,delta_volume,0,-0.0,1.0,1.0,0.76,1.0,0.8435681222114251,2,1750,875,59160,per_session_robust_mad_cf,9.114100217819214,5,within,shaft_car,multi_stft,2.0,256.0,0.25,0.25
1,1,delta_volume,1,-0.0,1.0,1.0,0.7645714285714286,1.0,0.8473767802472232,2,1750,875,59160,per_session_robust_mad_cf,7.539408206939697,5,within,shaft_car,multi_stft,2.0,256.0,0.25,0.25
1,1,pitch,0,-0.0,1.0,1.0,0.5245714285714286,1.0,0.5338129421230264,2,1750,875,59160,per_session_robust_mad_cf,9.16118574142456,5,within,shaft_car,multi_stft,2.0,256.0,0.25,0.25
1,1,pitch,1,-0.0,1.0,1.0,0.528,1.0,0.5501029225834091,2,1750,875,59160,per_session_robust_mad_cf,8.0709388256073,5,within,shaft_car,multi_stft,2.0,256.0,0.25,0.25
1,1,word_index,0,-0.0,1.0,1.0,0.7250859106529209,1.0,0.789480521014159,2,1163,582,59160,per_session_robust_mad_cf,6.069467544555664,5,within,shaft_car,multi_stft,2.0,256.0,0.25,0.25
1,1,word_index,1,-0.0,1.0,1.0,0.7268041237113402,1.0,0.7949008632396877,2,1163,582,59160,per_session_robust_mad_cf,5.013014793395996,5,within,shaft_car,multi_stft,2.0,256.0,0.25,0.25
1,1,word_gap,0,-0.0,1.0,1.0,0.5725714285714286,1.0,0.6191968903796119,2,1750,875,59160,per_session_robust_mad_cf,6.681711196899414,5,within,shaft_car,multi_stft,2.0,256.0,0.25,0.25
1,1,word_gap,1,-0.0,1.0,1.0,0.544,1.0,0.5865699089892689,2,1750,875,59160,per_session_robust_mad_cf,7.671892881393433,5,within,shaft_car,multi_stft,2.0,256.0,0.25,0.25
1,1,gpt2_surprisal,0,-0.0,1.0,1.0,0.5805714285714285,1.0,0.5922541613115577,2,1750,875,59160,per_session_robust_mad_cf,7.285768508911133,5,within,shaft_car,multi_stft,2.0,256.0,0.25,0.25
1,1,gpt2_surprisal,1,-0.0,1.0,1.0,0.6022857142857143,1.0,0.6413539805439745,2,1750,875,59160,per_session_robust_mad_cf,6.9306700229644775,5,within,shaft_car,multi_stft,2.0,256.0,0.25,0.25
1,1,word_head_pos,0,-0.0,1.0,1.0,0.608,1.0,0.6348586251214695,2,1750,875,59160,per_session_robust_mad_cf,7.7436203956604,5,within,shaft_car,multi_stft,2.0,256.0,0.25,0.25
1,1,word_head_pos,1,-0.0,1.0,1.0,0.5988571428571429,1.0,0.6497810935916325,2,1750,875,59160,per_session_robust_mad_cf,7.150792598724365,5,within,shaft_car,multi_stft,2.0,256.0,0.25,0.25
1,1,word_part_speech,0,-0.0,1.0,1.0,0.5877403846153846,1.0,0.6251560188609468,2,1664,832,59160,per_session_robust_mad_cf,6.597833633422852,5,within,shaft_car,multi_stft,2.0,256.0,0.25,0.25
1,1,word_part_speech,1,-0.0,1.0,1.0,0.5745192307692307,1.0,0.6035965236686391,2,1664,832,59160,per_session_robust_mad_cf,6.571767807006836,5,within,shaft_car,multi_stft,2.0,256.0,0.25,0.25
1,1,word_length,0,-0.0,1.0,1.0,0.5611428571428572,1.0,0.5781375714449912,2,1750,875,59160,per_session_robust_mad_cf,6.37682580947876,5,within,shaft_car,multi_stft,2.0,256.0,0.25,0.25
1,1,word_length,1,-0.0,1.0,1.0,0.5691428571428572,1.0,0.5921914673521207,2,1750,875,59160,per_session_robust_mad_cf,7.933393478393555,5,within,shaft_car,multi_stft,2.0,256.0,0.25,0.25
1,1,global_flow,0,-0.0,1.0,1.0,0.6331428571428571,1.0,0.6755744334033416,2,1750,875,59160,per_session_robust_mad_cf,10.193254947662354,5,within,shaft_car,multi_stft,2.0,256.0,0.25,0.25
1,1,global_flow,1,-0.0,1.0,1.0,0.616,1.0,0.6338672768878719,2,1750,875,59160,per_session_robust_mad_cf,8.354794979095459,5,within,shaft_car,multi_stft,2.0,256.0,0.25,0.25
1,1,local_flow,0,-0.0,1.0,1.0,0.6022857142857143,1.0,0.640256836253827,2,1750,875,59160,per_session_robust_mad_cf,9.409408330917358,5,within,shaft_car,multi_stft,2.0,256.0,0.25,0.25
1,1,local_flow,1,-0.0,1.0,1.0,0.5714285714285714,1.0,0.6098972863964557,2,1750,875,59160,per_session_robust_mad_cf,10.594001770019531,5,within,shaft_car,multi_stft,2.0,256.0,0.25,0.25
1,1,frame_brightness,0,-0.0,1.0,1.0,0.5017142857142857,1.0,0.5109609939082369,2,1750,875,59160,per_session_robust_mad_cf,8.157319784164429,5,within,shaft_car,multi_stft,2.0,256.0,0.25,0.25
1,1,frame_brightness,1,-0.0,1.0,1.0,0.5794285714285714,1.0,0.5944327764019937,2,1750,875,59160,per_session_robust_mad_cf,7.733400821685791,5,within,shaft_car,multi_stft,2.0,256.0,0.25,0.25
1,1,face_num,0,-0.0,1.0,1.0,0.5565714285714286,1.0,0.5895060760895688,2,1750,875,59160,per_session_robust_mad_cf,8.286739349365234,5,within,shaft_car,multi_stft,2.0,256.0,0.25,0.25
1,1,face_num,1,-0.0,1.0,1.0,0.5508571428571428,1.0,0.5784196942624578,2,1750,875,59160,per_session_robust_mad_cf,7.006439924240112,5,within,shaft_car,multi_stft,2.0,256.0,0.25,0.25
1,2,onset,0,-0.0,1.0,1.0,0.8902606310013718,1.0,0.928330573536053,2,1458,729,59160,per_session_robust_mad_cf,11.1495099067688,5,within,shaft_car,multi_stft,2.0,256.0,0.25,0.25
1,2,onset,1,-0.0,1.0,1.0,0.9314128943758574,1.0,0.9724070450097848,2,1458,729,59160,per_session_robust_mad_cf,7.5642783641815186,5,within,shaft_car,multi_stft,2.0,256.0,0.25,0.25
1,2,speech,0,-0.0,1.0,1.0,0.8994285714285715,1.0,0.9334346885677564,2,1750,875,59160,per_session_robust_mad_cf,8.535856246948242,5,within,shaft_car,multi_stft,2.0,256.0,0.25,0.25
1,2,speech,1,-0.0,1.0,1.0,0.9314285714285714,1.0,0.9683343259876912,2,1750,875,59160,per_session_robust_mad_cf,7.9915831089019775,5,within,shaft_car,multi_stft,2.0,256.0,0.25,0.25
1,2,volume,0,-0.0,1.0,1.0,0.7771428571428571,1.0,0.8659185187507183,2,1750,875,59160,per_session_robust_mad_cf,14.0101158618927,5,within,shaft_car,multi_stft,2.0,256.0,0.25,0.25
1,2,volume,1,-0.0,1.0,1.0,0.8137142857142857,1.0,0.9040259970951798,2,1750,875,59160,per_session_robust_mad_cf,13.355363368988035,5,within,shaft_car,multi_stft,2.0,256.0,0.25,0.25
1,2,delta_volume,0,-0.0,1.0,1.0,0.7222857142857143,1.0,0.794238425127739,2,1750,875,59160,per_session_robust_mad_cf,13.371873140335085,5,within,shaft_car,multi_stft,2.0,256.0,0.25,0.25
1,2,delta_volume,1,-0.0,1.0,1.0,0.7108571428571429,1.0,0.7845522083947212,2,1750,875,59160,per_session_robust_mad_cf,13.373796701431274,5,within,shaft_car,multi_stft,2.0,256.0,0.25,0.25
1,2,pitch,0,-0.0,1.0,1.0,0.584,1.0,0.6293324138219283,2,1750,875,59160,per_session_robust_mad_cf,14.430723190307615,5,within,shaft_car,multi_stft,2.0,256.0,0.25,0.25
1,2,pitch,1,-0.0,1.0,1.0,0.5885714285714285,1.0,0.625670041691483,2,1750,875,59160,per_session_robust_mad_cf,13.555599927902222,5,within,shaft_car,multi_stft,2.0,256.0,0.25,0.25
1,2,word_index,0,-0.0,1.0,1.0,0.6039215686274509,1.0,0.6179315647827759,2,1020,510,59160,per_session_robust_mad_cf,4.7780070304870605,5,within,shaft_car,multi_stft,2.0,256.0,0.25,0.25
1,2,word_index,1,-0.0,1.0,1.0,0.5509803921568628,1.0,0.6082583621683968,2,1020,510,59160,per_session_robust_mad_cf,3.518084049224853,5,within,shaft_car,multi_stft,2.0,256.0,0.25,0.25
1,2,word_gap,0,-0.0,1.0,1.0,0.546189376443418,1.0,0.571372187168314,2,1732,866,59160,per_session_robust_mad_cf,8.09975814819336,5,within,shaft_car,multi_stft,2.0,256.0,0.25,0.25
1,2,word_gap,1,-0.0,1.0,1.0,0.5438799076212472,1.0,0.5523737392593698,2,1732,866,59160,per_session_robust_mad_cf,8.182279825210571,5,within,shaft_car,multi_stft,2.0,256.0,0.25,0.25
1,2,gpt2_surprisal,0,-0.0,1.0,1.0,0.6114285714285714,1.0,0.6381304661295883,2,1750,875,59160,per_session_robust_mad_cf,9.65582275390625,5,within,shaft_car,multi_stft,2.0,256.0,0.25,0.25
1,2,gpt2_surprisal,1,-0.0,1.0,1.0,0.584,1.0,0.6293324138219283,2,1750,875,59160,per_session_robust_mad_cf,8.895705461502075,5,within,shaft_car,multi_stft,2.0,256.0,0.25,0.25
1,2,word_head_pos,0,-0.0,1.0,1.0,0.5577142857142857,1.0,0.5857757855030667,2,1750,875,59160,per_session_robust_mad_cf,9.525585412979126,5,within,shaft_car,multi_stft,2.0,256.0,0.25,0.25
1,2,word_head_pos,1,-0.0,1.0,1.0,0.584,1.0,0.6112399820277317,2,1750,875,59160,per_session_robust_mad_cf,9.325677633285522,5,within,shaft_car,multi_stft,2.0,256.0,0.25,0.25
1,2,word_part_speech,0,-0.0,1.0,1.0,0.6254480286738351,1.0,0.6508395318662401,2,1115,558,59160,per_session_robust_mad_cf,3.515141487121582,5,within,shaft_car,multi_stft,2.0,256.0,0.25,0.25
1,2,word_part_speech,1,-0.0,1.0,1.0,0.5842293906810035,1.0,0.6283578062974525,2,1115,558,59160,per_session_robust_mad_cf,3.603991270065308,5,within,shaft_car,multi_stft,2.0,256.0,0.25,0.25
1,2,word_length,0,-0.0,1.0,1.0,0.608,1.0,0.6495303177538845,2,1750,875,59160,per_session_robust_mad_cf,9.901938199996948,5,within,shaft_car,multi_stft,2.0,256.0,0.25,0.25
1,2,word_length,1,-0.0,1.0,1.0,0.5828571428571429,1.0,0.63306792890505,2,1750,875,59160,per_session_robust_mad_cf,8.918373584747314,5,within,shaft_car,multi_stft,2.0,256.0,0.25,0.25
1,2,global_flow,0,-0.0,1.0,1.0,0.6285714285714286,1.0,0.6779829263450468,2,1750,875,59160,per_session_robust_mad_cf,9.962077856063845,5,within,shaft_car,multi_stft,2.0,256.0,0.25,0.25
1,2,global_flow,1,-0.0,1.0,1.0,0.6914285714285714,1.0,0.7456349330741984,2,1750,875,59160,per_session_robust_mad_cf,9.886546850204468,5,within,shaft_car,multi_stft,2.0,256.0,0.25,0.25
1,2,local_flow,0,-0.0,1.0,1.0,0.6514285714285715,1.0,0.6944400906972612,2,1750,875,59160,per_session_robust_mad_cf,13.765911102294922,5,within,shaft_car,multi_stft,2.0,256.0,0.25,0.25
1,2,local_flow,1,-0.0,1.0,1.0,0.64,1.0,0.6964149504195272,2,1750,875,59160,per_session_robust_mad_cf,13.137951612472534,5,within,shaft_car,multi_stft,2.0,256.0,0.25,0.25
1,2,frame_brightness,0,-0.0,1.0,1.0,0.4388571428571428,1.0,0.4041461605174341,2,1750,875,59160,per_session_robust_mad_cf,10.55347466468811,5,within,shaft_car,multi_stft,2.0,256.0,0.25,0.25
1,2,frame_brightness,1,-0.0,1.0,1.0,0.4777142857142857,1.0,0.4610252552166599,2,1750,875,59160,per_session_robust_mad_cf,8.726436138153076,5,within,shaft_car,multi_stft,2.0,256.0,0.25,0.25
1,2,face_num,0,-0.0,1.0,1.0,0.5177142857142857,1.0,0.5221518656677429,2,1750,875,59160,per_session_robust_mad_cf,7.0900983810424805,5,within,shaft_car,multi_stft,2.0,256.0,0.25,0.25
1,2,face_num,1,-0.0,1.0,1.0,0.5245714285714286,1.0,0.5357564548655737,2,1750,875,59160,per_session_robust_mad_cf,7.286105394363403,5,within,shaft_car,multi_stft,2.0,256.0,0.25,0.25
2,0,onset,0,-0.0,1.0,1.0,0.8799392097264438,1.0,0.9475152668582144,2,1315,658,58667,per_session_robust_mad_cf,8.02055835723877,5,within,shaft_car,multi_stft,2.0,256.0,0.25,0.25
2,0,onset,1,-0.0,1.0,1.0,0.9133738601823708,1.0,0.9530030210363912,2,1315,658,58667,per_session_robust_mad_cf,7.6029839515686035,5,within,shaft_car,multi_stft,2.0,256.0,0.25,0.25
2,0,speech,0,-0.0,1.0,1.0,0.8925714285714286,1.0,0.947885646217987,2,1750,875,58667,per_session_robust_mad_cf,10.11843490600586,5,within,shaft_car,multi_stft,2.0,256.0,0.25,0.25
2,0,speech,1,-0.0,1.0,1.0,0.9302857142857144,1.0,0.9747761303198436,2,1750,875,58667,per_session_robust_mad_cf,9.18475890159607,5,within,shaft_car,multi_stft,2.0,256.0,0.25,0.25
2,0,volume,0,-0.0,1.0,1.0,0.8045714285714286,1.0,0.9006144008024826,2,1750,875,58667,per_session_robust_mad_cf,9.551626443862917,5,within,shaft_car,multi_stft,2.0,256.0,0.25,0.25
2,0,volume,1,-0.0,1.0,1.0,0.7497142857142857,1.0,0.8334169252792494,2,1750,875,58667,per_session_robust_mad_cf,10.449306726455688,5,within,shaft_car,multi_stft,2.0,256.0,0.25,0.25
2,0,delta_volume,0,-0.0,1.0,1.0,0.776,1.0,0.831473412536702,2,1750,875,58667,per_session_robust_mad_cf,10.735189437866213,5,within,shaft_car,multi_stft,2.0,256.0,0.25,0.25
2,0,delta_volume,1,-0.0,1.0,1.0,0.7462857142857143,1.0,0.8369330115043416,2,1750,875,58667,per_session_robust_mad_cf,10.245630979537964,5,within,shaft_car,multi_stft,2.0,256.0,0.25,0.25
2,0,pitch,0,-0.0,1.0,1.0,0.5908571428571429,1.0,0.6552354680626522,2,1750,875,58667,per_session_robust_mad_cf,10.40961766242981,5,within,shaft_car,multi_stft,2.0,256.0,0.25,0.25
2,0,pitch,1,-0.0,1.0,1.0,0.6205714285714286,1.0,0.6717187548979655,2,1750,875,58667,per_session_robust_mad_cf,9.979636430740356,5,within,shaft_car,multi_stft,2.0,256.0,0.25,0.25
2,0,word_index,0,-0.0,1.0,1.0,0.7196652719665272,1.0,0.7748988988288021,2,955,478,58667,per_session_robust_mad_cf,5.929465055465698,5,within,shaft_car,multi_stft,2.0,256.0,0.25,0.25
2,0,word_index,1,-0.0,1.0,1.0,0.7071129707112971,1.0,0.7816389769086676,2,955,478,58667,per_session_robust_mad_cf,6.105377435684204,5,within,shaft_car,multi_stft,2.0,256.0,0.25,0.25
2,0,word_gap,0,-0.0,1.0,1.0,0.6569037656903766,1.0,0.6883957610370208,2,1433,717,58667,per_session_robust_mad_cf,8.835152626037598,5,within,shaft_car,multi_stft,2.0,256.0,0.25,0.25
2,0,word_gap,1,-0.0,1.0,1.0,0.6150627615062761,1.0,0.6742814459781206,2,1433,717,58667,per_session_robust_mad_cf,8.457179069519043,5,within,shaft_car,multi_stft,2.0,256.0,0.25,0.25
2,0,gpt2_surprisal,0,-0.0,1.0,1.0,0.6091428571428571,1.0,0.6408367553786192,2,1750,875,58667,per_session_robust_mad_cf,9.57080340385437,5,within,shaft_car,multi_stft,2.0,256.0,0.25,0.25
2,0,gpt2_surprisal,1,-0.0,1.0,1.0,0.5885714285714285,1.0,0.6240138762630221,2,1750,875,58667,per_session_robust_mad_cf,9.741464853286743,5,within,shaft_car,multi_stft,2.0,256.0,0.25,0.25
2,0,word_head_pos,0,-0.0,1.0,1.0,0.5931428571428572,1.0,0.6390917735076225,2,1750,875,58667,per_session_robust_mad_cf,10.264971733093262,5,within,shaft_car,multi_stft,2.0,256.0,0.25,0.25
2,0,word_head_pos,1,-0.0,1.0,1.0,0.608,1.0,0.6283920044303732,2,1750,875,58667,per_session_robust_mad_cf,9.5362446308136,5,within,shaft_car,multi_stft,2.0,256.0,0.25,0.25
2,0,word_part_speech,0,-0.0,1.0,1.0,0.5623529411764706,1.0,0.575272389051289,2,850,425,58667,per_session_robust_mad_cf,6.004167318344116,5,within,shaft_car,multi_stft,2.0,256.0,0.25,0.25
2,0,word_part_speech,1,-0.0,1.0,1.0,0.571764705882353,1.0,0.5738772256178581,2,850,425,58667,per_session_robust_mad_cf,5.750791549682617,5,within,shaft_car,multi_stft,2.0,256.0,0.25,0.25
2,0,word_length,0,-0.0,1.0,1.0,0.6217142857142857,1.0,0.6610973532700124,2,1750,875,58667,per_session_robust_mad_cf,10.434626340866089,5,within,shaft_car,multi_stft,2.0,256.0,0.25,0.25
2,0,word_length,1,-0.0,1.0,1.0,0.6651428571428571,1.0,0.725525845584778,2,1750,875,58667,per_session_robust_mad_cf,9.571897506713867,5,within,shaft_car,multi_stft,2.0,256.0,0.25,0.25
2,0,global_flow,0,-0.0,1.0,1.0,0.6102857142857143,1.0,0.6334806641380103,2,1750,875,58667,per_session_robust_mad_cf,9.522706747055054,5,within,shaft_car,multi_stft,2.0,256.0,0.25,0.25
2,0,global_flow,1,-0.0,1.0,1.0,0.5828571428571429,1.0,0.6435482691242699,2,1750,875,58667,per_session_robust_mad_cf,8.913715839385986,5,within,shaft_car,multi_stft,2.0,256.0,0.25,0.25
2,0,local_flow,0,-0.0,1.0,1.0,0.5554285714285714,1.0,0.568357313772818,2,1750,875,58667,per_session_robust_mad_cf,9.485679626464844,5,within,shaft_car,multi_stft,2.0,256.0,0.25,0.25
2,0,local_flow,1,-0.0,1.0,1.0,0.624,1.0,0.6518656677429129,2,1750,875,58667,per_session_robust_mad_cf,10.169954538345335,5,within,shaft_car,multi_stft,2.0,256.0,0.25,0.25
2,0,frame_brightness,0,-0.0,1.0,1.0,0.5657142857142857,1.0,0.5668631077395694,2,1750,875,58667,per_session_robust_mad_cf,9.996692895889282,5,within,shaft_car,multi_stft,2.0,256.0,0.25,0.25
2,0,frame_brightness,1,-0.0,1.0,1.0,0.5131428571428571,1.0,0.5141374878530454,2,1750,875,58667,per_session_robust_mad_cf,9.82999849319458,5,within,shaft_car,multi_stft,2.0,256.0,0.25,0.25
2,0,face_num,0,-0.0,1.0,1.0,0.5074285714285715,1.0,0.522402641505491,2,1750,875,58667,per_session_robust_mad_cf,12.527928590774536,5,within,shaft_car,multi_stft,2.0,256.0,0.25,0.25
2,0,face_num,1,-0.0,1.0,1.0,0.5508571428571428,1.0,0.5685192731680303,2,1750,875,58667,per_session_robust_mad_cf,14.722576379776,5,within,shaft_car,multi_stft,2.0,256.0,0.25,0.25
2,4,onset,0,-0.0,1.0,1.0,0.7633689839572193,1.0,0.8348680259658554,2,1496,748,58667,per_session_robust_mad_cf,5.540598154067993,5,within,shaft_car,multi_stft,2.0,256.0,0.25,0.25
2,4,onset,1,-0.0,1.0,1.0,0.8743315508021391,1.0,0.9269031141868512,2,1496,748,58667,per_session_robust_mad_cf,4.925930023193359,5,within,shaft_car,multi_stft,2.0,256.0,0.25,0.25
2,4,speech,0,-0.0,1.0,1.0,0.7748571428571429,1.0,0.8491687825877977,2,1750,875,58667,per_session_robust_mad_cf,7.743783712387085,5,within,shaft_car,multi_stft,2.0,256.0,0.25,0.25
2,4,speech,1,-0.0,1.0,1.0,0.8822857142857143,1.0,0.9272750070530704,2,1750,875,58667,per_session_robust_mad_cf,5.98622465133667,5,within,shaft_car,multi_stft,2.0,256.0,0.25,0.25
2,4,volume,0,-0.0,1.0,1.0,0.7337142857142858,1.0,0.7955706717657753,2,1750,875,58667,per_session_robust_mad_cf,5.867509365081787,5,within,shaft_car,multi_stft,2.0,256.0,0.25,0.25
2,4,volume,1,-0.0,1.0,1.0,0.7805714285714286,1.0,0.8664331316677638,2,1750,875,58667,per_session_robust_mad_cf,5.906012773513794,5,within,shaft_car,multi_stft,2.0,256.0,0.25,0.25
2,4,delta_volume,0,-0.0,1.0,1.0,0.7417142857142857,1.0,0.8113225290743237,2,1750,875,58667,per_session_robust_mad_cf,5.319080829620361,5,within,shaft_car,multi_stft,2.0,256.0,0.25,0.25
2,4,delta_volume,1,-0.0,1.0,1.0,0.7005714285714286,1.0,0.7683510443768743,2,1750,875,58667,per_session_robust_mad_cf,5.352081775665283,5,within,shaft_car,multi_stft,2.0,256.0,0.25,0.25
2,4,pitch,0,-0.0,1.0,1.0,0.5565714285714286,1.0,0.5788951234548552,2,1750,875,58667,per_session_robust_mad_cf,5.8487770557403564,5,within,shaft_car,multi_stft,2.0,256.0,0.25,0.25
2,4,pitch,1,-0.0,1.0,1.0,0.6514285714285715,1.0,0.6849236701043855,2,1750,875,58667,per_session_robust_mad_cf,5.962932348251343,5,within,shaft_car,multi_stft,2.0,256.0,0.25,0.25
2,4,word_index,0,-0.0,1.0,1.0,0.7011278195488722,1.0,0.7640800780145853,2,1064,532,58667,per_session_robust_mad_cf,5.169079542160034,5,within,shaft_car,multi_stft,2.0,256.0,0.25,0.25
2,4,word_index,1,-0.0,1.0,1.0,0.7593984962406015,1.0,0.8278909209113008,2,1064,532,58667,per_session_robust_mad_cf,4.008563995361328,5,within,shaft_car,multi_stft,2.0,256.0,0.25,0.25
2,4,word_gap,0,-0.0,1.0,1.0,0.5495608531994981,1.0,0.5468193095804839,2,1593,797,58667,per_session_robust_mad_cf,5.59833574295044,5,within,shaft_car,multi_stft,2.0,256.0,0.25,0.25
2,4,word_gap,1,-0.0,1.0,1.0,0.588456712672522,1.0,0.6178763491643682,2,1593,797,58667,per_session_robust_mad_cf,5.452559232711792,5,within,shaft_car,multi_stft,2.0,256.0,0.25,0.25
2,4,gpt2_surprisal,0,-0.0,1.0,1.0,0.6022857142857143,1.0,0.6526989749537633,2,1750,875,58667,per_session_robust_mad_cf,6.65688419342041,5,within,shaft_car,multi_stft,2.0,256.0,0.25,0.25
2,4,gpt2_surprisal,1,-0.0,1.0,1.0,0.6148571428571429,1.0,0.6728759808992404,2,1750,875,58667,per_session_robust_mad_cf,5.988980770111084,5,within,shaft_car,multi_stft,2.0,256.0,0.25,0.25
2,4,word_head_pos,0,-0.0,1.0,1.0,0.5634285714285714,1.0,0.5989924558268811,2,1750,875,58667,per_session_robust_mad_cf,6.7646894454956055,5,within,shaft_car,multi_stft,2.0,256.0,0.25,0.25
2,4,word_head_pos,1,-0.0,1.0,1.0,0.592,1.0,0.6389559365955089,2,1750,875,58667,per_session_robust_mad_cf,5.482292413711548,5,within,shaft_car,multi_stft,2.0,256.0,0.25,0.25
2,4,word_part_speech,0,-0.0,1.0,1.0,0.6221374045801527,1.0,0.6611211467863177,2,1048,524,58667,per_session_robust_mad_cf,4.682448625564575,5,within,shaft_car,multi_stft,2.0,256.0,0.25,0.25
2,4,word_part_speech,1,-0.0,1.0,1.0,0.6125954198473282,1.0,0.6504974943185129,2,1048,524,58667,per_session_robust_mad_cf,4.005570650100708,5,within,shaft_car,multi_stft,2.0,256.0,0.25,0.25
2,4,word_length,0,-0.0,1.0,1.0,0.648,1.0,0.6708358149692277,2,1750,875,58667,per_session_robust_mad_cf,6.917772054672241,5,within,shaft_car,multi_stft,2.0,256.0,0.25,0.25
2,4,word_length,1,-0.0,1.0,1.0,0.6194285714285714,1.0,0.6636116422682674,2,1750,875,58667,per_session_robust_mad_cf,6.200566530227661,5,within,shaft_car,multi_stft,2.0,256.0,0.25,0.25
2,4,global_flow,0,-0.0,1.0,1.0,0.5668571428571428,1.0,0.5898874643428106,2,1750,875,58667,per_session_robust_mad_cf,5.692297697067261,5,within,shaft_car,multi_stft,2.0,256.0,0.25,0.25
2,4,global_flow,1,-0.0,1.0,1.0,0.6457142857142857,1.0,0.708780027794322,2,1750,875,58667,per_session_robust_mad_cf,5.951544284820557,5,within,shaft_car,multi_stft,2.0,256.0,0.25,0.25
2,4,local_flow,0,-0.0,1.0,1.0,0.5977142857142858,1.0,0.6213859544632874,2,1750,875,58667,per_session_robust_mad_cf,5.759576320648193,5,within,shaft_car,multi_stft,2.0,256.0,0.25,0.25
2,4,local_flow,1,-0.0,1.0,1.0,0.6708571428571428,1.0,0.720640941245311,2,1750,875,58667,per_session_robust_mad_cf,5.817034721374512,5,within,shaft_car,multi_stft,2.0,256.0,0.25,0.25
2,4,frame_brightness,0,-0.0,1.0,1.0,0.4457142857142857,1.0,0.4390457979373687,2,1750,875,58667,per_session_robust_mad_cf,6.171144962310791,5,within,shaft_car,multi_stft,2.0,256.0,0.25,0.25
2,4,frame_brightness,1,-0.0,1.0,1.0,0.528,1.0,0.5358674754187434,2,1750,875,58667,per_session_robust_mad_cf,5.280350685119629,5,within,shaft_car,multi_stft,2.0,256.0,0.25,0.25
2,4,face_num,0,-0.0,1.0,1.0,0.5451428571428572,1.0,0.552955497737793,2,1750,875,58667,per_session_robust_mad_cf,6.285531759262085,5,within,shaft_car,multi_stft,2.0,256.0,0.25,0.25
2,4,face_num,1,-0.0,1.0,1.0,0.4891428571428571,1.0,0.5065907024858154,2,1750,875,58667,per_session_robust_mad_cf,5.9170660972595215,5,within,shaft_car,multi_stft,2.0,256.0,0.25,0.25
3,0,onset,0,-0.0,1.0,1.0,0.8628571428571429,1.0,0.9345057103748052,2,1750,875,53737,per_session_robust_mad_cf,7.466013193130493,5,within,shaft_car,multi_stft,2.0,256.0,0.25,0.25
3,0,onset,1,-0.0,1.0,1.0,0.8697142857142857,1.0,0.9188113225290744,2,1750,875,53737,per_session_robust_mad_cf,5.673072338104248,5,within,shaft_car,multi_stft,2.0,256.0,0.25,0.25
3,0,speech,0,-0.0,1.0,1.0,0.856,1.0,0.9227976134499444,2,1750,875,53737,per_session_robust_mad_cf,6.748706102371216,5,within,shaft_car,multi_stft,2.0,256.0,0.25,0.25
3,0,speech,1,-0.0,1.0,1.0,0.9085714285714286,1.0,0.9629374209794884,2,1750,875,53737,per_session_robust_mad_cf,6.85803747177124,5,within,shaft_car,multi_stft,2.0,256.0,0.25,0.25
3,0,volume,0,-0.0,1.0,1.0,0.7668571428571429,1.0,0.8389757896826642,2,1750,875,53737,per_session_robust_mad_cf,6.794459342956543,5,within,shaft_car,multi_stft,2.0,256.0,0.25,0.25
3,0,volume,1,-0.0,1.0,1.0,0.7622857142857142,1.0,0.8391481980711158,2,1750,875,53737,per_session_robust_mad_cf,5.9241907596588135,5,within,shaft_car,multi_stft,2.0,256.0,0.25,0.25
3,0,delta_volume,0,-0.0,1.0,1.0,0.6834285714285714,1.0,0.7505355109035244,2,1750,875,53737,per_session_robust_mad_cf,6.273318529129028,5,within,shaft_car,multi_stft,2.0,256.0,0.25,0.25
3,0,delta_volume,1,-0.0,1.0,1.0,0.6845714285714286,1.0,0.7529753508249479,2,1750,875,53737,per_session_robust_mad_cf,6.0891077518463135,5,within,shaft_car,multi_stft,2.0,256.0,0.25,0.25
3,0,pitch,0,-0.0,1.0,1.0,0.5474285714285714,1.0,0.5702067855762097,2,1750,875,53737,per_session_robust_mad_cf,6.889506816864014,5,within,shaft_car,multi_stft,2.0,256.0,0.25,0.25
3,0,pitch,1,-0.0,1.0,1.0,0.5428571428571428,1.0,0.5493140235938268,2,1750,875,53737,per_session_robust_mad_cf,6.2094407081604,5,within,shaft_car,multi_stft,2.0,256.0,0.25,0.25
3,0,word_index,0,-0.0,1.0,1.0,0.760989010989011,1.0,0.8254286921869339,2,1455,728,53737,per_session_robust_mad_cf,5.638772010803223,5,within,shaft_car,multi_stft,2.0,256.0,0.25,0.25
3,0,word_index,1,-0.0,1.0,1.0,0.7307692307692307,1.0,0.7993826228716339,2,1455,728,53737,per_session_robust_mad_cf,6.354014158248901,5,within,shaft_car,multi_stft,2.0,256.0,0.25,0.25
3,0,word_gap,0,-0.0,1.0,1.0,0.6308571428571429,1.0,0.6768910065515188,2,1750,875,53737,per_session_robust_mad_cf,6.866589546203613,5,within,shaft_car,multi_stft,2.0,256.0,0.25,0.25
3,0,word_gap,1,-0.0,1.0,1.0,0.624,1.0,0.6610137613240963,2,1750,875,53737,per_session_robust_mad_cf,5.657285928726196,5,within,shaft_car,multi_stft,2.0,256.0,0.25,0.25
3,0,gpt2_surprisal,0,-0.0,1.0,1.0,0.6274285714285714,1.0,0.6696603032297839,2,1750,875,53737,per_session_robust_mad_cf,6.71189284324646,5,within,shaft_car,multi_stft,2.0,256.0,0.25,0.25
3,0,gpt2_surprisal,1,-0.0,1.0,1.0,0.6034285714285714,1.0,0.6584119620074607,2,1750,875,53737,per_session_robust_mad_cf,6.86393141746521,5,within,shaft_car,multi_stft,2.0,256.0,0.25,0.25
3,0,word_head_pos,0,-0.0,1.0,1.0,0.5874285714285714,1.0,0.6122744323584421,2,1750,875,53737,per_session_robust_mad_cf,7.1716179847717285,5,within,shaft_car,multi_stft,2.0,256.0,0.25,0.25
3,0,word_head_pos,1,-0.0,1.0,1.0,0.5474285714285714,1.0,0.5901852606501363,2,1750,875,53737,per_session_robust_mad_cf,6.4006187915802,5,within,shaft_car,multi_stft,2.0,256.0,0.25,0.25
3,0,word_part_speech,0,-0.0,1.0,1.0,0.6427656850192062,1.0,0.6779264214046823,2,1562,781,53737,per_session_robust_mad_cf,6.362032175064087,5,within,shaft_car,multi_stft,2.0,256.0,0.25,0.25
3,0,word_part_speech,1,-0.0,1.0,1.0,0.6235595390524968,1.0,0.6639058298904846,2,1562,781,53737,per_session_robust_mad_cf,5.648026704788208,5,within,shaft_car,multi_stft,2.0,256.0,0.25,0.25
3,0,word_length,0,-0.0,1.0,1.0,0.6011428571428571,1.0,0.6211926480883567,2,1750,875,53737,per_session_robust_mad_cf,6.697029113769531,5,within,shaft_car,multi_stft,2.0,256.0,0.25,0.25
3,0,word_length,1,-0.0,1.0,1.0,0.5954285714285714,1.0,0.6430832889251121,2,1750,875,53737,per_session_robust_mad_cf,6.949867010116577,5,within,shaft_car,multi_stft,2.0,256.0,0.25,0.25
3,0,global_flow,0,-0.0,1.0,1.0,0.656,1.0,0.7143193003354127,2,1750,875,53737,per_session_robust_mad_cf,6.836911678314209,5,within,shaft_car,multi_stft,2.0,256.0,0.25,0.25
3,0,global_flow,1,-0.0,1.0,1.0,0.6525714285714286,1.0,0.7150141583858394,2,1750,875,53737,per_session_robust_mad_cf,5.75096607208252,5,within,shaft_car,multi_stft,2.0,256.0,0.25,0.25
3,0,local_flow,0,-0.0,1.0,1.0,0.6331428571428571,1.0,0.6643574391607369,2,1750,875,53737,per_session_robust_mad_cf,6.312288761138916,5,within,shaft_car,multi_stft,2.0,256.0,0.25,0.25
3,0,local_flow,1,-0.0,1.0,1.0,0.5805714285714285,1.0,0.6049810350772703,2,1750,875,53737,per_session_robust_mad_cf,6.311890840530396,5,within,shaft_car,multi_stft,2.0,256.0,0.25,0.25
3,0,frame_brightness,0,-0.0,1.0,1.0,0.5714285714285714,1.0,0.6081209575457405,2,1750,875,53737,per_session_robust_mad_cf,6.737231016159058,5,within,shaft_car,multi_stft,2.0,256.0,0.25,0.25
3,0,frame_brightness,1,-0.0,1.0,1.0,0.488,1.0,0.4826598957190474,2,1750,875,53737,per_session_robust_mad_cf,5.413352012634277,5,within,shaft_car,multi_stft,2.0,256.0,0.25,0.25
3,0,face_num,0,-0.0,1.0,1.0,0.5005714285714286,1.0,0.5172199408586983,2,1750,875,53737,per_session_robust_mad_cf,6.060332775115967,5,within,shaft_car,multi_stft,2.0,256.0,0.25,0.25
3,0,face_num,1,-0.0,1.0,1.0,0.5371428571428571,1.0,0.5616542846096779,2,1750,875,53737,per_session_robust_mad_cf,6.4533371925354,5,within,shaft_car,multi_stft,2.0,256.0,0.25,0.25
3,1,onset,0,-0.0,1.0,1.0,0.8645276292335116,1.0,0.939298423995933,2,1122,561,53737,per_session_robust_mad_cf,6.059220552444458,5,within,shaft_car,multi_stft,2.0,256.0,0.25,0.25
3,1,onset,1,-0.0,1.0,1.0,0.9126559714795008,1.0,0.9616039654295884,2,1122,561,53737,per_session_robust_mad_cf,6.471534729003906,5,within,shaft_car,multi_stft,2.0,256.0,0.25,0.25
3,1,speech,0,-0.0,1.0,1.0,0.7931428571428571,1.0,0.8739485700552752,2,1750,875,53737,per_session_robust_mad_cf,8.265669584274292,5,within,shaft_car,multi_stft,2.0,256.0,0.25,0.25
3,1,speech,1,-0.0,1.0,1.0,0.8925714285714286,1.0,0.9458010720667064,2,1750,875,53737,per_session_robust_mad_cf,8.255193948745728,5,within,shaft_car,multi_stft,2.0,256.0,0.25,0.25
3,1,volume,0,-0.0,1.0,1.0,0.8057142857142857,1.0,0.876383185480079,2,1750,875,53737,per_session_robust_mad_cf,7.239146709442139,5,within,shaft_car,multi_stft,2.0,256.0,0.25,0.25
3,1,volume,1,-0.0,1.0,1.0,0.8034285714285714,1.0,0.8869157706654964,2,1750,875,53737,per_session_robust_mad_cf,6.418641805648804,5,within,shaft_car,multi_stft,2.0,256.0,0.25,0.25
3,1,delta_volume,0,-0.0,1.0,1.0,0.7988571428571428,1.0,0.8572824258382705,2,1750,875,53737,per_session_robust_mad_cf,6.917492151260376,5,within,shaft_car,multi_stft,2.0,256.0,0.25,0.25
3,1,delta_volume,1,-0.0,1.0,1.0,0.776,1.0,0.8507152335872439,2,1750,875,53737,per_session_robust_mad_cf,10.007893562316896,5,within,shaft_car,multi_stft,2.0,256.0,0.25,0.25
3,1,pitch,0,-0.0,1.0,1.0,0.5474285714285714,1.0,0.5679080070635194,2,1750,875,53737,per_session_robust_mad_cf,7.970647096633911,5,within,shaft_car,multi_stft,2.0,256.0,0.25,0.25
3,1,pitch,1,-0.0,1.0,1.0,0.5748571428571428,1.0,0.6034345840778241,2,1750,875,53737,per_session_robust_mad_cf,6.430552959442139,5,within,shaft_car,multi_stft,2.0,256.0,0.25,0.25
3,1,word_index,0,-0.0,1.0,1.0,0.7875894988066826,1.0,0.8645933014354067,2,838,419,53737,per_session_robust_mad_cf,4.683670997619629,5,within,shaft_car,multi_stft,2.0,256.0,0.25,0.25
3,1,word_index,1,-0.0,1.0,1.0,0.7684964200477327,1.0,0.8414445203918888,2,838,419,53737,per_session_robust_mad_cf,6.032164812088013,5,within,shaft_car,multi_stft,2.0,256.0,0.25,0.25
3,1,word_gap,0,-0.0,1.0,1.0,0.6059850374064838,1.0,0.6568367112144825,2,1603,802,53737,per_session_robust_mad_cf,9.229520082473757,5,within,shaft_car,multi_stft,2.0,256.0,0.25,0.25
3,1,word_gap,1,-0.0,1.0,1.0,0.628428927680798,1.0,0.6789447826816998,2,1603,802,53737,per_session_robust_mad_cf,8.250819206237793,5,within,shaft_car,multi_stft,2.0,256.0,0.25,0.25
3,1,gpt2_surprisal,0,-0.0,1.0,1.0,0.6171428571428571,1.0,0.6747437384408013,2,1750,875,53737,per_session_robust_mad_cf,7.465771198272705,5,within,shaft_car,multi_stft,2.0,256.0,0.25,0.25
3,1,gpt2_surprisal,1,-0.0,1.0,1.0,0.6411428571428571,1.0,0.6916136380259763,2,1750,875,53737,per_session_robust_mad_cf,10.817034244537354,5,within,shaft_car,multi_stft,2.0,256.0,0.25,0.25
3,1,word_head_pos,0,-0.0,1.0,1.0,0.5897142857142857,1.0,0.6460455785085106,2,1750,875,53737,per_session_robust_mad_cf,8.111089706420898,5,within,shaft_car,multi_stft,2.0,256.0,0.25,0.25
3,1,word_head_pos,1,-0.0,1.0,1.0,0.5977142857142858,1.0,0.6386058953219858,2,1750,875,53737,per_session_robust_mad_cf,7.742011547088623,5,within,shaft_car,multi_stft,2.0,256.0,0.25,0.25
3,1,word_part_speech,0,-0.0,1.0,1.0,0.5930018416206262,1.0,0.6440199696114608,2,1086,543,53737,per_session_robust_mad_cf,5.558489561080933,5,within,shaft_car,multi_stft,2.0,256.0,0.25,0.25
3,1,word_part_speech,1,-0.0,1.0,1.0,0.6224677716390423,1.0,0.6702436509659213,2,1086,543,53737,per_session_robust_mad_cf,6.786311388015747,5,within,shaft_car,multi_stft,2.0,256.0,0.25,0.25
3,1,word_length,0,-0.0,1.0,1.0,0.6182857142857143,1.0,0.6698065891351368,2,1750,875,53737,per_session_robust_mad_cf,6.924667596817017,5,within,shaft_car,multi_stft,2.0,256.0,0.25,0.25
3,1,word_length,1,-0.0,1.0,1.0,0.632,1.0,0.6868332236189043,2,1750,875,53737,per_session_robust_mad_cf,7.090563535690308,5,within,shaft_car,multi_stft,2.0,256.0,0.25,0.25
3,1,global_flow,0,-0.0,1.0,1.0,0.616,1.0,0.6690438126286533,2,1750,875,53737,per_session_robust_mad_cf,7.756049156188965,5,within,shaft_car,multi_stft,2.0,256.0,0.25,0.25
3,1,global_flow,1,-0.0,1.0,1.0,0.6285714285714286,1.0,0.6697177726926011,2,1750,875,53737,per_session_robust_mad_cf,7.107683897018433,5,within,shaft_car,multi_stft,2.0,256.0,0.25,0.25
3,1,local_flow,0,-0.0,1.0,1.0,0.7268571428571429,1.0,0.8125607347732047,2,1750,875,53737,per_session_robust_mad_cf,6.392131567001343,5,within,shaft_car,multi_stft,2.0,256.0,0.25,0.25
3,1,local_flow,1,-0.0,1.0,1.0,0.6982857142857143,1.0,0.7721701514059119,2,1750,875,53737,per_session_robust_mad_cf,6.115049362182617,5,within,shaft_car,multi_stft,2.0,256.0,0.25,0.25
3,1,frame_brightness,0,-0.0,1.0,1.0,0.5017142857142857,1.0,0.524664848541843,2,1750,875,53737,per_session_robust_mad_cf,7.924582719802856,5,within,shaft_car,multi_stft,2.0,256.0,0.25,0.25
3,1,frame_brightness,1,-0.0,1.0,1.0,0.4788571428571428,1.0,0.4766412756130946,2,1750,875,53737,per_session_robust_mad_cf,9.588350296020508,5,within,shaft_car,multi_stft,2.0,256.0,0.25,0.25
3,1,face_num,0,-0.0,1.0,1.0,0.5211428571428571,1.0,0.5323461646970314,2,1750,875,53737,per_session_robust_mad_cf,7.264267444610596,5,within,shaft_car,multi_stft,2.0,256.0,0.25,0.25
3,1,face_num,1,-0.0,1.0,1.0,0.4994285714285714,1.0,0.4971213023625174,2,1750,875,53737,per_session_robust_mad_cf,7.914768218994141,5,within,shaft_car,multi_stft,2.0,256.0,0.25,0.25
4,0,onset,0,-0.0,1.0,1.0,0.8314393939393939,1.0,0.8930067722681359,2,1056,528,59160,per_session_robust_mad_cf,5.2693235874176025,5,within,shaft_car,multi_stft,2.0,256.0,0.25,0.25
4,0,onset,1,-0.0,1.0,1.0,0.8579545454545454,1.0,0.912577479338843,2,1056,528,59160,per_session_robust_mad_cf,5.713989734649658,5,within,shaft_car,multi_stft,2.0,256.0,0.25,0.25
4,0,speech,0,-0.0,1.0,1.0,0.7634285714285715,1.0,0.821583440435514,2,1750,875,59160,per_session_robust_mad_cf,10.57290530204773,5,within,shaft_car,multi_stft,2.0,256.0,0.25,0.25
4,0,speech,1,-0.0,1.0,1.0,0.8125714285714286,1.0,0.8685203180673542,2,1750,875,59160,per_session_robust_mad_cf,9.600882291793823,5,within,shaft_car,multi_stft,2.0,256.0,0.25,0.25
4,0,volume,0,-0.0,1.0,1.0,0.6357142857142857,1.0,0.6928968253968255,2,1679,840,59160,per_session_robust_mad_cf,11.079560995101929,5,within,shaft_car,multi_stft,2.0,256.0,0.25,0.25
4,0,volume,1,-0.0,1.0,1.0,0.6369047619047619,1.0,0.6692517006802721,2,1679,840,59160,per_session_robust_mad_cf,9.529503107070925,5,within,shaft_car,multi_stft,2.0,256.0,0.25,0.25
4,0,delta_volume,0,-0.0,1.0,1.0,0.7023809523809523,1.0,0.7818976757369613,2,1679,840,59160,per_session_robust_mad_cf,10.1509428024292,5,within,shaft_car,multi_stft,2.0,256.0,0.25,0.25
4,0,delta_volume,1,-0.0,1.0,1.0,0.736904761904762,1.0,0.8051700680272109,2,1679,840,59160,per_session_robust_mad_cf,9.523162841796877,5,within,shaft_car,multi_stft,2.0,256.0,0.25,0.25
4,0,pitch,0,-0.0,1.0,1.0,0.5714285714285714,1.0,0.5966468253968255,2,1679,840,59160,per_session_robust_mad_cf,10.720960140228271,5,within,shaft_car,multi_stft,2.0,256.0,0.25,0.25
4,0,pitch,1,-0.0,1.0,1.0,0.5226190476190476,1.0,0.5321981292517006,2,1679,840,59160,per_session_robust_mad_cf,9.517028331756592,5,within,shaft_car,multi_stft,2.0,256.0,0.25,0.25
4,0,word_index,0,-0.0,1.0,1.0,0.6746031746031746,1.0,0.7451079197110944,2,755,378,59160,per_session_robust_mad_cf,5.308319807052612,5,within,shaft_car,multi_stft,2.0,256.0,0.25,0.25
4,0,word_index,1,-0.0,1.0,1.0,0.7116402116402116,1.0,0.755962878978752,2,755,378,59160,per_session_robust_mad_cf,4.185203552246094,5,within,shaft_car,multi_stft,2.0,256.0,0.25,0.25
4,0,word_gap,0,-0.0,1.0,1.0,0.6346967559943583,1.0,0.6908490490968409,2,1417,709,59160,per_session_robust_mad_cf,7.963285446166992,5,within,shaft_car,multi_stft,2.0,256.0,0.25,0.25
4,0,word_gap,1,-0.0,1.0,1.0,0.613540197461213,1.0,0.649741386170128,2,1417,709,59160,per_session_robust_mad_cf,8.018037557601929,5,within,shaft_car,multi_stft,2.0,256.0,0.25,0.25
4,0,gpt2_surprisal,0,-0.0,1.0,1.0,0.5392857142857143,1.0,0.5634013605442176,2,1679,840,59160,per_session_robust_mad_cf,10.735106706619264,5,within,shaft_car,multi_stft,2.0,256.0,0.25,0.25
4,0,gpt2_surprisal,1,-0.0,1.0,1.0,0.5583333333333333,1.0,0.5841695011337869,2,1679,840,59160,per_session_robust_mad_cf,8.61814570426941,5,within,shaft_car,multi_stft,2.0,256.0,0.25,0.25
4,0,word_head_pos,0,-0.0,1.0,1.0,0.5634285714285714,1.0,0.5797532470246491,2,1750,875,59160,per_session_robust_mad_cf,11.841045618057253,5,within,shaft_car,multi_stft,2.0,256.0,0.25,0.25
4,0,word_head_pos,1,-0.0,1.0,1.0,0.5577142857142857,1.0,0.5807537381273314,2,1750,875,59160,per_session_robust_mad_cf,8.872603416442871,5,within,shaft_car,multi_stft,2.0,256.0,0.25,0.25
4,0,word_part_speech,0,-0.0,1.0,1.0,0.4670781893004115,1.0,0.4759225389083642,2,971,486,59160,per_session_robust_mad_cf,7.707786560058594,5,within,shaft_car,multi_stft,2.0,256.0,0.25,0.25
4,0,word_part_speech,1,-0.0,1.0,1.0,0.5,1.0,0.4928957306643635,2,971,486,59160,per_session_robust_mad_cf,5.524531602859497,5,within,shaft_car,multi_stft,2.0,256.0,0.25,0.25
4,0,word_length,0,-0.0,1.0,1.0,0.5530393325387366,1.0,0.5815689282873053,2,1678,839,59160,per_session_robust_mad_cf,10.609729766845703,5,within,shaft_car,multi_stft,2.0,256.0,0.25,0.25
4,0,word_length,1,-0.0,1.0,1.0,0.5792610250297974,1.0,0.5806853051483123,2,1678,839,59160,per_session_robust_mad_cf,9.596738815307615,5,within,shaft_car,multi_stft,2.0,256.0,0.25,0.25
4,0,global_flow,0,-0.0,1.0,1.0,0.7178571428571429,1.0,0.8303458049886621,2,1679,840,59160,per_session_robust_mad_cf,12.94668436050415,5,within,shaft_car,multi_stft,2.0,256.0,0.25,0.25
4,0,global_flow,1,-0.0,1.0,1.0,0.5904761904761905,1.0,0.6270691609977324,2,1679,840,59160,per_session_robust_mad_cf,9.960059881210327,5,within,shaft_car,multi_stft,2.0,256.0,0.25,0.25
4,0,local_flow,0,-0.0,1.0,1.0,0.6428571428571429,1.0,0.703877551020408,2,1679,840,59160,per_session_robust_mad_cf,10.111171007156372,5,within,shaft_car,multi_stft,2.0,256.0,0.25,0.25
4,0,local_flow,1,-0.0,1.0,1.0,0.5988095238095238,1.0,0.6419387755102042,2,1679,840,59160,per_session_robust_mad_cf,9.138254165649414,5,within,shaft_car,multi_stft,2.0,256.0,0.25,0.25
4,0,frame_brightness,0,-0.0,1.0,1.0,0.4214285714285714,1.0,0.4008843537414965,2,1679,840,59160,per_session_robust_mad_cf,9.96341586112976,5,within,shaft_car,multi_stft,2.0,256.0,0.25,0.25
4,0,frame_brightness,1,-0.0,1.0,1.0,0.513095238095238,1.0,0.5226757369614512,2,1679,840,59160,per_session_robust_mad_cf,8.822174072265625,5,within,shaft_car,multi_stft,2.0,256.0,0.25,0.25
4,0,face_num,0,-0.0,1.0,1.0,0.4964639321074964,1.0,0.4968070293369184,2,1413,707,59160,per_session_robust_mad_cf,9.24358582496643,5,within,shaft_car,multi_stft,2.0,256.0,0.25,0.25
4,0,face_num,1,-0.0,1.0,1.0,0.4922206506364922,1.0,0.491677469950865,2,1413,707,59160,per_session_robust_mad_cf,8.264543771743774,5,within,shaft_car,multi_stft,2.0,256.0,0.25,0.25
4,1,onset,0,-0.0,1.0,1.0,0.7793103448275862,1.0,0.8444211071031764,2,1449,725,59160,per_session_robust_mad_cf,10.888936758041382,5,within,shaft_car,multi_stft,2.0,256.0,0.25,0.25
4,1,onset,1,-0.0,1.0,1.0,0.7420689655172413,1.0,0.8027525379358629,2,1449,725,59160,per_session_robust_mad_cf,11.018014430999756,5,within,shaft_car,multi_stft,2.0,256.0,0.25,0.25
4,1,speech,0,-0.0,1.0,1.0,0.7942857142857143,1.0,0.8593356530098324,2,1750,875,59160,per_session_robust_mad_cf,11.99994158744812,5,within,shaft_car,multi_stft,2.0,256.0,0.25,0.25
4,1,speech,1,-0.0,1.0,1.0,0.7737142857142857,1.0,0.842120936647754,2,1750,875,59160,per_session_robust_mad_cf,11.500349760055542,5,within,shaft_car,multi_stft,2.0,256.0,0.25,0.25
4,1,volume,0,-0.0,1.0,1.0,0.5931428571428572,1.0,0.643526065013636,2,1750,875,59160,per_session_robust_mad_cf,14.636317014694214,5,within,shaft_car,multi_stft,2.0,256.0,0.25,0.25
4,1,volume,1,-0.0,1.0,1.0,0.592,1.0,0.628667596627065,2,1750,875,59160,per_session_robust_mad_cf,15.324318885803224,5,within,shaft_car,multi_stft,2.0,256.0,0.25,0.25
4,1,delta_volume,0,-0.0,1.0,1.0,0.664,1.0,0.7428972968454489,2,1750,875,59160,per_session_robust_mad_cf,11.424217700958252,5,within,shaft_car,multi_stft,2.0,256.0,0.25,0.25
4,1,delta_volume,1,-0.0,1.0,1.0,0.5417142857142857,1.0,0.5580088920932468,2,1750,875,59160,per_session_robust_mad_cf,13.90436029434204,5,within,shaft_car,multi_stft,2.0,256.0,0.25,0.25
4,1,pitch,0,-0.0,1.0,1.0,0.5462857142857143,1.0,0.5525114155251142,2,1750,875,59160,per_session_robust_mad_cf,12.921024560928345,5,within,shaft_car,multi_stft,2.0,256.0,0.25,0.25
4,1,pitch,1,-0.0,1.0,1.0,0.5474285714285714,1.0,0.5694361723247965,2,1750,875,59160,per_session_robust_mad_cf,12.616079807281494,5,within,shaft_car,multi_stft,2.0,256.0,0.25,0.25
4,1,word_index,0,-0.0,1.0,1.0,0.6461538461538462,1.0,0.6949630177514792,2,1039,520,59160,per_session_robust_mad_cf,7.417181491851807,5,within,shaft_car,multi_stft,2.0,256.0,0.25,0.25
4,1,word_index,1,-0.0,1.0,1.0,0.5807692307692308,1.0,0.5826701183431953,2,1039,520,59160,per_session_robust_mad_cf,7.345274448394775,5,within,shaft_car,multi_stft,2.0,256.0,0.25,0.25
4,1,word_gap,0,-0.0,1.0,1.0,0.5652759084791387,1.0,0.596542329652494,2,1486,743,59160,per_session_robust_mad_cf,10.97328782081604,5,within,shaft_car,multi_stft,2.0,256.0,0.25,0.25
4,1,word_gap,1,-0.0,1.0,1.0,0.4966352624495289,1.0,0.4901385386777961,2,1486,743,59160,per_session_robust_mad_cf,8.873598337173462,5,within,shaft_car,multi_stft,2.0,256.0,0.25,0.25
4,1,gpt2_surprisal,0,-0.0,1.0,1.0,0.5245714285714286,1.0,0.5190145554475827,2,1750,875,59160,per_session_robust_mad_cf,12.571436166763306,5,within,shaft_car,multi_stft,2.0,256.0,0.25,0.25
4,1,gpt2_surprisal,1,-0.0,1.0,1.0,0.5234285714285715,1.0,0.5302067333312436,2,1750,875,59160,per_session_robust_mad_cf,13.680768966674805,5,within,shaft_car,multi_stft,2.0,256.0,0.25,0.25
4,1,word_head_pos,0,-0.0,1.0,1.0,0.5142857142857142,1.0,0.5390256836253827,2,1750,875,59160,per_session_robust_mad_cf,12.88748025894165,5,within,shaft_car,multi_stft,2.0,256.0,0.25,0.25
4,1,word_head_pos,1,-0.0,1.0,1.0,0.512,1.0,0.5205479452054795,2,1750,875,59160,per_session_robust_mad_cf,9.890164613723757,5,within,shaft_car,multi_stft,2.0,256.0,0.25,0.25
4,1,word_part_speech,0,-0.0,1.0,1.0,0.5387323943661971,1.0,0.5389307677048205,2,1135,568,59160,per_session_robust_mad_cf,8.09373664855957,5,within,shaft_car,multi_stft,2.0,256.0,0.25,0.25
4,1,word_part_speech,1,-0.0,1.0,1.0,0.5369718309859155,1.0,0.5543170997817893,2,1135,568,59160,per_session_robust_mad_cf,6.769627332687378,5,within,shaft_car,multi_stft,2.0,256.0,0.25,0.25
4,1,word_length,0,-0.0,1.0,1.0,0.5428571428571428,1.0,0.5555781950409078,2,1750,875,59160,per_session_robust_mad_cf,12.437564849853516,5,within,shaft_car,multi_stft,2.0,256.0,0.25,0.25
4,1,word_length,1,-0.0,1.0,1.0,0.5097142857142857,1.0,0.500295184059016,2,1750,875,59160,per_session_robust_mad_cf,12.351513385772703,5,within,shaft_car,multi_stft,2.0,256.0,0.25,0.25
4,1,global_flow,0,-0.0,1.0,1.0,0.5817142857142857,1.0,0.6366231988547904,2,1750,875,59160,per_session_robust_mad_cf,12.496710062026978,5,within,shaft_car,multi_stft,2.0,256.0,0.25,0.25
4,1,global_flow,1,-0.0,1.0,1.0,0.5417142857142857,1.0,0.5405473182658851,2,1750,875,59160,per_session_robust_mad_cf,12.462346315383911,5,within,shaft_car,multi_stft,2.0,256.0,0.25,0.25
4,1,local_flow,0,-0.0,1.0,1.0,0.5691428571428572,1.0,0.585477989195741,2,1750,875,59160,per_session_robust_mad_cf,11.054235458374023,5,within,shaft_car,multi_stft,2.0,256.0,0.25,0.25
4,1,local_flow,1,-0.0,1.0,1.0,0.52,1.0,0.5327641244266115,2,1750,875,59160,per_session_robust_mad_cf,11.727433443069458,5,within,shaft_car,multi_stft,2.0,256.0,0.25,0.25
4,1,frame_brightness,0,-0.0,1.0,1.0,0.5988571428571429,1.0,0.6469050082024597,2,1750,875,59160,per_session_robust_mad_cf,11.624943017959597,5,within,shaft_car,multi_stft,2.0,256.0,0.25,0.25
4,1,frame_brightness,1,-0.0,1.0,1.0,0.448,1.0,0.4201096099390824,2,1750,875,59160,per_session_robust_mad_cf,10.38241696357727,5,within,shaft_car,multi_stft,2.0,256.0,0.25,0.25
4,1,face_num,0,-0.0,1.0,1.0,0.5257142857142857,1.0,0.5162494906115795,2,1750,875,59160,per_session_robust_mad_cf,12.330989599227903,5,within,shaft_car,multi_stft,2.0,256.0,0.25,0.25
4,1,face_num,1,-0.0,1.0,1.0,0.528,1.0,0.5157727552950273,2,1750,875,59160,per_session_robust_mad_cf,12.329854011535645,5,within,shaft_car,multi_stft,2.0,256.0,0.25,0.25
7,0,onset,0,-0.0,1.0,1.0,0.7382857142857143,1.0,0.8034387636751199,2,1750,875,58667,per_session_robust_mad_cf,7.693944215774536,5,within,shaft_car,multi_stft,2.0,256.0,0.25,0.25
7,0,onset,1,-0.0,1.0,1.0,0.7611428571428571,1.0,0.8540275644441658,2,1750,875,58667,per_session_robust_mad_cf,8.600548267364502,5,within,shaft_car,multi_stft,2.0,256.0,0.25,0.25
7,0,speech,0,-0.0,1.0,1.0,0.7005714285714286,1.0,0.7325945895113006,2,1750,875,58667,per_session_robust_mad_cf,9.039015293121338,5,within,shaft_car,multi_stft,2.0,256.0,0.25,0.25
7,0,speech,1,-0.0,1.0,1.0,0.7462857142857143,1.0,0.8377010125074449,2,1750,875,58667,per_session_robust_mad_cf,7.12305212020874,5,within,shaft_car,multi_stft,2.0,256.0,0.25,0.25
7,0,volume,0,-0.0,1.0,1.0,0.4617142857142857,1.0,0.4754135189074532,2,1750,875,58667,per_session_robust_mad_cf,7.704973459243774,5,within,shaft_car,multi_stft,2.0,256.0,0.25,0.25
7,0,volume,1,-0.0,1.0,1.0,0.5862857142857143,1.0,0.6265059611506432,2,1750,875,58667,per_session_robust_mad_cf,7.335641622543335,5,within,shaft_car,multi_stft,2.0,256.0,0.25,0.25
7,0,delta_volume,0,-0.0,1.0,1.0,0.5142857142857142,1.0,0.5231863159984536,2,1750,875,58667,per_session_robust_mad_cf,10.141380786895752,5,within,shaft_car,multi_stft,2.0,256.0,0.25,0.25
7,0,delta_volume,1,-0.0,1.0,1.0,0.5657142857142857,1.0,0.583362068064742,2,1750,875,58667,per_session_robust_mad_cf,9.874671697616575,5,within,shaft_car,multi_stft,2.0,256.0,0.25,0.25
7,0,pitch,0,-0.0,1.0,1.0,0.5291428571428571,1.0,0.5456516514633816,2,1750,875,58667,per_session_robust_mad_cf,8.626216650009155,5,within,shaft_car,multi_stft,2.0,256.0,0.25,0.25
7,0,pitch,1,-0.0,1.0,1.0,0.5565714285714286,1.0,0.5635351033927882,2,1750,875,58667,per_session_robust_mad_cf,8.96261739730835,5,within,shaft_car,multi_stft,2.0,256.0,0.25,0.25
7,0,word_index,0,-0.0,1.0,1.0,0.5425824175824175,1.0,0.5588621543291872,2,1455,728,58667,per_session_robust_mad_cf,6.899062633514404,5,within,shaft_car,multi_stft,2.0,256.0,0.25,0.25
7,0,word_index,1,-0.0,1.0,1.0,0.5467032967032966,1.0,0.5658812341504649,2,1455,728,58667,per_session_robust_mad_cf,6.845755815505981,5,within,shaft_car,multi_stft,2.0,256.0,0.25,0.25
7,0,word_gap,0,-0.0,1.0,1.0,0.5154285714285715,1.0,0.519090310648569,2,1750,875,58667,per_session_robust_mad_cf,10.674285173416138,5,within,shaft_car,multi_stft,2.0,256.0,0.25,0.25
7,0,word_gap,1,-0.0,1.0,1.0,0.4982857142857143,1.0,0.4992685704732349,2,1750,875,58667,per_session_robust_mad_cf,8.471233129501343,5,within,shaft_car,multi_stft,2.0,256.0,0.25,0.25
7,0,gpt2_surprisal,0,-0.0,1.0,1.0,0.5417142857142857,1.0,0.5475220212532521,2,1750,875,58667,per_session_robust_mad_cf,7.968211889266968,5,within,shaft_car,multi_stft,2.0,256.0,0.25,0.25
7,0,gpt2_surprisal,1,-0.0,1.0,1.0,0.5394285714285715,1.0,0.5420049528227955,2,1750,875,58667,per_session_robust_mad_cf,9.44459056854248,5,within,shaft_car,multi_stft,2.0,256.0,0.25,0.25
7,0,word_head_pos,0,-0.0,1.0,1.0,0.5177142857142857,1.0,0.5217652529178813,2,1750,875,58667,per_session_robust_mad_cf,7.783502340316772,5,within,shaft_car,multi_stft,2.0,256.0,0.25,0.25
7,0,word_head_pos,1,-0.0,1.0,1.0,0.5188571428571429,1.0,0.5253440331024106,2,1750,875,58667,per_session_robust_mad_cf,7.422232627868652,5,within,shaft_car,multi_stft,2.0,256.0,0.25,0.25
7,0,word_part_speech,0,-0.0,1.0,1.0,0.5620998719590269,1.0,0.565302642796249,2,1562,781,58667,per_session_robust_mad_cf,7.185838460922241,5,within,shaft_car,multi_stft,2.0,256.0,0.25,0.25
7,0,word_part_speech,1,-0.0,1.0,1.0,0.5339308578745199,1.0,0.5401403370712834,2,1562,781,58667,per_session_robust_mad_cf,7.009262800216675,5,within,shaft_car,multi_stft,2.0,256.0,0.25,0.25
7,0,word_length,0,-0.0,1.0,1.0,0.488,1.0,0.4920339487790351,2,1750,875,58667,per_session_robust_mad_cf,9.39418077468872,5,within,shaft_car,multi_stft,2.0,256.0,0.25,0.25
7,0,word_length,1,-0.0,1.0,1.0,0.544,1.0,0.5313365307252647,2,1750,875,58667,per_session_robust_mad_cf,8.728803157806396,5,within,shaft_car,multi_stft,2.0,256.0,0.25,0.25
7,0,global_flow,0,-0.0,1.0,1.0,0.5554285714285714,1.0,0.5854518667126423,2,1750,875,58667,per_session_robust_mad_cf,10.607320070266724,5,within,shaft_car,multi_stft,2.0,256.0,0.25,0.25
7,0,global_flow,1,-0.0,1.0,1.0,0.5908571428571429,1.0,0.6090874894203944,2,1750,875,58667,per_session_robust_mad_cf,9.625707864761353,5,within,shaft_car,multi_stft,2.0,256.0,0.25,0.25
7,0,local_flow,0,-0.0,1.0,1.0,0.5428571428571428,1.0,0.573009728012706,2,1750,875,58667,per_session_robust_mad_cf,10.259250402450562,5,within,shaft_car,multi_stft,2.0,256.0,0.25,0.25
7,0,local_flow,1,-0.0,1.0,1.0,0.5588571428571428,1.0,0.5746267097165187,2,1750,875,58667,per_session_robust_mad_cf,10.213500261306764,5,within,shaft_car,multi_stft,2.0,256.0,0.25,0.25
7,0,frame_brightness,0,-0.0,1.0,1.0,0.4137142857142857,1.0,0.3880494864319822,2,1750,875,58667,per_session_robust_mad_cf,8.991060256958008,5,within,shaft_car,multi_stft,2.0,256.0,0.25,0.25
7,0,frame_brightness,1,-0.0,1.0,1.0,0.4022857142857143,1.0,0.3570420989937619,2,1750,875,58667,per_session_robust_mad_cf,7.787614583969116,5,within,shaft_car,multi_stft,2.0,256.0,0.25,0.25
7,0,face_num,0,-0.0,1.0,1.0,0.424,1.0,0.4056978360135001,2,1750,875,58667,per_session_robust_mad_cf,7.33643913269043,5,within,shaft_car,multi_stft,2.0,256.0,0.25,0.25
7,0,face_num,1,-0.0,1.0,1.0,0.496,1.0,0.4901831708514885,2,1750,875,58667,per_session_robust_mad_cf,5.919998645782471,5,within,shaft_car,multi_stft,2.0,256.0,0.25,0.25
7,1,onset,0,-0.0,1.0,1.0,0.6924137931034483,1.0,0.7420894023103968,2,1449,725,58667,per_session_robust_mad_cf,5.862151145935059,5,within,shaft_car,multi_stft,2.0,256.0,0.25,0.25
7,1,onset,1,-0.0,1.0,1.0,0.6068965517241379,1.0,0.6448259592408261,2,1449,725,58667,per_session_robust_mad_cf,4.9221038818359375,5,within,shaft_car,multi_stft,2.0,256.0,0.25,0.25
7,1,speech,0,-0.0,1.0,1.0,0.6653796653796654,1.0,0.6961081811676781,2,1554,777,58667,per_session_robust_mad_cf,5.842754125595093,5,within,shaft_car,multi_stft,2.0,256.0,0.25,0.25
7,1,speech,1,-0.0,1.0,1.0,0.61003861003861,1.0,0.641043648795484,2,1554,777,58667,per_session_robust_mad_cf,5.1566314697265625,5,within,shaft_car,multi_stft,2.0,256.0,0.25,0.25
7,1,volume,0,-0.0,1.0,1.0,0.5794285714285714,1.0,0.6161039883807196,2,1750,875,58667,per_session_robust_mad_cf,5.9384765625,5,within,shaft_car,multi_stft,2.0,256.0,0.25,0.25
7,1,volume,1,-0.0,1.0,1.0,0.5645714285714286,1.0,0.6022068273721827,2,1750,875,58667,per_session_robust_mad_cf,6.546425104141235,5,within,shaft_car,multi_stft,2.0,256.0,0.25,0.25
7,1,delta_volume,0,-0.0,1.0,1.0,0.6011428571428571,1.0,0.6338986238675903,2,1750,875,58667,per_session_robust_mad_cf,6.139119386672974,5,within,shaft_car,multi_stft,2.0,256.0,0.25,0.25
7,1,delta_volume,1,-0.0,1.0,1.0,0.5931428571428572,1.0,0.637571444991275,2,1750,875,58667,per_session_robust_mad_cf,6.337080001831055,5,within,shaft_car,multi_stft,2.0,256.0,0.25,0.25
7,1,pitch,0,-0.0,1.0,1.0,0.536,1.0,0.5703373979917035,2,1750,875,58667,per_session_robust_mad_cf,6.003170728683472,5,within,shaft_car,multi_stft,2.0,256.0,0.25,0.25
7,1,pitch,1,-0.0,1.0,1.0,0.5405714285714286,1.0,0.5470883880338129,2,1750,875,58667,per_session_robust_mad_cf,5.987176895141602,5,within,shaft_car,multi_stft,2.0,256.0,0.25,0.25
7,1,word_index,0,-0.0,1.0,1.0,0.5096153846153846,1.0,0.5370266272189348,2,1039,520,58667,per_session_robust_mad_cf,3.692936658859253,5,within,shaft_car,multi_stft,2.0,256.0,0.25,0.25
7,1,word_index,1,-0.0,1.0,1.0,0.5134615384615384,1.0,0.5239644970414201,2,1039,520,58667,per_session_robust_mad_cf,3.284972906112671,5,within,shaft_car,multi_stft,2.0,256.0,0.25,0.25
7,1,word_gap,0,-0.0,1.0,1.0,0.4925975773889636,1.0,0.4984711474364548,2,1486,743,58667,per_session_robust_mad_cf,5.1677539348602295,5,within,shaft_car,multi_stft,2.0,256.0,0.25,0.25
7,1,word_gap,1,-0.0,1.0,1.0,0.5262449528936743,1.0,0.5250123177694692,2,1486,743,58667,per_session_robust_mad_cf,5.236733436584473,5,within,shaft_car,multi_stft,2.0,256.0,0.25,0.25
7,1,gpt2_surprisal,0,-0.0,1.0,1.0,0.5074285714285715,1.0,0.5107572385400667,2,1750,875,58667,per_session_robust_mad_cf,6.1391761302948,5,within,shaft_car,multi_stft,2.0,256.0,0.25,0.25
7,1,gpt2_surprisal,1,-0.0,1.0,1.0,0.5177142857142857,1.0,0.5262896669905854,2,1750,875,58667,per_session_robust_mad_cf,6.585994243621826,5,within,shaft_car,multi_stft,2.0,256.0,0.25,0.25
7,1,word_head_pos,0,-0.0,1.0,1.0,0.5245714285714286,1.0,0.5450247118690115,2,1750,875,58667,per_session_robust_mad_cf,6.582505226135254,5,within,shaft_car,multi_stft,2.0,256.0,0.25,0.25
7,1,word_head_pos,1,-0.0,1.0,1.0,0.56,1.0,0.57648663051315,2,1750,875,58667,per_session_robust_mad_cf,5.989475250244141,5,within,shaft_car,multi_stft,2.0,256.0,0.25,0.25
7,1,word_part_speech,0,-0.0,1.0,1.0,0.5757042253521126,1.0,0.6059189644911724,2,1135,568,58667,per_session_robust_mad_cf,6.48859167098999,5,within,shaft_car,multi_stft,2.0,256.0,0.25,0.25
7,1,word_part_speech,1,-0.0,1.0,1.0,0.5404929577464789,1.0,0.5560280698274152,2,1135,568,58667,per_session_robust_mad_cf,3.502047538757324,5,within,shaft_car,multi_stft,2.0,256.0,0.25,0.25
7,1,word_length,0,-0.0,1.0,1.0,0.528,1.0,0.5405577672591246,2,1750,875,58667,per_session_robust_mad_cf,6.258946180343628,5,within,shaft_car,multi_stft,2.0,256.0,0.25,0.25
7,1,word_length,1,-0.0,1.0,1.0,0.5394285714285715,1.0,0.5458710803214111,2,1750,875,58667,per_session_robust_mad_cf,5.970213174819946,5,within,shaft_car,multi_stft,2.0,256.0,0.25,0.25
7,1,global_flow,0,-0.0,1.0,1.0,0.5805714285714285,1.0,0.6191237474269354,2,1750,875,58667,per_session_robust_mad_cf,9.840474605560305,5,within,shaft_car,multi_stft,2.0,256.0,0.25,0.25
7,1,global_flow,1,-0.0,1.0,1.0,0.5771428571428572,1.0,0.6002685391262552,2,1750,875,58667,per_session_robust_mad_cf,5.7867431640625,5,within,shaft_car,multi_stft,2.0,256.0,0.25,0.25
7,1,local_flow,0,-0.0,1.0,1.0,0.5702857142857143,1.0,0.5692507026947953,2,1750,875,58667,per_session_robust_mad_cf,8.16547441482544,5,within,shaft_car,multi_stft,2.0,256.0,0.25,0.25
7,1,local_flow,1,-0.0,1.0,1.0,0.536,1.0,0.5488594923879084,2,1750,875,58667,per_session_robust_mad_cf,6.485754728317261,5,within,shaft_car,multi_stft,2.0,256.0,0.25,0.25
7,1,frame_brightness,0,-0.0,1.0,1.0,0.5314285714285715,1.0,0.5506149232521447,2,1750,875,58667,per_session_robust_mad_cf,7.976720809936523,5,within,shaft_car,multi_stft,2.0,256.0,0.25,0.25
7,1,frame_brightness,1,-0.0,1.0,1.0,0.5542857142857143,1.0,0.5833463945748827,2,1750,875,58667,per_session_robust_mad_cf,5.767748832702637,5,within,shaft_car,multi_stft,2.0,256.0,0.25,0.25
7,1,face_num,0,-0.0,1.0,1.0,0.5302857142857142,1.0,0.5418116464478648,2,1750,875,58667,per_session_robust_mad_cf,7.994573593139648,5,within,shaft_car,multi_stft,2.0,256.0,0.25,0.25
7,1,face_num,1,-0.0,1.0,1.0,0.5451428571428572,1.0,0.5542198259197726,2,1750,875,58667,per_session_robust_mad_cf,5.5879456996917725,5,within,shaft_car,multi_stft,2.0,256.0,0.25,0.25
10,0,onset,0,-0.0,1.0,1.0,0.781664656212304,1.0,0.8554275071299691,2,1657,829,59160,per_session_robust_mad_cf,7.697468280792236,5,within,shaft_car,multi_stft,2.0,256.0,0.25,0.25
10,0,onset,1,-0.0,1.0,1.0,0.8781664656212304,1.0,0.9500087305744718,2,1657,829,59160,per_session_robust_mad_cf,7.982526540756226,5,within,shaft_car,multi_stft,2.0,256.0,0.25,0.25
10,0,speech,0,-0.0,1.0,1.0,0.7234285714285714,1.0,0.7918612791657524,2,1750,875,59160,per_session_robust_mad_cf,9.321969270706177,5,within,shaft_car,multi_stft,2.0,256.0,0.25,0.25
10,0,speech,1,-0.0,1.0,1.0,0.8034285714285714,1.0,0.8881121803914193,2,1750,875,59160,per_session_robust_mad_cf,9.08107089996338,5,within,shaft_car,multi_stft,2.0,256.0,0.25,0.25
10,0,volume,0,-0.0,1.0,1.0,0.6525714285714286,1.0,0.6890170632059602,2,1750,875,59160,per_session_robust_mad_cf,8.353461980819702,5,within,shaft_car,multi_stft,2.0,256.0,0.25,0.25
10,0,volume,1,-0.0,1.0,1.0,0.6045714285714285,1.0,0.643924432880892,2,1750,875,59160,per_session_robust_mad_cf,9.560981035232544,5,within,shaft_car,multi_stft,2.0,256.0,0.25,0.25
10,0,delta_volume,0,-0.0,1.0,1.0,0.6457142857142857,1.0,0.7025733258100582,2,1750,875,59160,per_session_robust_mad_cf,9.091108083724976,5,within,shaft_car,multi_stft,2.0,256.0,0.25,0.25
10,0,delta_volume,1,-0.0,1.0,1.0,0.6422857142857142,1.0,0.6988077698713728,2,1750,875,59160,per_session_robust_mad_cf,9.404406309127808,5,within,shaft_car,multi_stft,2.0,256.0,0.25,0.25
10,0,pitch,0,-0.0,1.0,1.0,0.5554285714285714,1.0,0.5620644075943282,2,1750,875,59160,per_session_robust_mad_cf,8.703322172164917,5,within,shaft_car,multi_stft,2.0,256.0,0.25,0.25
10,0,pitch,1,-0.0,1.0,1.0,0.5668571428571428,1.0,0.5814864737782515,2,1750,875,59160,per_session_robust_mad_cf,8.865445375442505,5,within,shaft_car,multi_stft,2.0,256.0,0.25,0.25
10,0,word_index,0,-0.0,1.0,1.0,0.7428571428571429,1.0,0.8020586174948592,2,1189,595,59160,per_session_robust_mad_cf,6.75829029083252,5,within,shaft_car,multi_stft,2.0,256.0,0.25,0.25
10,0,word_index,1,-0.0,1.0,1.0,0.7109243697478992,1.0,0.7784331005807517,2,1189,595,59160,per_session_robust_mad_cf,5.8160560131073,5,within,shaft_car,multi_stft,2.0,256.0,0.25,0.25
10,0,word_gap,0,-0.0,1.0,1.0,0.5462857142857143,1.0,0.584639457488271,2,1750,875,59160,per_session_robust_mad_cf,9.102237224578856,5,within,shaft_car,multi_stft,2.0,256.0,0.25,0.25
10,0,word_gap,1,-0.0,1.0,1.0,0.608,1.0,0.6255342047793695,2,1750,875,59160,per_session_robust_mad_cf,9.165058851242064,5,within,shaft_car,multi_stft,2.0,256.0,0.25,0.25
10,0,gpt2_surprisal,0,-0.0,1.0,1.0,0.536,1.0,0.5395128679351745,2,1750,875,59160,per_session_robust_mad_cf,8.77101469039917,5,within,shaft_car,multi_stft,2.0,256.0,0.25,0.25
10,0,gpt2_surprisal,1,-0.0,1.0,1.0,0.5371428571428571,1.0,0.5492722276208688,2,1750,875,59160,per_session_robust_mad_cf,9.43405032157898,5,within,shaft_car,multi_stft,2.0,256.0,0.25,0.25
10,0,word_head_pos,0,-0.0,1.0,1.0,0.5542857142857143,1.0,0.577871122117384,2,1750,875,59160,per_session_robust_mad_cf,8.767578363418579,5,within,shaft_car,multi_stft,2.0,256.0,0.25,0.25
10,0,word_head_pos,1,-0.0,1.0,1.0,0.5508571428571428,1.0,0.5851958663782745,2,1750,875,59160,per_session_robust_mad_cf,9.488468408584597,5,within,shaft_car,multi_stft,2.0,256.0,0.25,0.25
10,0,word_part_speech,0,-0.0,1.0,1.0,0.5455950540958269,1.0,0.5838588846844781,2,1293,647,59160,per_session_robust_mad_cf,5.871659278869629,5,within,shaft_car,multi_stft,2.0,256.0,0.25,0.25
10,0,word_part_speech,1,-0.0,1.0,1.0,0.5857805255023184,1.0,0.6053204907694072,2,1293,647,59160,per_session_robust_mad_cf,6.335556268692017,5,within,shaft_car,multi_stft,2.0,256.0,0.25,0.25
10,0,word_length,0,-0.0,1.0,1.0,0.5142857142857142,1.0,0.529253262698139,2,1750,875,59160,per_session_robust_mad_cf,9.039190769195557,5,within,shaft_car,multi_stft,2.0,256.0,0.25,0.25
10,0,word_length,1,-0.0,1.0,1.0,0.5234285714285715,1.0,0.5341525344033102,2,1750,875,59160,per_session_robust_mad_cf,8.91279411315918,5,within,shaft_car,multi_stft,2.0,256.0,0.25,0.25
10,0,global_flow,0,-0.0,1.0,1.0,0.5314285714285715,1.0,0.5265966061669959,2,1750,875,59160,per_session_robust_mad_cf,8.191789388656616,5,within,shaft_car,multi_stft,2.0,256.0,0.25,0.25
10,0,global_flow,1,-0.0,1.0,1.0,0.5611428571428572,1.0,0.5778606731241445,2,1750,875,59160,per_session_robust_mad_cf,9.460408926010132,5,within,shaft_car,multi_stft,2.0,256.0,0.25,0.25
10,0,local_flow,0,-0.0,1.0,1.0,0.544,1.0,0.5896027292770342,2,1750,875,59160,per_session_robust_mad_cf,7.961009740829468,5,within,shaft_car,multi_stft,2.0,256.0,0.25,0.25
10,0,local_flow,1,-0.0,1.0,1.0,0.5314285714285715,1.0,0.5280895060760895,2,1750,875,59160,per_session_robust_mad_cf,8.586891651153564,5,within,shaft_car,multi_stft,2.0,256.0,0.25,0.25
10,0,frame_brightness,0,-0.0,1.0,1.0,0.5394285714285715,1.0,0.544152220933513,2,1750,875,59160,per_session_robust_mad_cf,8.850125074386597,5,within,shaft_car,multi_stft,2.0,256.0,0.25,0.25
10,0,frame_brightness,1,-0.0,1.0,1.0,0.4754285714285714,1.0,0.487027574893159,2,1750,875,59160,per_session_robust_mad_cf,9.154154062271118,5,within,shaft_car,multi_stft,2.0,256.0,0.25,0.25
10,0,face_num,0,-0.0,1.0,1.0,0.5542857142857143,1.0,0.5771854069360417,2,1750,875,59160,per_session_robust_mad_cf,8.04464864730835,5,within,shaft_car,multi_stft,2.0,256.0,0.25,0.25
10,0,face_num,1,-0.0,1.0,1.0,0.4982857142857143,1.0,0.4844310000731429,2,1750,875,59160,per_session_robust_mad_cf,8.428694486618042,5,within,shaft_car,multi_stft,2.0,256.0,0.25,0.25
10,1,onset,0,-0.0,1.0,1.0,0.9074285714285716,1.0,0.9649540766747124,2,1750,875,59160,per_session_robust_mad_cf,5.425976991653442,5,within,shaft_car,multi_stft,2.0,256.0,0.25,0.25
10,1,onset,1,-0.0,1.0,1.0,0.9051428571428572,1.0,0.9683395504843108,2,1750,875,59160,per_session_robust_mad_cf,5.338480472564697,5,within,shaft_car,multi_stft,2.0,256.0,0.25,0.25
10,1,speech,0,-0.0,1.0,1.0,0.8902857142857142,1.0,0.948220014001651,2,1750,875,59160,per_session_robust_mad_cf,6.035526514053345,5,within,shaft_car,multi_stft,2.0,256.0,0.25,0.25
10,1,speech,1,-0.0,1.0,1.0,0.904,1.0,0.9653093424448554,2,1750,875,59160,per_session_robust_mad_cf,5.850987672805786,5,within,shaft_car,multi_stft,2.0,256.0,0.25,0.25
10,1,volume,0,-0.0,1.0,1.0,0.7508571428571429,1.0,0.8369225625111021,2,1750,875,59160,per_session_robust_mad_cf,5.314046859741211,5,within,shaft_car,multi_stft,2.0,256.0,0.25,0.25
10,1,volume,1,-0.0,1.0,1.0,0.7428571428571429,1.0,0.8283387145648515,2,1750,875,59160,per_session_robust_mad_cf,5.676902294158936,5,within,shaft_car,multi_stft,2.0,256.0,0.25,0.25
10,1,delta_volume,0,-0.0,1.0,1.0,0.7954285714285714,1.0,0.8599573681075828,2,1750,875,59160,per_session_robust_mad_cf,5.458917140960693,5,within,shaft_car,multi_stft,2.0,256.0,0.25,0.25
10,1,delta_volume,1,-0.0,1.0,1.0,0.6937142857142857,1.0,0.760582217903305,2,1750,875,59160,per_session_robust_mad_cf,5.572678804397583,5,within,shaft_car,multi_stft,2.0,256.0,0.25,0.25
10,1,pitch,0,-0.0,1.0,1.0,0.5348571428571428,1.0,0.5388389078712266,2,1750,875,59160,per_session_robust_mad_cf,5.53050971031189,5,within,shaft_car,multi_stft,2.0,256.0,0.25,0.25
10,1,pitch,1,-0.0,1.0,1.0,0.6171428571428571,1.0,0.6622885384993156,2,1750,875,59160,per_session_robust_mad_cf,5.091516017913818,5,within,shaft_car,multi_stft,2.0,256.0,0.25,0.25
10,1,word_index,0,-0.0,1.0,1.0,0.7149460708782742,1.0,0.7813675213675213,2,1298,649,59160,per_session_robust_mad_cf,5.582865238189697,5,within,shaft_car,multi_stft,2.0,256.0,0.25,0.25
10,1,word_index,1,-0.0,1.0,1.0,0.7149460708782742,1.0,0.7825451092117759,2,1298,649,59160,per_session_robust_mad_cf,3.5821847915649414,5,within,shaft_car,multi_stft,2.0,256.0,0.25,0.25
10,1,word_gap,0,-0.0,1.0,1.0,0.5188571428571429,1.0,0.5296124468407468,2,1750,875,59160,per_session_robust_mad_cf,5.673048257827759,5,within,shaft_car,multi_stft,2.0,256.0,0.25,0.25
10,1,word_gap,1,-0.0,1.0,1.0,0.6194285714285714,1.0,0.6378274453256428,2,1750,875,59160,per_session_robust_mad_cf,5.945643424987793,5,within,shaft_car,multi_stft,2.0,256.0,0.25,0.25
10,1,gpt2_surprisal,0,-0.0,1.0,1.0,0.5942857142857143,1.0,0.6192021148762317,2,1750,875,59160,per_session_robust_mad_cf,5.614713668823242,5,within,shaft_car,multi_stft,2.0,256.0,0.25,0.25
10,1,gpt2_surprisal,1,-0.0,1.0,1.0,0.5565714285714286,1.0,0.5900598727312624,2,1750,875,59160,per_session_robust_mad_cf,5.672476053237915,5,within,shaft_car,multi_stft,2.0,256.0,0.25,0.25
10,1,word_head_pos,0,-0.0,1.0,1.0,0.5428571428571428,1.0,0.5542198259197726,2,1750,875,59160,per_session_robust_mad_cf,5.272732973098755,5,within,shaft_car,multi_stft,2.0,256.0,0.25,0.25
10,1,word_head_pos,1,-0.0,1.0,1.0,0.5702857142857143,1.0,0.6040510746789547,2,1750,875,59160,per_session_robust_mad_cf,5.608105659484863,5,within,shaft_car,multi_stft,2.0,256.0,0.25,0.25
10,1,word_part_speech,0,-0.0,1.0,1.0,0.5611510791366906,1.0,0.5965252244194905,2,1390,695,59160,per_session_robust_mad_cf,4.140303134918213,5,within,shaft_car,multi_stft,2.0,256.0,0.25,0.25
10,1,word_part_speech,1,-0.0,1.0,1.0,0.5352517985611511,1.0,0.5584981284573851,2,1390,695,59160,per_session_robust_mad_cf,4.544119358062744,5,within,shaft_car,multi_stft,2.0,256.0,0.25,0.25
10,1,word_length,0,-0.0,1.0,1.0,0.592,1.0,0.625983511488668,2,1750,875,59160,per_session_robust_mad_cf,5.42061710357666,5,within,shaft_car,multi_stft,2.0,256.0,0.25,0.25
10,1,word_length,1,-0.0,1.0,1.0,0.5931428571428572,1.0,0.610519001494206,2,1750,875,59160,per_session_robust_mad_cf,5.300993204116821,5,within,shaft_car,multi_stft,2.0,256.0,0.25,0.25
10,1,global_flow,0,-0.0,1.0,1.0,0.6262857142857143,1.0,0.6654441344576449,2,1750,875,59160,per_session_robust_mad_cf,5.395471096038818,5,within,shaft_car,multi_stft,2.0,256.0,0.25,0.25
10,1,global_flow,1,-0.0,1.0,1.0,0.6194285714285714,1.0,0.6722359800633209,2,1750,875,59160,per_session_robust_mad_cf,5.799704313278198,5,within,shaft_car,multi_stft,2.0,256.0,0.25,0.25
10,1,local_flow,0,-0.0,1.0,1.0,0.5862857142857143,1.0,0.5882260744177299,2,1750,875,59160,per_session_robust_mad_cf,5.205331087112427,5,within,shaft_car,multi_stft,2.0,256.0,0.25,0.25
10,1,local_flow,1,-0.0,1.0,1.0,0.568,1.0,0.6096569595519472,2,1750,875,59160,per_session_robust_mad_cf,5.102562665939331,5,within,shaft_car,multi_stft,2.0,256.0,0.25,0.25
10,1,frame_brightness,0,-0.0,1.0,1.0,0.4937142857142857,1.0,0.4840339383300419,2,1750,875,59160,per_session_robust_mad_cf,6.119829177856445,5,within,shaft_car,multi_stft,2.0,256.0,0.25,0.25
10,1,frame_brightness,1,-0.0,1.0,1.0,0.6114285714285714,1.0,0.6937661306333134,2,1750,875,59160,per_session_robust_mad_cf,5.702053546905518,5,within,shaft_car,multi_stft,2.0,256.0,0.25,0.25
10,1,face_num,0,-0.0,1.0,1.0,0.408,1.0,0.3730133851603397,2,1750,875,59160,per_session_robust_mad_cf,5.242725610733032,5,within,shaft_car,multi_stft,2.0,256.0,0.25,0.25
10,1,face_num,1,-0.0,1.0,1.0,0.5074285714285715,1.0,0.5085316029800528,2,1750,875,59160,per_session_robust_mad_cf,5.736076354980469,5,within,shaft_car,multi_stft,2.0,256.0,0.25,0.25
1,1,onset,0,-0.0,1.0,1.0,0.6987874920229739,1.0,0.7606170341699898,2,2992,1567,2958,per_session_robust_mad_cf,4.3346028327941895,5,cross,shaft_car,multi_stft,2.0,256.0,0.25,0.25
1,1,speech,0,-0.0,1.0,1.0,0.6977142857142857,1.0,0.7488039183673469,2,3500,1750,2958,per_session_robust_mad_cf,6.213345766067505,5,cross,shaft_car,multi_stft,2.0,256.0,0.25,0.25
1,1,volume,0,-0.0,1.0,1.0,0.5822857142857143,1.0,0.6248333061224489,2,3500,1750,2958,per_session_robust_mad_cf,6.925138473510742,5,cross,shaft_car,multi_stft,2.0,256.0,0.25,0.25
1,1,delta_volume,0,-0.0,1.0,1.0,0.6068571428571429,1.0,0.6461453061224489,2,3500,1750,2958,per_session_robust_mad_cf,8.07509708404541,5,cross,shaft_car,multi_stft,2.0,256.0,0.25,0.25
1,1,pitch,0,-0.0,1.0,1.0,0.5125714285714286,1.0,0.5285642448979593,2,3500,1750,2958,per_session_robust_mad_cf,15.878093957901,5,cross,shaft_car,multi_stft,2.0,256.0,0.25,0.25
1,1,word_index,0,-0.0,1.0,1.0,0.5554600171969045,1.0,0.5809186673054516,2,2128,1163,2958,per_session_robust_mad_cf,4.492447376251221,5,cross,shaft_car,multi_stft,2.0,256.0,0.25,0.25
1,1,word_gap,0,-0.0,1.0,1.0,0.5028571428571429,1.0,0.5165648979591837,2,3186,1750,2958,per_session_robust_mad_cf,13.578083992004396,5,cross,shaft_car,multi_stft,2.0,256.0,0.25,0.25
1,1,gpt2_surprisal,0,-0.0,1.0,0.9997142857142856,0.5137142857142857,0.9999996734693878,0.5127608163265307,2,3500,1750,2958,per_session_robust_mad_cf,16.910008430480957,5,cross,shaft_car,multi_stft,2.0,256.0,0.25,0.25
1,1,word_head_pos,0,-0.0,1.0,1.0,0.524,1.0,0.5327503673469389,2,3500,1750,2958,per_session_robust_mad_cf,15.125060081481934,5,cross,shaft_car,multi_stft,2.0,256.0,0.25,0.25
1,1,word_part_speech,0,-0.0,1.0,1.0,0.5264423076923077,1.0,0.5472809379622781,2,2096,1664,2958,per_session_robust_mad_cf,4.445728302001953,5,cross,shaft_car,multi_stft,2.0,256.0,0.25,0.25
1,1,word_length,0,-0.0,1.0,0.9997142857142856,0.5034285714285714,0.9999996734693878,0.5104111020408163,2,3500,1750,2958,per_session_robust_mad_cf,15.968302965164185,5,cross,shaft_car,multi_stft,2.0,256.0,0.25,0.25
1,1,global_flow,0,-0.0,1.0,1.0,0.5257142857142857,1.0,0.5250886530612244,2,3500,1750,2958,per_session_robust_mad_cf,9.774856567382812,5,cross,shaft_car,multi_stft,2.0,256.0,0.25,0.25
1,1,local_flow,0,-0.0,1.0,1.0,0.5211428571428571,1.0,0.5435177142857143,2,3500,1750,2958,per_session_robust_mad_cf,14.314809799194336,5,cross,shaft_car,multi_stft,2.0,256.0,0.25,0.25
1,1,frame_brightness,0,-0.0,1.0,0.9997142857142856,0.4777142857142857,1.0,0.470748081632653,2,3500,1750,2958,per_session_robust_mad_cf,14.635635375976562,5,cross,shaft_car,multi_stft,2.0,256.0,0.25,0.25
1,1,face_num,0,-0.0,1.0,0.9977142857142856,0.492,0.999990530612245,0.4906462040816327,2,3500,1750,2958,per_session_robust_mad_cf,22.743895769119263,5,cross,shaft_car,multi_stft,2.0,256.0,0.25,0.25
1,2,onset,0,-0.0,1.0,1.0,0.7050754458161865,1.0,0.7628415007498481,2,2992,1458,2958,per_session_robust_mad_cf,2.4202640056610107,5,cross,shaft_car,multi_stft,2.0,256.0,0.25,0.25
1,2,speech,0,-0.0,1.0,1.0,0.7354285714285714,1.0,0.803573224489796,2,3500,1750,2958,per_session_robust_mad_cf,6.155788898468018,5,cross,shaft_car,multi_stft,2.0,256.0,0.25,0.25
1,2,volume,0,-0.0,1.0,1.0,0.6297142857142857,1.0,0.6842543673469388,2,3500,1750,2958,per_session_robust_mad_cf,6.434329748153687,5,cross,shaft_car,multi_stft,2.0,256.0,0.25,0.25
1,2,delta_volume,0,-0.0,1.0,1.0,0.5582857142857143,1.0,0.5893632653061225,2,3500,1750,2958,per_session_robust_mad_cf,7.583361864089966,5,cross,shaft_car,multi_stft,2.0,256.0,0.25,0.25
1,2,pitch,0,-0.0,1.0,1.0,0.5171428571428571,1.0,0.5185639183673469,2,3500,1750,2958,per_session_robust_mad_cf,15.567440509796144,5,cross,shaft_car,multi_stft,2.0,256.0,0.25,0.25
1,2,word_index,0,-0.0,1.0,1.0,0.5225490196078432,1.0,0.5140599769319492,2,2128,1020,2958,per_session_robust_mad_cf,5.025841951370239,5,cross,shaft_car,multi_stft,2.0,256.0,0.25,0.25
1,2,word_gap,0,-0.0,1.0,1.0,0.5011547344110855,1.0,0.5038665601715301,2,3186,1732,2958,per_session_robust_mad_cf,12.256712198257446,5,cross,shaft_car,multi_stft,2.0,256.0,0.25,0.25
1,2,gpt2_surprisal,0,-0.0,1.0,0.9997142857142856,0.5165714285714286,0.9999996734693878,0.5142896326530612,2,3500,1750,2958,per_session_robust_mad_cf,15.863054990768433,5,cross,shaft_car,multi_stft,2.0,256.0,0.25,0.25
1,2,word_head_pos,0,-0.0,1.0,1.0,0.5217142857142857,1.0,0.5436382040816327,2,3500,1750,2958,per_session_robust_mad_cf,14.876225233078005,5,cross,shaft_car,multi_stft,2.0,256.0,0.25,0.25
1,2,word_part_speech,0,-0.0,1.0,1.0,0.5282511210762332,1.0,0.5256904628610775,2,2096,1115,2958,per_session_robust_mad_cf,4.764415502548218,5,cross,shaft_car,multi_stft,2.0,256.0,0.25,0.25
1,2,word_length,0,-0.0,1.0,0.9997142857142856,0.5502857142857143,0.9999996734693878,0.5592055510204081,2,3500,1750,2958,per_session_robust_mad_cf,10.449739933013916,5,cross,shaft_car,multi_stft,2.0,256.0,0.25,0.25
1,2,global_flow,0,-0.0,1.0,1.0,0.5285714285714286,1.0,0.543153306122449,2,3500,1750,2958,per_session_robust_mad_cf,10.54265308380127,5,cross,shaft_car,multi_stft,2.0,256.0,0.25,0.25
1,2,local_flow,0,-0.0,1.0,1.0,0.5102857142857142,1.0,0.5332434285714286,2,3500,1750,2958,per_session_robust_mad_cf,12.547774076461792,5,cross,shaft_car,multi_stft,2.0,256.0,0.25,0.25
1,2,frame_brightness,0,-0.0,1.0,0.9997142857142856,0.516,1.0,0.519116081632653,2,3500,1750,2958,per_session_robust_mad_cf,9.516035556793211,5,cross,shaft_car,multi_stft,2.0,256.0,0.25,0.25
1,2,face_num,0,-0.0,1.0,0.9977142857142856,0.5325714285714286,0.999990530612245,0.5477054693877551,2,3500,1750,2958,per_session_robust_mad_cf,15.65067720413208,5,cross,shaft_car,multi_stft,2.0,256.0,0.25,0.25
3,0,onset,0,-0.0,1.0,1.0,0.7314285714285714,1.0,0.8308218775510204,2,2992,1750,1972,per_session_robust_mad_cf,9.168895483016968,5,cross,shaft_car,multi_stft,2.0,256.0,0.25,0.25
3,0,speech,0,-0.0,1.0,0.9985714285714286,0.7211428571428572,0.999992163265306,0.8005916734693876,2,3500,1750,1972,per_session_robust_mad_cf,10.691064596176147,5,cross,shaft_car,multi_stft,2.0,256.0,0.25,0.25
3,0,volume,0,-0.0,1.0,0.9268571428571428,0.5845714285714285,0.979447836734694,0.625982693877551,2,3500,1750,1972,per_session_robust_mad_cf,28.05244469642639,5,cross,shaft_car,multi_stft,2.0,256.0,0.25,0.25
3,0,delta_volume,0,-0.0,1.0,0.9382857142857144,0.6074285714285714,0.9843203265306124,0.6464140408163266,2,3500,1750,1972,per_session_robust_mad_cf,20.35559058189392,5,cross,shaft_car,multi_stft,2.0,256.0,0.25,0.25
3,0,pitch,0,-0.0,1.0,0.8414285714285714,0.5291428571428571,0.919986612244898,0.5356290612244898,2,3500,1750,1972,per_session_robust_mad_cf,23.062315702438354,5,cross,shaft_car,multi_stft,2.0,256.0,0.25,0.25
3,0,word_index,0,-0.0,1.0,1.0,0.5945017182130584,1.0,0.6477054582281543,2,2128,1455,1972,per_session_robust_mad_cf,12.30742573738098,5,cross,shaft_car,multi_stft,2.0,256.0,0.25,0.25
3,0,word_gap,0,-0.0,1.0,0.8835530445699937,0.5108571428571429,0.9491777625668484,0.5229322448979592,2,3186,1750,1972,per_session_robust_mad_cf,22.45404863357544,5,cross,shaft_car,multi_stft,2.0,256.0,0.25,0.25
3,0,gpt2_surprisal,0,-0.0,1.0,0.8648571428571429,0.5262857142857142,0.941005387755102,0.5327464489795919,2,3500,1750,1972,per_session_robust_mad_cf,27.38227152824402,5,cross,shaft_car,multi_stft,2.0,256.0,0.25,0.25
3,0,word_head_pos,0,-0.0,1.0,0.8505714285714285,0.5188571428571429,0.9316130612244898,0.5255902040816327,2,3500,1750,1972,per_session_robust_mad_cf,25.95064377784729,5,cross,shaft_car,multi_stft,2.0,256.0,0.25,0.25
3,0,word_part_speech,0,-0.0,1.0,1.0,0.5,1.0,0.5061557214313702,2,2096,1562,1972,per_session_robust_mad_cf,8.935396671295166,5,cross,shaft_car,multi_stft,2.0,256.0,0.25,0.25
3,0,word_length,0,-0.0,1.0,0.8528571428571429,0.5114285714285715,0.9356764081632652,0.5090886530612244,2,3500,1750,1972,per_session_robust_mad_cf,19.47935724258423,5,cross,shaft_car,multi_stft,2.0,256.0,0.25,0.25
3,0,global_flow,0,-0.0,1.0,0.8742857142857143,0.5154285714285715,0.951376,0.527041306122449,2,3500,1750,1972,per_session_robust_mad_cf,23.56421446800232,5,cross,shaft_car,multi_stft,2.0,256.0,0.25,0.25
3,0,local_flow,0,-0.0,1.0,0.8697142857142857,0.5137142857142857,0.940846693877551,0.5052408163265306,2,3500,1750,1972,per_session_robust_mad_cf,21.4794864654541,5,cross,shaft_car,multi_stft,2.0,256.0,0.25,0.25
3,0,frame_brightness,0,-0.0,1.0,0.8594285714285714,0.4937142857142857,0.9347526530612243,0.4873678367346938,2,3500,1750,1972,per_session_robust_mad_cf,32.52257299423218,5,cross,shaft_car,multi_stft,2.0,256.0,0.25,0.25
3,0,face_num,0,-0.0,1.0,0.8468571428571429,0.5188571428571429,0.919210448979592,0.5227768163265305,2,3500,1750,1972,per_session_robust_mad_cf,22.722309827804565,5,cross,shaft_car,multi_stft,2.0,256.0,0.25,0.25
3,1,onset,0,-0.0,1.0,1.0,0.7531194295900179,1.0,0.8263366600894124,2,2992,1122,1972,per_session_robust_mad_cf,10.06465744972229,5,cross,shaft_car,multi_stft,2.0,256.0,0.25,0.25
3,1,speech,0,-0.0,1.0,0.9985714285714286,0.7274285714285714,0.999992163265306,0.8079307755102041,2,3500,1750,1972,per_session_robust_mad_cf,11.746820449829102,5,cross,shaft_car,multi_stft,2.0,256.0,0.25,0.25
3,1,volume,0,-0.0,1.0,0.9268571428571428,0.608,0.979447836734694,0.6626390204081631,2,3500,1750,1972,per_session_robust_mad_cf,25.6396119594574,5,cross,shaft_car,multi_stft,2.0,256.0,0.25,0.25
3,1,delta_volume,0,-0.0,1.0,0.9382857142857144,0.68,0.9843203265306124,0.7415314285714286,2,3500,1750,1972,per_session_robust_mad_cf,23.68699336051941,5,cross,shaft_car,multi_stft,2.0,256.0,0.25,0.25
3,1,pitch,0,-0.0,1.0,0.8414285714285714,0.496,0.919986612244898,0.5015474285714285,2,3500,1750,1972,per_session_robust_mad_cf,22.244627952575684,5,cross,shaft_car,multi_stft,2.0,256.0,0.25,0.25
3,1,word_index,0,-0.0,1.0,1.0,0.6408114558472554,1.0,0.7158395087747278,2,2128,838,1972,per_session_robust_mad_cf,9.177737474441528,5,cross,shaft_car,multi_stft,2.0,256.0,0.25,0.25
3,1,word_gap,0,-0.0,1.0,0.8835530445699937,0.5208983156581409,0.9491777625668484,0.5179451496103686,2,3186,1603,1972,per_session_robust_mad_cf,24.507187843322757,5,cross,shaft_car,multi_stft,2.0,256.0,0.25,0.25
3,1,gpt2_surprisal,0,-0.0,1.0,0.8648571428571429,0.5508571428571428,0.941005387755102,0.5798138775510204,2,3500,1750,1972,per_session_robust_mad_cf,30.95357036590576,5,cross,shaft_car,multi_stft,2.0,256.0,0.25,0.25
3,1,word_head_pos,0,-0.0,1.0,0.8505714285714285,0.5542857142857143,0.9316130612244898,0.5629296326530613,2,3500,1750,1972,per_session_robust_mad_cf,27.91767644882202,5,cross,shaft_car,multi_stft,2.0,256.0,0.25,0.25
3,1,word_part_speech,0,-0.0,1.0,1.0,0.4843462246777164,1.0,0.4842258240658778,2,2096,1086,1972,per_session_robust_mad_cf,9.098334312438965,5,cross,shaft_car,multi_stft,2.0,256.0,0.25,0.25
3,1,word_length,0,-0.0,1.0,0.8528571428571429,0.5102857142857142,0.9356764081632652,0.5086249795918367,2,3500,1750,1972,per_session_robust_mad_cf,23.76347827911377,5,cross,shaft_car,multi_stft,2.0,256.0,0.25,0.25
3,1,global_flow,0,-0.0,1.0,0.8742857142857143,0.5531428571428572,0.951376,0.580928,2,3500,1750,1972,per_session_robust_mad_cf,27.206482410430908,5,cross,shaft_car,multi_stft,2.0,256.0,0.25,0.25
3,1,local_flow,0,-0.0,1.0,0.8697142857142857,0.5457142857142857,0.940846693877551,0.5699944489795918,2,3500,1750,1972,per_session_robust_mad_cf,25.6097948551178,5,cross,shaft_car,multi_stft,2.0,256.0,0.25,0.25
3,1,frame_brightness,0,-0.0,1.0,0.8594285714285714,0.4954285714285714,0.9347526530612243,0.4898772244897958,2,3500,1750,1972,per_session_robust_mad_cf,42.249300718307495,5,cross,shaft_car,multi_stft,2.0,256.0,0.25,0.25
3,1,face_num,0,-0.0,1.0,0.8468571428571429,0.4822857142857142,0.919210448979592,0.4868179591836734,2,3500,1750,1972,per_session_robust_mad_cf,23.67237138748169,5,cross,shaft_car,multi_stft,2.0,256.0,0.25,0.25
4,0,onset,0,-0.0,1.0,1.0,0.6212121212121212,1.0,0.6589832988980716,2,2992,1056,4437,per_session_robust_mad_cf,4.211022615432739,5,cross,shaft_car,multi_stft,2.0,256.0,0.25,0.25
4,0,speech,0,-0.0,1.0,1.0,0.6274285714285714,1.0,0.6663990204081633,2,3500,1750,4437,per_session_robust_mad_cf,7.757531404495239,5,cross,shaft_car,multi_stft,2.0,256.0,0.25,0.25
4,0,volume,0,-0.0,1.0,1.0,0.5473496128648004,1.0,0.5696797491344572,2,3500,1679,4437,per_session_robust_mad_cf,14.08055567741394,5,cross,shaft_car,multi_stft,2.0,256.0,0.25,0.25
4,0,delta_volume,0,-0.0,1.0,1.0,0.5944014294222751,1.0,0.6298353340144163,2,3500,1679,4437,per_session_robust_mad_cf,11.375387907028198,5,cross,shaft_car,multi_stft,2.0,256.0,0.25,0.25
4,0,pitch,0,-0.0,1.0,1.0,0.50565812983919,1.0,0.5171945059310971,2,3500,1679,4437,per_session_robust_mad_cf,12.792847394943236,5,cross,shaft_car,multi_stft,2.0,256.0,0.25,0.25
4,0,word_index,0,-0.0,1.0,1.0,0.6185430463576159,1.0,0.6841185634289082,2,2128,755,4437,per_session_robust_mad_cf,4.784850597381592,5,cross,shaft_car,multi_stft,2.0,256.0,0.25,0.25
4,0,word_gap,0,-0.0,1.0,1.0,0.5243472124206069,1.0,0.5337294709665081,2,3186,1417,4437,per_session_robust_mad_cf,10.02351188659668,5,cross,shaft_car,multi_stft,2.0,256.0,0.25,0.25
4,0,gpt2_surprisal,0,-0.0,1.0,1.0,0.5253126861226921,1.0,0.5417244877688858,2,3500,1679,4437,per_session_robust_mad_cf,24.826706409454346,5,cross,shaft_car,multi_stft,2.0,256.0,0.25,0.25
4,0,word_head_pos,0,-0.0,1.0,1.0,0.5354285714285715,1.0,0.5441952653061224,2,3500,1750,4437,per_session_robust_mad_cf,11.395848751068115,5,cross,shaft_car,multi_stft,2.0,256.0,0.25,0.25
4,0,word_part_speech,0,-0.0,1.0,1.0,0.5355303810504635,1.0,0.5522676169869756,2,2096,971,4437,per_session_robust_mad_cf,3.845969676971436,5,cross,shaft_car,multi_stft,2.0,256.0,0.25,0.25
4,0,word_length,0,-0.0,1.0,1.0,0.5411203814064363,1.0,0.5689463022128903,2,3500,1678,4437,per_session_robust_mad_cf,11.277761936187744,5,cross,shaft_car,multi_stft,2.0,256.0,0.25,0.25
4,0,global_flow,0,-0.0,1.0,1.0,0.4955330553901131,1.0,0.4951125205743799,2,3500,1679,4437,per_session_robust_mad_cf,10.729248523712158,5,cross,shaft_car,multi_stft,2.0,256.0,0.25,0.25
4,0,local_flow,0,-0.0,1.0,1.0,0.4871947587849911,1.0,0.4801641693626198,2,3500,1679,4437,per_session_robust_mad_cf,17.06870675086975,5,cross,shaft_car,multi_stft,2.0,256.0,0.25,0.25
4,0,frame_brightness,0,-0.0,1.0,1.0,0.4973198332340679,1.0,0.4995189851864464,2,3500,1679,4437,per_session_robust_mad_cf,18.47044563293457,5,cross,shaft_car,multi_stft,2.0,256.0,0.25,0.25
4,0,face_num,0,-0.0,1.0,1.0,0.5230007077140835,1.0,0.5176763325867189,2,3500,1413,4437,per_session_robust_mad_cf,11.977135181427002,5,cross,shaft_car,multi_stft,2.0,256.0,0.25,0.25
4,1,onset,0,-0.0,1.0,1.0,0.6121463077984817,1.0,0.6363212040388646,2,2992,1449,4437,per_session_robust_mad_cf,3.628874778747559,5,cross,shaft_car,multi_stft,2.0,256.0,0.25,0.25
4,1,speech,0,-0.0,1.0,1.0,0.6097142857142858,1.0,0.6467441632653061,2,3500,1750,4437,per_session_robust_mad_cf,7.126828670501709,5,cross,shaft_car,multi_stft,2.0,256.0,0.25,0.25
4,1,volume,0,-0.0,1.0,1.0,0.4965714285714285,1.0,0.4825005714285714,2,3500,1750,4437,per_session_robust_mad_cf,13.13310694694519,5,cross,shaft_car,multi_stft,2.0,256.0,0.25,0.25
4,1,delta_volume,0,-0.0,1.0,1.0,0.5491428571428572,1.0,0.5652365714285714,2,3500,1750,4437,per_session_robust_mad_cf,12.443684577941896,5,cross,shaft_car,multi_stft,2.0,256.0,0.25,0.25
4,1,pitch,0,-0.0,1.0,1.0,0.5142857142857142,1.0,0.5186710204081633,2,3500,1750,4437,per_session_robust_mad_cf,15.170656681060793,5,cross,shaft_car,multi_stft,2.0,256.0,0.25,0.25
4,1,word_index,0,-0.0,1.0,1.0,0.5890279114533205,1.0,0.6319234474581295,2,2128,1039,4437,per_session_robust_mad_cf,4.973498344421387,5,cross,shaft_car,multi_stft,2.0,256.0,0.25,0.25
4,1,word_gap,0,-0.0,1.0,1.0,0.522207267833109,1.0,0.5269849234397671,2,3186,1486,4437,per_session_robust_mad_cf,9.02274250984192,5,cross,shaft_car,multi_stft,2.0,256.0,0.25,0.25
4,1,gpt2_surprisal,0,-0.0,1.0,1.0,0.5182857142857142,1.0,0.5126050612244898,2,3500,1750,4437,per_session_robust_mad_cf,30.507095336914062,5,cross,shaft_car,multi_stft,2.0,256.0,0.25,0.25
4,1,word_head_pos,0,-0.0,1.0,1.0,0.5137142857142857,1.0,0.5178912653061225,2,3500,1750,4437,per_session_robust_mad_cf,12.000856637954712,5,cross,shaft_car,multi_stft,2.0,256.0,0.25,0.25
4,1,word_part_speech,0,-0.0,1.0,1.0,0.4951541850220264,1.0,0.4906444841890852,2,2096,1135,4437,per_session_robust_mad_cf,4.886269807815552,5,cross,shaft_car,multi_stft,2.0,256.0,0.25,0.25
4,1,word_length,0,-0.0,1.0,1.0,0.5177142857142857,1.0,0.5239431836734694,2,3500,1750,4437,per_session_robust_mad_cf,13.449809789657593,5,cross,shaft_car,multi_stft,2.0,256.0,0.25,0.25
4,1,global_flow,0,-0.0,1.0,1.0,0.4862857142857142,1.0,0.4716195918367346,2,3500,1750,4437,per_session_robust_mad_cf,9.792268991470335,5,cross,shaft_car,multi_stft,2.0,256.0,0.25,0.25
4,1,local_flow,0,-0.0,1.0,1.0,0.4622857142857143,1.0,0.4289443265306122,2,3500,1750,4437,per_session_robust_mad_cf,20.84335160255432,5,cross,shaft_car,multi_stft,2.0,256.0,0.25,0.25
4,1,frame_brightness,0,-0.0,1.0,1.0,0.5154285714285715,1.0,0.5197244081632653,2,3500,1750,4437,per_session_robust_mad_cf,21.992636919021606,5,cross,shaft_car,multi_stft,2.0,256.0,0.25,0.25
4,1,face_num,0,-0.0,1.0,1.0,0.5234285714285715,1.0,0.5180169795918368,2,3500,1750,4437,per_session_robust_mad_cf,11.2076416015625,5,cross,shaft_car,multi_stft,2.0,256.0,0.25,0.25
7,0,onset,0,-0.0,1.0,1.0,0.5188571428571429,1.0,0.5299284897959184,2,2992,1750,2958,per_session_robust_mad_cf,8.104089498519897,5,cross,shaft_car,multi_stft,2.0,256.0,0.25,0.25
7,0,speech,0,-0.0,1.0,1.0,0.5005714285714286,1.0,0.4997959183673469,2,3500,1750,2958,per_session_robust_mad_cf,13.554576873779297,5,cross,shaft_car,multi_stft,2.0,256.0,0.25,0.25
7,0,volume,0,-0.0,1.0,1.0,0.5154285714285715,1.0,0.5284032653061225,2,3500,1750,2958,per_session_robust_mad_cf,36.76205635070801,5,cross,shaft_car,multi_stft,2.0,256.0,0.25,0.25
7,0,delta_volume,0,-0.0,1.0,1.0,0.5102857142857142,1.0,0.5183549387755102,2,3500,1750,2958,per_session_robust_mad_cf,25.95956563949585,5,cross,shaft_car,multi_stft,2.0,256.0,0.25,0.25
7,0,pitch,0,-0.0,1.0,0.9991428571428572,0.5148571428571429,0.999997387755102,0.5139271836734693,2,3500,1750,2958,per_session_robust_mad_cf,60.64580941200256,5,cross,shaft_car,multi_stft,2.0,256.0,0.25,0.25
7,0,word_index,0,-0.0,1.0,1.0,0.5092783505154639,1.0,0.5091793952265067,2,2128,1455,2958,per_session_robust_mad_cf,6.3876683712005615,5,cross,shaft_car,multi_stft,2.0,256.0,0.25,0.25
7,0,word_gap,0,-0.0,1.0,1.0,0.5045714285714286,1.0,0.5066579591836735,2,3186,1750,2958,per_session_robust_mad_cf,24.97216296195984,5,cross,shaft_car,multi_stft,2.0,256.0,0.25,0.25
7,0,gpt2_surprisal,0,-0.0,1.0,1.0,0.5068571428571429,1.0,0.4965675102040816,2,3500,1750,2958,per_session_robust_mad_cf,112.78412652015686,5,cross,shaft_car,multi_stft,2.0,256.0,0.25,0.25
7,0,word_head_pos,0,-0.0,1.0,0.9991428571428572,0.4851428571428571,0.9999983673469388,0.4824875102040816,2,3500,1750,2958,per_session_robust_mad_cf,33.13107490539551,5,cross,shaft_car,multi_stft,2.0,256.0,0.25,0.25
7,0,word_part_speech,0,-0.0,1.0,1.0,0.4967989756722151,1.0,0.4957530071594741,2,2096,1562,2958,per_session_robust_mad_cf,10.870173215866089,5,cross,shaft_car,multi_stft,2.0,256.0,0.25,0.25
7,0,word_length,0,-0.0,1.0,0.9997142857142856,0.5114285714285715,1.0,0.5058233469387755,2,3500,1750,2958,per_session_robust_mad_cf,58.58420538902283,5,cross,shaft_car,multi_stft,2.0,256.0,0.25,0.25
7,0,global_flow,0,-0.0,1.0,1.0,0.536,1.0,0.544690612244898,2,3500,1750,2958,per_session_robust_mad_cf,48.60098481178284,5,cross,shaft_car,multi_stft,2.0,256.0,0.25,0.25
7,0,local_flow,0,-0.0,1.0,1.0,0.5171428571428571,1.0,0.5268078367346939,2,3500,1750,2958,per_session_robust_mad_cf,46.89888525009155,5,cross,shaft_car,multi_stft,2.0,256.0,0.25,0.25
7,0,frame_brightness,0,-0.0,1.0,1.0,0.4857142857142857,1.0,0.4808071836734694,2,3500,1750,2958,per_session_robust_mad_cf,88.86525225639343,5,cross,shaft_car,multi_stft,2.0,256.0,0.25,0.25
7,0,face_num,0,-0.0,1.0,0.9991428571428572,0.4965714285714285,0.9999859591836736,0.4968551836734693,2,3500,1750,2958,per_session_robust_mad_cf,27.038044214248657,5,cross,shaft_car,multi_stft,2.0,256.0,0.25,0.25
7,1,onset,0,-0.0,1.0,1.0,0.5169082125603864,1.0,0.5240826824156983,2,2992,1449,2958,per_session_robust_mad_cf,4.57465410232544,5,cross,shaft_car,multi_stft,2.0,256.0,0.25,0.25
7,1,speech,0,-0.0,1.0,1.0,0.5231660231660231,1.0,0.5239896542985346,2,3500,1554,2958,per_session_robust_mad_cf,7.819314479827881,5,cross,shaft_car,multi_stft,2.0,256.0,0.25,0.25
7,1,volume,0,-0.0,1.0,1.0,0.5028571428571429,1.0,0.5133645714285715,2,3500,1750,2958,per_session_robust_mad_cf,21.11920952796936,5,cross,shaft_car,multi_stft,2.0,256.0,0.25,0.25
7,1,delta_volume,0,-0.0,1.0,1.0,0.5314285714285715,1.0,0.5335408979591837,2,3500,1750,2958,per_session_robust_mad_cf,17.1826651096344,5,cross,shaft_car,multi_stft,2.0,256.0,0.25,0.25
7,1,pitch,0,-0.0,1.0,0.9991428571428572,0.5085714285714286,0.999997387755102,0.5084688979591836,2,3500,1750,2958,per_session_robust_mad_cf,28.75569558143616,5,cross,shaft_car,multi_stft,2.0,256.0,0.25,0.25
7,1,word_index,0,-0.0,1.0,1.0,0.5024061597690087,1.0,0.5133420409070697,2,2128,1039,2958,per_session_robust_mad_cf,4.952708005905151,5,cross,shaft_car,multi_stft,2.0,256.0,0.25,0.25
7,1,word_gap,0,-0.0,1.0,1.0,0.4804845222072678,1.0,0.4727891002429132,2,3186,1486,2958,per_session_robust_mad_cf,14.075345039367676,5,cross,shaft_car,multi_stft,2.0,256.0,0.25,0.25
7,1,gpt2_surprisal,0,-0.0,1.0,1.0,0.4822857142857142,1.0,0.5059595102040817,2,3500,1750,2958,per_session_robust_mad_cf,84.82978796958923,5,cross,shaft_car,multi_stft,2.0,256.0,0.25,0.25
7,1,word_head_pos,0,-0.0,1.0,0.9991428571428572,0.4977142857142857,0.9999983673469388,0.500609306122449,2,3500,1750,2958,per_session_robust_mad_cf,29.33778977394104,5,cross,shaft_car,multi_stft,2.0,256.0,0.25,0.25
7,1,word_part_speech,0,-0.0,1.0,1.0,0.505726872246696,1.0,0.5039340984176666,2,2096,1135,2958,per_session_robust_mad_cf,9.090498924255373,5,cross,shaft_car,multi_stft,2.0,256.0,0.25,0.25
7,1,word_length,0,-0.0,1.0,0.9997142857142856,0.5,1.0,0.4892414693877551,2,3500,1750,2958,per_session_robust_mad_cf,37.87124800682068,5,cross,shaft_car,multi_stft,2.0,256.0,0.25,0.25
7,1,global_flow,0,-0.0,1.0,1.0,0.4988571428571428,1.0,0.5017462857142857,2,3500,1750,2958,per_session_robust_mad_cf,22.01466703414917,5,cross,shaft_car,multi_stft,2.0,256.0,0.25,0.25
7,1,local_flow,0,-0.0,1.0,1.0,0.5154285714285715,1.0,0.5216091428571429,2,3500,1750,2958,per_session_robust_mad_cf,28.02466058731079,5,cross,shaft_car,multi_stft,2.0,256.0,0.25,0.25
7,1,frame_brightness,0,-0.0,1.0,1.0,0.5097142857142857,1.0,0.5121093877551021,2,3500,1750,2958,per_session_robust_mad_cf,57.60728979110718,5,cross,shaft_car,multi_stft,2.0,256.0,0.25,0.25
7,1,face_num,0,-0.0,1.0,0.9991428571428572,0.496,0.9999859591836736,0.487532081632653,2,3500,1750,2958,per_session_robust_mad_cf,22.182191371917725,5,cross,shaft_car,multi_stft,2.0,256.0,0.25,0.25
10,0,onset,0,-0.0,1.0,1.0,0.6469523234761617,1.0,0.6947562105557594,2,2992,1657,2465,per_session_robust_mad_cf,5.173949956893921,5,cross,shaft_car,multi_stft,2.0,256.0,0.25,0.25
10,0,speech,0,-0.0,1.0,1.0,0.6074285714285714,1.0,0.6452509387755101,2,3500,1750,2465,per_session_robust_mad_cf,7.530535936355591,5,cross,shaft_car,multi_stft,2.0,256.0,0.25,0.25
10,0,volume,0,-0.0,1.0,1.0,0.5485714285714286,1.0,0.5527582040816327,2,3500,1750,2465,per_session_robust_mad_cf,9.964593410491943,5,cross,shaft_car,multi_stft,2.0,256.0,0.25,0.25
10,0,delta_volume,0,-0.0,1.0,0.9997142857142856,0.5474285714285714,1.0,0.5550527346938776,2,3500,1750,2465,per_session_robust_mad_cf,12.63953137397766,5,cross,shaft_car,multi_stft,2.0,256.0,0.25,0.25
10,0,pitch,0,-0.0,1.0,0.95,0.5091428571428571,0.9912930612244898,0.515330612244898,2,3500,1750,2465,per_session_robust_mad_cf,15.867882251739502,5,cross,shaft_car,multi_stft,2.0,256.0,0.25,0.25
10,0,word_index,0,-0.0,1.0,1.0,0.5710681244743482,1.0,0.5998160880513821,2,2128,1189,2465,per_session_robust_mad_cf,5.732966423034668,5,cross,shaft_car,multi_stft,2.0,256.0,0.25,0.25
10,0,word_gap,0,-0.0,1.0,0.9770872567482736,0.5022857142857143,0.9978192413529215,0.5132969795918367,2,3186,1750,2465,per_session_robust_mad_cf,18.37448525428772,5,cross,shaft_car,multi_stft,2.0,256.0,0.25,0.25
10,0,gpt2_surprisal,0,-0.0,1.0,0.9474285714285714,0.5102857142857142,0.9890138775510204,0.5325854693877551,2,3500,1750,2465,per_session_robust_mad_cf,22.00137996673584,5,cross,shaft_car,multi_stft,2.0,256.0,0.25,0.25
10,0,word_head_pos,0,-0.0,1.0,0.9325714285714286,0.4891428571428571,0.9846573061224492,0.4971324081632653,2,3500,1750,2465,per_session_robust_mad_cf,20.49674916267395,5,cross,shaft_car,multi_stft,2.0,256.0,0.25,0.25
10,0,word_part_speech,0,-0.0,1.0,1.0,0.4965197215777262,1.0,0.4946191280547035,2,2096,1293,2465,per_session_robust_mad_cf,6.210160970687866,5,cross,shaft_car,multi_stft,2.0,256.0,0.25,0.25
10,0,word_length,0,-0.0,1.0,0.9451428571428572,0.4862857142857142,0.988522448979592,0.4905753469387754,2,3500,1750,2465,per_session_robust_mad_cf,22.08975887298584,5,cross,shaft_car,multi_stft,2.0,256.0,0.25,0.25
10,0,global_flow,0,-0.0,1.0,0.9894285714285714,0.5051428571428571,0.9994377142857144,0.5164669387755102,2,3500,1750,2465,per_session_robust_mad_cf,17.419636249542236,5,cross,shaft_car,multi_stft,2.0,256.0,0.25,0.25
10,0,local_flow,0,-0.0,1.0,0.9871428571428572,0.5057142857142857,0.9993593469387756,0.5113276734693877,2,3500,1750,2465,per_session_robust_mad_cf,19.43247103691101,5,cross,shaft_car,multi_stft,2.0,256.0,0.25,0.25
10,0,frame_brightness,0,-0.0,1.0,0.9628571428571427,0.4788571428571428,0.9943268571428572,0.4530703673469387,2,3500,1750,2465,per_session_robust_mad_cf,25.57999086380005,5,cross,shaft_car,multi_stft,2.0,256.0,0.25,0.25
10,0,face_num,0,-0.0,1.0,0.9385714285714286,0.4988571428571428,0.9839330612244898,0.498877387755102,2,3500,1750,2465,per_session_robust_mad_cf,19.625898838043213,5,cross,shaft_car,multi_stft,2.0,256.0,0.25,0.25
10,1,onset,0,-0.0,1.0,1.0,0.5977142857142858,1.0,0.6387337142857142,2,2992,1750,2465,per_session_robust_mad_cf,4.793309211730957,5,cross,shaft_car,multi_stft,2.0,256.0,0.25,0.25
10,1,speech,0,-0.0,1.0,1.0,0.5811428571428572,1.0,0.6205005714285714,2,3500,1750,2465,per_session_robust_mad_cf,7.921997547149658,5,cross,shaft_car,multi_stft,2.0,256.0,0.25,0.25
10,1,volume,0,-0.0,1.0,1.0,0.6205714285714286,1.0,0.6616626938775511,2,3500,1750,2465,per_session_robust_mad_cf,9.06675148010254,5,cross,shaft_car,multi_stft,2.0,256.0,0.25,0.25
10,1,delta_volume,0,-0.0,1.0,0.9997142857142856,0.5662857142857143,1.0,0.6056724897959184,2,3500,1750,2465,per_session_robust_mad_cf,11.262287139892578,5,cross,shaft_car,multi_stft,2.0,256.0,0.25,0.25
10,1,pitch,0,-0.0,1.0,0.95,0.516,0.9912930612244898,0.5329864489795918,2,3500,1750,2465,per_session_robust_mad_cf,20.165593147277832,5,cross,shaft_car,multi_stft,2.0,256.0,0.25,0.25
10,1,word_index,0,-0.0,1.0,1.0,0.5215716486902927,1.0,0.5484519267523107,2,2128,1298,2465,per_session_robust_mad_cf,4.794322729110718,5,cross,shaft_car,multi_stft,2.0,256.0,0.25,0.25
10,1,word_gap,0,-0.0,1.0,0.9770872567482736,0.5091428571428571,0.9978192413529215,0.5074135510204081,2,3186,1750,2465,per_session_robust_mad_cf,15.730577230453491,5,cross,shaft_car,multi_stft,2.0,256.0,0.25,0.25
10,1,gpt2_surprisal,0,-0.0,1.0,0.9474285714285714,0.5,0.9890138775510204,0.5081903673469388,2,3500,1750,2465,per_session_robust_mad_cf,26.59113645553589,5,cross,shaft_car,multi_stft,2.0,256.0,0.25,0.25
10,1,word_head_pos,0,-0.0,1.0,0.9325714285714286,0.4931428571428571,0.9846573061224492,0.4971219591836735,2,3500,1750,2465,per_session_robust_mad_cf,20.47417187690735,5,cross,shaft_car,multi_stft,2.0,256.0,0.25,0.25
10,1,word_part_speech,0,-0.0,1.0,1.0,0.5129496402877698,1.0,0.5150737539464831,2,2096,1390,2465,per_session_robust_mad_cf,8.236737728118896,5,cross,shaft_car,multi_stft,2.0,256.0,0.25,0.25
10,1,word_length,0,-0.0,1.0,0.9451428571428572,0.5108571428571429,0.988522448979592,0.5222821224489796,2,3500,1750,2465,per_session_robust_mad_cf,24.131102800369263,5,cross,shaft_car,multi_stft,2.0,256.0,0.25,0.25
10,1,global_flow,0,-0.0,1.0,0.9894285714285714,0.5114285714285715,0.9994377142857144,0.5185534693877552,2,3500,1750,2465,per_session_robust_mad_cf,14.66924786567688,5,cross,shaft_car,multi_stft,2.0,256.0,0.25,0.25
10,1,local_flow,0,-0.0,1.0,0.9871428571428572,0.532,0.9993593469387756,0.5350674285714285,2,3500,1750,2465,per_session_robust_mad_cf,24.283162593841556,5,cross,shaft_car,multi_stft,2.0,256.0,0.25,0.25
10,1,frame_brightness,0,-0.0,1.0,0.9628571428571427,0.5102857142857142,0.9943268571428572,0.5190608979591838,2,3500,1750,2465,per_session_robust_mad_cf,15.224066734313965,5,cross,shaft_car,multi_stft,2.0,256.0,0.25,0.25
10,1,face_num,0,-0.0,1.0,0.9385714285714286,0.5074285714285715,0.9839330612244898,0.5159324081632652,2,3500,1750,2465,per_session_robust_mad_cf,20.635135412216187,5,cross,shaft_car,multi_stft,2.0,256.0,0.25,0.25
1,1,onset,0,-0.0,1.0,1.0,0.9056122448979592,1.0,0.9525002603082048,2,1567,784,30600,per_session_robust_mad_cf,5.012776136398315,6,within,shaft_car,multi_stft,2.0,256.0,0.5,0.75
1,1,onset,1,-0.0,1.0,1.0,0.8341836734693877,1.0,0.9032239171178676,2,1567,784,30600,per_session_robust_mad_cf,4.296184539794922,6,within,shaft_car,multi_stft,2.0,256.0,0.5,0.75
1,1,speech,0,-0.0,1.0,1.0,0.904,1.0,0.9670020793496544,2,1750,875,30600,per_session_robust_mad_cf,3.719278335571289,6,within,shaft_car,multi_stft,2.0,256.0,0.5,0.75
1,1,speech,1,-0.0,1.0,1.0,0.824,1.0,0.8741471009268256,2,1750,875,30600,per_session_robust_mad_cf,3.831255197525024,6,within,shaft_car,multi_stft,2.0,256.0,0.5,0.75
1,1,volume,0,-0.0,1.0,1.0,0.7554285714285714,1.0,0.8280082651536524,2,1750,875,30600,per_session_robust_mad_cf,4.835725545883179,6,within,shaft_car,multi_stft,2.0,256.0,0.5,0.75
1,1,volume,1,-0.0,1.0,1.0,0.7862857142857143,1.0,0.8702966469180695,2,1750,875,30600,per_session_robust_mad_cf,3.968225955963135,6,within,shaft_car,multi_stft,2.0,256.0,0.5,0.75
1,1,delta_volume,0,-0.0,1.0,1.0,0.7542857142857143,1.0,0.8317398618643095,2,1750,875,30600,per_session_robust_mad_cf,4.933034420013428,6,within,shaft_car,multi_stft,2.0,256.0,0.5,0.75
1,1,delta_volume,1,-0.0,1.0,1.0,0.7565714285714286,1.0,0.8370845219063143,2,1750,875,30600,per_session_robust_mad_cf,5.177890300750732,6,within,shaft_car,multi_stft,2.0,256.0,0.5,0.75
1,1,pitch,0,-0.0,1.0,1.0,0.536,1.0,0.5393404595467226,2,1750,875,30600,per_session_robust_mad_cf,4.788647413253784,6,within,shaft_car,multi_stft,2.0,256.0,0.5,0.75
1,1,pitch,1,-0.0,1.0,1.0,0.5405714285714286,1.0,0.5544601527642812,2,1750,875,30600,per_session_robust_mad_cf,5.369194507598877,6,within,shaft_car,multi_stft,2.0,256.0,0.5,0.75
1,1,word_index,0,-0.0,1.0,1.0,0.7405498281786942,1.0,0.7985498517967431,2,1163,582,30600,per_session_robust_mad_cf,4.021399736404419,6,within,shaft_car,multi_stft,2.0,256.0,0.5,0.75
1,1,word_index,1,-0.0,1.0,1.0,0.7319587628865979,1.0,0.8055053672016155,2,1163,582,30600,per_session_robust_mad_cf,4.187487602233887,6,within,shaft_car,multi_stft,2.0,256.0,0.5,0.75
1,1,word_gap,0,-0.0,1.0,1.0,0.5794285714285714,1.0,0.6165062746204404,2,1750,875,30600,per_session_robust_mad_cf,3.552777051925659,6,within,shaft_car,multi_stft,2.0,256.0,0.5,0.75
1,1,word_gap,1,-0.0,1.0,1.0,0.5554285714285714,1.0,0.5980951485324388,2,1750,875,30600,per_session_robust_mad_cf,5.017574787139893,6,within,shaft_car,multi_stft,2.0,256.0,0.5,0.75
1,1,gpt2_surprisal,0,-0.0,1.0,1.0,0.576,1.0,0.591491384805074,2,1750,875,30600,per_session_robust_mad_cf,4.86644458770752,6,within,shaft_car,multi_stft,2.0,256.0,0.5,0.75
1,1,gpt2_surprisal,1,-0.0,1.0,1.0,0.6137142857142858,1.0,0.6431773298642676,2,1750,875,30600,per_session_robust_mad_cf,4.883063793182373,6,within,shaft_car,multi_stft,2.0,256.0,0.5,0.75
1,1,word_head_pos,0,-0.0,1.0,1.0,0.6022857142857143,1.0,0.630447843850245,2,1750,875,30600,per_session_robust_mad_cf,5.747520923614502,6,within,shaft_car,multi_stft,2.0,256.0,0.5,0.75
1,1,word_head_pos,1,-0.0,1.0,1.0,0.5977142857142858,1.0,0.6414636949729893,2,1750,875,30600,per_session_robust_mad_cf,6.077088832855225,6,within,shaft_car,multi_stft,2.0,256.0,0.5,0.75
1,1,word_part_speech,0,-0.0,1.0,1.0,0.5841346153846154,1.0,0.6087148090791421,2,1664,832,30600,per_session_robust_mad_cf,4.914545774459839,6,within,shaft_car,multi_stft,2.0,256.0,0.5,0.75
1,1,word_part_speech,1,-0.0,1.0,1.0,0.5733173076923077,1.0,0.596598788831361,2,1664,832,30600,per_session_robust_mad_cf,4.351793527603149,6,within,shaft_car,multi_stft,2.0,256.0,0.5,0.75
1,1,word_length,0,-0.0,1.0,1.0,0.5657142857142857,1.0,0.5752183839587055,2,1750,875,30600,per_session_robust_mad_cf,5.326428651809692,6,within,shaft_car,multi_stft,2.0,256.0,0.5,0.75
1,1,word_length,1,-0.0,1.0,1.0,0.5782857142857143,1.0,0.6104876545144875,2,1750,875,30600,per_session_robust_mad_cf,5.300552606582642,6,within,shaft_car,multi_stft,2.0,256.0,0.5,0.75
1,1,global_flow,0,-0.0,1.0,1.0,0.6365714285714286,1.0,0.6751669226670012,2,1750,875,30600,per_session_robust_mad_cf,5.237424373626709,6,within,shaft_car,multi_stft,2.0,256.0,0.5,0.75
1,1,global_flow,1,-0.0,1.0,1.0,0.616,1.0,0.6398493255174864,2,1750,875,30600,per_session_robust_mad_cf,5.302597999572754,6,within,shaft_car,multi_stft,2.0,256.0,0.5,0.75
1,1,local_flow,0,-0.0,1.0,1.0,0.6102857142857143,1.0,0.6429552887579282,2,1750,875,30600,per_session_robust_mad_cf,5.5296266078948975,6,within,shaft_car,multi_stft,2.0,256.0,0.5,0.75
1,1,local_flow,1,-0.0,1.0,1.0,0.5737142857142857,1.0,0.6007544173118919,2,1750,875,30600,per_session_robust_mad_cf,4.441065549850464,6,within,shaft_car,multi_stft,2.0,256.0,0.5,0.75
1,1,frame_brightness,0,-0.0,1.0,1.0,0.5165714285714286,1.0,0.5309394689821636,2,1750,875,30600,per_session_robust_mad_cf,4.943589687347412,6,within,shaft_car,multi_stft,2.0,256.0,0.5,0.75
1,1,frame_brightness,1,-0.0,1.0,1.0,0.5714285714285714,1.0,0.593858081773821,2,1750,875,30600,per_session_robust_mad_cf,4.677236557006836,6,within,shaft_car,multi_stft,2.0,256.0,0.5,0.75
1,1,face_num,0,-0.0,1.0,1.0,0.5542857142857143,1.0,0.5792765117080969,2,1750,875,30600,per_session_robust_mad_cf,5.06423544883728,6,within,shaft_car,multi_stft,2.0,256.0,0.5,0.75
1,1,face_num,1,-0.0,1.0,1.0,0.552,1.0,0.577641244266115,2,1750,875,30600,per_session_robust_mad_cf,4.501119136810303,6,within,shaft_car,multi_stft,2.0,256.0,0.5,0.75
1,2,onset,0,-0.0,1.0,1.0,0.8806584362139918,1.0,0.9273520999548396,2,1458,729,30600,per_session_robust_mad_cf,4.637267351150513,6,within,shaft_car,multi_stft,2.0,256.0,0.5,0.75
1,2,onset,1,-0.0,1.0,1.0,0.9396433470507544,1.0,0.9759220231822971,2,1458,729,30600,per_session_robust_mad_cf,2.955431699752808,6,within,shaft_car,multi_stft,2.0,256.0,0.5,0.75
1,2,speech,0,-0.0,1.0,1.0,0.8914285714285715,1.0,0.9330115043415568,2,1750,875,30600,per_session_robust_mad_cf,4.365360975265503,6,within,shaft_car,multi_stft,2.0,256.0,0.5,0.75
1,2,speech,1,-0.0,1.0,1.0,0.9325714285714286,1.0,0.9681201216262814,2,1750,875,30600,per_session_robust_mad_cf,4.49567723274231,6,within,shaft_car,multi_stft,2.0,256.0,0.5,0.75
1,2,volume,0,-0.0,1.0,1.0,0.7748571428571429,1.0,0.8588811218039142,2,1750,875,30600,per_session_robust_mad_cf,4.9604551792144775,6,within,shaft_car,multi_stft,2.0,256.0,0.5,0.75
1,2,volume,1,-0.0,1.0,1.0,0.7942857142857143,1.0,0.8831645820925154,2,1750,875,30600,per_session_robust_mad_cf,4.051206350326538,6,within,shaft_car,multi_stft,2.0,256.0,0.5,0.75
1,2,delta_volume,0,-0.0,1.0,1.0,0.7245714285714285,1.0,0.7988986761125565,2,1750,875,30600,per_session_robust_mad_cf,4.478906631469727,6,within,shaft_car,multi_stft,2.0,256.0,0.5,0.75
1,2,delta_volume,1,-0.0,1.0,1.0,0.7211428571428572,1.0,0.8061084814478126,2,1750,875,30600,per_session_robust_mad_cf,4.65503454208374,6,within,shaft_car,multi_stft,2.0,256.0,0.5,0.75
1,2,pitch,0,-0.0,1.0,1.0,0.6,1.0,0.6333866231988547,2,1750,875,30600,per_session_robust_mad_cf,4.906578302383423,6,within,shaft_car,multi_stft,2.0,256.0,0.5,0.75
1,2,pitch,1,-0.0,1.0,1.0,0.5931428571428572,1.0,0.6308527423382757,2,1750,875,30600,per_session_robust_mad_cf,3.661723136901856,6,within,shaft_car,multi_stft,2.0,256.0,0.5,0.75
1,2,word_index,0,-0.0,1.0,1.0,0.6137254901960785,1.0,0.6516416762783546,2,1020,510,30600,per_session_robust_mad_cf,4.163184642791748,6,within,shaft_car,multi_stft,2.0,256.0,0.5,0.75
1,2,word_index,1,-0.0,1.0,1.0,0.5784313725490197,1.0,0.6348481353325643,2,1020,510,30600,per_session_robust_mad_cf,2.494493246078491,6,within,shaft_car,multi_stft,2.0,256.0,0.5,0.75
1,2,word_gap,0,-0.0,1.0,1.0,0.5369515011547344,1.0,0.5681880003626879,2,1732,866,30600,per_session_robust_mad_cf,3.3605716228485107,6,within,shaft_car,multi_stft,2.0,256.0,0.5,0.75
1,2,word_gap,1,-0.0,1.0,1.0,0.5496535796766744,1.0,0.5608382358431694,2,1732,866,30600,per_session_robust_mad_cf,4.0766074657440186,6,within,shaft_car,multi_stft,2.0,256.0,0.5,0.75
1,2,gpt2_surprisal,0,-0.0,1.0,1.0,0.6137142857142858,1.0,0.6322842544120875,2,1750,875,30600,per_session_robust_mad_cf,5.849874258041382,6,within,shaft_car,multi_stft,2.0,256.0,0.5,0.75
1,2,gpt2_surprisal,1,-0.0,1.0,1.0,0.5908571428571429,1.0,0.6115952477978747,2,1750,875,30600,per_session_robust_mad_cf,3.971760272979736,6,within,shaft_car,multi_stft,2.0,256.0,0.5,0.75
1,2,word_head_pos,0,-0.0,1.0,1.0,0.5451428571428572,1.0,0.5832157821593889,2,1750,875,30600,per_session_robust_mad_cf,5.737111568450928,6,within,shaft_car,multi_stft,2.0,256.0,0.5,0.75
1,2,word_head_pos,1,-0.0,1.0,1.0,0.5657142857142857,1.0,0.600482743487665,2,1750,875,30600,per_session_robust_mad_cf,3.603085517883301,6,within,shaft_car,multi_stft,2.0,256.0,0.5,0.75
1,2,word_part_speech,0,-0.0,1.0,1.0,0.5967741935483871,1.0,0.6293726956231291,2,1115,558,30600,per_session_robust_mad_cf,3.888771057128906,6,within,shaft_car,multi_stft,2.0,256.0,0.5,0.75
1,2,word_part_speech,1,-0.0,1.0,1.0,0.6021505376344086,1.0,0.6405364782055729,2,1115,558,30600,per_session_robust_mad_cf,3.7498507499694815,6,within,shaft_car,multi_stft,2.0,256.0,0.5,0.75
1,2,word_length,0,-0.0,1.0,1.0,0.5954285714285714,1.0,0.6321327440101147,2,1750,875,30600,per_session_robust_mad_cf,4.451239347457886,6,within,shaft_car,multi_stft,2.0,256.0,0.5,0.75
1,2,word_length,1,-0.0,1.0,1.0,0.5874285714285714,1.0,0.6334493171582918,2,1750,875,30600,per_session_robust_mad_cf,4.624513626098633,6,within,shaft_car,multi_stft,2.0,256.0,0.5,0.75
1,2,global_flow,0,-0.0,1.0,1.0,0.6251428571428571,1.0,0.6766402307137708,2,1750,875,30600,per_session_robust_mad_cf,5.387681484222412,6,within,shaft_car,multi_stft,2.0,256.0,0.5,0.75
1,2,global_flow,1,-0.0,1.0,1.0,0.6674285714285715,1.0,0.7333573660177841,2,1750,875,30600,per_session_robust_mad_cf,4.015008211135864,6,within,shaft_car,multi_stft,2.0,256.0,0.5,0.75
1,2,local_flow,0,-0.0,1.0,1.0,0.64,1.0,0.6988495658443309,2,1750,875,30600,per_session_robust_mad_cf,5.2801268100738525,6,within,shaft_car,multi_stft,2.0,256.0,0.5,0.75
1,2,local_flow,1,-0.0,1.0,1.0,0.6445714285714286,1.0,0.6974337272603786,2,1750,875,30600,per_session_robust_mad_cf,3.45113468170166,6,within,shaft_car,multi_stft,2.0,256.0,0.5,0.75
1,2,frame_brightness,0,-0.0,1.0,1.0,0.4331428571428571,1.0,0.4190960575948507,2,1750,875,30600,per_session_robust_mad_cf,4.55386757850647,6,within,shaft_car,multi_stft,2.0,256.0,0.5,0.75
1,2,frame_brightness,1,-0.0,1.0,1.0,0.4891428571428571,1.0,0.4731356383812419,2,1750,875,30600,per_session_robust_mad_cf,3.779083490371704,6,within,shaft_car,multi_stft,2.0,256.0,0.5,0.75
1,2,face_num,0,-0.0,1.0,1.0,0.504,1.0,0.5095477675725943,2,1750,875,30600,per_session_robust_mad_cf,4.289786100387573,6,within,shaft_car,multi_stft,2.0,256.0,0.5,0.75
1,2,face_num,1,-0.0,1.0,1.0,0.528,1.0,0.5315246126035756,2,1750,875,30600,per_session_robust_mad_cf,3.647217750549317,6,within,shaft_car,multi_stft,2.0,256.0,0.5,0.75
2,0,onset,0,-0.0,1.0,1.0,0.89209726443769,1.0,0.9525410888665108,2,1315,658,30345,per_session_robust_mad_cf,4.850487232208252,6,within,shaft_car,multi_stft,2.0,256.0,0.5,0.75
2,0,onset,1,-0.0,1.0,1.0,0.9118541033434652,1.0,0.959968958158184,2,1315,658,30345,per_session_robust_mad_cf,3.805215358734131,6,within,shaft_car,multi_stft,2.0,256.0,0.5,0.75
2,0,speech,0,-0.0,1.0,1.0,0.8925714285714286,1.0,0.9480685035996784,2,1750,875,30345,per_session_robust_mad_cf,6.462167263031006,6,within,shaft_car,multi_stft,2.0,256.0,0.5,0.75
2,0,speech,1,-0.0,1.0,1.0,0.92,1.0,0.9711712276522158,2,1750,875,30345,per_session_robust_mad_cf,5.5096116065979,6,within,shaft_car,multi_stft,2.0,256.0,0.5,0.75
2,0,volume,0,-0.0,1.0,1.0,0.7885714285714286,1.0,0.8807404156609511,2,1750,875,30345,per_session_robust_mad_cf,6.405106067657471,6,within,shaft_car,multi_stft,2.0,256.0,0.5,0.75
2,0,volume,1,-0.0,1.0,1.0,0.7497142857142857,1.0,0.8322205155533264,2,1750,875,30345,per_session_robust_mad_cf,5.015630722045898,6,within,shaft_car,multi_stft,2.0,256.0,0.5,0.75
2,0,delta_volume,0,-0.0,1.0,1.0,0.7462857142857143,1.0,0.8105310178364316,2,1750,875,30345,per_session_robust_mad_cf,6.663620710372925,6,within,shaft_car,multi_stft,2.0,256.0,0.5,0.75
2,0,delta_volume,1,-0.0,1.0,1.0,0.7417142857142857,1.0,0.8264683447749809,2,1750,875,30345,per_session_robust_mad_cf,5.498121023178101,6,within,shaft_car,multi_stft,2.0,256.0,0.5,0.75
2,0,pitch,0,-0.0,1.0,1.0,0.6034285714285714,1.0,0.6564893472513922,2,1750,875,30345,per_session_robust_mad_cf,6.197334289550781,6,within,shaft_car,multi_stft,2.0,256.0,0.5,0.75
2,0,pitch,1,-0.0,1.0,1.0,0.6205714285714286,1.0,0.6759662706498228,2,1750,875,30345,per_session_robust_mad_cf,6.095548391342163,6,within,shaft_car,multi_stft,2.0,256.0,0.5,0.75
2,0,word_index,0,-0.0,1.0,1.0,0.698744769874477,1.0,0.7717126801001384,2,955,478,30345,per_session_robust_mad_cf,4.4584572315216064,6,within,shaft_car,multi_stft,2.0,256.0,0.5,0.75
2,0,word_index,1,-0.0,1.0,1.0,0.7175732217573222,1.0,0.7820416309238284,2,955,478,30345,per_session_robust_mad_cf,3.052879571914673,6,within,shaft_car,multi_stft,2.0,256.0,0.5,0.75
2,0,word_gap,0,-0.0,1.0,1.0,0.6359832635983264,1.0,0.6867073341529077,2,1433,717,30345,per_session_robust_mad_cf,5.219615459442139,6,within,shaft_car,multi_stft,2.0,256.0,0.5,0.75
2,0,word_gap,1,-0.0,1.0,1.0,0.6262203626220363,1.0,0.6825368419414575,2,1433,717,30345,per_session_robust_mad_cf,4.877953052520752,6,within,shaft_car,multi_stft,2.0,256.0,0.5,0.75
2,0,gpt2_surprisal,0,-0.0,1.0,1.0,0.5862857142857143,1.0,0.6304243336154561,2,1750,875,30345,per_session_robust_mad_cf,6.049867868423462,6,within,shaft_car,multi_stft,2.0,256.0,0.5,0.75
2,0,gpt2_surprisal,1,-0.0,1.0,1.0,0.56,1.0,0.5901800361535166,2,1750,875,30345,per_session_robust_mad_cf,6.607015371322632,6,within,shaft_car,multi_stft,2.0,256.0,0.5,0.75
2,0,word_head_pos,0,-0.0,1.0,1.0,0.576,1.0,0.6140768836922563,2,1750,875,30345,per_session_robust_mad_cf,6.87662672996521,6,within,shaft_car,multi_stft,2.0,256.0,0.5,0.75
2,0,word_head_pos,1,-0.0,1.0,1.0,0.5851428571428572,1.0,0.600670825365976,2,1750,875,30345,per_session_robust_mad_cf,6.451465129852295,6,within,shaft_car,multi_stft,2.0,256.0,0.5,0.75
2,0,word_part_speech,0,-0.0,1.0,1.0,0.5411764705882353,1.0,0.5534591194968554,2,850,425,30345,per_session_robust_mad_cf,3.8552420139312735,6,within,shaft_car,multi_stft,2.0,256.0,0.5,0.75
2,0,word_part_speech,1,-0.0,1.0,1.0,0.5505882352941176,1.0,0.550912392594561,2,850,425,30345,per_session_robust_mad_cf,2.8327672481536865,6,within,shaft_car,multi_stft,2.0,256.0,0.5,0.75
2,0,word_length,0,-0.0,1.0,1.0,0.6114285714285714,1.0,0.6525709747865793,2,1750,875,30345,per_session_robust_mad_cf,6.124251127243042,6,within,shaft_car,multi_stft,2.0,256.0,0.5,0.75
2,0,word_length,1,-0.0,1.0,1.0,0.656,1.0,0.7138386466463956,2,1750,875,30345,per_session_robust_mad_cf,5.674586772918701,6,within,shaft_car,multi_stft,2.0,256.0,0.5,0.75
2,0,global_flow,0,-0.0,1.0,1.0,0.5954285714285714,1.0,0.6129013719528122,2,1750,875,30345,per_session_robust_mad_cf,5.801432847976685,6,within,shaft_car,multi_stft,2.0,256.0,0.5,0.75
2,0,global_flow,1,-0.0,1.0,1.0,0.6171428571428571,1.0,0.6603293522669091,2,1750,875,30345,per_session_robust_mad_cf,5.947162628173828,6,within,shaft_car,multi_stft,2.0,256.0,0.5,0.75
2,0,local_flow,0,-0.0,1.0,1.0,0.544,1.0,0.5571821155031713,2,1750,875,30345,per_session_robust_mad_cf,6.027300119400024,6,within,shaft_car,multi_stft,2.0,256.0,0.5,0.75
2,0,local_flow,1,-0.0,1.0,1.0,0.6137142857142858,1.0,0.6510663197600911,2,1750,875,30345,per_session_robust_mad_cf,5.892905473709106,6,within,shaft_car,multi_stft,2.0,256.0,0.5,0.75
2,0,frame_brightness,0,-0.0,1.0,1.0,0.5668571428571428,1.0,0.5713378890943858,2,1750,875,30345,per_session_robust_mad_cf,6.560394048690796,6,within,shaft_car,multi_stft,2.0,256.0,0.5,0.75
2,0,frame_brightness,1,-0.0,1.0,1.0,0.4948571428571429,1.0,0.5026644932760729,2,1750,875,30345,per_session_robust_mad_cf,5.635574579238892,6,within,shaft_car,multi_stft,2.0,256.0,0.5,0.75
2,0,face_num,0,-0.0,1.0,1.0,0.5348571428571428,1.0,0.5324545730018913,2,1750,875,30345,per_session_robust_mad_cf,6.202008485794067,6,within,shaft_car,multi_stft,2.0,256.0,0.5,0.75
2,0,face_num,1,-0.0,1.0,1.0,0.5405714285714286,1.0,0.5548990104803402,2,1750,875,30345,per_session_robust_mad_cf,5.801681280136108,6,within,shaft_car,multi_stft,2.0,256.0,0.5,0.75
2,4,onset,0,-0.0,1.0,1.0,0.766042780748663,1.0,0.8424247190368612,2,1496,748,30345,per_session_robust_mad_cf,2.946709632873535,6,within,shaft_car,multi_stft,2.0,256.0,0.5,0.75
2,4,onset,1,-0.0,1.0,1.0,0.8502673796791443,1.0,0.9015520889931082,2,1496,748,30345,per_session_robust_mad_cf,3.3149185180664062,6,within,shaft_car,multi_stft,2.0,256.0,0.5,0.75
2,4,speech,0,-0.0,1.0,1.0,0.784,1.0,0.8574339362402432,2,1750,875,30345,per_session_robust_mad_cf,4.344810962677002,6,within,shaft_car,multi_stft,2.0,256.0,0.5,0.75
2,4,speech,1,-0.0,1.0,1.0,0.8537142857142858,1.0,0.8971022329498552,2,1750,875,30345,per_session_robust_mad_cf,3.579901218414306,6,within,shaft_car,multi_stft,2.0,256.0,0.5,0.75
2,4,volume,0,-0.0,1.0,1.0,0.7325714285714285,1.0,0.8020594965675056,2,1750,875,30345,per_session_robust_mad_cf,2.954738140106201,6,within,shaft_car,multi_stft,2.0,256.0,0.5,0.75
2,4,volume,1,-0.0,1.0,1.0,0.7942857142857143,1.0,0.8703306061460978,2,1750,875,30345,per_session_robust_mad_cf,4.082528352737427,6,within,shaft_car,multi_stft,2.0,256.0,0.5,0.75
2,4,delta_volume,0,-0.0,1.0,1.0,0.7485714285714286,1.0,0.8108732223650251,2,1750,875,30345,per_session_robust_mad_cf,5.049448490142822,6,within,shaft_car,multi_stft,2.0,256.0,0.5,0.75
2,4,delta_volume,1,-0.0,1.0,1.0,0.7005714285714286,1.0,0.7703546388305487,2,1750,875,30345,per_session_robust_mad_cf,4.351918458938599,6,within,shaft_car,multi_stft,2.0,256.0,0.5,0.75
2,4,pitch,0,-0.0,1.0,1.0,0.5702857142857143,1.0,0.5830982309854444,2,1750,875,30345,per_session_robust_mad_cf,4.188435316085815,6,within,shaft_car,multi_stft,2.0,256.0,0.5,0.75
2,4,pitch,1,-0.0,1.0,1.0,0.6342857142857142,1.0,0.6784413759234298,2,1750,875,30345,per_session_robust_mad_cf,4.598622560501099,6,within,shaft_car,multi_stft,2.0,256.0,0.5,0.75
2,4,word_index,0,-0.0,1.0,1.0,0.7218045112781954,1.0,0.7821951495279553,2,1064,532,30345,per_session_robust_mad_cf,3.249431848526001,6,within,shaft_car,multi_stft,2.0,256.0,0.5,0.75
2,4,word_index,1,-0.0,1.0,1.0,0.7537593984962406,1.0,0.8143125671321161,2,1064,532,30345,per_session_robust_mad_cf,3.3966989517211914,6,within,shaft_car,multi_stft,2.0,256.0,0.5,0.75
2,4,word_gap,0,-0.0,1.0,1.0,0.5583437892095358,1.0,0.5702510043954105,2,1593,797,30345,per_session_robust_mad_cf,5.594049692153931,6,within,shaft_car,multi_stft,2.0,256.0,0.5,0.75
2,4,word_gap,1,-0.0,1.0,1.0,0.5872020075282308,1.0,0.6299668769914737,2,1593,797,30345,per_session_robust_mad_cf,3.945432186126709,6,within,shaft_car,multi_stft,2.0,256.0,0.5,0.75
2,4,gpt2_surprisal,0,-0.0,1.0,1.0,0.6057142857142858,1.0,0.6516579940022779,2,1750,875,30345,per_session_robust_mad_cf,6.58439302444458,6,within,shaft_car,multi_stft,2.0,256.0,0.5,0.75
2,4,gpt2_surprisal,1,-0.0,1.0,1.0,0.6114285714285714,1.0,0.648195458867538,2,1750,875,30345,per_session_robust_mad_cf,4.577487468719482,6,within,shaft_car,multi_stft,2.0,256.0,0.5,0.75
2,4,word_head_pos,0,-0.0,1.0,1.0,0.568,1.0,0.5789695725316866,2,1750,875,30345,per_session_robust_mad_cf,5.918080806732178,6,within,shaft_car,multi_stft,2.0,256.0,0.5,0.75
2,4,word_head_pos,1,-0.0,1.0,1.0,0.5931428571428572,1.0,0.6197559115179252,2,1750,875,30345,per_session_robust_mad_cf,4.062375783920288,6,within,shaft_car,multi_stft,2.0,256.0,0.5,0.75
2,4,word_part_speech,0,-0.0,1.0,1.0,0.6335877862595419,1.0,0.6826670939921917,2,1048,524,30345,per_session_robust_mad_cf,3.984761953353882,6,within,shaft_car,multi_stft,2.0,256.0,0.5,0.75
2,4,word_part_speech,1,-0.0,1.0,1.0,0.6297709923664122,1.0,0.6594421945108093,2,1048,524,30345,per_session_robust_mad_cf,2.534143209457397,6,within,shaft_car,multi_stft,2.0,256.0,0.5,0.75
2,4,word_length,0,-0.0,1.0,1.0,0.6285714285714286,1.0,0.6758252092410897,2,1750,875,30345,per_session_robust_mad_cf,5.3878724575042725,6,within,shaft_car,multi_stft,2.0,256.0,0.5,0.75
2,4,word_length,1,-0.0,1.0,1.0,0.6422857142857142,1.0,0.6863421209366478,2,1750,875,30345,per_session_robust_mad_cf,3.933878183364868,6,within,shaft_car,multi_stft,2.0,256.0,0.5,0.75
2,4,global_flow,0,-0.0,1.0,1.0,0.5645714285714286,1.0,0.5688013959854967,2,1750,875,30345,per_session_robust_mad_cf,4.328136205673218,6,within,shaft_car,multi_stft,2.0,256.0,0.5,0.75
2,4,global_flow,1,-0.0,1.0,1.0,0.6548571428571428,1.0,0.7063232082588842,2,1750,875,30345,per_session_robust_mad_cf,4.764614582061768,6,within,shaft_car,multi_stft,2.0,256.0,0.5,0.75
2,4,local_flow,0,-0.0,1.0,1.0,0.5794285714285714,1.0,0.601193275027951,2,1750,875,30345,per_session_robust_mad_cf,3.9249887466430655,6,within,shaft_car,multi_stft,2.0,256.0,0.5,0.75
2,4,local_flow,1,-0.0,1.0,1.0,0.624,1.0,0.666909605759485,2,1750,875,30345,per_session_robust_mad_cf,3.8566062450408936,6,within,shaft_car,multi_stft,2.0,256.0,0.5,0.75
2,4,frame_brightness,0,-0.0,1.0,1.0,0.4034285714285714,1.0,0.3996269709413498,2,1750,875,30345,per_session_robust_mad_cf,4.632894992828369,6,within,shaft_car,multi_stft,2.0,256.0,0.5,0.75
2,4,frame_brightness,1,-0.0,1.0,1.0,0.4845714285714286,1.0,0.4816959760927035,2,1750,875,30345,per_session_robust_mad_cf,3.979470252990722,6,within,shaft_car,multi_stft,2.0,256.0,0.5,0.75
2,4,face_num,0,-0.0,1.0,1.0,0.5131428571428571,1.0,0.5164623888488344,2,1750,875,30345,per_session_robust_mad_cf,3.3818814754486084,6,within,shaft_car,multi_stft,2.0,256.0,0.5,0.75
2,4,face_num,1,-0.0,1.0,1.0,0.5051428571428571,1.0,0.5219507225478826,2,1750,875,30345,per_session_robust_mad_cf,4.211326599121094,6,within,shaft_car,multi_stft,2.0,256.0,0.5,0.75
3,0,onset,0,-0.0,1.0,1.0,0.8651428571428571,1.0,0.9417259647033008,2,1750,875,27795,per_session_robust_mad_cf,5.206911325454712,6,within,shaft_car,multi_stft,2.0,256.0,0.5,0.75
3,0,onset,1,-0.0,1.0,1.0,0.8765714285714286,1.0,0.9198196503766862,2,1750,875,27795,per_session_robust_mad_cf,3.524510383605957,6,within,shaft_car,multi_stft,2.0,256.0,0.5,0.75
3,0,speech,0,-0.0,1.0,1.0,0.8651428571428571,1.0,0.9225625111020552,2,1750,875,27795,per_session_robust_mad_cf,4.117229461669922,6,within,shaft_car,multi_stft,2.0,256.0,0.5,0.75
3,0,speech,1,-0.0,1.0,1.0,0.8594285714285714,1.0,0.8701503610127164,2,1750,875,27795,per_session_robust_mad_cf,3.023688554763794,6,within,shaft_car,multi_stft,2.0,256.0,0.5,0.75
3,0,volume,0,-0.0,1.0,1.0,0.7691428571428571,1.0,0.8384167685443507,2,1750,875,27795,per_session_robust_mad_cf,4.021551847457886,6,within,shaft_car,multi_stft,2.0,256.0,0.5,0.75
3,0,volume,1,-0.0,1.0,1.0,0.7691428571428571,1.0,0.8386518708922395,2,1750,875,27795,per_session_robust_mad_cf,4.88809061050415,6,within,shaft_car,multi_stft,2.0,256.0,0.5,0.75
3,0,delta_volume,0,-0.0,1.0,1.0,0.6674285714285715,1.0,0.7521315946208584,2,1750,875,27795,per_session_robust_mad_cf,5.8158018589019775,6,within,shaft_car,multi_stft,2.0,256.0,0.5,0.75
3,0,delta_volume,1,-0.0,1.0,1.0,0.6982857142857143,1.0,0.7612509534706331,2,1750,875,27795,per_session_robust_mad_cf,3.4148545265197754,6,within,shaft_car,multi_stft,2.0,256.0,0.5,0.75
3,0,pitch,0,-0.0,1.0,1.0,0.5371428571428571,1.0,0.5771919375568164,2,1750,875,27795,per_session_robust_mad_cf,4.980775833129883,6,within,shaft_car,multi_stft,2.0,256.0,0.5,0.75
3,0,pitch,1,-0.0,1.0,1.0,0.5508571428571428,1.0,0.561732652058974,2,1750,875,27795,per_session_robust_mad_cf,3.5443239212036133,6,within,shaft_car,multi_stft,2.0,256.0,0.5,0.75
3,0,word_index,0,-0.0,1.0,1.0,0.7582417582417582,1.0,0.8288929477116291,2,1455,728,27795,per_session_robust_mad_cf,4.943286180496216,6,within,shaft_car,multi_stft,2.0,256.0,0.5,0.75
3,0,word_index,1,-0.0,1.0,1.0,0.7472527472527473,1.0,0.8158736867528076,2,1455,728,27795,per_session_robust_mad_cf,4.671445846557617,6,within,shaft_car,multi_stft,2.0,256.0,0.5,0.75
3,0,word_gap,0,-0.0,1.0,1.0,0.6457142857142857,1.0,0.6903702078304755,2,1750,875,27795,per_session_robust_mad_cf,4.896163702011108,6,within,shaft_car,multi_stft,2.0,256.0,0.5,0.75
3,0,word_gap,1,-0.0,1.0,1.0,0.6251428571428571,1.0,0.6744668401199544,2,1750,875,27795,per_session_robust_mad_cf,3.537409543991089,6,within,shaft_car,multi_stft,2.0,256.0,0.5,0.75
3,0,gpt2_surprisal,0,-0.0,1.0,1.0,0.6102857142857143,1.0,0.6544204465899711,2,1750,875,27795,per_session_robust_mad_cf,5.209259748458862,6,within,shaft_car,multi_stft,2.0,256.0,0.5,0.75
3,0,gpt2_surprisal,1,-0.0,1.0,1.0,0.6262857142857143,1.0,0.6623930284317106,2,1750,875,27795,per_session_robust_mad_cf,3.807327270507813,6,within,shaft_car,multi_stft,2.0,256.0,0.5,0.75
3,0,word_head_pos,0,-0.0,1.0,1.0,0.5748571428571428,1.0,0.6041137686383917,2,1750,875,27795,per_session_robust_mad_cf,4.401357173919678,6,within,shaft_car,multi_stft,2.0,256.0,0.5,0.75
3,0,word_head_pos,1,-0.0,1.0,1.0,0.5668571428571428,1.0,0.6013029894569658,2,1750,875,27795,per_session_robust_mad_cf,3.477517604827881,6,within,shaft_car,multi_stft,2.0,256.0,0.5,0.75
3,0,word_part_speech,0,-0.0,1.0,1.0,0.6325224071702945,1.0,0.6786149911469603,2,1562,781,27795,per_session_robust_mad_cf,4.47520899772644,6,within,shaft_car,multi_stft,2.0,256.0,0.5,0.75
3,0,word_part_speech,1,-0.0,1.0,1.0,0.6222791293213829,1.0,0.6717358515312479,2,1562,781,27795,per_session_robust_mad_cf,3.3248119354248047,6,within,shaft_car,multi_stft,2.0,256.0,0.5,0.75
3,0,word_length,0,-0.0,1.0,1.0,0.6011428571428571,1.0,0.628773392683615,2,1750,875,27795,per_session_robust_mad_cf,3.4298324584960938,6,within,shaft_car,multi_stft,2.0,256.0,0.5,0.75
3,0,word_length,1,-0.0,1.0,1.0,0.6171428571428571,1.0,0.6456798637451282,2,1750,875,27795,per_session_robust_mad_cf,4.904789686203003,6,within,shaft_car,multi_stft,2.0,256.0,0.5,0.75
3,0,global_flow,0,-0.0,1.0,1.0,0.6548571428571428,1.0,0.713890891612593,2,1750,875,27795,per_session_robust_mad_cf,4.979587554931641,6,within,shaft_car,multi_stft,2.0,256.0,0.5,0.75
3,0,global_flow,1,-0.0,1.0,1.0,0.6571428571428571,1.0,0.7109651735055327,2,1750,875,27795,per_session_robust_mad_cf,3.941595315933228,6,within,shaft_car,multi_stft,2.0,256.0,0.5,0.75
3,0,local_flow,0,-0.0,1.0,1.0,0.6262857142857143,1.0,0.6681295257201969,2,1750,875,27795,per_session_robust_mad_cf,4.765377521514893,6,within,shaft_car,multi_stft,2.0,256.0,0.5,0.75
3,0,local_flow,1,-0.0,1.0,1.0,0.6034285714285714,1.0,0.6206597494331421,2,1750,875,27795,per_session_robust_mad_cf,5.273059129714966,6,within,shaft_car,multi_stft,2.0,256.0,0.5,0.75
3,0,frame_brightness,0,-0.0,1.0,1.0,0.5668571428571428,1.0,0.6088628360657451,2,1750,875,27795,per_session_robust_mad_cf,4.749595403671265,6,within,shaft_car,multi_stft,2.0,256.0,0.5,0.75
3,0,frame_brightness,1,-0.0,1.0,1.0,0.4788571428571428,1.0,0.4704397981254506,2,1750,875,27795,per_session_robust_mad_cf,4.527503252029419,6,within,shaft_car,multi_stft,2.0,256.0,0.5,0.75
3,0,face_num,0,-0.0,1.0,1.0,0.4914285714285714,1.0,0.4839346728942666,2,1750,875,27795,per_session_robust_mad_cf,3.701955556869507,6,within,shaft_car,multi_stft,2.0,256.0,0.5,0.75
3,0,face_num,1,-0.0,1.0,1.0,0.5234285714285715,1.0,0.5331559616730928,2,1750,875,27795,per_session_robust_mad_cf,4.103188991546631,6,within,shaft_car,multi_stft,2.0,256.0,0.5,0.75
3,1,onset,0,-0.0,1.0,1.0,0.8538324420677362,1.0,0.9323843416370108,2,1122,561,27795,per_session_robust_mad_cf,4.98363733291626,6,within,shaft_car,multi_stft,2.0,256.0,0.5,0.75
3,1,onset,1,-0.0,1.0,1.0,0.9055258467023172,1.0,0.9611718352821556,2,1122,561,27795,per_session_robust_mad_cf,5.835446119308472,6,within,shaft_car,multi_stft,2.0,256.0,0.5,0.75
3,1,speech,0,-0.0,1.0,1.0,0.7737142857142857,1.0,0.865714763382548,2,1750,875,27795,per_session_robust_mad_cf,6.977884531021118,6,within,shaft_car,multi_stft,2.0,256.0,0.5,0.75
3,1,speech,1,-0.0,1.0,1.0,0.8925714285714286,1.0,0.9438680083173984,2,1750,875,27795,per_session_robust_mad_cf,6.739220380783081,6,within,shaft_car,multi_stft,2.0,256.0,0.5,0.75
3,1,volume,0,-0.0,1.0,1.0,0.7862857142857143,1.0,0.8723916700625896,2,1750,875,27795,per_session_robust_mad_cf,6.282508134841919,6,within,shaft_car,multi_stft,2.0,256.0,0.5,0.75
3,1,volume,1,-0.0,1.0,1.0,0.7794285714285715,1.0,0.872966364690762,2,1750,875,27795,per_session_robust_mad_cf,7.34237813949585,6,within,shaft_car,multi_stft,2.0,256.0,0.5,0.75
3,1,delta_volume,0,-0.0,1.0,1.0,0.7748571428571429,1.0,0.8429829785900128,2,1750,875,27795,per_session_robust_mad_cf,7.312429666519165,6,within,shaft_car,multi_stft,2.0,256.0,0.5,0.75
3,1,delta_volume,1,-0.0,1.0,1.0,0.776,1.0,0.8453418388138303,2,1750,875,27795,per_session_robust_mad_cf,6.518632173538208,6,within,shaft_car,multi_stft,2.0,256.0,0.5,0.75
3,1,pitch,0,-0.0,1.0,1.0,0.536,1.0,0.5725264620753792,2,1750,875,27795,per_session_robust_mad_cf,6.756940126419067,6,within,shaft_car,multi_stft,2.0,256.0,0.5,0.75
3,1,pitch,1,-0.0,1.0,1.0,0.5771428571428572,1.0,0.5963919626344001,2,1750,875,27795,per_session_robust_mad_cf,7.016935110092163,6,within,shaft_car,multi_stft,2.0,256.0,0.5,0.75
3,1,word_index,0,-0.0,1.0,1.0,0.7947494033412887,1.0,0.869628616997038,2,838,419,27795,per_session_robust_mad_cf,5.550894498825073,6,within,shaft_car,multi_stft,2.0,256.0,0.5,0.75
3,1,word_index,1,-0.0,1.0,1.0,0.766109785202864,1.0,0.8506037821827295,2,838,419,27795,per_session_robust_mad_cf,2.273287057876587,6,within,shaft_car,multi_stft,2.0,256.0,0.5,0.75
3,1,word_gap,0,-0.0,1.0,1.0,0.5798004987531172,1.0,0.6250085509418474,2,1603,802,27795,per_session_robust_mad_cf,7.279405832290649,6,within,shaft_car,multi_stft,2.0,256.0,0.5,0.75
3,1,word_gap,1,-0.0,1.0,1.0,0.6259351620947631,1.0,0.6691935995422913,2,1603,802,27795,per_session_robust_mad_cf,6.982321739196777,6,within,shaft_car,multi_stft,2.0,256.0,0.5,0.75
3,1,gpt2_surprisal,0,-0.0,1.0,1.0,0.6262857142857143,1.0,0.6670010344503308,2,1750,875,27795,per_session_robust_mad_cf,6.686605930328369,6,within,shaft_car,multi_stft,2.0,256.0,0.5,0.75
3,1,gpt2_surprisal,1,-0.0,1.0,1.0,0.6331428571428571,1.0,0.681707992434929,2,1750,875,27795,per_session_robust_mad_cf,5.6910319328308105,6,within,shaft_car,multi_stft,2.0,256.0,0.5,0.75
3,1,word_head_pos,0,-0.0,1.0,1.0,0.6011428571428571,1.0,0.6359923408879553,2,1750,875,27795,per_session_robust_mad_cf,7.647123575210571,6,within,shaft_car,multi_stft,2.0,256.0,0.5,0.75
3,1,word_head_pos,1,-0.0,1.0,1.0,0.6125714285714285,1.0,0.6303146191864414,2,1750,875,27795,per_session_robust_mad_cf,6.6264731884002686,6,within,shaft_car,multi_stft,2.0,256.0,0.5,0.75
3,1,word_part_speech,0,-0.0,1.0,1.0,0.6095764272559853,1.0,0.6397533644454092,2,1086,543,27795,per_session_robust_mad_cf,5.115079641342163,6,within,shaft_car,multi_stft,2.0,256.0,0.5,0.75
3,1,word_part_speech,1,-0.0,1.0,1.0,0.6243093922651933,1.0,0.6669741697416974,2,1086,543,27795,per_session_robust_mad_cf,4.805550813674927,6,within,shaft_car,multi_stft,2.0,256.0,0.5,0.75
3,1,word_length,0,-0.0,1.0,1.0,0.592,1.0,0.6460011702872428,2,1750,875,27795,per_session_robust_mad_cf,6.842442512512207,6,within,shaft_car,multi_stft,2.0,256.0,0.5,0.75
3,1,word_length,1,-0.0,1.0,1.0,0.6388571428571429,1.0,0.6760080666227809,2,1750,875,27795,per_session_robust_mad_cf,5.891274452209473,6,within,shaft_car,multi_stft,2.0,256.0,0.5,0.75
3,1,global_flow,0,-0.0,1.0,1.0,0.6,1.0,0.6538823234381367,2,1750,875,27795,per_session_robust_mad_cf,7.490616798400879,6,within,shaft_car,multi_stft,2.0,256.0,0.5,0.75
3,1,global_flow,1,-0.0,1.0,1.0,0.6148571428571429,1.0,0.6581820841561915,2,1750,875,27795,per_session_robust_mad_cf,5.6166815757751465,6,within,shaft_car,multi_stft,2.0,256.0,0.5,0.75
3,1,local_flow,0,-0.0,1.0,1.0,0.7508571428571429,1.0,0.8092928121375504,2,1750,875,27795,per_session_robust_mad_cf,7.311707973480225,6,within,shaft_car,multi_stft,2.0,256.0,0.5,0.75
3,1,local_flow,1,-0.0,1.0,1.0,0.712,1.0,0.774077092672121,2,1750,875,27795,per_session_robust_mad_cf,7.379948139190674,6,within,shaft_car,multi_stft,2.0,256.0,0.5,0.75
3,1,frame_brightness,0,-0.0,1.0,1.0,0.5017142857142857,1.0,0.5274364439986208,2,1750,875,27795,per_session_robust_mad_cf,7.898468494415283,6,within,shaft_car,multi_stft,2.0,256.0,0.5,0.75
3,1,frame_brightness,1,-0.0,1.0,1.0,0.4857142857142857,1.0,0.4847340208770884,2,1750,875,27795,per_session_robust_mad_cf,4.820301055908203,6,within,shaft_car,multi_stft,2.0,256.0,0.5,0.75
3,1,face_num,0,-0.0,1.0,1.0,0.5131428571428571,1.0,0.525418482179242,2,1750,875,27795,per_session_robust_mad_cf,6.243406772613525,6,within,shaft_car,multi_stft,2.0,256.0,0.5,0.75
3,1,face_num,1,-0.0,1.0,1.0,0.4937142857142857,1.0,0.499728326175773,2,1750,875,27795,per_session_robust_mad_cf,7.1375412940979,6,within,shaft_car,multi_stft,2.0,256.0,0.5,0.75
4,0,onset,0,-0.0,1.0,1.0,0.821969696969697,1.0,0.8865214646464646,2,1056,528,30600,per_session_robust_mad_cf,4.540921449661255,6,within,shaft_car,multi_stft,2.0,256.0,0.5,0.75
4,0,onset,1,-0.0,1.0,1.0,0.8465909090909091,1.0,0.904757805325987,2,1056,528,30600,per_session_robust_mad_cf,2.5072178840637207,6,within,shaft_car,multi_stft,2.0,256.0,0.5,0.75
4,0,speech,0,-0.0,1.0,1.0,0.7382857142857143,1.0,0.7863285372454364,2,1750,875,30600,per_session_robust_mad_cf,3.1323745250701904,6,within,shaft_car,multi_stft,2.0,256.0,0.5,0.75
4,0,speech,1,-0.0,1.0,1.0,0.8034285714285714,1.0,0.8578035693760906,2,1750,875,30600,per_session_robust_mad_cf,3.402012825012207,6,within,shaft_car,multi_stft,2.0,256.0,0.5,0.75
4,0,volume,0,-0.0,1.0,1.0,0.6130952380952381,1.0,0.669920634920635,2,1679,840,30600,per_session_robust_mad_cf,4.296379327774048,6,within,shaft_car,multi_stft,2.0,256.0,0.5,0.75
4,0,volume,1,-0.0,1.0,1.0,0.5702380952380952,1.0,0.6025113378684808,2,1679,840,30600,per_session_robust_mad_cf,3.7221391201019287,6,within,shaft_car,multi_stft,2.0,256.0,0.5,0.75
4,0,delta_volume,0,-0.0,1.0,1.0,0.7095238095238096,1.0,0.7758999433106576,2,1679,840,30600,per_session_robust_mad_cf,3.1661410331726074,6,within,shaft_car,multi_stft,2.0,256.0,0.5,0.75
4,0,delta_volume,1,-0.0,1.0,1.0,0.7154761904761905,1.0,0.7903117913832198,2,1679,840,30600,per_session_robust_mad_cf,3.4042856693267822,6,within,shaft_car,multi_stft,2.0,256.0,0.5,0.75
4,0,pitch,0,-0.0,1.0,1.0,0.5630952380952381,1.0,0.5890787981859411,2,1679,840,30600,per_session_robust_mad_cf,5.413296937942505,6,within,shaft_car,multi_stft,2.0,256.0,0.5,0.75
4,0,pitch,1,-0.0,1.0,1.0,0.513095238095238,1.0,0.5240844671201814,2,1679,840,30600,per_session_robust_mad_cf,3.830178260803223,6,within,shaft_car,multi_stft,2.0,256.0,0.5,0.75
4,0,word_index,0,-0.0,1.0,1.0,0.6534391534391535,1.0,0.7267433722460177,2,755,378,30600,per_session_robust_mad_cf,3.883777141571045,6,within,shaft_car,multi_stft,2.0,256.0,0.5,0.75
4,0,word_index,1,-0.0,1.0,1.0,0.708994708994709,1.0,0.7514347302707092,2,755,378,30600,per_session_robust_mad_cf,3.97198748588562,6,within,shaft_car,multi_stft,2.0,256.0,0.5,0.75
4,0,word_gap,0,-0.0,1.0,1.0,0.5796897038081805,1.0,0.6406660300787776,2,1417,709,30600,per_session_robust_mad_cf,4.894753456115723,6,within,shaft_car,multi_stft,2.0,256.0,0.5,0.75
4,0,word_gap,1,-0.0,1.0,1.0,0.6022566995768688,1.0,0.640105037001671,2,1417,709,30600,per_session_robust_mad_cf,4.331736564636231,6,within,shaft_car,multi_stft,2.0,256.0,0.5,0.75
4,0,gpt2_surprisal,0,-0.0,1.0,1.0,0.5261904761904762,1.0,0.5546853741496598,2,1679,840,30600,per_session_robust_mad_cf,5.141382694244385,6,within,shaft_car,multi_stft,2.0,256.0,0.5,0.75
4,0,gpt2_surprisal,1,-0.0,1.0,1.0,0.5678571428571428,1.0,0.5893849206349207,2,1679,840,30600,per_session_robust_mad_cf,4.187781810760498,6,within,shaft_car,multi_stft,2.0,256.0,0.5,0.75
4,0,word_head_pos,0,-0.0,1.0,1.0,0.5474285714285714,1.0,0.5632425315820822,2,1750,875,30600,per_session_robust_mad_cf,5.975265979766846,6,within,shaft_car,multi_stft,2.0,256.0,0.5,0.75
4,0,word_head_pos,1,-0.0,1.0,1.0,0.5451428571428572,1.0,0.5733806672727082,2,1750,875,30600,per_session_robust_mad_cf,4.247215509414673,6,within,shaft_car,multi_stft,2.0,256.0,0.5,0.75
4,0,word_part_speech,0,-0.0,1.0,1.0,0.4876543209876543,1.0,0.4918245863604803,2,971,486,30600,per_session_robust_mad_cf,4.421409130096436,6,within,shaft_car,multi_stft,2.0,256.0,0.5,0.75
4,0,word_part_speech,1,-0.0,1.0,1.0,0.5082304526748971,1.0,0.5052456434486612,2,971,486,30600,per_session_robust_mad_cf,2.8181710243225098,6,within,shaft_car,multi_stft,2.0,256.0,0.5,0.75
4,0,word_length,0,-0.0,1.0,1.0,0.564958283671037,1.0,0.5841175133537901,2,1678,839,30600,per_session_robust_mad_cf,5.870108127593994,6,within,shaft_car,multi_stft,2.0,256.0,0.5,0.75
4,0,word_length,1,-0.0,1.0,1.0,0.5721096543504172,1.0,0.5888510057961132,2,1678,839,30600,per_session_robust_mad_cf,3.3688759803771973,6,within,shaft_car,multi_stft,2.0,256.0,0.5,0.75
4,0,global_flow,0,-0.0,1.0,1.0,0.7119047619047619,1.0,0.7986026077097506,2,1679,840,30600,per_session_robust_mad_cf,3.393834114074707,6,within,shaft_car,multi_stft,2.0,256.0,0.5,0.75
4,0,global_flow,1,-0.0,1.0,1.0,0.5952380952380952,1.0,0.6345493197278911,2,1679,840,30600,per_session_robust_mad_cf,4.786019802093506,6,within,shaft_car,multi_stft,2.0,256.0,0.5,0.75
4,0,local_flow,0,-0.0,1.0,1.0,0.625,1.0,0.6697165532879819,2,1679,840,30600,per_session_robust_mad_cf,4.565696477890015,6,within,shaft_car,multi_stft,2.0,256.0,0.5,0.75
4,0,local_flow,1,-0.0,1.0,1.0,0.5821428571428572,1.0,0.612205215419501,2,1679,840,30600,per_session_robust_mad_cf,4.109228849411011,6,within,shaft_car,multi_stft,2.0,256.0,0.5,0.75
4,0,frame_brightness,0,-0.0,1.0,1.0,0.3773809523809524,1.0,0.3404606009070294,2,1679,840,30600,per_session_robust_mad_cf,5.866551876068115,6,within,shaft_car,multi_stft,2.0,256.0,0.5,0.75
4,0,frame_brightness,1,-0.0,1.0,1.0,0.5083333333333333,1.0,0.5091468253968254,2,1679,840,30600,per_session_robust_mad_cf,3.717376470565796,6,within,shaft_car,multi_stft,2.0,256.0,0.5,0.75
4,0,face_num,0,-0.0,1.0,1.0,0.4978783592644978,1.0,0.5016605047934573,2,1413,707,30600,per_session_robust_mad_cf,3.182007074356079,6,within,shaft_car,multi_stft,2.0,256.0,0.5,0.75
4,0,face_num,1,-0.0,1.0,1.0,0.4879773691654879,1.0,0.4861737968342376,2,1413,707,30600,per_session_robust_mad_cf,2.8234901428222656,6,within,shaft_car,multi_stft,2.0,256.0,0.5,0.75
4,1,onset,0,-0.0,1.0,1.0,0.7806896551724138,1.0,0.843294826720241,2,1449,725,30600,per_session_robust_mad_cf,9.522506713867188,6,within,shaft_car,multi_stft,2.0,256.0,0.5,0.75
4,1,onset,1,-0.0,1.0,1.0,0.7213793103448276,1.0,0.8018165076176125,2,1449,725,30600,per_session_robust_mad_cf,8.47360110282898,6,within,shaft_car,multi_stft,2.0,256.0,0.5,0.75
4,1,speech,0,-0.0,1.0,1.0,0.784,1.0,0.8435942446945237,2,1750,875,30600,per_session_robust_mad_cf,7.881377935409546,6,within,shaft_car,multi_stft,2.0,256.0,0.5,0.75
4,1,speech,1,-0.0,1.0,1.0,0.7417142857142857,1.0,0.8293418179158438,2,1750,875,30600,per_session_robust_mad_cf,8.42287302017212,6,within,shaft_car,multi_stft,2.0,256.0,0.5,0.75
4,1,volume,0,-0.0,1.0,1.0,0.5908571428571429,1.0,0.6359361775492931,2,1750,875,30600,per_session_robust_mad_cf,9.141393423080444,6,within,shaft_car,multi_stft,2.0,256.0,0.5,0.75
4,1,volume,1,-0.0,1.0,1.0,0.5657142857142857,1.0,0.6141578633898623,2,1750,875,30600,per_session_robust_mad_cf,14.502865552902222,6,within,shaft_car,multi_stft,2.0,256.0,0.5,0.75
4,1,delta_volume,0,-0.0,1.0,1.0,0.6628571428571428,1.0,0.7208172680062276,2,1750,875,30600,per_session_robust_mad_cf,10.969671964645386,6,within,shaft_car,multi_stft,2.0,256.0,0.5,0.75
4,1,delta_volume,1,-0.0,1.0,1.0,0.5462857142857143,1.0,0.5602266909083309,2,1750,875,30600,per_session_robust_mad_cf,9.954694747924805,6,within,shaft_car,multi_stft,2.0,256.0,0.5,0.75
4,1,pitch,0,-0.0,1.0,1.0,0.5428571428571428,1.0,0.5657437593387877,2,1750,875,30600,per_session_robust_mad_cf,7.550470352172852,6,within,shaft_car,multi_stft,2.0,256.0,0.5,0.75
4,1,pitch,1,-0.0,1.0,1.0,0.5577142857142857,1.0,0.5646531456694148,2,1750,875,30600,per_session_robust_mad_cf,12.100944519042969,6,within,shaft_car,multi_stft,2.0,256.0,0.5,0.75
4,1,word_index,0,-0.0,1.0,1.0,0.6461538461538462,1.0,0.683905325443787,2,1039,520,30600,per_session_robust_mad_cf,6.877297163009644,6,within,shaft_car,multi_stft,2.0,256.0,0.5,0.75
4,1,word_index,1,-0.0,1.0,1.0,0.6019230769230769,1.0,0.5986464497041419,2,1039,520,30600,per_session_robust_mad_cf,6.471903324127197,6,within,shaft_car,multi_stft,2.0,256.0,0.5,0.75
4,1,word_gap,0,-0.0,1.0,1.0,0.5814266487213997,1.0,0.5994478740979046,2,1486,743,30600,per_session_robust_mad_cf,8.570623397827148,6,within,shaft_car,multi_stft,2.0,256.0,0.5,0.75
4,1,word_gap,1,-0.0,1.0,1.0,0.5141318977119784,1.0,0.5201902733095674,2,1486,743,30600,per_session_robust_mad_cf,6.554823160171509,6,within,shaft_car,multi_stft,2.0,256.0,0.5,0.75
4,1,gpt2_surprisal,0,-0.0,1.0,1.0,0.5074285714285715,1.0,0.5006347763392998,2,1750,875,30600,per_session_robust_mad_cf,9.440970182418823,6,within,shaft_car,multi_stft,2.0,256.0,0.5,0.75
4,1,gpt2_surprisal,1,-0.0,1.0,1.0,0.5302857142857142,1.0,0.5364225781845919,2,1750,875,30600,per_session_robust_mad_cf,9.752172708511353,6,within,shaft_car,multi_stft,2.0,256.0,0.5,0.75
4,1,word_head_pos,0,-0.0,1.0,1.0,0.536,1.0,0.5489352475888949,2,1750,875,30600,per_session_robust_mad_cf,9.71547031402588,6,within,shaft_car,multi_stft,2.0,256.0,0.5,0.75
4,1,word_head_pos,1,-0.0,1.0,1.0,0.52,1.0,0.5230739893211289,2,1750,875,30600,per_session_robust_mad_cf,17.3207688331604,6,within,shaft_car,multi_stft,2.0,256.0,0.5,0.75
4,1,word_part_speech,0,-0.0,1.0,1.0,0.5352112676056338,1.0,0.5463821662368578,2,1135,568,30600,per_session_robust_mad_cf,9.94071340560913,6,within,shaft_car,multi_stft,2.0,256.0,0.5,0.75
4,1,word_part_speech,1,-0.0,1.0,1.0,0.5387323943661971,1.0,0.5453902995437414,2,1135,568,30600,per_session_robust_mad_cf,6.039065599441528,6,within,shaft_car,multi_stft,2.0,256.0,0.5,0.75
4,1,word_length,0,-0.0,1.0,1.0,0.5417142857142857,1.0,0.5520307618360971,2,1750,875,30600,per_session_robust_mad_cf,10.09964084625244,6,within,shaft_car,multi_stft,2.0,256.0,0.5,0.75
4,1,word_length,1,-0.0,1.0,1.0,0.52,1.0,0.4982994263502712,2,1750,875,30600,per_session_robust_mad_cf,12.377988815307615,6,within,shaft_car,multi_stft,2.0,256.0,0.5,0.75
4,1,global_flow,0,-0.0,1.0,1.0,0.5691428571428572,1.0,0.6110662675151248,2,1750,875,30600,per_session_robust_mad_cf,9.160844326019289,6,within,shaft_car,multi_stft,2.0,256.0,0.5,0.75
4,1,global_flow,1,-0.0,1.0,1.0,0.5531428571428572,1.0,0.5429571173317451,2,1750,875,30600,per_session_robust_mad_cf,7.4354493618011475,6,within,shaft_car,multi_stft,2.0,256.0,0.5,0.75
4,1,local_flow,0,-0.0,1.0,1.0,0.552,1.0,0.5887511363280147,2,1750,875,30600,per_session_robust_mad_cf,8.19106149673462,6,within,shaft_car,multi_stft,2.0,256.0,0.5,0.75
4,1,local_flow,1,-0.0,1.0,1.0,0.4914285714285714,1.0,0.5014615529293753,2,1750,875,30600,per_session_robust_mad_cf,10.357797861099243,6,within,shaft_car,multi_stft,2.0,256.0,0.5,0.75
4,1,frame_brightness,0,-0.0,1.0,1.0,0.5942857142857143,1.0,0.6481183975423968,2,1750,875,30600,per_session_robust_mad_cf,8.221622467041016,6,within,shaft_car,multi_stft,2.0,256.0,0.5,0.75
4,1,frame_brightness,1,-0.0,1.0,1.0,0.4628571428571428,1.0,0.4341582813495919,2,1750,875,30600,per_session_robust_mad_cf,7.518015623092651,6,within,shaft_car,multi_stft,2.0,256.0,0.5,0.75
4,1,face_num,0,-0.0,1.0,1.0,0.504,1.0,0.4913403968527632,2,1750,875,30600,per_session_robust_mad_cf,9.643112897872925,6,within,shaft_car,multi_stft,2.0,256.0,0.5,0.75
4,1,face_num,1,-0.0,1.0,1.0,0.5245714285714286,1.0,0.5211970889104836,2,1750,875,30600,per_session_robust_mad_cf,10.475628852844238,6,within,shaft_car,multi_stft,2.0,256.0,0.5,0.75
7,0,onset,0,-0.0,1.0,1.0,0.7348571428571429,1.0,0.8122211424929209,2,1750,875,30345,per_session_robust_mad_cf,6.162074565887451,6,within,shaft_car,multi_stft,2.0,256.0,0.5,0.75
7,0,onset,1,-0.0,1.0,1.0,0.7737142857142857,1.0,0.8593147550233535,2,1750,875,30345,per_session_robust_mad_cf,5.071921110153198,6,within,shaft_car,multi_stft,2.0,256.0,0.5,0.75
7,0,speech,0,-0.0,1.0,1.0,0.7017142857142857,1.0,0.741638193160089,2,1750,875,30345,per_session_robust_mad_cf,5.75662636756897,6,within,shaft_car,multi_stft,2.0,256.0,0.5,0.75
7,0,speech,1,-0.0,1.0,1.0,0.7542857142857143,1.0,0.839372851425765,2,1750,875,30345,per_session_robust_mad_cf,4.829368829727173,6,within,shaft_car,multi_stft,2.0,256.0,0.5,0.75
7,0,volume,0,-0.0,1.0,1.0,0.4811428571428571,1.0,0.4949688097551801,2,1750,875,30345,per_session_robust_mad_cf,6.186294317245483,6,within,shaft_car,multi_stft,2.0,256.0,0.5,0.75
7,0,volume,1,-0.0,1.0,1.0,0.5622857142857143,1.0,0.5998910692454782,2,1750,875,30345,per_session_robust_mad_cf,6.017259120941162,6,within,shaft_car,multi_stft,2.0,256.0,0.5,0.75
7,0,delta_volume,0,-0.0,1.0,1.0,0.5382857142857143,1.0,0.5544875813715349,2,1750,875,30345,per_session_robust_mad_cf,5.935082197189331,6,within,shaft_car,multi_stft,2.0,256.0,0.5,0.75
7,0,delta_volume,1,-0.0,1.0,1.0,0.5828571428571429,1.0,0.6019926230107729,2,1750,875,30345,per_session_robust_mad_cf,5.382642507553101,6,within,shaft_car,multi_stft,2.0,256.0,0.5,0.75
7,0,pitch,0,-0.0,1.0,1.0,0.5165714285714286,1.0,0.5385541728054503,2,1750,875,30345,per_session_robust_mad_cf,4.946948766708374,6,within,shaft_car,multi_stft,2.0,256.0,0.5,0.75
7,0,pitch,1,-0.0,1.0,1.0,0.536,1.0,0.5547475000783675,2,1750,875,30345,per_session_robust_mad_cf,5.371750593185425,6,within,shaft_car,multi_stft,2.0,256.0,0.5,0.75
7,0,word_index,0,-0.0,1.0,1.0,0.5370879120879121,1.0,0.5482882502113271,2,1455,728,30345,per_session_robust_mad_cf,5.31575608253479,6,within,shaft_car,multi_stft,2.0,256.0,0.5,0.75
7,0,word_index,1,-0.0,1.0,1.0,0.5494505494505495,1.0,0.5834515758966309,2,1455,728,30345,per_session_robust_mad_cf,4.901892900466919,6,within,shaft_car,multi_stft,2.0,256.0,0.5,0.75
7,0,word_gap,0,-0.0,1.0,1.0,0.5234285714285715,1.0,0.5182021462232114,2,1750,875,30345,per_session_robust_mad_cf,5.866492033004761,6,within,shaft_car,multi_stft,2.0,256.0,0.5,0.75
7,0,word_gap,1,-0.0,1.0,1.0,0.4925714285714285,1.0,0.4891957409903555,2,1750,875,30345,per_session_robust_mad_cf,5.828406095504761,6,within,shaft_car,multi_stft,2.0,256.0,0.5,0.75
7,0,gpt2_surprisal,0,-0.0,1.0,1.0,0.5474285714285714,1.0,0.5558746852240787,2,1750,875,30345,per_session_robust_mad_cf,5.3852245807647705,6,within,shaft_car,multi_stft,2.0,256.0,0.5,0.75
7,0,gpt2_surprisal,1,-0.0,1.0,1.0,0.5382857142857143,1.0,0.5580702799285289,2,1750,875,30345,per_session_robust_mad_cf,5.131901025772095,6,within,shaft_car,multi_stft,2.0,256.0,0.5,0.75
7,0,word_head_pos,0,-0.0,1.0,1.0,0.5074285714285715,1.0,0.5192888415201196,2,1750,875,30345,per_session_robust_mad_cf,5.324932813644409,6,within,shaft_car,multi_stft,2.0,256.0,0.5,0.75
7,0,word_head_pos,1,-0.0,1.0,1.0,0.5268571428571428,1.0,0.5325277159545678,2,1750,875,30345,per_session_robust_mad_cf,5.699815988540649,6,within,shaft_car,multi_stft,2.0,256.0,0.5,0.75
7,0,word_part_speech,0,-0.0,1.0,1.0,0.5646606914212549,1.0,0.5708505475768902,2,1562,781,30345,per_session_robust_mad_cf,5.06870174407959,6,within,shaft_car,multi_stft,2.0,256.0,0.5,0.75
7,0,word_part_speech,1,-0.0,1.0,1.0,0.5326504481434059,1.0,0.5617483113646796,2,1562,781,30345,per_session_robust_mad_cf,6.111377239227295,6,within,shaft_car,multi_stft,2.0,256.0,0.5,0.75
7,0,word_length,0,-0.0,1.0,1.0,0.4948571428571429,1.0,0.496166525605258,2,1750,875,30345,per_session_robust_mad_cf,5.65555477142334,6,within,shaft_car,multi_stft,2.0,256.0,0.5,0.75
7,0,word_length,1,-0.0,1.0,1.0,0.5302857142857142,1.0,0.5305842032120205,2,1750,875,30345,per_session_robust_mad_cf,5.227435350418091,6,within,shaft_car,multi_stft,2.0,256.0,0.5,0.75
7,0,global_flow,0,-0.0,1.0,1.0,0.5714285714285714,1.0,0.596227390990878,2,1750,875,30345,per_session_robust_mad_cf,6.322946786880493,6,within,shaft_car,multi_stft,2.0,256.0,0.5,0.75
7,0,global_flow,1,-0.0,1.0,1.0,0.5965714285714285,1.0,0.6027501750206368,2,1750,875,30345,per_session_robust_mad_cf,5.408005952835083,6,within,shaft_car,multi_stft,2.0,256.0,0.5,0.75
7,0,local_flow,0,-0.0,1.0,1.0,0.5405714285714286,1.0,0.563263429568561,2,1750,875,30345,per_session_robust_mad_cf,5.401298761367798,6,within,shaft_car,multi_stft,2.0,256.0,0.5,0.75
7,0,local_flow,1,-0.0,1.0,1.0,0.5634285714285714,1.0,0.5858541529523631,2,1750,875,30345,per_session_robust_mad_cf,5.1128089427948,6,within,shaft_car,multi_stft,2.0,256.0,0.5,0.75
7,0,frame_brightness,0,-0.0,1.0,1.0,0.4525714285714285,1.0,0.4291976218091387,2,1750,875,30345,per_session_robust_mad_cf,5.600597858428955,6,within,shaft_car,multi_stft,2.0,256.0,0.5,0.75
7,0,frame_brightness,1,-0.0,1.0,1.0,0.4285714285714285,1.0,0.3789745358034753,2,1750,875,30345,per_session_robust_mad_cf,5.571617603302002,6,within,shaft_car,multi_stft,2.0,256.0,0.5,0.75
7,0,face_num,0,-0.0,1.0,1.0,0.4434285714285714,1.0,0.4129546618183338,2,1750,875,30345,per_session_robust_mad_cf,5.744711637496948,6,within,shaft_car,multi_stft,2.0,256.0,0.5,0.75
7,0,face_num,1,-0.0,1.0,1.0,0.4891428571428571,1.0,0.4883754950210547,2,1750,875,30345,per_session_robust_mad_cf,5.228811740875244,6,within,shaft_car,multi_stft,2.0,256.0,0.5,0.75
7,1,onset,0,-0.0,1.0,1.0,0.6993103448275862,1.0,0.756654947262682,2,1449,725,30345,per_session_robust_mad_cf,4.914848566055298,6,within,shaft_car,multi_stft,2.0,256.0,0.5,0.75
7,1,onset,1,-0.0,1.0,1.0,0.6013793103448276,1.0,0.6461577096936213,2,1449,725,30345,per_session_robust_mad_cf,4.665186166763306,6,within,shaft_car,multi_stft,2.0,256.0,0.5,0.75
7,1,speech,0,-0.0,1.0,1.0,0.6743886743886743,1.0,0.7022632708769512,2,1554,777,30345,per_session_robust_mad_cf,4.850645542144775,6,within,shaft_car,multi_stft,2.0,256.0,0.5,0.75
7,1,speech,1,-0.0,1.0,1.0,0.6151866151866152,1.0,0.6389102377229481,2,1554,777,30345,per_session_robust_mad_cf,5.097364664077759,6,within,shaft_car,multi_stft,2.0,256.0,0.5,0.75
7,1,volume,0,-0.0,1.0,1.0,0.5782857142857143,1.0,0.6077709162722171,2,1750,875,30345,per_session_robust_mad_cf,5.670088291168213,6,within,shaft_car,multi_stft,2.0,256.0,0.5,0.75
7,1,volume,1,-0.0,1.0,1.0,0.5702857142857143,1.0,0.6075149159378495,2,1750,875,30345,per_session_robust_mad_cf,5.97966742515564,6,within,shaft_car,multi_stft,2.0,256.0,0.5,0.75
7,1,delta_volume,0,-0.0,1.0,1.0,0.6045714285714285,1.0,0.6396769171290346,2,1750,875,30345,per_session_robust_mad_cf,5.598235130310059,6,within,shaft_car,multi_stft,2.0,256.0,0.5,0.75
7,1,delta_volume,1,-0.0,1.0,1.0,0.6114285714285714,1.0,0.6464635382380908,2,1750,875,30345,per_session_robust_mad_cf,5.944918870925903,6,within,shaft_car,multi_stft,2.0,256.0,0.5,0.75
7,1,pitch,0,-0.0,1.0,1.0,0.5371428571428571,1.0,0.577641244266115,2,1750,875,30345,per_session_robust_mad_cf,6.118618965148926,6,within,shaft_car,multi_stft,2.0,256.0,0.5,0.75
7,1,pitch,1,-0.0,1.0,1.0,0.528,1.0,0.540129358536305,2,1750,875,30345,per_session_robust_mad_cf,5.199101448059082,6,within,shaft_car,multi_stft,2.0,256.0,0.5,0.75
7,1,word_index,0,-0.0,1.0,1.0,0.5365384615384615,1.0,0.5643121301775148,2,1039,520,30345,per_session_robust_mad_cf,4.502842426300049,6,within,shaft_car,multi_stft,2.0,256.0,0.5,0.75
7,1,word_index,1,-0.0,1.0,1.0,0.5326923076923077,1.0,0.5381213017751479,2,1039,520,30345,per_session_robust_mad_cf,4.043951749801636,6,within,shaft_car,multi_stft,2.0,256.0,0.5,0.75
7,1,word_gap,0,-0.0,1.0,1.0,0.4710632570659488,1.0,0.4918195519230212,2,1486,743,30345,per_session_robust_mad_cf,4.34991192817688,6,within,shaft_car,multi_stft,2.0,256.0,0.5,0.75
7,1,word_gap,1,-0.0,1.0,1.0,0.5100942126514132,1.0,0.501724487725705,2,1486,743,30345,per_session_robust_mad_cf,4.762801885604858,6,within,shaft_car,multi_stft,2.0,256.0,0.5,0.75
7,1,gpt2_surprisal,0,-0.0,1.0,1.0,0.5154285714285715,1.0,0.5150047542919239,2,1750,875,30345,per_session_robust_mad_cf,6.280819654464722,6,within,shaft_car,multi_stft,2.0,256.0,0.5,0.75
7,1,gpt2_surprisal,1,-0.0,1.0,1.0,0.5188571428571429,1.0,0.520370312320408,2,1750,875,30345,per_session_robust_mad_cf,5.025048732757568,6,within,shaft_car,multi_stft,2.0,256.0,0.5,0.75
7,1,word_head_pos,0,-0.0,1.0,1.0,0.5142857142857142,1.0,0.5302393864351169,2,1750,875,30345,per_session_robust_mad_cf,5.962333679199219,6,within,shaft_car,multi_stft,2.0,256.0,0.5,0.75
7,1,word_head_pos,1,-0.0,1.0,1.0,0.5337142857142857,1.0,0.5598466087792442,2,1750,875,30345,per_session_robust_mad_cf,5.355672836303711,6,within,shaft_car,multi_stft,2.0,256.0,0.5,0.75
7,1,word_part_speech,0,-0.0,1.0,1.0,0.5985915492957746,1.0,0.6248636183296965,2,1135,568,30345,per_session_robust_mad_cf,4.227276563644409,6,within,shaft_car,multi_stft,2.0,256.0,0.5,0.75
7,1,word_part_speech,1,-0.0,1.0,1.0,0.579225352112676,1.0,0.5846434239238245,2,1135,568,30345,per_session_robust_mad_cf,3.452967405319214,6,within,shaft_car,multi_stft,2.0,256.0,0.5,0.75
7,1,word_length,0,-0.0,1.0,1.0,0.5268571428571428,1.0,0.5480601444050865,2,1750,875,30345,per_session_robust_mad_cf,6.306024789810181,6,within,shaft_car,multi_stft,2.0,256.0,0.5,0.75
7,1,word_length,1,-0.0,1.0,1.0,0.5554285714285714,1.0,0.5602384460257254,2,1750,875,30345,per_session_robust_mad_cf,5.155981063842773,6,within,shaft_car,multi_stft,2.0,256.0,0.5,0.75
7,1,global_flow,0,-0.0,1.0,1.0,0.5748571428571428,1.0,0.604630993803747,2,1750,875,30345,per_session_robust_mad_cf,5.753758907318115,6,within,shaft_car,multi_stft,2.0,256.0,0.5,0.75
7,1,global_flow,1,-0.0,1.0,1.0,0.568,1.0,0.5912092619876075,2,1750,875,30345,per_session_robust_mad_cf,5.566781044006348,6,within,shaft_car,multi_stft,2.0,256.0,0.5,0.75
7,1,local_flow,0,-0.0,1.0,1.0,0.5508571428571428,1.0,0.5542929688724492,2,1750,875,30345,per_session_robust_mad_cf,5.769383430480957,6,within,shaft_car,multi_stft,2.0,256.0,0.5,0.75
7,1,local_flow,1,-0.0,1.0,1.0,0.5382857142857143,1.0,0.558968893347126,2,1750,875,30345,per_session_robust_mad_cf,4.924476861953735,6,within,shaft_car,multi_stft,2.0,256.0,0.5,0.75
7,1,frame_brightness,0,-0.0,1.0,1.0,0.5257142857142857,1.0,0.5419605446015276,2,1750,875,30345,per_session_robust_mad_cf,5.423773527145386,6,within,shaft_car,multi_stft,2.0,256.0,0.5,0.75
7,1,frame_brightness,1,-0.0,1.0,1.0,0.5668571428571428,1.0,0.5836598643720678,2,1750,875,30345,per_session_robust_mad_cf,5.263658761978149,6,within,shaft_car,multi_stft,2.0,256.0,0.5,0.75
7,1,face_num,0,-0.0,1.0,1.0,0.5062857142857143,1.0,0.5306207746883588,2,1750,875,30345,per_session_robust_mad_cf,6.330988883972168,6,within,shaft_car,multi_stft,2.0,256.0,0.5,0.75
7,1,face_num,1,-0.0,1.0,1.0,0.5382857142857143,1.0,0.5536660292780791,2,1750,875,30345,per_session_robust_mad_cf,5.158552646636963,6,within,shaft_car,multi_stft,2.0,256.0,0.5,0.75
10,0,onset,0,-0.0,1.0,1.0,0.8033775633293124,1.0,0.867173039986031,2,1657,829,30600,per_session_robust_mad_cf,5.904764413833618,6,within,shaft_car,multi_stft,2.0,256.0,0.5,0.75
10,0,onset,1,-0.0,1.0,1.0,0.8829915560916767,1.0,0.9470403352540596,2,1657,829,30600,per_session_robust_mad_cf,3.2620067596435547,6,within,shaft_car,multi_stft,2.0,256.0,0.5,0.75
10,0,speech,0,-0.0,1.0,1.0,0.7542857142857143,1.0,0.8107190997147424,2,1750,875,30600,per_session_robust_mad_cf,4.174149990081787,6,within,shaft_car,multi_stft,2.0,256.0,0.5,0.75
10,0,speech,1,-0.0,1.0,1.0,0.8114285714285714,1.0,0.8896011619280484,2,1750,875,30600,per_session_robust_mad_cf,3.714788198471069,6,within,shaft_car,multi_stft,2.0,256.0,0.5,0.75
10,0,volume,0,-0.0,1.0,1.0,0.7017142857142857,1.0,0.7465753424657535,2,1750,875,30600,per_session_robust_mad_cf,3.8897104263305664,6,within,shaft_car,multi_stft,2.0,256.0,0.5,0.75
10,0,volume,1,-0.0,1.0,1.0,0.6114285714285714,1.0,0.6484749694366947,2,1750,875,30600,per_session_robust_mad_cf,4.0414345264434814,6,within,shaft_car,multi_stft,2.0,256.0,0.5,0.75
10,0,delta_volume,0,-0.0,1.0,1.0,0.6308571428571429,1.0,0.6957370719831144,2,1750,875,30600,per_session_robust_mad_cf,4.14673638343811,6,within,shaft_car,multi_stft,2.0,256.0,0.5,0.75
10,0,delta_volume,1,-0.0,1.0,1.0,0.632,1.0,0.6893357574997648,2,1750,875,30600,per_session_robust_mad_cf,3.9793567657470703,6,within,shaft_car,multi_stft,2.0,256.0,0.5,0.75
10,0,pitch,0,-0.0,1.0,1.0,0.5508571428571428,1.0,0.5616960805826359,2,1750,875,30600,per_session_robust_mad_cf,4.465703725814819,6,within,shaft_car,multi_stft,2.0,256.0,0.5,0.75
10,0,pitch,1,-0.0,1.0,1.0,0.544,1.0,0.5806453298224716,2,1750,875,30600,per_session_robust_mad_cf,3.2295639514923096,6,within,shaft_car,multi_stft,2.0,256.0,0.5,0.75
10,0,word_index,0,-0.0,1.0,1.0,0.7378151260504202,1.0,0.8030077056922695,2,1189,595,30600,per_session_robust_mad_cf,3.673593997955322,6,within,shaft_car,multi_stft,2.0,256.0,0.5,0.75
10,0,word_index,1,-0.0,1.0,1.0,0.7210084033613445,1.0,0.7897204709285246,2,1189,595,30600,per_session_robust_mad_cf,3.748557567596436,6,within,shaft_car,multi_stft,2.0,256.0,0.5,0.75
10,0,word_gap,0,-0.0,1.0,1.0,0.568,1.0,0.6159577024753665,2,1750,875,30600,per_session_robust_mad_cf,3.8560984134674072,6,within,shaft_car,multi_stft,2.0,256.0,0.5,0.75
10,0,word_gap,1,-0.0,1.0,1.0,0.6171428571428571,1.0,0.6427436966448282,2,1750,875,30600,per_session_robust_mad_cf,3.5478551387786865,6,within,shaft_car,multi_stft,2.0,256.0,0.5,0.75
10,0,gpt2_surprisal,0,-0.0,1.0,1.0,0.5645714285714286,1.0,0.5606564057553055,2,1750,875,30600,per_session_robust_mad_cf,3.384104013442993,6,within,shaft_car,multi_stft,2.0,256.0,0.5,0.75
10,0,gpt2_surprisal,1,-0.0,1.0,1.0,0.5314285714285715,1.0,0.5562835020845742,2,1750,875,30600,per_session_robust_mad_cf,4.2851645946502686,6,within,shaft_car,multi_stft,2.0,256.0,0.5,0.75
10,0,word_head_pos,0,-0.0,1.0,1.0,0.5645714285714286,1.0,0.5960262478710177,2,1750,875,30600,per_session_robust_mad_cf,4.285929918289185,6,within,shaft_car,multi_stft,2.0,256.0,0.5,0.75
10,0,word_head_pos,1,-0.0,1.0,1.0,0.5691428571428572,1.0,0.5873692569720907,2,1750,875,30600,per_session_robust_mad_cf,4.294065713882446,6,within,shaft_car,multi_stft,2.0,256.0,0.5,0.75
10,0,word_part_speech,0,-0.0,1.0,1.0,0.5656877897990726,1.0,0.5892959522990483,2,1293,647,30600,per_session_robust_mad_cf,3.6623165607452393,6,within,shaft_car,multi_stft,2.0,256.0,0.5,0.75
10,0,word_part_speech,1,-0.0,1.0,1.0,0.5842349304482226,1.0,0.6030128425639261,2,1293,647,30600,per_session_robust_mad_cf,2.7059872150421143,6,within,shaft_car,multi_stft,2.0,256.0,0.5,0.75
10,0,word_length,0,-0.0,1.0,1.0,0.496,1.0,0.5267337492032642,2,1750,875,30600,per_session_robust_mad_cf,3.864511728286743,6,within,shaft_car,multi_stft,2.0,256.0,0.5,0.75
10,0,word_length,1,-0.0,1.0,1.0,0.512,1.0,0.5247484404877589,2,1750,875,30600,per_session_robust_mad_cf,3.641457557678223,6,within,shaft_car,multi_stft,2.0,256.0,0.5,0.75
10,0,global_flow,0,-0.0,1.0,1.0,0.5531428571428572,1.0,0.5762123444406131,2,1750,875,30600,per_session_robust_mad_cf,4.327573776245117,6,within,shaft_car,multi_stft,2.0,256.0,0.5,0.75
10,0,global_flow,1,-0.0,1.0,1.0,0.5622857142857143,1.0,0.594343959959458,2,1750,875,30600,per_session_robust_mad_cf,4.068009376525879,6,within,shaft_car,multi_stft,2.0,256.0,0.5,0.75
10,0,local_flow,0,-0.0,1.0,1.0,0.5508571428571428,1.0,0.5829754553148805,2,1750,875,30600,per_session_robust_mad_cf,4.249557733535767,6,within,shaft_car,multi_stft,2.0,256.0,0.5,0.75
10,0,local_flow,1,-0.0,1.0,1.0,0.5097142857142857,1.0,0.5189858207161739,2,1750,875,30600,per_session_robust_mad_cf,4.737051248550415,6,within,shaft_car,multi_stft,2.0,256.0,0.5,0.75
10,0,frame_brightness,0,-0.0,1.0,1.0,0.5405714285714286,1.0,0.5432222605351974,2,1750,875,30600,per_session_robust_mad_cf,3.989881277084351,6,within,shaft_car,multi_stft,2.0,256.0,0.5,0.75
10,0,frame_brightness,1,-0.0,1.0,1.0,0.4891428571428571,1.0,0.4876127185145711,2,1750,875,30600,per_session_robust_mad_cf,4.138394832611084,6,within,shaft_car,multi_stft,2.0,256.0,0.5,0.75
10,0,face_num,0,-0.0,1.0,1.0,0.496,1.0,0.5211618235583002,2,1750,875,30600,per_session_robust_mad_cf,3.272630453109741,6,within,shaft_car,multi_stft,2.0,256.0,0.5,0.75
10,0,face_num,1,-0.0,1.0,1.0,0.4525714285714285,1.0,0.44824091198813,2,1750,875,30600,per_session_robust_mad_cf,3.888801336288452,6,within,shaft_car,multi_stft,2.0,256.0,0.5,0.75
10,1,onset,0,-0.0,1.0,1.0,0.8948571428571429,1.0,0.944719601266418,2,1750,875,30600,per_session_robust_mad_cf,4.564934968948364,6,within,shaft_car,multi_stft,2.0,256.0,0.5,0.75
10,1,onset,1,-0.0,1.0,1.0,0.9085714285714286,1.0,0.9688933471260044,2,1750,875,30600,per_session_robust_mad_cf,2.743850946426392,6,within,shaft_car,multi_stft,2.0,256.0,0.5,0.75
10,1,speech,0,-0.0,1.0,1.0,0.8971428571428571,1.0,0.9524257337805504,2,1750,875,30600,per_session_robust_mad_cf,3.854225873947144,6,within,shaft_car,multi_stft,2.0,256.0,0.5,0.75
10,1,speech,1,-0.0,1.0,1.0,0.9005714285714286,1.0,0.9628904005099108,2,1750,875,30600,per_session_robust_mad_cf,3.12809157371521,6,within,shaft_car,multi_stft,2.0,256.0,0.5,0.75
10,1,volume,0,-0.0,1.0,1.0,0.7188571428571429,1.0,0.8007638214058075,2,1750,875,30600,per_session_robust_mad_cf,4.661289215087891,6,within,shaft_car,multi_stft,2.0,256.0,0.5,0.75
10,1,volume,1,-0.0,1.0,1.0,0.752,1.0,0.8266825491363907,2,1750,875,30600,per_session_robust_mad_cf,3.1852314472198486,6,within,shaft_car,multi_stft,2.0,256.0,0.5,0.75
10,1,delta_volume,0,-0.0,1.0,1.0,0.7817142857142857,1.0,0.8542051973292373,2,1750,875,30600,per_session_robust_mad_cf,4.8574652671813965,6,within,shaft_car,multi_stft,2.0,256.0,0.5,0.75
10,1,delta_volume,1,-0.0,1.0,1.0,0.704,1.0,0.76550891821573,2,1750,875,30600,per_session_robust_mad_cf,3.334811925888061,6,within,shaft_car,multi_stft,2.0,256.0,0.5,0.75
10,1,pitch,0,-0.0,1.0,1.0,0.5257142857142857,1.0,0.5131761804750112,2,1750,875,30600,per_session_robust_mad_cf,4.638843536376953,6,within,shaft_car,multi_stft,2.0,256.0,0.5,0.75
10,1,pitch,1,-0.0,1.0,1.0,0.624,1.0,0.6702506713478156,2,1750,875,30600,per_session_robust_mad_cf,4.8094353675842285,6,within,shaft_car,multi_stft,2.0,256.0,0.5,0.75
10,1,word_index,0,-0.0,1.0,1.0,0.7134052388289677,1.0,0.7845773979107313,2,1298,649,30600,per_session_robust_mad_cf,3.912064790725708,6,within,shaft_car,multi_stft,2.0,256.0,0.5,0.75
10,1,word_index,1,-0.0,1.0,1.0,0.7272727272727273,1.0,0.7827255460588793,2,1298,649,30600,per_session_robust_mad_cf,3.830466985702514,6,within,shaft_car,multi_stft,2.0,256.0,0.5,0.75
10,1,word_gap,0,-0.0,1.0,1.0,0.5062857142857143,1.0,0.4917609688306531,2,1750,875,30600,per_session_robust_mad_cf,4.401605129241943,6,within,shaft_car,multi_stft,2.0,256.0,0.5,0.75
10,1,word_gap,1,-0.0,1.0,1.0,0.6022857142857143,1.0,0.6402777342403059,2,1750,875,30600,per_session_robust_mad_cf,3.77543306350708,6,within,shaft_car,multi_stft,2.0,256.0,0.5,0.75
10,1,gpt2_surprisal,0,-0.0,1.0,1.0,0.6022857142857143,1.0,0.6382401805586031,2,1750,875,30600,per_session_robust_mad_cf,4.510202884674072,6,within,shaft_car,multi_stft,2.0,256.0,0.5,0.75
10,1,gpt2_surprisal,1,-0.0,1.0,1.0,0.5668571428571428,1.0,0.596438983103978,2,1750,875,30600,per_session_robust_mad_cf,3.800053834915161,6,within,shaft_car,multi_stft,2.0,256.0,0.5,0.75
10,1,word_head_pos,0,-0.0,1.0,1.0,0.536,1.0,0.5540108460549826,2,1750,875,30600,per_session_robust_mad_cf,5.575795650482178,6,within,shaft_car,multi_stft,2.0,256.0,0.5,0.75
10,1,word_head_pos,1,-0.0,1.0,1.0,0.576,1.0,0.585164519398556,2,1750,875,30600,per_session_robust_mad_cf,3.588209867477417,6,within,shaft_car,multi_stft,2.0,256.0,0.5,0.75
10,1,word_part_speech,0,-0.0,1.0,1.0,0.5611510791366906,1.0,0.5903888833681141,2,1390,695,30600,per_session_robust_mad_cf,2.4722673892974854,6,within,shaft_car,multi_stft,2.0,256.0,0.5,0.75
10,1,word_part_speech,1,-0.0,1.0,1.0,0.5410071942446043,1.0,0.5521133525456292,2,1390,695,30600,per_session_robust_mad_cf,2.953821182250977,6,within,shaft_car,multi_stft,2.0,256.0,0.5,0.75
10,1,word_length,0,-0.0,1.0,1.0,0.6205714285714286,1.0,0.6389089161259311,2,1750,875,30600,per_session_robust_mad_cf,3.068777084350586,6,within,shaft_car,multi_stft,2.0,256.0,0.5,0.75
10,1,word_length,1,-0.0,1.0,1.0,0.5782857142857143,1.0,0.6190349309843997,2,1750,875,30600,per_session_robust_mad_cf,3.6196022033691406,6,within,shaft_car,multi_stft,2.0,256.0,0.5,0.75
10,1,global_flow,0,-0.0,1.0,1.0,0.6022857142857143,1.0,0.6423675328882061,2,1750,875,30600,per_session_robust_mad_cf,3.5925543308258057,6,within,shaft_car,multi_stft,2.0,256.0,0.5,0.75
10,1,global_flow,1,-0.0,1.0,1.0,0.6137142857142858,1.0,0.6789755807027993,2,1750,875,30600,per_session_robust_mad_cf,4.298300266265869,6,within,shaft_car,multi_stft,2.0,256.0,0.5,0.75
10,1,local_flow,0,-0.0,1.0,1.0,0.5337142857142857,1.0,0.5529790079725818,2,1750,875,30600,per_session_robust_mad_cf,4.557635068893433,6,within,shaft_car,multi_stft,2.0,256.0,0.5,0.75
10,1,local_flow,1,-0.0,1.0,1.0,0.5737142857142857,1.0,0.606537935069956,2,1750,875,30600,per_session_robust_mad_cf,4.636236906051636,6,within,shaft_car,multi_stft,2.0,256.0,0.5,0.75
10,1,frame_brightness,0,-0.0,1.0,1.0,0.4868571428571429,1.0,0.4742014356916711,2,1750,875,30600,per_session_robust_mad_cf,4.493830680847168,6,within,shaft_car,multi_stft,2.0,256.0,0.5,0.75
10,1,frame_brightness,1,-0.0,1.0,1.0,0.6137142857142858,1.0,0.7085357825773486,2,1750,875,30600,per_session_robust_mad_cf,3.28413200378418,6,within,shaft_car,multi_stft,2.0,256.0,0.5,0.75
10,1,face_num,0,-0.0,1.0,1.0,0.4091428571428571,1.0,0.370683259667931,2,1750,875,30600,per_session_robust_mad_cf,7.290758371353149,6,within,shaft_car,multi_stft,2.0,256.0,0.5,0.75
10,1,face_num,1,-0.0,1.0,1.0,0.504,1.0,0.5037355150831218,2,1750,875,30600,per_session_robust_mad_cf,6.179211616516113,6,within,shaft_car,multi_stft,2.0,256.0,0.5,0.75
1,1,onset,0,-0.0,1.0,0.9886363636363636,0.6745373324824505,0.999305634990992,0.73088282247765,2,2992,1567,1530,per_session_robust_mad_cf,17.790116786956787,6,cross,shaft_car,multi_stft,2.0,256.0,0.5,0.75
1,1,speech,0,-0.0,1.0,0.9345714285714286,0.6691428571428572,0.983390693877551,0.7159810612244898,2,3500,1750,1530,per_session_robust_mad_cf,16.571776628494263,6,cross,shaft_car,multi_stft,2.0,256.0,0.5,0.75
1,1,volume,0,-0.0,1.0,0.9282857142857144,0.6102857142857143,0.978022530612245,0.642882612244898,2,3500,1750,1530,per_session_robust_mad_cf,19.966691255569454,6,cross,shaft_car,multi_stft,2.0,256.0,0.5,0.75
1,1,delta_volume,0,-0.0,1.0,0.894,0.6057142857142858,0.9567356734693878,0.6467461224489796,2,3500,1750,1530,per_session_robust_mad_cf,21.772669553756717,6,cross,shaft_car,multi_stft,2.0,256.0,0.5,0.75
1,1,pitch,0,-0.0,1.0,0.8245714285714286,0.5331428571428571,0.901776,0.544896,2,3500,1750,1530,per_session_robust_mad_cf,19.638648748397827,6,cross,shaft_car,multi_stft,2.0,256.0,0.5,0.75
1,1,word_index,0,-0.0,1.0,0.9962406015037594,0.5657781599312124,0.999803903555882,0.5894638938670735,2,2128,1163,1530,per_session_robust_mad_cf,17.218133449554443,6,cross,shaft_car,multi_stft,2.0,256.0,0.5,0.75
1,1,word_gap,0,-0.0,1.0,0.8279974890144381,0.5228571428571429,0.9101566055825688,0.5210958367346938,2,3186,1750,1530,per_session_robust_mad_cf,25.600459337234497,6,cross,shaft_car,multi_stft,2.0,256.0,0.5,0.75
1,1,gpt2_surprisal,0,-0.0,1.0,0.8088571428571428,0.5205714285714286,0.8884783673469387,0.5270543673469388,2,3500,1750,1530,per_session_robust_mad_cf,19.823880910873413,6,cross,shaft_car,multi_stft,2.0,256.0,0.5,0.75
1,1,word_head_pos,0,-0.0,1.0,0.8168571428571428,0.5217142857142857,0.898378775510204,0.5307141224489796,2,3500,1750,1530,per_session_robust_mad_cf,24.23702883720398,6,cross,shaft_car,multi_stft,2.0,256.0,0.5,0.75
1,1,word_part_speech,0,-0.0,1.0,0.9394083969465647,0.5408653846153846,0.9850351086766506,0.5452902528661243,2,2096,1664,1530,per_session_robust_mad_cf,15.206561088562012,6,cross,shaft_car,multi_stft,2.0,256.0,0.5,0.75
1,1,word_length,0,-0.0,1.0,0.8105714285714286,0.528,0.8939582040816326,0.5256058775510204,2,3500,1750,1530,per_session_robust_mad_cf,21.21870231628418,6,cross,shaft_car,multi_stft,2.0,256.0,0.5,0.75
1,1,global_flow,0,-0.0,1.0,0.8702857142857143,0.5371428571428571,0.944213224489796,0.5384646530612245,2,3500,1750,1530,per_session_robust_mad_cf,23.12509703636169,6,cross,shaft_car,multi_stft,2.0,256.0,0.5,0.75
1,1,local_flow,0,-0.0,1.0,0.8514285714285714,0.5457142857142857,0.9294778775510204,0.5713175510204082,2,3500,1750,1530,per_session_robust_mad_cf,28.20008873939514,6,cross,shaft_car,multi_stft,2.0,256.0,0.5,0.75
1,1,frame_brightness,0,-0.0,1.0,0.8214285714285714,0.488,0.9070693877551022,0.4828355918367347,2,3500,1750,1530,per_session_robust_mad_cf,22.91398859024048,6,cross,shaft_car,multi_stft,2.0,256.0,0.5,0.75
1,1,face_num,0,-0.0,1.0,0.7985714285714286,0.4971428571428571,0.8739350204081633,0.4939402448979592,2,3500,1750,1530,per_session_robust_mad_cf,21.5892231464386,6,cross,shaft_car,multi_stft,2.0,256.0,0.5,0.75
1,2,onset,0,-0.0,1.0,0.9886363636363636,0.6947873799725651,0.999305634990992,0.7642903915956805,2,2992,1458,1530,per_session_robust_mad_cf,15.36815309524536,6,cross,shaft_car,multi_stft,2.0,256.0,0.5,0.75
1,2,speech,0,-0.0,1.0,0.9345714285714286,0.7228571428571429,0.983390693877551,0.792967836734694,2,3500,1750,1530,per_session_robust_mad_cf,21.067927598953247,6,cross,shaft_car,multi_stft,2.0,256.0,0.5,0.75
1,2,volume,0,-0.0,1.0,0.9282857142857144,0.6394285714285715,0.978022530612245,0.6851657142857143,2,3500,1750,1530,per_session_robust_mad_cf,18.93635606765747,6,cross,shaft_car,multi_stft,2.0,256.0,0.5,0.75
1,2,delta_volume,0,-0.0,1.0,0.894,0.5645714285714286,0.9567356734693878,0.5901622857142856,2,3500,1750,1530,per_session_robust_mad_cf,21.27584171295166,6,cross,shaft_car,multi_stft,2.0,256.0,0.5,0.75
1,2,pitch,0,-0.0,1.0,0.8245714285714286,0.5148571428571429,0.901776,0.5280287346938776,2,3500,1750,1530,per_session_robust_mad_cf,25.687422275543213,6,cross,shaft_car,multi_stft,2.0,256.0,0.5,0.75
1,2,word_index,0,-0.0,1.0,0.9962406015037594,0.5147058823529411,0.999803903555882,0.5192233756247596,2,2128,1020,1530,per_session_robust_mad_cf,16.754085540771484,6,cross,shaft_car,multi_stft,2.0,256.0,0.5,0.75
1,2,word_gap,0,-0.0,1.0,0.8279974890144381,0.4924942263279446,0.9101566055825688,0.4913208241550171,2,3186,1732,1530,per_session_robust_mad_cf,25.772769689559937,6,cross,shaft_car,multi_stft,2.0,256.0,0.5,0.75
1,2,gpt2_surprisal,0,-0.0,1.0,0.8088571428571428,0.5154285714285715,0.8884783673469387,0.5293231020408163,2,3500,1750,1530,per_session_robust_mad_cf,22.64150881767273,6,cross,shaft_car,multi_stft,2.0,256.0,0.5,0.75
1,2,word_head_pos,0,-0.0,1.0,0.8168571428571428,0.5405714285714286,0.898378775510204,0.5485113469387755,2,3500,1750,1530,per_session_robust_mad_cf,24.58558249473572,6,cross,shaft_car,multi_stft,2.0,256.0,0.5,0.75
1,2,word_part_speech,0,-0.0,1.0,0.9394083969465647,0.5067264573991032,0.9850351086766506,0.5092501431761292,2,2096,1115,1530,per_session_robust_mad_cf,22.18111991882324,6,cross,shaft_car,multi_stft,2.0,256.0,0.5,0.75
1,2,word_length,0,-0.0,1.0,0.8105714285714286,0.5148571428571429,0.8939582040816326,0.5313488979591836,2,3500,1750,1530,per_session_robust_mad_cf,27.25277709960937,6,cross,shaft_car,multi_stft,2.0,256.0,0.5,0.75
1,2,global_flow,0,-0.0,1.0,0.8702857142857143,0.5262857142857142,0.944213224489796,0.5407177142857142,2,3500,1750,1530,per_session_robust_mad_cf,24.95630121231079,6,cross,shaft_car,multi_stft,2.0,256.0,0.5,0.75
1,2,local_flow,0,-0.0,1.0,0.8514285714285714,0.5268571428571428,0.9294778775510204,0.534277224489796,2,3500,1750,1530,per_session_robust_mad_cf,34.31956338882446,6,cross,shaft_car,multi_stft,2.0,256.0,0.5,0.75
1,2,frame_brightness,0,-0.0,1.0,0.8214285714285714,0.5194285714285715,0.9070693877551022,0.5336489795918368,2,3500,1750,1530,per_session_robust_mad_cf,24.228512048721317,6,cross,shaft_car,multi_stft,2.0,256.0,0.5,0.75
1,2,face_num,0,-0.0,1.0,0.7985714285714286,0.5371428571428571,0.8739350204081633,0.5546540408163265,2,3500,1750,1530,per_session_robust_mad_cf,24.9539487361908,6,cross,shaft_car,multi_stft,2.0,256.0,0.5,0.75
3,0,onset,0,-0.0,1.0,0.9234625668449198,0.7445714285714286,0.9803021962309474,0.8541426938775512,2,2992,1750,1020,per_session_robust_mad_cf,25.296886920928955,6,cross,shaft_car,multi_stft,2.0,256.0,0.5,0.75
3,0,speech,0,-0.0,1.0,0.908,0.7702857142857142,0.9673472653061226,0.8497711020408163,2,3500,1750,1020,per_session_robust_mad_cf,24.50541520118713,6,cross,shaft_car,multi_stft,2.0,256.0,0.5,0.75
3,0,volume,0,-0.0,1.0,0.8225714285714286,0.6188571428571429,0.9068822857142858,0.6521051428571428,2,3500,1750,1020,per_session_robust_mad_cf,29.308906078338623,6,cross,shaft_car,multi_stft,2.0,256.0,0.5,0.75
3,0,delta_volume,0,-0.0,1.0,0.8322857142857143,0.6188571428571429,0.9121433469387754,0.6694922448979592,2,3500,1750,1020,per_session_robust_mad_cf,20.351927042007446,6,cross,shaft_car,multi_stft,2.0,256.0,0.5,0.75
3,0,pitch,0,-0.0,1.0,0.728,0.5211428571428571,0.8044525714285713,0.5372917551020409,2,3500,1750,1020,per_session_robust_mad_cf,30.865060567855835,6,cross,shaft_car,multi_stft,2.0,256.0,0.5,0.75
3,0,word_index,0,-0.0,1.0,0.9050751879699248,0.6240549828178694,0.9640198357736446,0.669573892407455,2,2128,1455,1020,per_session_robust_mad_cf,30.58903861045837,6,cross,shaft_car,multi_stft,2.0,256.0,0.5,0.75
3,0,word_gap,0,-0.0,1.0,0.7570621468926554,0.5217142857142857,0.8355138949476466,0.5390445714285714,2,3186,1750,1020,per_session_robust_mad_cf,22.04403066635132,6,cross,shaft_car,multi_stft,2.0,256.0,0.5,0.75
3,0,gpt2_surprisal,0,-0.0,1.0,0.7465714285714286,0.5388571428571428,0.8385841632653059,0.5555513469387756,2,3500,1750,1020,per_session_robust_mad_cf,28.89781165122986,6,cross,shaft_car,multi_stft,2.0,256.0,0.5,0.75
3,0,word_head_pos,0,-0.0,1.0,0.7477142857142857,0.5251428571428571,0.8356333061224488,0.5485949387755102,2,3500,1750,1020,per_session_robust_mad_cf,26.970773458480835,6,cross,shaft_car,multi_stft,2.0,256.0,0.5,0.75
3,0,word_part_speech,0,-0.0,1.0,0.829675572519084,0.4929577464788732,0.9158812132160132,0.5004139608925817,2,2096,1562,1020,per_session_robust_mad_cf,16.758358240127563,6,cross,shaft_car,multi_stft,2.0,256.0,0.5,0.75
3,0,word_length,0,-0.0,1.0,0.7597142857142857,0.5234285714285715,0.8415562448979592,0.5200444081632654,2,3500,1750,1020,per_session_robust_mad_cf,19.42983031272888,6,cross,shaft_car,multi_stft,2.0,256.0,0.5,0.75
3,0,global_flow,0,-0.0,1.0,0.79,0.5382857142857143,0.8680969795918367,0.541639836734694,2,3500,1750,1020,per_session_robust_mad_cf,20.888946056365967,6,cross,shaft_car,multi_stft,2.0,256.0,0.5,0.75
3,0,local_flow,0,-0.0,1.0,0.7705714285714286,0.5028571428571429,0.848482612244898,0.5115454693877551,2,3500,1750,1020,per_session_robust_mad_cf,17.763242483139038,6,cross,shaft_car,multi_stft,2.0,256.0,0.5,0.75
3,0,frame_brightness,0,-0.0,1.0,0.7568571428571429,0.5051428571428571,0.8388728163265305,0.5065195102040816,2,3500,1750,1020,per_session_robust_mad_cf,35.97499990463257,6,cross,shaft_car,multi_stft,2.0,256.0,0.5,0.75
3,0,face_num,0,-0.0,1.0,0.7357142857142858,0.5165714285714286,0.8130021224489797,0.5132747755102041,2,3500,1750,1020,per_session_robust_mad_cf,19.86319661140442,6,cross,shaft_car,multi_stft,2.0,256.0,0.5,0.75
3,1,onset,0,-0.0,1.0,0.9234625668449198,0.7575757575757576,0.9803021962309474,0.8365107507919713,2,2992,1122,1020,per_session_robust_mad_cf,21.86452460289001,6,cross,shaft_car,multi_stft,2.0,256.0,0.5,0.75
3,1,speech,0,-0.0,1.0,0.908,0.7571428571428571,0.9673472653061226,0.8248169795918368,2,3500,1750,1020,per_session_robust_mad_cf,24.339015007019043,6,cross,shaft_car,multi_stft,2.0,256.0,0.5,0.75
3,1,volume,0,-0.0,1.0,0.8225714285714286,0.6291428571428571,0.9068822857142858,0.6724022857142857,2,3500,1750,1020,per_session_robust_mad_cf,25.36703634262085,6,cross,shaft_car,multi_stft,2.0,256.0,0.5,0.75
3,1,delta_volume,0,-0.0,1.0,0.8322857142857143,0.6965714285714286,0.9121433469387754,0.7678955102040816,2,3500,1750,1020,per_session_robust_mad_cf,19.154842376708984,6,cross,shaft_car,multi_stft,2.0,256.0,0.5,0.75
3,1,pitch,0,-0.0,1.0,0.728,0.4965714285714285,0.8044525714285713,0.490885224489796,2,3500,1750,1020,per_session_robust_mad_cf,29.229490518569943,6,cross,shaft_car,multi_stft,2.0,256.0,0.5,0.75
3,1,word_index,0,-0.0,1.0,0.9050751879699248,0.6384248210023866,0.9640198357736446,0.7081470258200854,2,2128,838,1020,per_session_robust_mad_cf,27.147382259368896,6,cross,shaft_car,multi_stft,2.0,256.0,0.5,0.75
3,1,word_gap,0,-0.0,1.0,0.7570621468926554,0.537117903930131,0.8355138949476466,0.5498239420176152,2,3186,1603,1020,per_session_robust_mad_cf,23.677839040756226,6,cross,shaft_car,multi_stft,2.0,256.0,0.5,0.75
3,1,gpt2_surprisal,0,-0.0,1.0,0.7465714285714286,0.5508571428571428,0.8385841632653059,0.5856039183673469,2,3500,1750,1020,per_session_robust_mad_cf,29.83432149887085,6,cross,shaft_car,multi_stft,2.0,256.0,0.5,0.75
3,1,word_head_pos,0,-0.0,1.0,0.7477142857142857,0.5371428571428571,0.8356333061224488,0.5631490612244898,2,3500,1750,1020,per_session_robust_mad_cf,24.971697330474854,6,cross,shaft_car,multi_stft,2.0,256.0,0.5,0.75
3,1,word_part_speech,0,-0.0,1.0,0.829675572519084,0.5027624309392266,0.9158812132160132,0.5063167926633634,2,2096,1086,1020,per_session_robust_mad_cf,23.891883373260494,6,cross,shaft_car,multi_stft,2.0,256.0,0.5,0.75
3,1,word_length,0,-0.0,1.0,0.7597142857142857,0.5057142857142857,0.8415562448979592,0.5097926530612245,2,3500,1750,1020,per_session_robust_mad_cf,24.433406829833984,6,cross,shaft_car,multi_stft,2.0,256.0,0.5,0.75
3,1,global_flow,0,-0.0,1.0,0.79,0.5565714285714286,0.8680969795918367,0.5876336326530613,2,3500,1750,1020,per_session_robust_mad_cf,21.713586807250977,6,cross,shaft_car,multi_stft,2.0,256.0,0.5,0.75
3,1,local_flow,0,-0.0,1.0,0.7705714285714286,0.572,0.848482612244898,0.5907500408163265,2,3500,1750,1020,per_session_robust_mad_cf,20.12729358673096,6,cross,shaft_car,multi_stft,2.0,256.0,0.5,0.75
3,1,frame_brightness,0,-0.0,1.0,0.7568571428571429,0.4777142857142857,0.8388728163265305,0.4744555102040816,2,3500,1750,1020,per_session_robust_mad_cf,34.41945457458496,6,cross,shaft_car,multi_stft,2.0,256.0,0.5,0.75
3,1,face_num,0,-0.0,1.0,0.7357142857142858,0.5034285714285714,0.8130021224489797,0.4895542857142857,2,3500,1750,1020,per_session_robust_mad_cf,21.662909030914307,6,cross,shaft_car,multi_stft,2.0,256.0,0.5,0.75
4,0,onset,0,-0.0,1.0,1.0,0.6145833333333334,1.0,0.6405209768135904,2,2992,1056,2295,per_session_robust_mad_cf,12.298335075378418,6,cross,shaft_car,multi_stft,2.0,256.0,0.5,0.75
4,0,speech,0,-0.0,1.0,1.0,0.592,1.0,0.6212401632653062,2,3500,1750,2295,per_session_robust_mad_cf,16.156275749206543,6,cross,shaft_car,multi_stft,2.0,256.0,0.5,0.75
4,0,volume,0,-0.0,1.0,0.9942857142857144,0.5407980941036331,0.9997191836734692,0.5604248254725013,2,3500,1679,2295,per_session_robust_mad_cf,65.10684609413147,6,cross,shaft_car,multi_stft,2.0,256.0,0.5,0.75
4,0,delta_volume,0,-0.0,1.0,0.9857142857142858,0.5687909469922573,0.999253551020408,0.6044979851296894,2,3500,1679,2295,per_session_robust_mad_cf,36.847031354904175,6,cross,shaft_car,multi_stft,2.0,256.0,0.5,0.75
4,0,pitch,0,-0.0,1.0,0.9288571428571428,0.5139964264443121,0.9762272653061224,0.5257293262954765,2,3500,1679,2295,per_session_robust_mad_cf,47.866636514663696,6,cross,shaft_car,multi_stft,2.0,256.0,0.5,0.75
4,0,word_index,0,-0.0,1.0,1.0,0.5933774834437087,1.0,0.6495130029612788,2,2128,755,2295,per_session_robust_mad_cf,14.369516372680664,6,cross,shaft_car,multi_stft,2.0,256.0,0.5,0.75
4,0,word_gap,0,-0.0,1.0,0.9617074701820464,0.544107268877911,0.9926152119540568,0.5390435123871451,2,3186,1417,2295,per_session_robust_mad_cf,37.44350552558899,6,cross,shaft_car,multi_stft,2.0,256.0,0.5,0.75
4,0,gpt2_surprisal,0,-0.0,1.0,0.9374285714285714,0.5151876116736153,0.9856284081632654,0.5125063851523923,2,3500,1679,2295,per_session_robust_mad_cf,89.45848226547241,6,cross,shaft_car,multi_stft,2.0,256.0,0.5,0.75
4,0,word_head_pos,0,-0.0,1.0,0.9337142857142856,0.5262857142857142,0.9816362448979592,0.5429524897959184,2,3500,1750,2295,per_session_robust_mad_cf,40.97714948654175,6,cross,shaft_car,multi_stft,2.0,256.0,0.5,0.75
4,0,word_part_speech,0,-0.0,1.0,1.0,0.529351184346035,1.0,0.5340630435704892,2,2096,971,2295,per_session_robust_mad_cf,22.47176694869995,6,cross,shaft_car,multi_stft,2.0,256.0,0.5,0.75
4,0,word_length,0,-0.0,1.0,0.9431428571428572,0.5268176400476758,0.9859722448979592,0.5444410665401374,2,3500,1678,2295,per_session_robust_mad_cf,36.42142367362976,6,cross,shaft_car,multi_stft,2.0,256.0,0.5,0.75
4,0,global_flow,0,-0.0,1.0,0.9702857142857144,0.4740917212626563,0.9965923265306122,0.4755086838072535,2,3500,1679,2295,per_session_robust_mad_cf,41.35221338272095,6,cross,shaft_car,multi_stft,2.0,256.0,0.5,0.75
4,0,local_flow,0,-0.0,1.0,0.948,0.4991066110780226,0.9878458775510204,0.4870182757250695,2,3500,1679,2295,per_session_robust_mad_cf,76.1814591884613,6,cross,shaft_car,multi_stft,2.0,256.0,0.5,0.75
4,0,frame_brightness,0,-0.0,1.0,0.9645714285714284,0.4955330553901131,0.994549224489796,0.4863528009535161,2,3500,1679,2295,per_session_robust_mad_cf,114.72413516044617,6,cross,shaft_car,multi_stft,2.0,256.0,0.5,0.75
4,0,face_num,0,-0.0,1.0,0.9211428571428572,0.4833687190375088,0.977482775510204,0.4906795060323515,2,3500,1413,2295,per_session_robust_mad_cf,42.99267840385437,6,cross,shaft_car,multi_stft,2.0,256.0,0.5,0.75
4,1,onset,0,-0.0,1.0,1.0,0.5838509316770186,1.0,0.6167269956182131,2,2992,1449,2295,per_session_robust_mad_cf,11.165018796920776,6,cross,shaft_car,multi_stft,2.0,256.0,0.5,0.75
4,1,speech,0,-0.0,1.0,1.0,0.5822857142857143,1.0,0.6091056326530613,2,3500,1750,2295,per_session_robust_mad_cf,23.90070080757141,6,cross,shaft_car,multi_stft,2.0,256.0,0.5,0.75
4,1,volume,0,-0.0,1.0,0.9942857142857144,0.4742857142857143,0.9997191836734692,0.4577926530612245,2,3500,1750,2295,per_session_robust_mad_cf,74.45027422904968,6,cross,shaft_car,multi_stft,2.0,256.0,0.5,0.75
4,1,delta_volume,0,-0.0,1.0,0.9857142857142858,0.5297142857142857,0.999253551020408,0.5383960816326531,2,3500,1750,2295,per_session_robust_mad_cf,45.70878982543945,6,cross,shaft_car,multi_stft,2.0,256.0,0.5,0.75
4,1,pitch,0,-0.0,1.0,0.9288571428571428,0.5171428571428571,0.9762272653061224,0.5246628571428571,2,3500,1750,2295,per_session_robust_mad_cf,74.4452588558197,6,cross,shaft_car,multi_stft,2.0,256.0,0.5,0.75
4,1,word_index,0,-0.0,1.0,1.0,0.5697786333012512,1.0,0.5989819549429376,2,2128,1039,2295,per_session_robust_mad_cf,22.37906765937805,6,cross,shaft_car,multi_stft,2.0,256.0,0.5,0.75
4,1,word_gap,0,-0.0,1.0,0.9617074701820464,0.5390309555854643,0.9926152119540568,0.5435948620502891,2,3186,1486,2295,per_session_robust_mad_cf,39.19334936141968,6,cross,shaft_car,multi_stft,2.0,256.0,0.5,0.75
4,1,gpt2_surprisal,0,-0.0,1.0,0.9374285714285714,0.5051428571428571,0.9856284081632654,0.5109792653061225,2,3500,1750,2295,per_session_robust_mad_cf,140.46474361419678,6,cross,shaft_car,multi_stft,2.0,256.0,0.5,0.75
4,1,word_head_pos,0,-0.0,1.0,0.9337142857142856,0.5222857142857142,0.9816362448979592,0.5376254693877551,2,3500,1750,2295,per_session_robust_mad_cf,63.64816164970398,6,cross,shaft_car,multi_stft,2.0,256.0,0.5,0.75
4,1,word_part_speech,0,-0.0,1.0,1.0,0.4969162995594713,1.0,0.4942052003378294,2,2096,1135,2295,per_session_robust_mad_cf,41.19193434715271,6,cross,shaft_car,multi_stft,2.0,256.0,0.5,0.75
4,1,word_length,0,-0.0,1.0,0.9431428571428572,0.5097142857142857,0.9859722448979592,0.5220649795918367,2,3500,1750,2295,per_session_robust_mad_cf,78.2195656299591,6,cross,shaft_car,multi_stft,2.0,256.0,0.5,0.75
4,1,global_flow,0,-0.0,1.0,0.9702857142857144,0.4651428571428571,0.9965923265306122,0.4423000816326531,2,3500,1750,2295,per_session_robust_mad_cf,53.92833304405213,6,cross,shaft_car,multi_stft,2.0,256.0,0.5,0.75
4,1,local_flow,0,-0.0,1.0,0.948,0.468,0.9878458775510204,0.4416130612244898,2,3500,1750,2295,per_session_robust_mad_cf,105.7974259853363,6,cross,shaft_car,multi_stft,2.0,256.0,0.5,0.75
4,1,frame_brightness,0,-0.0,1.0,0.9645714285714284,0.5068571428571429,0.994549224489796,0.4894347755102041,2,3500,1750,2295,per_session_robust_mad_cf,167.9522783756256,6,cross,shaft_car,multi_stft,2.0,256.0,0.5,0.75
4,1,face_num,0,-0.0,1.0,0.9211428571428572,0.4931428571428571,0.977482775510204,0.4926383673469388,2,3500,1750,2295,per_session_robust_mad_cf,57.26152348518372,6,cross,shaft_car,multi_stft,2.0,256.0,0.5,0.75
7,0,onset,0,-0.0,1.0,0.9923128342245988,0.5102857142857142,0.9997680981726672,0.5160480000000001,2,2992,1750,1530,per_session_robust_mad_cf,22.0168514251709,6,cross,shaft_car,multi_stft,2.0,256.0,0.5,0.75
7,0,speech,0,-0.0,1.0,0.962,0.528,0.9927980408163266,0.5230837551020409,2,3500,1750,1530,per_session_robust_mad_cf,64.76413416862488,6,cross,shaft_car,multi_stft,2.0,256.0,0.5,0.75
7,0,volume,0,-0.0,1.0,0.8954285714285715,0.5188571428571429,0.9602664489795918,0.5148995918367347,2,3500,1750,1530,per_session_robust_mad_cf,84.90728116035461,6,cross,shaft_car,multi_stft,2.0,256.0,0.5,0.75
7,0,delta_volume,0,-0.0,1.0,0.8842857142857142,0.5045714285714286,0.9552111020408164,0.5148277551020408,2,3500,1750,1530,per_session_robust_mad_cf,46.38753080368042,6,cross,shaft_car,multi_stft,2.0,256.0,0.5,0.75
7,0,pitch,0,-0.0,1.0,0.8048571428571428,0.5068571428571429,0.8820646530612244,0.5176032653061224,2,3500,1750,1530,per_session_robust_mad_cf,58.43148374557495,6,cross,shaft_car,multi_stft,2.0,256.0,0.5,0.75
7,0,word_index,0,-0.0,1.0,0.9981203007518796,0.4969072164948453,0.9999487675956809,0.4994643423976299,2,2128,1455,1530,per_session_robust_mad_cf,31.40349006652832,6,cross,shaft_car,multi_stft,2.0,256.0,0.5,0.75
7,0,word_gap,0,-0.0,1.0,0.8361581920903954,0.492,0.9131081564077616,0.4885368163265307,2,3186,1750,1530,per_session_robust_mad_cf,40.08281922340393,6,cross,shaft_car,multi_stft,2.0,256.0,0.5,0.75
7,0,gpt2_surprisal,0,-0.0,1.0,0.8271428571428572,0.5011428571428571,0.9069929795918368,0.5085792653061225,2,3500,1750,1530,per_session_robust_mad_cf,93.00159311294556,6,cross,shaft_car,multi_stft,2.0,256.0,0.5,0.75
7,0,word_head_pos,0,-0.0,1.0,0.8114285714285714,0.4897142857142857,0.8974484897959183,0.4810618775510204,2,3500,1750,1530,per_session_robust_mad_cf,38.31576204299927,6,cross,shaft_car,multi_stft,2.0,256.0,0.5,0.75
7,0,word_part_speech,0,-0.0,1.0,0.9565839694656488,0.4820742637644046,0.9915405934968824,0.4835751793967155,2,2096,1562,1530,per_session_robust_mad_cf,58.63481855392456,6,cross,shaft_car,multi_stft,2.0,256.0,0.5,0.75
7,0,word_length,0,-0.0,1.0,0.8122857142857143,0.5,0.9011105306122448,0.4933982040816326,2,3500,1750,1530,per_session_robust_mad_cf,49.655051469802856,6,cross,shaft_car,multi_stft,2.0,256.0,0.5,0.75
7,0,global_flow,0,-0.0,1.0,0.8451428571428572,0.5245714285714286,0.9262484897959185,0.5418671020408163,2,3500,1750,1530,per_session_robust_mad_cf,50.87656950950623,6,cross,shaft_car,multi_stft,2.0,256.0,0.5,0.75
7,0,local_flow,0,-0.0,1.0,0.8374285714285714,0.5154285714285715,0.9197018775510204,0.5144894693877551,2,3500,1750,1530,per_session_robust_mad_cf,69.39438247680664,6,cross,shaft_car,multi_stft,2.0,256.0,0.5,0.75
7,0,frame_brightness,0,-0.0,1.0,0.8408571428571429,0.4874285714285714,0.9199248979591836,0.4698017959183673,2,3500,1750,1530,per_session_robust_mad_cf,101.22104358673096,6,cross,shaft_car,multi_stft,2.0,256.0,0.5,0.75
7,0,face_num,0,-0.0,1.0,0.806,0.4965714285714285,0.8864124081632654,0.4850795102040816,2,3500,1750,1530,per_session_robust_mad_cf,45.32504677772522,6,cross,shaft_car,multi_stft,2.0,256.0,0.5,0.75
7,1,onset,0,-0.0,1.0,0.9923128342245988,0.5272601794340924,0.9997680981726672,0.5446327871975614,2,2992,1449,1530,per_session_robust_mad_cf,17.950809240341187,6,cross,shaft_car,multi_stft,2.0,256.0,0.5,0.75
7,1,speech,0,-0.0,1.0,0.962,0.5186615186615187,0.9927980408163266,0.5250898996072741,2,3500,1554,1530,per_session_robust_mad_cf,60.44151759147644,6,cross,shaft_car,multi_stft,2.0,256.0,0.5,0.75
7,1,volume,0,-0.0,1.0,0.8954285714285715,0.5074285714285715,0.9602664489795918,0.5175248979591838,2,3500,1750,1530,per_session_robust_mad_cf,84.5365698337555,6,cross,shaft_car,multi_stft,2.0,256.0,0.5,0.75
7,1,delta_volume,0,-0.0,1.0,0.8842857142857142,0.5194285714285715,0.9552111020408164,0.5298351020408163,2,3500,1750,1530,per_session_robust_mad_cf,53.81388854980469,6,cross,shaft_car,multi_stft,2.0,256.0,0.5,0.75
7,1,pitch,0,-0.0,1.0,0.8048571428571428,0.504,0.8820646530612244,0.4998661224489796,2,3500,1750,1530,per_session_robust_mad_cf,67.12315583229065,6,cross,shaft_car,multi_stft,2.0,256.0,0.5,0.75
7,1,word_index,0,-0.0,1.0,0.9981203007518796,0.5245428296438883,0.9999487675956809,0.5417259522750852,2,2128,1039,1530,per_session_robust_mad_cf,35.91875123977661,6,cross,shaft_car,multi_stft,2.0,256.0,0.5,0.75
7,1,word_gap,0,-0.0,1.0,0.8361581920903954,0.4959623149394347,0.9131081564077616,0.4889928249122813,2,3186,1486,1530,per_session_robust_mad_cf,46.772175550460815,6,cross,shaft_car,multi_stft,2.0,256.0,0.5,0.75
7,1,gpt2_surprisal,0,-0.0,1.0,0.8271428571428572,0.4988571428571428,0.9069929795918368,0.5013524897959183,2,3500,1750,1530,per_session_robust_mad_cf,108.59405970573424,6,cross,shaft_car,multi_stft,2.0,256.0,0.5,0.75
7,1,word_head_pos,0,-0.0,1.0,0.8114285714285714,0.4948571428571429,0.8974484897959183,0.5060662857142857,2,3500,1750,1530,per_session_robust_mad_cf,38.56869912147522,6,cross,shaft_car,multi_stft,2.0,256.0,0.5,0.75
7,1,word_part_speech,0,-0.0,1.0,0.9565839694656488,0.5022026431718062,0.9915405934968824,0.5094952430633182,2,2096,1135,1530,per_session_robust_mad_cf,63.95978283882141,6,cross,shaft_car,multi_stft,2.0,256.0,0.5,0.75
7,1,word_length,0,-0.0,1.0,0.8122857142857143,0.5045714285714286,0.9011105306122448,0.505794612244898,2,3500,1750,1530,per_session_robust_mad_cf,52.19440054893494,6,cross,shaft_car,multi_stft,2.0,256.0,0.5,0.75
7,1,global_flow,0,-0.0,1.0,0.8451428571428572,0.5074285714285715,0.9262484897959185,0.4982125714285713,2,3500,1750,1530,per_session_robust_mad_cf,55.56334400177002,6,cross,shaft_car,multi_stft,2.0,256.0,0.5,0.75
7,1,local_flow,0,-0.0,1.0,0.8374285714285714,0.5148571428571429,0.9197018775510204,0.5140845714285713,2,3500,1750,1530,per_session_robust_mad_cf,78.54277181625366,6,cross,shaft_car,multi_stft,2.0,256.0,0.5,0.75
7,1,frame_brightness,0,-0.0,1.0,0.8408571428571429,0.5291428571428571,0.9199248979591836,0.5304999183673469,2,3500,1750,1530,per_session_robust_mad_cf,92.61293315887453,6,cross,shaft_car,multi_stft,2.0,256.0,0.5,0.75
7,1,face_num,0,-0.0,1.0,0.806,0.5005714285714286,0.8864124081632654,0.4997159183673469,2,3500,1750,1530,per_session_robust_mad_cf,42.8874077796936,6,cross,shaft_car,multi_stft,2.0,256.0,0.5,0.75
10,0,onset,0,-0.0,1.0,0.955548128342246,0.6547978273989137,0.991481294146244,0.6974819787532851,2,2992,1657,1275,per_session_robust_mad_cf,12.6538507938385,6,cross,shaft_car,multi_stft,2.0,256.0,0.5,0.75
10,0,speech,0,-0.0,1.0,0.9077142857142856,0.6125714285714285,0.9674726530612244,0.6522684081632653,2,3500,1750,1275,per_session_robust_mad_cf,16.373350620269775,6,cross,shaft_car,multi_stft,2.0,256.0,0.5,0.75
10,0,volume,0,-0.0,1.0,0.8951428571428571,0.5394285714285715,0.9606808163265308,0.548609306122449,2,3500,1750,1275,per_session_robust_mad_cf,18.821104764938354,6,cross,shaft_car,multi_stft,2.0,256.0,0.5,0.75
10,0,delta_volume,0,-0.0,1.0,0.8594285714285714,0.5508571428571428,0.9347787755102042,0.5633567346938775,2,3500,1750,1275,per_session_robust_mad_cf,19.14765477180481,6,cross,shaft_car,multi_stft,2.0,256.0,0.5,0.75
10,0,pitch,0,-0.0,1.0,0.7871428571428571,0.5257142857142857,0.8696483265306122,0.5301041632653061,2,3500,1750,1275,per_session_robust_mad_cf,21.25661873817444,6,cross,shaft_car,multi_stft,2.0,256.0,0.5,0.75
10,0,word_index,0,-0.0,1.0,0.9450187969924811,0.5634987384356602,0.9865806433376674,0.5788571994454348,2,2128,1189,1275,per_session_robust_mad_cf,13.178951978683472,6,cross,shaft_car,multi_stft,2.0,256.0,0.5,0.75
10,0,word_gap,0,-0.0,1.0,0.7959824231010671,0.5097142857142857,0.8764679433601732,0.5039673469387755,2,3186,1750,1275,per_session_robust_mad_cf,18.39244794845581,6,cross,shaft_car,multi_stft,2.0,256.0,0.5,0.75
10,0,gpt2_surprisal,0,-0.0,1.0,0.774,0.5245714285714286,0.8606337959183674,0.5390393469387755,2,3500,1750,1275,per_session_robust_mad_cf,18.18721079826355,6,cross,shaft_car,multi_stft,2.0,256.0,0.5,0.75
10,0,word_head_pos,0,-0.0,1.0,0.7817142857142857,0.5108571428571429,0.8658775510204082,0.5203043265306122,2,3500,1750,1275,per_session_robust_mad_cf,23.05822253227234,6,cross,shaft_car,multi_stft,2.0,256.0,0.5,0.75
10,0,word_part_speech,0,-0.0,1.0,0.8888358778625954,0.4965197215777262,0.9544807266476314,0.4922648470435111,2,2096,1293,1275,per_session_robust_mad_cf,20.419604063034058,6,cross,shaft_car,multi_stft,2.0,256.0,0.5,0.75
10,0,word_length,0,-0.0,1.0,0.7794285714285715,0.5051428571428571,0.8627611428571429,0.4996858775510204,2,3500,1750,1275,per_session_robust_mad_cf,25.66416931152344,6,cross,shaft_car,multi_stft,2.0,256.0,0.5,0.75
10,0,global_flow,0,-0.0,1.0,0.8388571428571429,0.52,0.9204584489795916,0.5307755102040816,2,3500,1750,1275,per_session_robust_mad_cf,24.883479356765747,6,cross,shaft_car,multi_stft,2.0,256.0,0.5,0.75
10,0,local_flow,0,-0.0,1.0,0.8094285714285714,0.5068571428571429,0.896226612244898,0.4969756734693877,2,3500,1750,1275,per_session_robust_mad_cf,24.255248069763184,6,cross,shaft_car,multi_stft,2.0,256.0,0.5,0.75
10,0,frame_brightness,0,-0.0,1.0,0.794,0.4794285714285714,0.8816251428571429,0.4766915918367347,2,3500,1750,1275,per_session_robust_mad_cf,17.119930028915405,6,cross,shaft_car,multi_stft,2.0,256.0,0.5,0.75
10,0,face_num,0,-0.0,1.0,0.7568571428571429,0.504,0.8385975510204082,0.4966909387755102,2,3500,1750,1275,per_session_robust_mad_cf,23.999019861221317,6,cross,shaft_car,multi_stft,2.0,256.0,0.5,0.75
10,1,onset,0,-0.0,1.0,0.955548128342246,0.5954285714285714,0.991481294146244,0.6213590204081633,2,2992,1750,1275,per_session_robust_mad_cf,10.44468641281128,6,cross,shaft_car,multi_stft,2.0,256.0,0.5,0.75
10,1,speech,0,-0.0,1.0,0.9077142857142856,0.5874285714285714,0.9674726530612244,0.6295823673469388,2,3500,1750,1275,per_session_robust_mad_cf,16.10555672645569,6,cross,shaft_car,multi_stft,2.0,256.0,0.5,0.75
10,1,volume,0,-0.0,1.0,0.8951428571428571,0.6457142857142857,0.9606808163265308,0.693063836734694,2,3500,1750,1275,per_session_robust_mad_cf,17.26098108291626,6,cross,shaft_car,multi_stft,2.0,256.0,0.5,0.75
10,1,delta_volume,0,-0.0,1.0,0.8594285714285714,0.5897142857142857,0.9347787755102042,0.6282070204081633,2,3500,1750,1275,per_session_robust_mad_cf,20.516596794128414,6,cross,shaft_car,multi_stft,2.0,256.0,0.5,0.75
10,1,pitch,0,-0.0,1.0,0.7871428571428571,0.5331428571428571,0.8696483265306122,0.5336071836734694,2,3500,1750,1275,per_session_robust_mad_cf,18.78535890579224,6,cross,shaft_car,multi_stft,2.0,256.0,0.5,0.75
10,1,word_index,0,-0.0,1.0,0.9450187969924811,0.5462249614791987,0.9865806433376674,0.5643718794589756,2,2128,1298,1275,per_session_robust_mad_cf,15.37408995628357,6,cross,shaft_car,multi_stft,2.0,256.0,0.5,0.75
10,1,word_gap,0,-0.0,1.0,0.7959824231010671,0.5,0.8764679433601732,0.4960979591836735,2,3186,1750,1275,per_session_robust_mad_cf,20.625414609909058,6,cross,shaft_car,multi_stft,2.0,256.0,0.5,0.75
10,1,gpt2_surprisal,0,-0.0,1.0,0.774,0.5091428571428571,0.8606337959183674,0.515906612244898,2,3500,1750,1275,per_session_robust_mad_cf,24.4444842338562,6,cross,shaft_car,multi_stft,2.0,256.0,0.5,0.75
10,1,word_head_pos,0,-0.0,1.0,0.7817142857142857,0.4971428571428571,0.8658775510204082,0.5102132244897959,2,3500,1750,1275,per_session_robust_mad_cf,25.309434175491333,6,cross,shaft_car,multi_stft,2.0,256.0,0.5,0.75
10,1,word_part_speech,0,-0.0,1.0,0.8888358778625954,0.497841726618705,0.9544807266476314,0.500193571761296,2,2096,1390,1275,per_session_robust_mad_cf,21.17269897460937,6,cross,shaft_car,multi_stft,2.0,256.0,0.5,0.75
10,1,word_length,0,-0.0,1.0,0.7794285714285715,0.5097142857142857,0.8627611428571429,0.5189015510204082,2,3500,1750,1275,per_session_robust_mad_cf,26.01191091537476,6,cross,shaft_car,multi_stft,2.0,256.0,0.5,0.75
10,1,global_flow,0,-0.0,1.0,0.8388571428571429,0.516,0.9204584489795916,0.5210801632653062,2,3500,1750,1275,per_session_robust_mad_cf,20.64498853683472,6,cross,shaft_car,multi_stft,2.0,256.0,0.5,0.75
10,1,local_flow,0,-0.0,1.0,0.8094285714285714,0.5022857142857143,0.896226612244898,0.5167164081632654,2,3500,1750,1275,per_session_robust_mad_cf,18.929094076156616,6,cross,shaft_car,multi_stft,2.0,256.0,0.5,0.75
10,1,frame_brightness,0,-0.0,1.0,0.794,0.5211428571428571,0.8816251428571429,0.5346481632653062,2,3500,1750,1275,per_session_robust_mad_cf,21.95312523841858,6,cross,shaft_car,multi_stft,2.0,256.0,0.5,0.75
10,1,face_num,0,-0.0,1.0,0.7568571428571429,0.5,0.8385975510204082,0.504444081632653,2,3500,1750,1275,per_session_robust_mad_cf,23.71316123008728,6,cross,shaft_car,multi_stft,2.0,256.0,0.5,0.75
1,1,onset,0,-0.0,1.0,1.0,0.9056122448979592,1.0,0.9495978238234069,2,1567,784,30600,per_session_robust_mad_cf,6.487825632095337,7,within,shaft_car,multi_stft,2.0,256.0,0.5,1.0
1,1,onset,1,-0.0,1.0,1.0,0.8354591836734694,1.0,0.9064061849229488,2,1567,784,30600,per_session_robust_mad_cf,6.2235517501831055,7,within,shaft_car,multi_stft,2.0,256.0,0.5,1.0
1,1,speech,0,-0.0,1.0,1.0,0.8925714285714286,1.0,0.9583294149608684,2,1750,875,30600,per_session_robust_mad_cf,7.008163213729858,7,within,shaft_car,multi_stft,2.0,256.0,0.5,1.0
1,1,speech,1,-0.0,1.0,1.0,0.8228571428571428,1.0,0.8737970596533025,2,1750,875,30600,per_session_robust_mad_cf,7.607480764389038,7,within,shaft_car,multi_stft,2.0,256.0,0.5,1.0
1,1,volume,0,-0.0,1.0,1.0,0.7508571428571429,1.0,0.8251217307712402,2,1750,875,30600,per_session_robust_mad_cf,8.06671929359436,7,within,shaft_car,multi_stft,2.0,256.0,0.5,1.0
1,1,volume,1,-0.0,1.0,1.0,0.7828571428571428,1.0,0.8743665297848553,2,1750,875,30600,per_session_robust_mad_cf,7.3543174266815186,7,within,shaft_car,multi_stft,2.0,256.0,0.5,1.0
1,1,delta_volume,0,-0.0,1.0,1.0,0.7565714285714286,1.0,0.8253659759882135,2,1750,875,30600,per_session_robust_mad_cf,8.079209327697754,7,within,shaft_car,multi_stft,2.0,256.0,0.5,1.0
1,1,delta_volume,1,-0.0,1.0,1.0,0.7451428571428571,1.0,0.8333072108502345,2,1750,875,30600,per_session_robust_mad_cf,7.731350898742676,7,within,shaft_car,multi_stft,2.0,256.0,0.5,1.0
1,1,pitch,0,-0.0,1.0,1.0,0.5394285714285715,1.0,0.5436193222782986,2,1750,875,30600,per_session_robust_mad_cf,7.815180063247681,7,within,shaft_car,multi_stft,2.0,256.0,0.5,1.0
1,1,pitch,1,-0.0,1.0,1.0,0.536,1.0,0.5498155752693228,2,1750,875,30600,per_session_robust_mad_cf,7.39146089553833,7,within,shaft_car,multi_stft,2.0,256.0,0.5,1.0
1,1,word_index,0,-0.0,1.0,1.0,0.7319587628865979,1.0,0.79987246253587,2,1163,582,30600,per_session_robust_mad_cf,4.758081674575806,7,within,shaft_car,multi_stft,2.0,256.0,0.5,1.0
1,1,word_index,1,-0.0,1.0,1.0,0.7285223367697594,1.0,0.8067098876961774,2,1163,582,30600,per_session_robust_mad_cf,5.904972553253174,7,within,shaft_car,multi_stft,2.0,256.0,0.5,1.0
1,1,word_gap,0,-0.0,1.0,1.0,0.5862857142857143,1.0,0.6191080739370761,2,1750,875,30600,per_session_robust_mad_cf,7.7883923053741455,7,within,shaft_car,multi_stft,2.0,256.0,0.5,1.0
1,1,word_gap,1,-0.0,1.0,1.0,0.5565714285714286,1.0,0.5981682914851154,2,1750,875,30600,per_session_robust_mad_cf,7.088888645172119,7,within,shaft_car,multi_stft,2.0,256.0,0.5,1.0
1,1,gpt2_surprisal,0,-0.0,1.0,1.0,0.552,1.0,0.5869042767729329,2,1750,875,30600,per_session_robust_mad_cf,8.197201013565063,7,within,shaft_car,multi_stft,2.0,256.0,0.5,1.0
1,1,gpt2_surprisal,1,-0.0,1.0,1.0,0.6034285714285714,1.0,0.639436590284526,2,1750,875,30600,per_session_robust_mad_cf,7.146728754043579,7,within,shaft_car,multi_stft,2.0,256.0,0.5,1.0
1,1,word_head_pos,0,-0.0,1.0,1.0,0.5942857142857143,1.0,0.6277807383258622,2,1750,875,30600,per_session_robust_mad_cf,8.66796088218689,7,within,shaft_car,multi_stft,2.0,256.0,0.5,1.0
1,1,word_head_pos,1,-0.0,1.0,1.0,0.5977142857142858,1.0,0.6312707020678556,2,1750,875,30600,per_session_robust_mad_cf,8.12105917930603,7,within,shaft_car,multi_stft,2.0,256.0,0.5,1.0
1,1,word_part_speech,0,-0.0,1.0,1.0,0.5877403846153846,1.0,0.6076949080066567,2,1664,832,30600,per_session_robust_mad_cf,7.335849046707153,7,within,shaft_car,multi_stft,2.0,256.0,0.5,1.0
1,1,word_part_speech,1,-0.0,1.0,1.0,0.5697115384615384,1.0,0.5971015162721893,2,1664,832,30600,per_session_robust_mad_cf,7.813308000564575,7,within,shaft_car,multi_stft,2.0,256.0,0.5,1.0
1,1,word_length,0,-0.0,1.0,1.0,0.5622857142857143,1.0,0.5706508677888886,2,1750,875,30600,per_session_robust_mad_cf,8.456456661224365,7,within,shaft_car,multi_stft,2.0,256.0,0.5,1.0
1,1,word_length,1,-0.0,1.0,1.0,0.5771428571428572,1.0,0.6112765535040698,2,1750,875,30600,per_session_robust_mad_cf,7.245389223098755,7,within,shaft_car,multi_stft,2.0,256.0,0.5,1.0
1,1,global_flow,0,-0.0,1.0,1.0,0.6377142857142857,1.0,0.6772514968182815,2,1750,875,30600,per_session_robust_mad_cf,7.856342315673828,7,within,shaft_car,multi_stft,2.0,256.0,0.5,1.0
1,1,global_flow,1,-0.0,1.0,1.0,0.6034285714285714,1.0,0.6351107070833725,2,1750,875,30600,per_session_robust_mad_cf,6.715258836746216,7,within,shaft_car,multi_stft,2.0,256.0,0.5,1.0
1,1,local_flow,0,-0.0,1.0,1.0,0.6057142857142858,1.0,0.6462388848834415,2,1750,875,30600,per_session_robust_mad_cf,7.415468454360962,7,within,shaft_car,multi_stft,2.0,256.0,0.5,1.0
1,1,local_flow,1,-0.0,1.0,1.0,0.5794285714285714,1.0,0.5966688609552468,2,1750,875,30600,per_session_robust_mad_cf,7.016999006271362,7,within,shaft_car,multi_stft,2.0,256.0,0.5,1.0
1,1,frame_brightness,0,-0.0,1.0,1.0,0.512,1.0,0.5337397991703499,2,1750,875,30600,per_session_robust_mad_cf,7.85054349899292,7,within,shaft_car,multi_stft,2.0,256.0,0.5,1.0
1,1,frame_brightness,1,-0.0,1.0,1.0,0.5634285714285714,1.0,0.5789107969447144,2,1750,875,30600,per_session_robust_mad_cf,6.633786916732788,7,within,shaft_car,multi_stft,2.0,256.0,0.5,1.0
1,1,face_num,0,-0.0,1.0,1.0,0.5565714285714286,1.0,0.5798707981985936,2,1750,875,30600,per_session_robust_mad_cf,6.468556880950928,7,within,shaft_car,multi_stft,2.0,256.0,0.5,1.0
1,1,face_num,1,-0.0,1.0,1.0,0.5497142857142857,1.0,0.5781036122169629,2,1750,875,30600,per_session_robust_mad_cf,7.694850206375122,7,within,shaft_car,multi_stft,2.0,256.0,0.5,1.0
1,2,onset,0,-0.0,1.0,1.0,0.8765432098765432,1.0,0.9231296101159114,2,1458,729,30600,per_session_robust_mad_cf,5.235167026519775,7,within,shaft_car,multi_stft,2.0,256.0,0.5,1.0
1,2,onset,1,-0.0,1.0,1.0,0.9396433470507544,1.0,0.9780897185006774,2,1458,729,30600,per_session_robust_mad_cf,4.457733392715454,7,within,shaft_car,multi_stft,2.0,256.0,0.5,1.0
1,2,speech,0,-0.0,1.0,1.0,0.8902857142857142,1.0,0.9344900368849464,2,1750,875,30600,per_session_robust_mad_cf,5.169916391372681,7,within,shaft_car,multi_stft,2.0,256.0,0.5,1.0
1,2,speech,1,-0.0,1.0,1.0,0.9291428571428572,1.0,0.9670438753226128,2,1750,875,30600,per_session_robust_mad_cf,5.692440509796143,7,within,shaft_car,multi_stft,2.0,256.0,0.5,1.0
1,2,volume,0,-0.0,1.0,1.0,0.7725714285714286,1.0,0.8573294463078482,2,1750,875,30600,per_session_robust_mad_cf,5.709653615951538,7,within,shaft_car,multi_stft,2.0,256.0,0.5,1.0
1,2,volume,1,-0.0,1.0,1.0,0.7874285714285715,1.0,0.8787185354691075,2,1750,875,30600,per_session_robust_mad_cf,5.835882425308228,7,within,shaft_car,multi_stft,2.0,256.0,0.5,1.0
1,2,delta_volume,0,-0.0,1.0,1.0,0.7291428571428571,1.0,0.79610357042099,2,1750,875,30600,per_session_robust_mad_cf,5.63945460319519,7,within,shaft_car,multi_stft,2.0,256.0,0.5,1.0
1,2,delta_volume,1,-0.0,1.0,1.0,0.7177142857142857,1.0,0.8055964807790769,2,1750,875,30600,per_session_robust_mad_cf,6.202581405639648,7,within,shaft_car,multi_stft,2.0,256.0,0.5,1.0
1,2,pitch,0,-0.0,1.0,1.0,0.5897142857142857,1.0,0.6333709497089955,2,1750,875,30600,per_session_robust_mad_cf,6.908188104629517,7,within,shaft_car,multi_stft,2.0,256.0,0.5,1.0
1,2,pitch,1,-0.0,1.0,1.0,0.5897142857142857,1.0,0.6356227077521082,2,1750,875,30600,per_session_robust_mad_cf,5.231462001800537,7,within,shaft_car,multi_stft,2.0,256.0,0.5,1.0
1,2,word_index,0,-0.0,1.0,1.0,0.6215686274509804,1.0,0.6580084582852748,2,1020,510,30600,per_session_robust_mad_cf,3.45490837097168,7,within,shaft_car,multi_stft,2.0,256.0,0.5,1.0
1,2,word_index,1,-0.0,1.0,1.0,0.5941176470588235,1.0,0.6409227220299885,2,1020,510,30600,per_session_robust_mad_cf,2.9414048194885254,7,within,shaft_car,multi_stft,2.0,256.0,0.5,1.0
1,2,word_gap,0,-0.0,1.0,1.0,0.5392609699769053,1.0,0.566449231688259,2,1732,866,30600,per_session_robust_mad_cf,5.832562208175659,7,within,shaft_car,multi_stft,2.0,256.0,0.5,1.0
1,2,word_gap,1,-0.0,1.0,1.0,0.5392609699769053,1.0,0.562288987620607,2,1732,866,30600,per_session_robust_mad_cf,5.549947500228882,7,within,shaft_car,multi_stft,2.0,256.0,0.5,1.0
1,2,gpt2_surprisal,0,-0.0,1.0,1.0,0.6125714285714285,1.0,0.6307900483788387,2,1750,875,30600,per_session_robust_mad_cf,6.460632085800171,7,within,shaft_car,multi_stft,2.0,256.0,0.5,1.0
1,2,gpt2_surprisal,1,-0.0,1.0,1.0,0.5828571428571429,1.0,0.6075567119108074,2,1750,875,30600,per_session_robust_mad_cf,5.640104055404663,7,within,shaft_car,multi_stft,2.0,256.0,0.5,1.0
1,2,word_head_pos,0,-0.0,1.0,1.0,0.552,1.0,0.5834822314869963,2,1750,875,30600,per_session_robust_mad_cf,6.326919555664063,7,within,shaft_car,multi_stft,2.0,256.0,0.5,1.0
1,2,word_head_pos,1,-0.0,1.0,1.0,0.5782857142857143,1.0,0.5991557213462483,2,1750,875,30600,per_session_robust_mad_cf,5.123163223266602,7,within,shaft_car,multi_stft,2.0,256.0,0.5,1.0
1,2,word_part_speech,0,-0.0,1.0,1.0,0.6021505376344086,1.0,0.6275388291517323,2,1115,558,30600,per_session_robust_mad_cf,4.9087536334991455,7,within,shaft_car,multi_stft,2.0,256.0,0.5,1.0
1,2,word_part_speech,1,-0.0,1.0,1.0,0.5860215053763441,1.0,0.6386094731568197,2,1115,558,30600,per_session_robust_mad_cf,4.488276481628418,7,within,shaft_car,multi_stft,2.0,256.0,0.5,1.0
1,2,word_length,0,-0.0,1.0,1.0,0.5931428571428572,1.0,0.626129797394021,2,1750,875,30600,per_session_robust_mad_cf,6.7671003341674805,7,within,shaft_car,multi_stft,2.0,256.0,0.5,1.0
1,2,word_length,1,-0.0,1.0,1.0,0.5782857142857143,1.0,0.6301369863013699,2,1750,875,30600,per_session_robust_mad_cf,5.672638416290283,7,within,shaft_car,multi_stft,2.0,256.0,0.5,1.0
1,2,global_flow,0,-0.0,1.0,1.0,0.6114285714285714,1.0,0.6714901831708515,2,1750,875,30600,per_session_robust_mad_cf,6.029857397079468,7,within,shaft_car,multi_stft,2.0,256.0,0.5,1.0
1,2,global_flow,1,-0.0,1.0,1.0,0.68,1.0,0.7381691274045745,2,1750,875,30600,per_session_robust_mad_cf,5.498327732086182,7,within,shaft_car,multi_stft,2.0,256.0,0.5,1.0
1,2,local_flow,0,-0.0,1.0,1.0,0.6491428571428571,1.0,0.6967545426998109,2,1750,875,30600,per_session_robust_mad_cf,6.651915550231934,7,within,shaft_car,multi_stft,2.0,256.0,0.5,1.0
1,2,local_flow,1,-0.0,1.0,1.0,0.656,1.0,0.6997377302696886,2,1750,875,30600,per_session_robust_mad_cf,5.602049350738525,7,within,shaft_car,multi_stft,2.0,256.0,0.5,1.0
1,2,frame_brightness,0,-0.0,1.0,1.0,0.4514285714285714,1.0,0.4315538697846461,2,1750,875,30600,per_session_robust_mad_cf,6.05225944519043,7,within,shaft_car,multi_stft,2.0,256.0,0.5,1.0
1,2,frame_brightness,1,-0.0,1.0,1.0,0.4868571428571429,1.0,0.4721482085201091,2,1750,875,30600,per_session_robust_mad_cf,5.032392978668213,7,within,shaft_car,multi_stft,2.0,256.0,0.5,1.0
1,2,face_num,0,-0.0,1.0,1.0,0.4948571428571429,1.0,0.5099787885437239,2,1750,875,30600,per_session_robust_mad_cf,6.742307662963867,7,within,shaft_car,multi_stft,2.0,256.0,0.5,1.0
1,2,face_num,1,-0.0,1.0,1.0,0.5348571428571428,1.0,0.5301662434824405,2,1750,875,30600,per_session_robust_mad_cf,5.205134630203247,7,within,shaft_car,multi_stft,2.0,256.0,0.5,1.0
2,0,onset,0,-0.0,1.0,1.0,0.8799392097264438,1.0,0.9506102123964116,2,1315,658,30345,per_session_robust_mad_cf,6.849864959716797,7,within,shaft_car,multi_stft,2.0,256.0,0.5,1.0
2,0,onset,1,-0.0,1.0,1.0,0.9164133738601824,1.0,0.9618259254811024,2,1315,658,30345,per_session_robust_mad_cf,4.660701990127564,7,within,shaft_car,multi_stft,2.0,256.0,0.5,1.0
2,0,speech,0,-0.0,1.0,1.0,0.8948571428571429,1.0,0.9484707898393988,2,1750,875,30345,per_session_robust_mad_cf,12.055238962173462,7,within,shaft_car,multi_stft,2.0,256.0,0.5,1.0
2,0,speech,1,-0.0,1.0,1.0,0.92,1.0,0.9706696759767196,2,1750,875,30345,per_session_robust_mad_cf,7.595938444137573,7,within,shaft_car,multi_stft,2.0,256.0,0.5,1.0
2,0,volume,0,-0.0,1.0,1.0,0.8045714285714286,1.0,0.8942823108993448,2,1750,875,30345,per_session_robust_mad_cf,10.277676820755005,7,within,shaft_car,multi_stft,2.0,256.0,0.5,1.0
2,0,volume,1,-0.0,1.0,1.0,0.7565714285714286,1.0,0.838766809817874,2,1750,875,30345,per_session_robust_mad_cf,9.516104459762571,7,within,shaft_car,multi_stft,2.0,256.0,0.5,1.0
2,0,delta_volume,0,-0.0,1.0,1.0,0.7462857142857143,1.0,0.8050792556137216,2,1750,875,30345,per_session_robust_mad_cf,13.320111751556396,7,within,shaft_car,multi_stft,2.0,256.0,0.5,1.0
2,0,delta_volume,1,-0.0,1.0,1.0,0.7405714285714285,1.0,0.820308663260295,2,1750,875,30345,per_session_robust_mad_cf,14.23442769050598,7,within,shaft_car,multi_stft,2.0,256.0,0.5,1.0
2,0,pitch,0,-0.0,1.0,1.0,0.6125714285714285,1.0,0.6611195573806463,2,1750,875,30345,per_session_robust_mad_cf,12.540112018585203,7,within,shaft_car,multi_stft,2.0,256.0,0.5,1.0
2,0,pitch,1,-0.0,1.0,1.0,0.6205714285714286,1.0,0.6736831656269919,2,1750,875,30345,per_session_robust_mad_cf,13.082646131515505,7,within,shaft_car,multi_stft,2.0,256.0,0.5,1.0
2,0,word_index,0,-0.0,1.0,1.0,0.700836820083682,1.0,0.7688415819050787,2,955,478,30345,per_session_robust_mad_cf,6.312872886657715,7,within,shaft_car,multi_stft,2.0,256.0,0.5,1.0
2,0,word_index,1,-0.0,1.0,1.0,0.7112970711297071,1.0,0.7820591376201396,2,955,478,30345,per_session_robust_mad_cf,6.406499862670898,7,within,shaft_car,multi_stft,2.0,256.0,0.5,1.0
2,0,word_gap,0,-0.0,1.0,1.0,0.6471408647140865,1.0,0.6933987955369508,2,1433,717,30345,per_session_robust_mad_cf,13.396686792373655,7,within,shaft_car,multi_stft,2.0,256.0,0.5,1.0
2,0,word_gap,1,-0.0,1.0,1.0,0.6387726638772664,1.0,0.6885980610323524,2,1433,717,30345,per_session_robust_mad_cf,10.105260610580444,7,within,shaft_car,multi_stft,2.0,256.0,0.5,1.0
2,0,gpt2_surprisal,0,-0.0,1.0,1.0,0.5748571428571428,1.0,0.6264955121574036,2,1750,875,30345,per_session_robust_mad_cf,15.458953619003296,7,within,shaft_car,multi_stft,2.0,256.0,0.5,1.0
2,0,gpt2_surprisal,1,-0.0,1.0,1.0,0.5611428571428572,1.0,0.5873274609991327,2,1750,875,30345,per_session_robust_mad_cf,16.622435569763184,7,within,shaft_car,multi_stft,2.0,256.0,0.5,1.0
2,0,word_head_pos,0,-0.0,1.0,1.0,0.5702857142857143,1.0,0.6086904276772933,2,1750,875,30345,per_session_robust_mad_cf,14.766708612442017,7,within,shaft_car,multi_stft,2.0,256.0,0.5,1.0
2,0,word_head_pos,1,-0.0,1.0,1.0,0.5714285714285714,1.0,0.597254004576659,2,1750,875,30345,per_session_robust_mad_cf,15.609800815582275,7,within,shaft_car,multi_stft,2.0,256.0,0.5,1.0
2,0,word_part_speech,0,-0.0,1.0,1.0,0.5411764705882353,1.0,0.5557843918859067,2,850,425,30345,per_session_robust_mad_cf,8.21821141242981,7,within,shaft_car,multi_stft,2.0,256.0,0.5,1.0
2,0,word_part_speech,1,-0.0,1.0,1.0,0.548235294117647,1.0,0.5483878111435911,2,850,425,30345,per_session_robust_mad_cf,8.81527829170227,7,within,shaft_car,multi_stft,2.0,256.0,0.5,1.0
2,0,word_length,0,-0.0,1.0,1.0,0.6251428571428571,1.0,0.6513432180809379,2,1750,875,30345,per_session_robust_mad_cf,15.16407060623169,7,within,shaft_car,multi_stft,2.0,256.0,0.5,1.0
2,0,word_length,1,-0.0,1.0,1.0,0.6594285714285715,1.0,0.7164117112316228,2,1750,875,30345,per_session_robust_mad_cf,14.781076908111572,7,within,shaft_car,multi_stft,2.0,256.0,0.5,1.0
2,0,global_flow,0,-0.0,1.0,1.0,0.5954285714285714,1.0,0.6150355788219806,2,1750,875,30345,per_session_robust_mad_cf,14.32043170928955,7,within,shaft_car,multi_stft,2.0,256.0,0.5,1.0
2,0,global_flow,1,-0.0,1.0,1.0,0.6205714285714286,1.0,0.661609353938748,2,1750,875,30345,per_session_robust_mad_cf,15.906257152557371,7,within,shaft_car,multi_stft,2.0,256.0,0.5,1.0
2,0,local_flow,0,-0.0,1.0,1.0,0.5497142857142857,1.0,0.5621297138020751,2,1750,875,30345,per_session_robust_mad_cf,8.201759099960327,7,within,shaft_car,multi_stft,2.0,256.0,0.5,1.0
2,0,local_flow,1,-0.0,1.0,1.0,0.6228571428571429,1.0,0.6523358724386905,2,1750,875,30345,per_session_robust_mad_cf,8.395904779434204,7,within,shaft_car,multi_stft,2.0,256.0,0.5,1.0
2,0,frame_brightness,0,-0.0,1.0,1.0,0.5645714285714286,1.0,0.5739658108941204,2,1750,875,30345,per_session_robust_mad_cf,13.52640962600708,7,within,shaft_car,multi_stft,2.0,256.0,0.5,1.0
2,0,frame_brightness,1,-0.0,1.0,1.0,0.4971428571428571,1.0,0.4966850568947681,2,1750,875,30345,per_session_robust_mad_cf,10.228341102600098,7,within,shaft_car,multi_stft,2.0,256.0,0.5,1.0
2,0,face_num,0,-0.0,1.0,1.0,0.5394285714285715,1.0,0.5438648736194267,2,1750,875,30345,per_session_robust_mad_cf,12.423495292663574,7,within,shaft_car,multi_stft,2.0,256.0,0.5,1.0
2,0,face_num,1,-0.0,1.0,1.0,0.544,1.0,0.5520542720708859,2,1750,875,30345,per_session_robust_mad_cf,11.666129112243652,7,within,shaft_car,multi_stft,2.0,256.0,0.5,1.0
2,4,onset,0,-0.0,1.0,1.0,0.7727272727272727,1.0,0.8458491807029083,2,1496,748,30345,per_session_robust_mad_cf,2.9178836345672607,7,within,shaft_car,multi_stft,2.0,256.0,0.5,1.0
2,4,onset,1,-0.0,1.0,1.0,0.8475935828877005,1.0,0.8961347908147216,2,1496,748,30345,per_session_robust_mad_cf,4.060181140899658,7,within,shaft_car,multi_stft,2.0,256.0,0.5,1.0
2,4,speech,0,-0.0,1.0,1.0,0.7885714285714286,1.0,0.8587269991536315,2,1750,875,30345,per_session_robust_mad_cf,4.755648374557495,7,within,shaft_car,multi_stft,2.0,256.0,0.5,1.0
2,4,speech,1,-0.0,1.0,1.0,0.8422857142857143,1.0,0.8873063017878228,2,1750,875,30345,per_session_robust_mad_cf,4.884122848510742,7,within,shaft_car,multi_stft,2.0,256.0,0.5,1.0
2,4,volume,0,-0.0,1.0,1.0,0.7348571428571429,1.0,0.8047906021754804,2,1750,875,30345,per_session_robust_mad_cf,4.278895378112793,7,within,shaft_car,multi_stft,2.0,256.0,0.5,1.0
2,4,volume,1,-0.0,1.0,1.0,0.7851428571428571,1.0,0.8639462712767625,2,1750,875,30345,per_session_robust_mad_cf,4.645381689071655,7,within,shaft_car,multi_stft,2.0,256.0,0.5,1.0
2,4,delta_volume,0,-0.0,1.0,1.0,0.7531428571428571,1.0,0.8155543713363217,2,1750,875,30345,per_session_robust_mad_cf,3.39129638671875,7,within,shaft_car,multi_stft,2.0,256.0,0.5,1.0
2,4,delta_volume,1,-0.0,1.0,1.0,0.704,1.0,0.7748555426684638,2,1750,875,30345,per_session_robust_mad_cf,4.347426652908325,7,within,shaft_car,multi_stft,2.0,256.0,0.5,1.0
2,4,pitch,0,-0.0,1.0,1.0,0.568,1.0,0.5850822335767949,2,1750,875,30345,per_session_robust_mad_cf,3.984283447265625,7,within,shaft_car,multi_stft,2.0,256.0,0.5,1.0
2,4,pitch,1,-0.0,1.0,1.0,0.6457142857142857,1.0,0.6836436684325465,2,1750,875,30345,per_session_robust_mad_cf,4.646962642669678,7,within,shaft_car,multi_stft,2.0,256.0,0.5,1.0
2,4,word_index,0,-0.0,1.0,1.0,0.7218045112781954,1.0,0.7875303861156652,2,1064,532,30345,per_session_robust_mad_cf,3.588458776473999,7,within,shaft_car,multi_stft,2.0,256.0,0.5,1.0
2,4,word_index,1,-0.0,1.0,1.0,0.7443609022556391,1.0,0.8120442082650235,2,1064,532,30345,per_session_robust_mad_cf,3.2450644969940186,7,within,shaft_car,multi_stft,2.0,256.0,0.5,1.0
2,4,word_gap,0,-0.0,1.0,1.0,0.5545796737766625,1.0,0.5744071233359782,2,1593,797,30345,per_session_robust_mad_cf,5.293443202972412,7,within,shaft_car,multi_stft,2.0,256.0,0.5,1.0
2,4,word_gap,1,-0.0,1.0,1.0,0.5834378920953576,1.0,0.6306532663316582,2,1593,797,30345,per_session_robust_mad_cf,3.815394639968872,7,within,shaft_car,multi_stft,2.0,256.0,0.5,1.0
2,4,gpt2_surprisal,0,-0.0,1.0,1.0,0.6,1.0,0.6494493380562784,2,1750,875,30345,per_session_robust_mad_cf,5.00507664680481,7,within,shaft_car,multi_stft,2.0,256.0,0.5,1.0
2,4,gpt2_surprisal,1,-0.0,1.0,1.0,0.5954285714285714,1.0,0.6477696623930285,2,1750,875,30345,per_session_robust_mad_cf,4.290261745452881,7,within,shaft_car,multi_stft,2.0,256.0,0.5,1.0
2,4,word_head_pos,0,-0.0,1.0,1.0,0.5782857142857143,1.0,0.5763494874768816,2,1750,875,30345,per_session_robust_mad_cf,5.268084526062012,7,within,shaft_car,multi_stft,2.0,256.0,0.5,1.0
2,4,word_head_pos,1,-0.0,1.0,1.0,0.5885714285714285,1.0,0.6199779526242646,2,1750,875,30345,per_session_robust_mad_cf,4.601891994476318,7,within,shaft_car,multi_stft,2.0,256.0,0.5,1.0
2,4,word_part_speech,0,-0.0,1.0,1.0,0.6335877862595419,1.0,0.6836577122545306,2,1048,524,30345,per_session_robust_mad_cf,4.1963725090026855,7,within,shaft_car,multi_stft,2.0,256.0,0.5,1.0
2,4,word_part_speech,1,-0.0,1.0,1.0,0.6297709923664122,1.0,0.654310646232737,2,1048,524,30345,per_session_robust_mad_cf,2.6608474254608154,7,within,shaft_car,multi_stft,2.0,256.0,0.5,1.0
2,4,word_length,0,-0.0,1.0,1.0,0.6297142857142857,1.0,0.6780495386769485,2,1750,875,30345,per_session_robust_mad_cf,4.279937744140625,7,within,shaft_car,multi_stft,2.0,256.0,0.5,1.0
2,4,word_length,1,-0.0,1.0,1.0,0.6582857142857143,1.0,0.6925449045484466,2,1750,875,30345,per_session_robust_mad_cf,4.223344564437866,7,within,shaft_car,multi_stft,2.0,256.0,0.5,1.0
2,4,global_flow,0,-0.0,1.0,1.0,0.5645714285714286,1.0,0.5751674451166631,2,1750,875,30345,per_session_robust_mad_cf,5.0491943359375,7,within,shaft_car,multi_stft,2.0,256.0,0.5,1.0
2,4,global_flow,1,-0.0,1.0,1.0,0.6377142857142857,1.0,0.6941605801281047,2,1750,875,30345,per_session_robust_mad_cf,4.314547300338745,7,within,shaft_car,multi_stft,2.0,256.0,0.5,1.0
2,4,local_flow,0,-0.0,1.0,1.0,0.5908571428571429,1.0,0.6238153453914714,2,1750,875,30345,per_session_robust_mad_cf,5.052659749984741,7,within,shaft_car,multi_stft,2.0,256.0,0.5,1.0
2,4,local_flow,1,-0.0,1.0,1.0,0.632,1.0,0.6718206325820507,2,1750,875,30345,per_session_robust_mad_cf,4.196369171142578,7,within,shaft_car,multi_stft,2.0,256.0,0.5,1.0
2,4,frame_brightness,0,-0.0,1.0,1.0,0.4011428571428571,1.0,0.4031273836765828,2,1750,875,30345,per_session_robust_mad_cf,5.354040861129761,7,within,shaft_car,multi_stft,2.0,256.0,0.5,1.0
2,4,frame_brightness,1,-0.0,1.0,1.0,0.4811428571428571,1.0,0.4913181927421293,2,1750,875,30345,per_session_robust_mad_cf,3.22534441947937,7,within,shaft_car,multi_stft,2.0,256.0,0.5,1.0
2,4,face_num,0,-0.0,1.0,1.0,0.5062857142857143,1.0,0.5076434385546953,2,1750,875,30345,per_session_robust_mad_cf,4.889397621154785,7,within,shaft_car,multi_stft,2.0,256.0,0.5,1.0
2,4,face_num,1,-0.0,1.0,1.0,0.504,1.0,0.5229799483819733,2,1750,875,30345,per_session_robust_mad_cf,4.467113256454468,7,within,shaft_car,multi_stft,2.0,256.0,0.5,1.0
3,0,onset,0,-0.0,1.0,1.0,0.8674285714285714,1.0,0.9411930660480864,2,1750,875,27795,per_session_robust_mad_cf,8.045616149902344,7,within,shaft_car,multi_stft,2.0,256.0,0.5,1.0
3,0,onset,1,-0.0,1.0,1.0,0.8674285714285714,1.0,0.9100759641808512,2,1750,875,27795,per_session_robust_mad_cf,6.373744249343872,7,within,shaft_car,multi_stft,2.0,256.0,0.5,1.0
3,0,speech,0,-0.0,1.0,1.0,0.8617142857142858,1.0,0.9219303470110656,2,1750,875,27795,per_session_robust_mad_cf,7.388864994049072,7,within,shaft_car,multi_stft,2.0,256.0,0.5,1.0
3,0,speech,1,-0.0,1.0,1.0,0.8651428571428571,1.0,0.882124907265185,2,1750,875,27795,per_session_robust_mad_cf,5.821407318115234,7,within,shaft_car,multi_stft,2.0,256.0,0.5,1.0
3,0,volume,0,-0.0,1.0,1.0,0.7725714285714286,1.0,0.8399919542752056,2,1750,875,27795,per_session_robust_mad_cf,6.622477293014526,7,within,shaft_car,multi_stft,2.0,256.0,0.5,1.0
3,0,volume,1,-0.0,1.0,1.0,0.7611428571428571,1.0,0.8340438648736195,2,1750,875,27795,per_session_robust_mad_cf,7.011855602264404,7,within,shaft_car,multi_stft,2.0,256.0,0.5,1.0
3,0,delta_volume,0,-0.0,1.0,1.0,0.6777142857142857,1.0,0.7540463726319969,2,1750,875,27795,per_session_robust_mad_cf,5.943938970565796,7,within,shaft_car,multi_stft,2.0,256.0,0.5,1.0
3,0,delta_volume,1,-0.0,1.0,1.0,0.6971428571428572,1.0,0.758006541069768,2,1750,875,27795,per_session_robust_mad_cf,6.852936029434204,7,within,shaft_car,multi_stft,2.0,256.0,0.5,1.0
3,0,pitch,0,-0.0,1.0,1.0,0.5291428571428571,1.0,0.5757813234694837,2,1750,875,27795,per_session_robust_mad_cf,7.753834724426269,7,within,shaft_car,multi_stft,2.0,256.0,0.5,1.0
3,0,pitch,1,-0.0,1.0,1.0,0.5554285714285714,1.0,0.5631537151395463,2,1750,875,27795,per_session_robust_mad_cf,6.502711534500122,7,within,shaft_car,multi_stft,2.0,256.0,0.5,1.0
3,0,word_index,0,-0.0,1.0,1.0,0.7513736263736264,1.0,0.8220323632411546,2,1455,728,27795,per_session_robust_mad_cf,6.977370262145996,7,within,shaft_car,multi_stft,2.0,256.0,0.5,1.0
3,0,word_index,1,-0.0,1.0,1.0,0.7513736263736264,1.0,0.8130434126313248,2,1455,728,27795,per_session_robust_mad_cf,7.164883613586426,7,within,shaft_car,multi_stft,2.0,256.0,0.5,1.0
3,0,word_gap,0,-0.0,1.0,1.0,0.6514285714285715,1.0,0.6924704554716152,2,1750,875,27795,per_session_robust_mad_cf,7.974414587020874,7,within,shaft_car,multi_stft,2.0,256.0,0.5,1.0
3,0,word_gap,1,-0.0,1.0,1.0,0.6285714285714286,1.0,0.6790069276825179,2,1750,875,27795,per_session_robust_mad_cf,7.240790367126465,7,within,shaft_car,multi_stft,2.0,256.0,0.5,1.0
3,0,gpt2_surprisal,0,-0.0,1.0,1.0,0.6137142857142858,1.0,0.650737176473047,2,1750,875,27795,per_session_robust_mad_cf,8.151585102081299,7,within,shaft_car,multi_stft,2.0,256.0,0.5,1.0
3,0,gpt2_surprisal,1,-0.0,1.0,1.0,0.6342857142857142,1.0,0.6647074804342601,2,1750,875,27795,per_session_robust_mad_cf,7.34177827835083,7,within,shaft_car,multi_stft,2.0,256.0,0.5,1.0
3,0,word_head_pos,0,-0.0,1.0,1.0,0.576,1.0,0.6067730374178448,2,1750,875,27795,per_session_robust_mad_cf,8.171646356582642,7,within,shaft_car,multi_stft,2.0,256.0,0.5,1.0
3,0,word_head_pos,1,-0.0,1.0,1.0,0.5748571428571428,1.0,0.6017784186493631,2,1750,875,27795,per_session_robust_mad_cf,7.1727399826049805,7,within,shaft_car,multi_stft,2.0,256.0,0.5,1.0
3,0,word_part_speech,0,-0.0,1.0,1.0,0.645326504481434,1.0,0.6811331890615778,2,1562,781,27795,per_session_robust_mad_cf,7.476616382598877,7,within,shaft_car,multi_stft,2.0,256.0,0.5,1.0
3,0,word_part_speech,1,-0.0,1.0,1.0,0.618437900128041,1.0,0.6714997704767525,2,1562,781,27795,per_session_robust_mad_cf,5.949725389480591,7,within,shaft_car,multi_stft,2.0,256.0,0.5,1.0
3,0,word_length,0,-0.0,1.0,1.0,0.5942857142857143,1.0,0.6346143799044962,2,1750,875,27795,per_session_robust_mad_cf,7.806344270706177,7,within,shaft_car,multi_stft,2.0,256.0,0.5,1.0
3,0,word_length,1,-0.0,1.0,1.0,0.6148571428571429,1.0,0.6432504728169441,2,1750,875,27795,per_session_robust_mad_cf,6.944741487503052,7,within,shaft_car,multi_stft,2.0,256.0,0.5,1.0
3,0,global_flow,0,-0.0,1.0,1.0,0.6514285714285715,1.0,0.7144969332204842,2,1750,875,27795,per_session_robust_mad_cf,7.689067125320435,7,within,shaft_car,multi_stft,2.0,256.0,0.5,1.0
3,0,global_flow,1,-0.0,1.0,1.0,0.6525714285714286,1.0,0.7084992111010104,2,1750,875,27795,per_session_robust_mad_cf,7.084651947021484,7,within,shaft_car,multi_stft,2.0,256.0,0.5,1.0
3,0,local_flow,0,-0.0,1.0,1.0,0.6228571428571429,1.0,0.6627848656781918,2,1750,875,27795,per_session_robust_mad_cf,8.671423435211182,7,within,shaft_car,multi_stft,2.0,256.0,0.5,1.0
3,0,local_flow,1,-0.0,1.0,1.0,0.5954285714285714,1.0,0.618899094072286,2,1750,875,27795,per_session_robust_mad_cf,7.165174245834351,7,within,shaft_car,multi_stft,2.0,256.0,0.5,1.0
3,0,frame_brightness,0,-0.0,1.0,1.0,0.5691428571428572,1.0,0.6053545865855825,2,1750,875,27795,per_session_robust_mad_cf,7.7995991706848145,7,within,shaft_car,multi_stft,2.0,256.0,0.5,1.0
3,0,frame_brightness,1,-0.0,1.0,1.0,0.4765714285714286,1.0,0.4742484561612489,2,1750,875,27795,per_session_robust_mad_cf,6.862874984741211,7,within,shaft_car,multi_stft,2.0,256.0,0.5,1.0
3,0,face_num,0,-0.0,1.0,1.0,0.496,1.0,0.4931559094281266,2,1750,875,27795,per_session_robust_mad_cf,8.875064134597778,7,within,shaft_car,multi_stft,2.0,256.0,0.5,1.0
3,0,face_num,1,-0.0,1.0,1.0,0.5325714285714286,1.0,0.5263745650606564,2,1750,875,27795,per_session_robust_mad_cf,6.38453221321106,7,within,shaft_car,multi_stft,2.0,256.0,0.5,1.0
3,1,onset,0,-0.0,1.0,1.0,0.8538324420677362,1.0,0.9319395017793596,2,1122,561,27795,per_session_robust_mad_cf,4.042358160018921,7,within,shaft_car,multi_stft,2.0,256.0,0.5,1.0
3,1,onset,1,-0.0,1.0,1.0,0.8966131907308378,1.0,0.9586171835282156,2,1122,561,27795,per_session_robust_mad_cf,4.273074388504028,7,within,shaft_car,multi_stft,2.0,256.0,0.5,1.0
3,1,speech,0,-0.0,1.0,1.0,0.7794285714285715,1.0,0.8680357460058723,2,1750,875,27795,per_session_robust_mad_cf,4.986547946929932,7,within,shaft_car,multi_stft,2.0,256.0,0.5,1.0
3,1,speech,1,-0.0,1.0,1.0,0.8948571428571429,1.0,0.9427016394470392,2,1750,875,27795,per_session_robust_mad_cf,3.792884111404419,7,within,shaft_car,multi_stft,2.0,256.0,0.5,1.0
3,1,volume,0,-0.0,1.0,1.0,0.7794285714285715,1.0,0.8670705202553735,2,1750,875,27795,per_session_robust_mad_cf,5.223465442657471,7,within,shaft_car,multi_stft,2.0,256.0,0.5,1.0
3,1,volume,1,-0.0,1.0,1.0,0.7885714285714286,1.0,0.8741627744166849,2,1750,875,27795,per_session_robust_mad_cf,5.243669033050537,7,within,shaft_car,multi_stft,2.0,256.0,0.5,1.0
3,1,delta_volume,0,-0.0,1.0,1.0,0.7725714285714286,1.0,0.8460915540787646,2,1750,875,27795,per_session_robust_mad_cf,4.3232386112213135,7,within,shaft_car,multi_stft,2.0,256.0,0.5,1.0
3,1,delta_volume,1,-0.0,1.0,1.0,0.7668571428571429,1.0,0.8412144864842273,2,1750,875,27795,per_session_robust_mad_cf,4.258715867996216,7,within,shaft_car,multi_stft,2.0,256.0,0.5,1.0
3,1,pitch,0,-0.0,1.0,1.0,0.5417142857142857,1.0,0.5717140528510077,2,1750,875,27795,per_session_robust_mad_cf,6.032528162002564,7,within,shaft_car,multi_stft,2.0,256.0,0.5,1.0
3,1,pitch,1,-0.0,1.0,1.0,0.5668571428571428,1.0,0.5927452639938142,2,1750,875,27795,per_session_robust_mad_cf,4.765890598297119,7,within,shaft_car,multi_stft,2.0,256.0,0.5,1.0
3,1,word_index,0,-0.0,1.0,1.0,0.7947494033412887,1.0,0.8686261107313737,2,838,419,27795,per_session_robust_mad_cf,3.439927816390991,7,within,shaft_car,multi_stft,2.0,256.0,0.5,1.0
3,1,word_index,1,-0.0,1.0,1.0,0.7517899761336515,1.0,0.8462519936204147,2,838,419,27795,per_session_robust_mad_cf,1.9992752075195312,7,within,shaft_car,multi_stft,2.0,256.0,0.5,1.0
3,1,word_gap,0,-0.0,1.0,1.0,0.5785536159600998,1.0,0.6125179569778796,2,1603,802,27795,per_session_robust_mad_cf,4.144654989242554,7,within,shaft_car,multi_stft,2.0,256.0,0.5,1.0
3,1,word_gap,1,-0.0,1.0,1.0,0.6159600997506235,1.0,0.6628006044738528,2,1603,802,27795,per_session_robust_mad_cf,5.38482403755188,7,within,shaft_car,multi_stft,2.0,256.0,0.5,1.0
3,1,gpt2_surprisal,0,-0.0,1.0,1.0,0.632,1.0,0.6724292864382517,2,1750,875,27795,per_session_robust_mad_cf,4.245539903640747,7,within,shaft_car,multi_stft,2.0,256.0,0.5,1.0
3,1,gpt2_surprisal,1,-0.0,1.0,1.0,0.6411428571428571,1.0,0.6826875855511323,2,1750,875,27795,per_session_robust_mad_cf,3.215925455093384,7,within,shaft_car,multi_stft,2.0,256.0,0.5,1.0
3,1,word_head_pos,0,-0.0,1.0,1.0,0.5817142857142857,1.0,0.6299384554298194,2,1750,875,27795,per_session_robust_mad_cf,5.696494817733765,7,within,shaft_car,multi_stft,2.0,256.0,0.5,1.0
3,1,word_head_pos,1,-0.0,1.0,1.0,0.5965714285714285,1.0,0.6305288235478512,2,1750,875,27795,per_session_robust_mad_cf,3.7904534339904794,7,within,shaft_car,multi_stft,2.0,256.0,0.5,1.0
3,1,word_part_speech,0,-0.0,1.0,1.0,0.6095764272559853,1.0,0.6426429889298892,2,1086,543,27795,per_session_robust_mad_cf,3.7954280376434326,7,within,shaft_car,multi_stft,2.0,256.0,0.5,1.0
3,1,word_part_speech,1,-0.0,1.0,1.0,0.6169429097605893,1.0,0.6699587584111136,2,1086,543,27795,per_session_robust_mad_cf,2.882462501525879,7,within,shaft_car,multi_stft,2.0,256.0,0.5,1.0
3,1,word_length,0,-0.0,1.0,1.0,0.5817142857142857,1.0,0.6457987210432276,2,1750,875,27795,per_session_robust_mad_cf,3.41163969039917,7,within,shaft_car,multi_stft,2.0,256.0,0.5,1.0
3,1,word_length,1,-0.0,1.0,1.0,0.6228571428571429,1.0,0.6785889679529378,2,1750,875,27795,per_session_robust_mad_cf,4.360378742218018,7,within,shaft_car,multi_stft,2.0,256.0,0.5,1.0
3,1,global_flow,0,-0.0,1.0,1.0,0.5908571428571429,1.0,0.651949259688829,2,1750,875,27795,per_session_robust_mad_cf,4.2857325077056885,7,within,shaft_car,multi_stft,2.0,256.0,0.5,1.0
3,1,global_flow,1,-0.0,1.0,1.0,0.6057142857142858,1.0,0.6533337512930628,2,1750,875,27795,per_session_robust_mad_cf,4.006517648696899,7,within,shaft_car,multi_stft,2.0,256.0,0.5,1.0
3,1,local_flow,0,-0.0,1.0,1.0,0.7508571428571429,1.0,0.8075765649979625,2,1750,875,27795,per_session_robust_mad_cf,4.673480987548828,7,within,shaft_car,multi_stft,2.0,256.0,0.5,1.0
3,1,local_flow,1,-0.0,1.0,1.0,0.7154285714285714,1.0,0.7738524393174717,2,1750,875,27795,per_session_robust_mad_cf,3.489621877670288,7,within,shaft_car,multi_stft,2.0,256.0,0.5,1.0
3,1,frame_brightness,0,-0.0,1.0,1.0,0.4982857142857143,1.0,0.5230230504790864,2,1750,875,27795,per_session_robust_mad_cf,5.086455583572388,7,within,shaft_car,multi_stft,2.0,256.0,0.5,1.0
3,1,frame_brightness,1,-0.0,1.0,1.0,0.4765714285714286,1.0,0.4785560536242332,2,1750,875,27795,per_session_robust_mad_cf,3.902127504348755,7,within,shaft_car,multi_stft,2.0,256.0,0.5,1.0
3,1,face_num,0,-0.0,1.0,1.0,0.5051428571428571,1.0,0.52640460591622,2,1750,875,27795,per_session_robust_mad_cf,5.027159214019775,7,within,shaft_car,multi_stft,2.0,256.0,0.5,1.0
3,1,face_num,1,-0.0,1.0,1.0,0.4925714285714285,1.0,0.5028525751543838,2,1750,875,27795,per_session_robust_mad_cf,4.202289819717407,7,within,shaft_car,multi_stft,2.0,256.0,0.5,1.0
4,0,onset,0,-0.0,1.0,1.0,0.8276515151515151,1.0,0.8880280073461891,2,1056,528,30600,per_session_robust_mad_cf,4.387701749801636,7,within,shaft_car,multi_stft,2.0,256.0,0.5,1.0
4,0,onset,1,-0.0,1.0,1.0,0.8371212121212122,1.0,0.9051738980716254,2,1056,528,30600,per_session_robust_mad_cf,2.572195053100586,7,within,shaft_car,multi_stft,2.0,256.0,0.5,1.0
4,0,speech,0,-0.0,1.0,1.0,0.736,1.0,0.7847141677899334,2,1750,875,30600,per_session_robust_mad_cf,5.1965012550354,7,within,shaft_car,multi_stft,2.0,256.0,0.5,1.0
4,0,speech,1,-0.0,1.0,1.0,0.8068571428571428,1.0,0.8653882323438137,2,1750,875,30600,per_session_robust_mad_cf,4.5829243659973145,7,within,shaft_car,multi_stft,2.0,256.0,0.5,1.0
4,0,volume,0,-0.0,1.0,1.0,0.6083333333333333,1.0,0.6715532879818594,2,1679,840,30600,per_session_robust_mad_cf,4.783381938934326,7,within,shaft_car,multi_stft,2.0,256.0,0.5,1.0
4,0,volume,1,-0.0,1.0,1.0,0.5785714285714286,1.0,0.5991666666666667,2,1679,840,30600,per_session_robust_mad_cf,3.787951946258545,7,within,shaft_car,multi_stft,2.0,256.0,0.5,1.0
4,0,delta_volume,0,-0.0,1.0,1.0,0.6952380952380952,1.0,0.7665773809523809,2,1679,840,30600,per_session_robust_mad_cf,5.4287025928497314,7,within,shaft_car,multi_stft,2.0,256.0,0.5,1.0
4,0,delta_volume,1,-0.0,1.0,1.0,0.7238095238095238,1.0,0.7842389455782313,2,1679,840,30600,per_session_robust_mad_cf,3.321235418319702,7,within,shaft_car,multi_stft,2.0,256.0,0.5,1.0
4,0,pitch,0,-0.0,1.0,1.0,0.5702380952380952,1.0,0.5890221088435375,2,1679,840,30600,per_session_robust_mad_cf,3.02112340927124,7,within,shaft_car,multi_stft,2.0,256.0,0.5,1.0
4,0,pitch,1,-0.0,1.0,1.0,0.5119047619047619,1.0,0.5334580498866213,2,1679,840,30600,per_session_robust_mad_cf,4.7089011669158936,7,within,shaft_car,multi_stft,2.0,256.0,0.5,1.0
4,0,word_index,0,-0.0,1.0,1.0,0.6666666666666666,1.0,0.7311945354273397,2,755,378,30600,per_session_robust_mad_cf,3.2281606197357178,7,within,shaft_car,multi_stft,2.0,256.0,0.5,1.0
4,0,word_index,1,-0.0,1.0,1.0,0.6931216931216931,1.0,0.7476274460401444,2,755,378,30600,per_session_robust_mad_cf,3.4023799896240234,7,within,shaft_car,multi_stft,2.0,256.0,0.5,1.0
4,0,word_gap,0,-0.0,1.0,1.0,0.5811001410437235,1.0,0.635207288931328,2,1417,709,30600,per_session_robust_mad_cf,5.324535846710205,7,within,shaft_car,multi_stft,2.0,256.0,0.5,1.0
4,0,word_gap,1,-0.0,1.0,1.0,0.6036671368124118,1.0,0.6357483886369062,2,1417,709,30600,per_session_robust_mad_cf,4.660458326339722,7,within,shaft_car,multi_stft,2.0,256.0,0.5,1.0
4,0,gpt2_surprisal,0,-0.0,1.0,1.0,0.5214285714285715,1.0,0.548061224489796,2,1679,840,30600,per_session_robust_mad_cf,4.653308629989624,7,within,shaft_car,multi_stft,2.0,256.0,0.5,1.0
4,0,gpt2_surprisal,1,-0.0,1.0,1.0,0.5630952380952381,1.0,0.5797505668934241,2,1679,840,30600,per_session_robust_mad_cf,3.759432792663574,7,within,shaft_car,multi_stft,2.0,256.0,0.5,1.0
4,0,word_head_pos,0,-0.0,1.0,1.0,0.5462857142857143,1.0,0.5591204037490988,2,1750,875,30600,per_session_robust_mad_cf,8.033934354782104,7,within,shaft_car,multi_stft,2.0,256.0,0.5,1.0
4,0,word_head_pos,1,-0.0,1.0,1.0,0.5394285714285715,1.0,0.5730750342204529,2,1750,875,30600,per_session_robust_mad_cf,3.6240410804748535,7,within,shaft_car,multi_stft,2.0,256.0,0.5,1.0
4,0,word_part_speech,0,-0.0,1.0,1.0,0.4917695473251028,1.0,0.5075403478467037,2,971,486,30600,per_session_robust_mad_cf,4.077368497848511,7,within,shaft_car,multi_stft,2.0,256.0,0.5,1.0
4,0,word_part_speech,1,-0.0,1.0,1.0,0.5123456790123457,1.0,0.5077308675845484,2,971,486,30600,per_session_robust_mad_cf,3.7818989753723145,7,within,shaft_car,multi_stft,2.0,256.0,0.5,1.0
4,0,word_length,0,-0.0,1.0,1.0,0.5578069129916567,1.0,0.5839726105239231,2,1678,839,30600,per_session_robust_mad_cf,5.314762115478516,7,within,shaft_car,multi_stft,2.0,256.0,0.5,1.0
4,0,word_length,1,-0.0,1.0,1.0,0.5768772348033373,1.0,0.5930958063416296,2,1678,839,30600,per_session_robust_mad_cf,2.899057388305664,7,within,shaft_car,multi_stft,2.0,256.0,0.5,1.0
4,0,global_flow,0,-0.0,1.0,1.0,0.7226190476190476,1.0,0.789750566893424,2,1679,840,30600,per_session_robust_mad_cf,5.224091053009033,7,within,shaft_car,multi_stft,2.0,256.0,0.5,1.0
4,0,global_flow,1,-0.0,1.0,1.0,0.5904761904761905,1.0,0.627828798185941,2,1679,840,30600,per_session_robust_mad_cf,4.046850919723511,7,within,shaft_car,multi_stft,2.0,256.0,0.5,1.0
4,0,local_flow,0,-0.0,1.0,1.0,0.6333333333333333,1.0,0.6743480725623583,2,1679,840,30600,per_session_robust_mad_cf,3.2328124046325684,7,within,shaft_car,multi_stft,2.0,256.0,0.5,1.0
4,0,local_flow,1,-0.0,1.0,1.0,0.5726190476190476,1.0,0.6084580498866212,2,1679,840,30600,per_session_robust_mad_cf,5.029130458831787,7,within,shaft_car,multi_stft,2.0,256.0,0.5,1.0
4,0,frame_brightness,0,-0.0,1.0,1.0,0.3904761904761905,1.0,0.3495238095238095,2,1679,840,30600,per_session_robust_mad_cf,5.792770147323608,7,within,shaft_car,multi_stft,2.0,256.0,0.5,1.0
4,0,frame_brightness,1,-0.0,1.0,1.0,0.5297619047619048,1.0,0.5292205215419501,2,1679,840,30600,per_session_robust_mad_cf,4.035567283630371,7,within,shaft_car,multi_stft,2.0,256.0,0.5,1.0
4,0,face_num,0,-0.0,1.0,1.0,0.4879773691654879,1.0,0.4919175429330517,2,1413,707,30600,per_session_robust_mad_cf,4.788928031921387,7,within,shaft_car,multi_stft,2.0,256.0,0.5,1.0
4,0,face_num,1,-0.0,1.0,1.0,0.495049504950495,1.0,0.490048974888366,2,1413,707,30600,per_session_robust_mad_cf,4.86082911491394,7,within,shaft_car,multi_stft,2.0,256.0,0.5,1.0
4,1,onset,0,-0.0,1.0,1.0,0.7917241379310345,1.0,0.8451212273412172,2,1449,725,30600,per_session_robust_mad_cf,16.660660982131958,7,within,shaft_car,multi_stft,2.0,256.0,0.5,1.0
4,1,onset,1,-0.0,1.0,1.0,0.7296551724137931,1.0,0.8000414745141013,2,1449,725,30600,per_session_robust_mad_cf,9.088280200958252,7,within,shaft_car,multi_stft,2.0,256.0,0.5,1.0
4,1,speech,0,-0.0,1.0,1.0,0.7828571428571428,1.0,0.8479358013855365,2,1750,875,30600,per_session_robust_mad_cf,6.012383222579956,7,within,shaft_car,multi_stft,2.0,256.0,0.5,1.0
4,1,speech,1,-0.0,1.0,1.0,0.7394285714285714,1.0,0.825880588905259,2,1750,875,30600,per_session_robust_mad_cf,6.194916963577271,7,within,shaft_car,multi_stft,2.0,256.0,0.5,1.0
4,1,volume,0,-0.0,1.0,1.0,0.5897142857142857,1.0,0.6325702956020188,2,1750,875,30600,per_session_robust_mad_cf,9.391499996185305,7,within,shaft_car,multi_stft,2.0,256.0,0.5,1.0
4,1,volume,1,-0.0,1.0,1.0,0.5885714285714285,1.0,0.6318088252196901,2,1750,875,30600,per_session_robust_mad_cf,20.288810968399048,7,within,shaft_car,multi_stft,2.0,256.0,0.5,1.0
4,1,delta_volume,0,-0.0,1.0,1.0,0.6537142857142857,1.0,0.7146379946292176,2,1750,875,30600,per_session_robust_mad_cf,9.268277645111084,7,within,shaft_car,multi_stft,2.0,256.0,0.5,1.0
4,1,delta_volume,1,-0.0,1.0,1.0,0.5531428571428572,1.0,0.5669414751888655,2,1750,875,30600,per_session_robust_mad_cf,12.104076623916626,7,within,shaft_car,multi_stft,2.0,256.0,0.5,1.0
4,1,pitch,0,-0.0,1.0,1.0,0.5611428571428572,1.0,0.5724611558676321,2,1750,875,30600,per_session_robust_mad_cf,10.872275114059448,7,within,shaft_car,multi_stft,2.0,256.0,0.5,1.0
4,1,pitch,1,-0.0,1.0,1.0,0.5565714285714286,1.0,0.5632712663134907,2,1750,875,30600,per_session_robust_mad_cf,10.917515516281128,7,within,shaft_car,multi_stft,2.0,256.0,0.5,1.0
4,1,word_index,0,-0.0,1.0,1.0,0.6403846153846153,1.0,0.6801923076923077,2,1039,520,30600,per_session_robust_mad_cf,6.039662599563599,7,within,shaft_car,multi_stft,2.0,256.0,0.5,1.0
4,1,word_index,1,-0.0,1.0,1.0,0.5846153846153846,1.0,0.5978069526627219,2,1039,520,30600,per_session_robust_mad_cf,8.171025514602661,7,within,shaft_car,multi_stft,2.0,256.0,0.5,1.0
4,1,word_gap,0,-0.0,1.0,1.0,0.5868102288021534,1.0,0.6004731472625569,2,1486,743,30600,per_session_robust_mad_cf,5.982909440994263,7,within,shaft_car,multi_stft,2.0,256.0,0.5,1.0
4,1,word_gap,1,-0.0,1.0,1.0,0.522207267833109,1.0,0.5237660493290439,2,1486,743,30600,per_session_robust_mad_cf,5.141906499862671,7,within,shaft_car,multi_stft,2.0,256.0,0.5,1.0
4,1,gpt2_surprisal,0,-0.0,1.0,1.0,0.5154285714285715,1.0,0.5014994305298685,2,1750,875,30600,per_session_robust_mad_cf,12.764019012451172,7,within,shaft_car,multi_stft,2.0,256.0,0.5,1.0
4,1,gpt2_surprisal,1,-0.0,1.0,1.0,0.536,1.0,0.536986823819525,2,1750,875,30600,per_session_robust_mad_cf,9.512674570083618,7,within,shaft_car,multi_stft,2.0,256.0,0.5,1.0
4,1,word_head_pos,0,-0.0,1.0,1.0,0.5382857142857143,1.0,0.5468598163066989,2,1750,875,30600,per_session_robust_mad_cf,7.715043783187866,7,within,shaft_car,multi_stft,2.0,256.0,0.5,1.0
4,1,word_head_pos,1,-0.0,1.0,1.0,0.512,1.0,0.5183353708870151,2,1750,875,30600,per_session_robust_mad_cf,13.067705869674684,7,within,shaft_car,multi_stft,2.0,256.0,0.5,1.0
4,1,word_part_speech,0,-0.0,1.0,1.0,0.5422535211267606,1.0,0.5535112080936322,2,1135,568,30600,per_session_robust_mad_cf,6.045448064804077,7,within,shaft_car,multi_stft,2.0,256.0,0.5,1.0
4,1,word_part_speech,1,-0.0,1.0,1.0,0.522887323943662,1.0,0.5365998809759969,2,1135,568,30600,per_session_robust_mad_cf,8.475794792175293,7,within,shaft_car,multi_stft,2.0,256.0,0.5,1.0
4,1,word_length,0,-0.0,1.0,1.0,0.5474285714285714,1.0,0.5490736967493182,2,1750,875,30600,per_session_robust_mad_cf,11.99933695793152,7,within,shaft_car,multi_stft,2.0,256.0,0.5,1.0
4,1,word_length,1,-0.0,1.0,1.0,0.5097142857142857,1.0,0.4933270116924234,2,1750,875,30600,per_session_robust_mad_cf,6.728297233581543,7,within,shaft_car,multi_stft,2.0,256.0,0.5,1.0
4,1,global_flow,0,-0.0,1.0,1.0,0.5828571428571429,1.0,0.6201059527914485,2,1750,875,30600,per_session_robust_mad_cf,9.695642709732056,7,within,shaft_car,multi_stft,2.0,256.0,0.5,1.0
4,1,global_flow,1,-0.0,1.0,1.0,0.5634285714285714,1.0,0.5539168051158272,2,1750,875,30600,per_session_robust_mad_cf,10.678070545196531,7,within,shaft_car,multi_stft,2.0,256.0,0.5,1.0
4,1,local_flow,0,-0.0,1.0,1.0,0.5508571428571428,1.0,0.5867292561361712,2,1750,875,30600,per_session_robust_mad_cf,10.616190433502195,7,within,shaft_car,multi_stft,2.0,256.0,0.5,1.0
4,1,local_flow,1,-0.0,1.0,1.0,0.504,1.0,0.5080352758011766,2,1750,875,30600,per_session_robust_mad_cf,14.880270957946776,7,within,shaft_car,multi_stft,2.0,256.0,0.5,1.0
4,1,frame_brightness,0,-0.0,1.0,1.0,0.5897142857142857,1.0,0.6490026435952896,2,1750,875,30600,per_session_robust_mad_cf,7.789476633071899,7,within,shaft_car,multi_stft,2.0,256.0,0.5,1.0
4,1,frame_brightness,1,-0.0,1.0,1.0,0.44,1.0,0.4292263565405473,2,1750,875,30600,per_session_robust_mad_cf,12.140543460845947,7,within,shaft_car,multi_stft,2.0,256.0,0.5,1.0
4,1,face_num,0,-0.0,1.0,1.0,0.5017142857142857,1.0,0.4904156609510673,2,1750,875,30600,per_session_robust_mad_cf,15.855961322784424,7,within,shaft_car,multi_stft,2.0,256.0,0.5,1.0
4,1,face_num,1,-0.0,1.0,1.0,0.5291428571428571,1.0,0.5177005945477153,2,1750,875,30600,per_session_robust_mad_cf,14.603185415267944,7,within,shaft_car,multi_stft,2.0,256.0,0.5,1.0
7,0,onset,0,-0.0,1.0,1.0,0.7462857142857143,1.0,0.8150684931506849,2,1750,875,30345,per_session_robust_mad_cf,6.143510341644287,7,within,shaft_car,multi_stft,2.0,256.0,0.5,1.0
7,0,onset,1,-0.0,1.0,1.0,0.7771428571428571,1.0,0.8592311630774374,2,1750,875,30345,per_session_robust_mad_cf,5.781622409820557,7,within,shaft_car,multi_stft,2.0,256.0,0.5,1.0
7,0,speech,0,-0.0,1.0,1.0,0.6994285714285714,1.0,0.7391513327690877,2,1750,875,30345,per_session_robust_mad_cf,7.082850456237793,7,within,shaft_car,multi_stft,2.0,256.0,0.5,1.0
7,0,speech,1,-0.0,1.0,1.0,0.7611428571428571,1.0,0.8398430561215426,2,1750,875,30345,per_session_robust_mad_cf,5.825014114379883,7,within,shaft_car,multi_stft,2.0,256.0,0.5,1.0
7,0,volume,0,-0.0,1.0,1.0,0.48,1.0,0.498597222657597,2,1750,875,30345,per_session_robust_mad_cf,8.376329183578491,7,within,shaft_car,multi_stft,2.0,256.0,0.5,1.0
7,0,volume,1,-0.0,1.0,1.0,0.5611428571428572,1.0,0.582249250284735,2,1750,875,30345,per_session_robust_mad_cf,6.914836168289185,7,within,shaft_car,multi_stft,2.0,256.0,0.5,1.0
7,0,delta_volume,0,-0.0,1.0,1.0,0.544,1.0,0.5619207339372851,2,1750,875,30345,per_session_robust_mad_cf,7.653688430786133,7,within,shaft_car,multi_stft,2.0,256.0,0.5,1.0
7,0,delta_volume,1,-0.0,1.0,1.0,0.5885714285714285,1.0,0.6052213619217788,2,1750,875,30345,per_session_robust_mad_cf,7.049221992492676,7,within,shaft_car,multi_stft,2.0,256.0,0.5,1.0
7,0,pitch,0,-0.0,1.0,1.0,0.5074285714285715,1.0,0.5329038797111898,2,1750,875,30345,per_session_robust_mad_cf,8.71267318725586,7,within,shaft_car,multi_stft,2.0,256.0,0.5,1.0
7,0,pitch,1,-0.0,1.0,1.0,0.5325714285714286,1.0,0.5483318182293135,2,1750,875,30345,per_session_robust_mad_cf,7.734191179275513,7,within,shaft_car,multi_stft,2.0,256.0,0.5,1.0
7,0,word_index,0,-0.0,1.0,1.0,0.5357142857142857,1.0,0.5462278106508875,2,1455,728,30345,per_session_robust_mad_cf,5.291500806808472,7,within,shaft_car,multi_stft,2.0,256.0,0.5,1.0
7,0,word_index,1,-0.0,1.0,1.0,0.5508241758241759,1.0,0.5855271102523849,2,1455,728,30345,per_session_robust_mad_cf,4.8059587478637695,7,within,shaft_car,multi_stft,2.0,256.0,0.5,1.0
7,0,word_gap,0,-0.0,1.0,1.0,0.5245714285714286,1.0,0.5190459024273011,2,1750,875,30345,per_session_robust_mad_cf,9.949491739273071,7,within,shaft_car,multi_stft,2.0,256.0,0.5,1.0
7,0,word_gap,1,-0.0,1.0,1.0,0.48,1.0,0.4860453695286459,2,1750,875,30345,per_session_robust_mad_cf,9.167803287506104,7,within,shaft_car,multi_stft,2.0,256.0,0.5,1.0
7,0,gpt2_surprisal,0,-0.0,1.0,1.0,0.5508571428571428,1.0,0.5602541195155847,2,1750,875,30345,per_session_robust_mad_cf,9.882607221603394,7,within,shaft_car,multi_stft,2.0,256.0,0.5,1.0
7,0,gpt2_surprisal,1,-0.0,1.0,1.0,0.552,1.0,0.5651755953313897,2,1750,875,30345,per_session_robust_mad_cf,10.000417232513428,7,within,shaft_car,multi_stft,2.0,256.0,0.5,1.0
7,0,word_head_pos,0,-0.0,1.0,1.0,0.5154285714285715,1.0,0.5182857381691274,2,1750,875,30345,per_session_robust_mad_cf,9.951709508895874,7,within,shaft_car,multi_stft,2.0,256.0,0.5,1.0
7,0,word_head_pos,1,-0.0,1.0,1.0,0.528,1.0,0.535098168291485,2,1750,875,30345,per_session_robust_mad_cf,9.726602792739868,7,within,shaft_car,multi_stft,2.0,256.0,0.5,1.0
7,0,word_part_speech,0,-0.0,1.0,1.0,0.5723431498079385,1.0,0.5788773034297331,2,1562,781,30345,per_session_robust_mad_cf,5.991870641708374,7,within,shaft_car,multi_stft,2.0,256.0,0.5,1.0
7,0,word_part_speech,1,-0.0,1.0,1.0,0.5377720870678617,1.0,0.5609351432880845,2,1562,781,30345,per_session_robust_mad_cf,6.186400651931763,7,within,shaft_car,multi_stft,2.0,256.0,0.5,1.0
7,0,word_length,0,-0.0,1.0,1.0,0.4834285714285714,1.0,0.4900068440905718,2,1750,875,30345,per_session_robust_mad_cf,11.448824882507324,7,within,shaft_car,multi_stft,2.0,256.0,0.5,1.0
7,0,word_length,1,-0.0,1.0,1.0,0.5325714285714286,1.0,0.5332382474948538,2,1750,875,30345,per_session_robust_mad_cf,7.243941307067871,7,within,shaft_car,multi_stft,2.0,256.0,0.5,1.0
7,0,global_flow,0,-0.0,1.0,1.0,0.5645714285714286,1.0,0.5948899198562219,2,1750,875,30345,per_session_robust_mad_cf,11.8101327419281,7,within,shaft_car,multi_stft,2.0,256.0,0.5,1.0
7,0,global_flow,1,-0.0,1.0,1.0,0.5828571428571429,1.0,0.5958538394825659,2,1750,875,30345,per_session_robust_mad_cf,10.91253113746643,7,within,shaft_car,multi_stft,2.0,256.0,0.5,1.0
7,0,local_flow,0,-0.0,1.0,1.0,0.5382857142857143,1.0,0.5581486473778251,2,1750,875,30345,per_session_robust_mad_cf,10.687765836715698,7,within,shaft_car,multi_stft,2.0,256.0,0.5,1.0
7,0,local_flow,1,-0.0,1.0,1.0,0.5634285714285714,1.0,0.5886022381743519,2,1750,875,30345,per_session_robust_mad_cf,11.067367315292358,7,within,shaft_car,multi_stft,2.0,256.0,0.5,1.0
7,0,frame_brightness,0,-0.0,1.0,1.0,0.4514285714285714,1.0,0.4318412170987326,2,1750,875,30345,per_session_robust_mad_cf,11.101104736328123,7,within,shaft_car,multi_stft,2.0,256.0,0.5,1.0
7,0,frame_brightness,1,-0.0,1.0,1.0,0.4411428571428571,1.0,0.3926836149337012,2,1750,875,30345,per_session_robust_mad_cf,11.05125641822815,7,within,shaft_car,multi_stft,2.0,256.0,0.5,1.0
7,0,face_num,0,-0.0,1.0,1.0,0.4445714285714285,1.0,0.4119829054470602,2,1750,875,30345,per_session_robust_mad_cf,9.484792232513428,7,within,shaft_car,multi_stft,2.0,256.0,0.5,1.0
7,0,face_num,1,-0.0,1.0,1.0,0.5005714285714286,1.0,0.4797028306322686,2,1750,875,30345,per_session_robust_mad_cf,11.512918949127195,7,within,shaft_car,multi_stft,2.0,256.0,0.5,1.0
7,1,onset,0,-0.0,1.0,1.0,0.7075862068965517,1.0,0.7730773328462932,2,1449,725,30345,per_session_robust_mad_cf,5.536009073257446,7,within,shaft_car,multi_stft,2.0,256.0,0.5,1.0
7,1,onset,1,-0.0,1.0,1.0,0.6068965517241379,1.0,0.6486385705371139,2,1449,725,30345,per_session_robust_mad_cf,5.0905373096466064,7,within,shaft_car,multi_stft,2.0,256.0,0.5,1.0
7,1,speech,0,-0.0,1.0,1.0,0.6885456885456885,1.0,0.7285400047703602,2,1554,777,30345,per_session_robust_mad_cf,5.686519384384155,7,within,shaft_car,multi_stft,2.0,256.0,0.5,1.0
7,1,speech,1,-0.0,1.0,1.0,0.6229086229086229,1.0,0.6514920626507301,2,1554,777,30345,per_session_robust_mad_cf,5.53184986114502,7,within,shaft_car,multi_stft,2.0,256.0,0.5,1.0
7,1,volume,0,-0.0,1.0,1.0,0.5851428571428572,1.0,0.6037010334054314,2,1750,875,30345,per_session_robust_mad_cf,6.228754281997681,7,within,shaft_car,multi_stft,2.0,256.0,0.5,1.0
7,1,volume,1,-0.0,1.0,1.0,0.5782857142857143,1.0,0.6140821081888759,2,1750,875,30345,per_session_robust_mad_cf,7.09087872505188,7,within,shaft_car,multi_stft,2.0,256.0,0.5,1.0
7,1,delta_volume,0,-0.0,1.0,1.0,0.6125714285714285,1.0,0.6349644211780195,2,1750,875,30345,per_session_robust_mad_cf,6.579617738723755,7,within,shaft_car,multi_stft,2.0,256.0,0.5,1.0
7,1,delta_volume,1,-0.0,1.0,1.0,0.6137142857142858,1.0,0.6488354597034576,2,1750,875,30345,per_session_robust_mad_cf,6.520754098892212,7,within,shaft_car,multi_stft,2.0,256.0,0.5,1.0
7,1,pitch,0,-0.0,1.0,1.0,0.536,1.0,0.5732369936156652,2,1750,875,30345,per_session_robust_mad_cf,7.1472084522247314,7,within,shaft_car,multi_stft,2.0,256.0,0.5,1.0
7,1,pitch,1,-0.0,1.0,1.0,0.5131428571428571,1.0,0.5299520391210307,2,1750,875,30345,per_session_robust_mad_cf,8.194518327713013,7,within,shaft_car,multi_stft,2.0,256.0,0.5,1.0
7,1,word_index,0,-0.0,1.0,1.0,0.5442307692307692,1.0,0.5617011834319527,2,1039,520,30345,per_session_robust_mad_cf,4.523946762084961,7,within,shaft_car,multi_stft,2.0,256.0,0.5,1.0
7,1,word_index,1,-0.0,1.0,1.0,0.5423076923076923,1.0,0.5448372781065088,2,1039,520,30345,per_session_robust_mad_cf,3.2356603145599365,7,within,shaft_car,multi_stft,2.0,256.0,0.5,1.0
7,1,word_gap,0,-0.0,1.0,1.0,0.4818304172274562,1.0,0.4842622380662551,2,1486,743,30345,per_session_robust_mad_cf,5.1858274936676025,7,within,shaft_car,multi_stft,2.0,256.0,0.5,1.0
7,1,word_gap,1,-0.0,1.0,1.0,0.5074024226110363,1.0,0.5005216937657595,2,1486,743,30345,per_session_robust_mad_cf,4.832419872283936,7,within,shaft_car,multi_stft,2.0,256.0,0.5,1.0
7,1,gpt2_surprisal,0,-0.0,1.0,1.0,0.5222857142857142,1.0,0.5140016509409319,2,1750,875,30345,per_session_robust_mad_cf,6.077149868011475,7,within,shaft_car,multi_stft,2.0,256.0,0.5,1.0
7,1,gpt2_surprisal,1,-0.0,1.0,1.0,0.5097142857142857,1.0,0.52053749621224,2,1750,875,30345,per_session_robust_mad_cf,6.380509614944458,7,within,shaft_car,multi_stft,2.0,256.0,0.5,1.0
7,1,word_head_pos,0,-0.0,1.0,1.0,0.5211428571428571,1.0,0.5311118773706154,2,1750,875,30345,per_session_robust_mad_cf,6.743346929550171,7,within,shaft_car,multi_stft,2.0,256.0,0.5,1.0
7,1,word_head_pos,1,-0.0,1.0,1.0,0.544,1.0,0.553373457467373,2,1750,875,30345,per_session_robust_mad_cf,6.041352033615112,7,within,shaft_car,multi_stft,2.0,256.0,0.5,1.0
7,1,word_part_speech,0,-0.0,1.0,1.0,0.5757042253521126,1.0,0.6213796865701249,2,1135,568,30345,per_session_robust_mad_cf,4.151067733764648,7,within,shaft_car,multi_stft,2.0,256.0,0.5,1.0
7,1,word_part_speech,1,-0.0,1.0,1.0,0.5633802816901409,1.0,0.5812586788335647,2,1135,568,30345,per_session_robust_mad_cf,3.52458930015564,7,within,shaft_car,multi_stft,2.0,256.0,0.5,1.0
7,1,word_length,0,-0.0,1.0,1.0,0.5371428571428571,1.0,0.5597212208603701,2,1750,875,30345,per_session_robust_mad_cf,10.33186936378479,7,within,shaft_car,multi_stft,2.0,256.0,0.5,1.0
7,1,word_length,1,-0.0,1.0,1.0,0.5531428571428572,1.0,0.5685976406173265,2,1750,875,30345,per_session_robust_mad_cf,11.995936632156372,7,within,shaft_car,multi_stft,2.0,256.0,0.5,1.0
7,1,global_flow,0,-0.0,1.0,1.0,0.5771428571428572,1.0,0.6061878937964327,2,1750,875,30345,per_session_robust_mad_cf,11.45497989654541,7,within,shaft_car,multi_stft,2.0,256.0,0.5,1.0
7,1,global_flow,1,-0.0,1.0,1.0,0.5748571428571428,1.0,0.5947096747228404,2,1750,875,30345,per_session_robust_mad_cf,10.973202466964722,7,within,shaft_car,multi_stft,2.0,256.0,0.5,1.0
7,1,local_flow,0,-0.0,1.0,1.0,0.5451428571428572,1.0,0.5486322267849493,2,1750,875,30345,per_session_robust_mad_cf,11.720406770706177,7,within,shaft_car,multi_stft,2.0,256.0,0.5,1.0
7,1,local_flow,1,-0.0,1.0,1.0,0.5485714285714286,1.0,0.5642404104364545,2,1750,875,30345,per_session_robust_mad_cf,9.952306270599363,7,within,shaft_car,multi_stft,2.0,256.0,0.5,1.0
7,1,frame_brightness,0,-0.0,1.0,1.0,0.5291428571428571,1.0,0.5326322058869628,2,1750,875,30345,per_session_robust_mad_cf,11.885979652404783,7,within,shaft_car,multi_stft,2.0,256.0,0.5,1.0
7,1,frame_brightness,1,-0.0,1.0,1.0,0.5691428571428572,1.0,0.5821761073320586,2,1750,875,30345,per_session_robust_mad_cf,7.388226747512817,7,within,shaft_car,multi_stft,2.0,256.0,0.5,1.0
7,1,face_num,0,-0.0,1.0,1.0,0.5142857142857142,1.0,0.5327419203159776,2,1750,875,30345,per_session_robust_mad_cf,10.151198387145996,7,within,shaft_car,multi_stft,2.0,256.0,0.5,1.0
7,1,face_num,1,-0.0,1.0,1.0,0.536,1.0,0.5492826766141083,2,1750,875,30345,per_session_robust_mad_cf,6.624343395233154,7,within,shaft_car,multi_stft,2.0,256.0,0.5,1.0
10,0,onset,0,-0.0,1.0,1.0,0.8033775633293124,1.0,0.878889470927187,2,1657,829,30600,per_session_robust_mad_cf,7.84921669960022,7,within,shaft_car,multi_stft,2.0,256.0,0.5,1.0
10,0,onset,1,-0.0,1.0,1.0,0.887816646562123,1.0,0.9452010942320004,2,1657,829,30600,per_session_robust_mad_cf,6.126061916351318,7,within,shaft_car,multi_stft,2.0,256.0,0.5,1.0
10,0,speech,0,-0.0,1.0,1.0,0.7645714285714286,1.0,0.8246371587097583,2,1750,875,30600,per_session_robust_mad_cf,6.873847723007202,7,within,shaft_car,multi_stft,2.0,256.0,0.5,1.0
10,0,speech,1,-0.0,1.0,1.0,0.8125714285714286,1.0,0.8892093246815669,2,1750,875,30600,per_session_robust_mad_cf,7.771374225616455,7,within,shaft_car,multi_stft,2.0,256.0,0.5,1.0
10,0,volume,0,-0.0,1.0,1.0,0.6925714285714286,1.0,0.7308208729088952,2,1750,875,30600,per_session_robust_mad_cf,6.424529314041138,7,within,shaft_car,multi_stft,2.0,256.0,0.5,1.0
10,0,volume,1,-0.0,1.0,1.0,0.6148571428571429,1.0,0.6432661463068033,2,1750,875,30600,per_session_robust_mad_cf,6.974295616149902,7,within,shaft_car,multi_stft,2.0,256.0,0.5,1.0
10,0,delta_volume,0,-0.0,1.0,1.0,0.6308571428571429,1.0,0.6915391889491447,2,1750,875,30600,per_session_robust_mad_cf,7.063575983047485,7,within,shaft_car,multi_stft,2.0,256.0,0.5,1.0
10,0,delta_volume,1,-0.0,1.0,1.0,0.6297142857142857,1.0,0.69237119003584,2,1750,875,30600,per_session_robust_mad_cf,7.996701002120972,7,within,shaft_car,multi_stft,2.0,256.0,0.5,1.0
10,0,pitch,0,-0.0,1.0,1.0,0.5485714285714286,1.0,0.5642169002016655,2,1750,875,30600,per_session_robust_mad_cf,6.116954565048218,7,within,shaft_car,multi_stft,2.0,256.0,0.5,1.0
10,0,pitch,1,-0.0,1.0,1.0,0.5474285714285714,1.0,0.5884820747520976,2,1750,875,30600,per_session_robust_mad_cf,8.119807481765747,7,within,shaft_car,multi_stft,2.0,256.0,0.5,1.0
10,0,word_index,0,-0.0,1.0,1.0,0.7445378151260504,1.0,0.7992339502406616,2,1189,595,30600,per_session_robust_mad_cf,5.491450309753418,7,within,shaft_car,multi_stft,2.0,256.0,0.5,1.0
10,0,word_index,1,-0.0,1.0,1.0,0.7226890756302521,1.0,0.7893589135199874,2,1189,595,30600,per_session_robust_mad_cf,5.491596460342407,7,within,shaft_car,multi_stft,2.0,256.0,0.5,1.0
10,0,word_gap,0,-0.0,1.0,1.0,0.5828571428571429,1.0,0.6284494738931904,2,1750,875,30600,per_session_robust_mad_cf,5.657624244689941,7,within,shaft_car,multi_stft,2.0,256.0,0.5,1.0
10,0,word_gap,1,-0.0,1.0,1.0,0.6102857142857143,1.0,0.6464635382380908,2,1750,875,30600,per_session_robust_mad_cf,7.380683422088623,7,within,shaft_car,multi_stft,2.0,256.0,0.5,1.0
10,0,gpt2_surprisal,0,-0.0,1.0,1.0,0.5577142857142857,1.0,0.5588252196900829,2,1750,875,30600,per_session_robust_mad_cf,6.186171770095825,7,within,shaft_car,multi_stft,2.0,256.0,0.5,1.0
10,0,gpt2_surprisal,1,-0.0,1.0,1.0,0.5371428571428571,1.0,0.5573806463747217,2,1750,875,30600,per_session_robust_mad_cf,7.703502893447876,7,within,shaft_car,multi_stft,2.0,256.0,0.5,1.0
10,0,word_head_pos,0,-0.0,1.0,1.0,0.5657142857142857,1.0,0.5962613502189065,2,1750,875,30600,per_session_robust_mad_cf,7.154279947280884,7,within,shaft_car,multi_stft,2.0,256.0,0.5,1.0
10,0,word_head_pos,1,-0.0,1.0,1.0,0.5702857142857143,1.0,0.5843494979258748,2,1750,875,30600,per_session_robust_mad_cf,7.660718679428101,7,within,shaft_car,multi_stft,2.0,256.0,0.5,1.0
10,0,word_part_speech,0,-0.0,1.0,1.0,0.5486862442040186,1.0,0.5806769101402744,2,1293,647,30600,per_session_robust_mad_cf,5.225528717041016,7,within,shaft_car,multi_stft,2.0,256.0,0.5,1.0
10,0,word_part_speech,1,-0.0,1.0,1.0,0.5811437403400309,1.0,0.5998690899361694,2,1293,647,30600,per_session_robust_mad_cf,6.24774169921875,7,within,shaft_car,multi_stft,2.0,256.0,0.5,1.0
10,0,word_length,0,-0.0,1.0,1.0,0.5005714285714286,1.0,0.5207412515804102,2,1750,875,30600,per_session_robust_mad_cf,6.681464195251465,7,within,shaft_car,multi_stft,2.0,256.0,0.5,1.0
10,0,word_length,1,-0.0,1.0,1.0,0.5131428571428571,1.0,0.526885259605237,2,1750,875,30600,per_session_robust_mad_cf,7.589191675186157,7,within,shaft_car,multi_stft,2.0,256.0,0.5,1.0
10,0,global_flow,0,-0.0,1.0,1.0,0.5577142857142857,1.0,0.5894486066267515,2,1750,875,30600,per_session_robust_mad_cf,6.047643661499023,7,within,shaft_car,multi_stft,2.0,256.0,0.5,1.0
10,0,global_flow,1,-0.0,1.0,1.0,0.5691428571428572,1.0,0.5981682914851154,2,1750,875,30600,per_session_robust_mad_cf,7.401431798934936,7,within,shaft_car,multi_stft,2.0,256.0,0.5,1.0
10,0,local_flow,0,-0.0,1.0,1.0,0.5577142857142857,1.0,0.5889888509242134,2,1750,875,30600,per_session_robust_mad_cf,6.516085386276245,7,within,shaft_car,multi_stft,2.0,256.0,0.5,1.0
10,0,local_flow,1,-0.0,1.0,1.0,0.5154285714285715,1.0,0.5224810089547872,2,1750,875,30600,per_session_robust_mad_cf,6.962646484375,7,within,shaft_car,multi_stft,2.0,256.0,0.5,1.0
10,0,frame_brightness,0,-0.0,1.0,1.0,0.5371428571428571,1.0,0.5301858353447645,2,1750,875,30600,per_session_robust_mad_cf,6.348089694976807,7,within,shaft_car,multi_stft,2.0,256.0,0.5,1.0
10,0,frame_brightness,1,-0.0,1.0,1.0,0.4914285714285714,1.0,0.4894465168281036,2,1750,875,30600,per_session_robust_mad_cf,6.107896089553833,7,within,shaft_car,multi_stft,2.0,256.0,0.5,1.0
10,0,face_num,0,-0.0,1.0,1.0,0.5062857142857143,1.0,0.5189936574611036,2,1750,875,30600,per_session_robust_mad_cf,6.039976119995117,7,within,shaft_car,multi_stft,2.0,256.0,0.5,1.0
10,0,face_num,1,-0.0,1.0,1.0,0.4537142857142857,1.0,0.444510621401628,2,1750,875,30600,per_session_robust_mad_cf,6.7655558586120605,7,within,shaft_car,multi_stft,2.0,256.0,0.5,1.0
10,1,onset,0,-0.0,1.0,1.0,0.8971428571428571,1.0,0.9567934129546618,2,1750,875,30600,per_session_robust_mad_cf,5.478049516677856,7,within,shaft_car,multi_stft,2.0,256.0,0.5,1.0
10,1,onset,1,-0.0,1.0,1.0,0.9085714285714286,1.0,0.9695620826933324,2,1750,875,30600,per_session_robust_mad_cf,5.820590496063232,7,within,shaft_car,multi_stft,2.0,256.0,0.5,1.0
10,1,speech,0,-0.0,1.0,1.0,0.888,1.0,0.952807122033792,2,1750,875,30600,per_session_robust_mad_cf,4.752794504165649,7,within,shaft_car,multi_stft,2.0,256.0,0.5,1.0
10,1,speech,1,-0.0,1.0,1.0,0.9005714285714286,1.0,0.9645779129180904,2,1750,875,30600,per_session_robust_mad_cf,5.899089097976685,7,within,shaft_car,multi_stft,2.0,256.0,0.5,1.0
10,1,volume,0,-0.0,1.0,1.0,0.712,1.0,0.794510098951966,2,1750,875,30600,per_session_robust_mad_cf,6.142770051956177,7,within,shaft_car,multi_stft,2.0,256.0,0.5,1.0
10,1,volume,1,-0.0,1.0,1.0,0.7542857142857143,1.0,0.831034554820643,2,1750,875,30600,per_session_robust_mad_cf,5.529304265975952,7,within,shaft_car,multi_stft,2.0,256.0,0.5,1.0
10,1,delta_volume,0,-0.0,1.0,1.0,0.7691428571428571,1.0,0.8493046194999111,2,1750,875,30600,per_session_robust_mad_cf,4.989012956619263,7,within,shaft_car,multi_stft,2.0,256.0,0.5,1.0
10,1,delta_volume,1,-0.0,1.0,1.0,0.7074285714285714,1.0,0.7653992037867152,2,1750,875,30600,per_session_robust_mad_cf,5.156170845031738,7,within,shaft_car,multi_stft,2.0,256.0,0.5,1.0
10,1,pitch,0,-0.0,1.0,1.0,0.5371428571428571,1.0,0.5210338233911163,2,1750,875,30600,per_session_robust_mad_cf,5.588734149932861,7,within,shaft_car,multi_stft,2.0,256.0,0.5,1.0
10,1,pitch,1,-0.0,1.0,1.0,0.6251428571428571,1.0,0.6718023468438816,2,1750,875,30600,per_session_robust_mad_cf,5.789978742599487,7,within,shaft_car,multi_stft,2.0,256.0,0.5,1.0
10,1,word_index,0,-0.0,1.0,1.0,0.7010785824345146,1.0,0.7782716049382716,2,1298,649,30600,per_session_robust_mad_cf,5.564364433288574,7,within,shaft_car,multi_stft,2.0,256.0,0.5,1.0
10,1,word_index,1,-0.0,1.0,1.0,0.7134052388289677,1.0,0.7821747388414055,2,1298,649,30600,per_session_robust_mad_cf,4.390290021896362,7,within,shaft_car,multi_stft,2.0,256.0,0.5,1.0
10,1,word_gap,0,-0.0,1.0,1.0,0.5005714285714286,1.0,0.4946501154613753,2,1750,875,30600,per_session_robust_mad_cf,5.134646415710449,7,within,shaft_car,multi_stft,2.0,256.0,0.5,1.0
10,1,word_gap,1,-0.0,1.0,1.0,0.6068571428571429,1.0,0.6451783120696322,2,1750,875,30600,per_session_robust_mad_cf,5.6146323680877686,7,within,shaft_car,multi_stft,2.0,256.0,0.5,1.0
10,1,gpt2_surprisal,0,-0.0,1.0,1.0,0.5874285714285714,1.0,0.632252907432369,2,1750,875,30600,per_session_robust_mad_cf,6.393964767456055,7,within,shaft_car,multi_stft,2.0,256.0,0.5,1.0
10,1,gpt2_surprisal,1,-0.0,1.0,1.0,0.5737142857142857,1.0,0.5978234747082118,2,1750,875,30600,per_session_robust_mad_cf,5.380295038223267,7,within,shaft_car,multi_stft,2.0,256.0,0.5,1.0
10,1,word_head_pos,0,-0.0,1.0,1.0,0.5211428571428571,1.0,0.5437068325966793,2,1750,875,30600,per_session_robust_mad_cf,5.944657325744629,7,within,shaft_car,multi_stft,2.0,256.0,0.5,1.0
10,1,word_head_pos,1,-0.0,1.0,1.0,0.5794285714285714,1.0,0.5818678620314932,2,1750,875,30600,per_session_robust_mad_cf,6.052430152893066,7,within,shaft_car,multi_stft,2.0,256.0,0.5,1.0
10,1,word_part_speech,0,-0.0,1.0,1.0,0.5582733812949641,1.0,0.5837142667859154,2,1390,695,30600,per_session_robust_mad_cf,5.267125129699707,7,within,shaft_car,multi_stft,2.0,256.0,0.5,1.0
10,1,word_part_speech,1,-0.0,1.0,1.0,0.5352517985611511,1.0,0.555492066646792,2,1390,695,30600,per_session_robust_mad_cf,5.83731484413147,7,within,shaft_car,multi_stft,2.0,256.0,0.5,1.0
10,1,word_length,0,-0.0,1.0,1.0,0.616,1.0,0.6388148751867757,2,1750,875,30600,per_session_robust_mad_cf,6.116264820098877,7,within,shaft_car,multi_stft,2.0,256.0,0.5,1.0
10,1,word_length,1,-0.0,1.0,1.0,0.5851428571428572,1.0,0.6186848897108763,2,1750,875,30600,per_session_robust_mad_cf,5.970324993133545,7,within,shaft_car,multi_stft,2.0,256.0,0.5,1.0
10,1,global_flow,0,-0.0,1.0,1.0,0.6011428571428571,1.0,0.6431146359048305,2,1750,875,30600,per_session_robust_mad_cf,5.615800619125366,7,within,shaft_car,multi_stft,2.0,256.0,0.5,1.0
10,1,global_flow,1,-0.0,1.0,1.0,0.6228571428571429,1.0,0.6758199847444699,2,1750,875,30600,per_session_robust_mad_cf,5.98769211769104,7,within,shaft_car,multi_stft,2.0,256.0,0.5,1.0
10,1,local_flow,0,-0.0,1.0,1.0,0.5485714285714286,1.0,0.5573205646635947,2,1750,875,30600,per_session_robust_mad_cf,4.823930740356445,7,within,shaft_car,multi_stft,2.0,256.0,0.5,1.0
10,1,local_flow,1,-0.0,1.0,1.0,0.5805714285714285,1.0,0.6093957347209595,2,1750,875,30600,per_session_robust_mad_cf,6.653139352798462,7,within,shaft_car,multi_stft,2.0,256.0,0.5,1.0
10,1,frame_brightness,0,-0.0,1.0,1.0,0.4788571428571428,1.0,0.4695986541696707,2,1750,875,30600,per_session_robust_mad_cf,5.809725284576416,7,within,shaft_car,multi_stft,2.0,256.0,0.5,1.0
10,1,frame_brightness,1,-0.0,1.0,1.0,0.6217142857142857,1.0,0.7089981505281966,2,1750,875,30600,per_session_robust_mad_cf,5.352687120437622,7,within,shaft_car,multi_stft,2.0,256.0,0.5,1.0
10,1,face_num,0,-0.0,1.0,1.0,0.4,1.0,0.3803120069381315,2,1750,875,30600,per_session_robust_mad_cf,6.219966411590576,7,within,shaft_car,multi_stft,2.0,256.0,0.5,1.0
10,1,face_num,1,-0.0,1.0,1.0,0.5177142857142857,1.0,0.5046863734679163,2,1750,875,30600,per_session_robust_mad_cf,6.062439680099487,7,within,shaft_car,multi_stft,2.0,256.0,0.5,1.0
1,1,onset,0,-0.0,1.0,0.9622326203208555,0.6598596043395022,0.9938954860018874,0.7264217947715483,2,2992,1567,1530,per_session_robust_mad_cf,16.879544734954834,7,cross,shaft_car,multi_stft,2.0,256.0,0.5,1.0
1,1,speech,0,-0.0,1.0,0.9085714285714286,0.6708571428571428,0.969610775510204,0.7227363265306123,2,3500,1750,1530,per_session_robust_mad_cf,22.26566481590271,7,cross,shaft_car,multi_stft,2.0,256.0,0.5,1.0
1,1,volume,0,-0.0,1.0,0.9125714285714286,0.5897142857142857,0.971512163265306,0.6345116734693877,2,3500,1750,1530,per_session_robust_mad_cf,19.34973430633545,7,cross,shaft_car,multi_stft,2.0,256.0,0.5,1.0
1,1,delta_volume,0,-0.0,1.0,0.8717142857142857,0.6097142857142858,0.9462514285714284,0.6482651428571429,2,3500,1750,1530,per_session_robust_mad_cf,21.558561086654663,7,cross,shaft_car,multi_stft,2.0,256.0,0.5,1.0
1,1,pitch,0,-0.0,1.0,0.8065714285714286,0.5371428571428571,0.890993306122449,0.5456600816326531,2,3500,1750,1530,per_session_robust_mad_cf,24.46219134330749,7,cross,shaft_car,multi_stft,2.0,256.0,0.5,1.0
1,1,word_index,0,-0.0,1.0,0.9605263157894736,0.5563198624247635,0.9933433207077844,0.5813415665607939,2,2128,1163,1530,per_session_robust_mad_cf,22.7099723815918,7,cross,shaft_car,multi_stft,2.0,256.0,0.5,1.0
1,1,word_gap,0,-0.0,1.0,0.803201506591337,0.5165714285714286,0.8887742158194456,0.5265436734693878,2,3186,1750,1530,per_session_robust_mad_cf,28.82419753074646,7,cross,shaft_car,multi_stft,2.0,256.0,0.5,1.0
1,1,gpt2_surprisal,0,-0.0,1.0,0.8008571428571428,0.5405714285714286,0.8811425306122449,0.5404473469387756,2,3500,1750,1530,per_session_robust_mad_cf,30.028191566467285,7,cross,shaft_car,multi_stft,2.0,256.0,0.5,1.0
1,1,word_head_pos,0,-0.0,1.0,0.8034285714285714,0.516,0.884802612244898,0.5293818775510204,2,3500,1750,1530,per_session_robust_mad_cf,27.45844411849976,7,cross,shaft_car,multi_stft,2.0,256.0,0.5,1.0
1,1,word_part_speech,0,-0.0,1.0,0.9055343511450382,0.5474759615384616,0.9672713565643029,0.5562289085613905,2,2096,1664,1530,per_session_robust_mad_cf,17.953091382980347,7,cross,shaft_car,multi_stft,2.0,256.0,0.5,1.0
1,1,word_length,0,-0.0,1.0,0.8074285714285714,0.5182857142857142,0.8852163265306122,0.5209978775510204,2,3500,1750,1530,per_session_robust_mad_cf,28.513350248336792,7,cross,shaft_car,multi_stft,2.0,256.0,0.5,1.0
1,1,global_flow,0,-0.0,1.0,0.8482857142857143,0.5348571428571428,0.9304039183673468,0.5453061224489796,2,3500,1750,1530,per_session_robust_mad_cf,22.824955463409424,7,cross,shaft_car,multi_stft,2.0,256.0,0.5,1.0
1,1,local_flow,0,-0.0,1.0,0.83,0.5548571428571428,0.9131549387755102,0.5797485714285715,2,3500,1750,1530,per_session_robust_mad_cf,29.05570650100708,7,cross,shaft_car,multi_stft,2.0,256.0,0.5,1.0
1,1,frame_brightness,0,-0.0,1.0,0.814,0.4851428571428571,0.9004483265306122,0.4783033469387755,2,3500,1750,1530,per_session_robust_mad_cf,26.582876443862915,7,cross,shaft_car,multi_stft,2.0,256.0,0.5,1.0
1,1,face_num,0,-0.0,1.0,0.7831428571428571,0.5022857142857143,0.8633848163265306,0.5029289795918368,2,3500,1750,1530,per_session_robust_mad_cf,27.21903347969055,7,cross,shaft_car,multi_stft,2.0,256.0,0.5,1.0
1,2,onset,0,-0.0,1.0,0.9622326203208555,0.7139917695473251,0.9938954860018874,0.7830521167918922,2,2992,1458,1530,per_session_robust_mad_cf,17.516566038131714,7,cross,shaft_car,multi_stft,2.0,256.0,0.5,1.0
1,2,speech,0,-0.0,1.0,0.9085714285714286,0.7348571428571429,0.969610775510204,0.8048182857142857,2,3500,1750,1530,per_session_robust_mad_cf,21.372405529022217,7,cross,shaft_car,multi_stft,2.0,256.0,0.5,1.0
1,2,volume,0,-0.0,1.0,0.9125714285714286,0.6325714285714286,0.971512163265306,0.6921560816326531,2,3500,1750,1530,per_session_robust_mad_cf,16.15852427482605,7,cross,shaft_car,multi_stft,2.0,256.0,0.5,1.0
1,2,delta_volume,0,-0.0,1.0,0.8717142857142857,0.5611428571428572,0.9462514285714284,0.5930083265306122,2,3500,1750,1530,per_session_robust_mad_cf,23.746378898620605,7,cross,shaft_car,multi_stft,2.0,256.0,0.5,1.0
1,2,pitch,0,-0.0,1.0,0.8065714285714286,0.5188571428571429,0.890993306122449,0.5272633469387755,2,3500,1750,1530,per_session_robust_mad_cf,25.9548122882843,7,cross,shaft_car,multi_stft,2.0,256.0,0.5,1.0
1,2,word_index,0,-0.0,1.0,0.9605263157894736,0.5176470588235295,0.9933433207077844,0.5212495194156094,2,2128,1020,1530,per_session_robust_mad_cf,22.156509399414062,7,cross,shaft_car,multi_stft,2.0,256.0,0.5,1.0
1,2,word_gap,0,-0.0,1.0,0.803201506591337,0.4924942263279446,0.8887742158194456,0.4925195611475873,2,3186,1732,1530,per_session_robust_mad_cf,27.756016969680783,7,cross,shaft_car,multi_stft,2.0,256.0,0.5,1.0
1,2,gpt2_surprisal,0,-0.0,1.0,0.8008571428571428,0.5222857142857142,0.8811425306122449,0.5337482448979591,2,3500,1750,1530,per_session_robust_mad_cf,27.04049777984619,7,cross,shaft_car,multi_stft,2.0,256.0,0.5,1.0
1,2,word_head_pos,0,-0.0,1.0,0.8034285714285714,0.54,0.884802612244898,0.5517962448979592,2,3500,1750,1530,per_session_robust_mad_cf,20.65878629684448,7,cross,shaft_car,multi_stft,2.0,256.0,0.5,1.0
1,2,word_part_speech,0,-0.0,1.0,0.9055343511450382,0.5076233183856502,0.9672713565643029,0.5092565780583387,2,2096,1115,1530,per_session_robust_mad_cf,18.534178733825684,7,cross,shaft_car,multi_stft,2.0,256.0,0.5,1.0
1,2,word_length,0,-0.0,1.0,0.8074285714285714,0.5108571428571429,0.8852163265306122,0.528135836734694,2,3500,1750,1530,per_session_robust_mad_cf,27.661297082901,7,cross,shaft_car,multi_stft,2.0,256.0,0.5,1.0
1,2,global_flow,0,-0.0,1.0,0.8482857142857143,0.5297142857142857,0.9304039183673468,0.5465103673469387,2,3500,1750,1530,per_session_robust_mad_cf,22.52795171737671,7,cross,shaft_car,multi_stft,2.0,256.0,0.5,1.0
1,2,local_flow,0,-0.0,1.0,0.83,0.5062857142857143,0.9131549387755102,0.519554612244898,2,3500,1750,1530,per_session_robust_mad_cf,27.70462679862976,7,cross,shaft_car,multi_stft,2.0,256.0,0.5,1.0
1,2,frame_brightness,0,-0.0,1.0,0.814,0.5131428571428571,0.9004483265306122,0.5338148571428571,2,3500,1750,1530,per_session_robust_mad_cf,26.85439658164978,7,cross,shaft_car,multi_stft,2.0,256.0,0.5,1.0
1,2,face_num,0,-0.0,1.0,0.7831428571428571,0.5234285714285715,0.8633848163265306,0.536448,2,3500,1750,1530,per_session_robust_mad_cf,25.88617062568665,7,cross,shaft_car,multi_stft,2.0,256.0,0.5,1.0
3,0,onset,0,-0.0,1.0,0.9204545454545454,0.7605714285714286,0.974601611427264,0.862273306122449,2,2992,1750,1020,per_session_robust_mad_cf,23.554219245910645,7,cross,shaft_car,multi_stft,2.0,256.0,0.5,1.0
3,0,speech,0,-0.0,1.0,0.9005714285714286,0.7685714285714286,0.9622236734693876,0.8620630204081634,2,3500,1750,1020,per_session_robust_mad_cf,23.63659954071045,7,cross,shaft_car,multi_stft,2.0,256.0,0.5,1.0
3,0,volume,0,-0.0,1.0,0.8137142857142857,0.624,0.8992241632653062,0.663676081632653,2,3500,1750,1020,per_session_robust_mad_cf,27.961790561676025,7,cross,shaft_car,multi_stft,2.0,256.0,0.5,1.0
3,0,delta_volume,0,-0.0,1.0,0.8317142857142857,0.6057142857142858,0.909312,0.6617874285714286,2,3500,1750,1020,per_session_robust_mad_cf,21.471477270126343,7,cross,shaft_car,multi_stft,2.0,256.0,0.5,1.0
3,0,pitch,0,-0.0,1.0,0.7257142857142858,0.5297142857142857,0.8010576326530612,0.5385364897959184,2,3500,1750,1020,per_session_robust_mad_cf,31.69054102897644,7,cross,shaft_car,multi_stft,2.0,256.0,0.5,1.0
3,0,word_index,0,-0.0,1.0,0.8914473684210527,0.6240549828178694,0.954989682853751,0.6729541091645631,2,2128,1455,1020,per_session_robust_mad_cf,32.39558029174805,7,cross,shaft_car,multi_stft,2.0,256.0,0.5,1.0
3,0,word_gap,0,-0.0,1.0,0.7426239799121155,0.524,0.826602497035642,0.5359464489795918,2,3186,1750,1020,per_session_robust_mad_cf,21.704581022262573,7,cross,shaft_car,multi_stft,2.0,256.0,0.5,1.0
3,0,gpt2_surprisal,0,-0.0,1.0,0.744,0.5314285714285715,0.8284865306122449,0.555904,2,3500,1750,1020,per_session_robust_mad_cf,26.69795799255371,7,cross,shaft_car,multi_stft,2.0,256.0,0.5,1.0
3,0,word_head_pos,0,-0.0,1.0,0.7405714285714285,0.5405714285714286,0.8319934693877552,0.5522324897959183,2,3500,1750,1020,per_session_robust_mad_cf,31.169703006744385,7,cross,shaft_car,multi_stft,2.0,256.0,0.5,1.0
3,0,word_part_speech,0,-0.0,1.0,0.8091603053435115,0.5019206145966709,0.8999657653982869,0.5175560404681612,2,2096,1562,1020,per_session_robust_mad_cf,23.213107585906982,7,cross,shaft_car,multi_stft,2.0,256.0,0.5,1.0
3,0,word_length,0,-0.0,1.0,0.7554285714285714,0.5165714285714286,0.8335461224489797,0.5214315102040816,2,3500,1750,1020,per_session_robust_mad_cf,21.06970357894897,7,cross,shaft_car,multi_stft,2.0,256.0,0.5,1.0
3,0,global_flow,0,-0.0,1.0,0.7737142857142857,0.528,0.8593142857142857,0.5455503673469387,2,3500,1750,1020,per_session_robust_mad_cf,15.557132005691528,7,cross,shaft_car,multi_stft,2.0,256.0,0.5,1.0
3,0,local_flow,0,-0.0,1.0,0.7657142857142857,0.5045714285714286,0.843229387755102,0.5123317551020408,2,3500,1750,1020,per_session_robust_mad_cf,19.00127601623535,7,cross,shaft_car,multi_stft,2.0,256.0,0.5,1.0
3,0,frame_brightness,0,-0.0,1.0,0.7491428571428571,0.5028571428571429,0.8316927346938776,0.4995474285714285,2,3500,1750,1020,per_session_robust_mad_cf,24.344051599502563,7,cross,shaft_car,multi_stft,2.0,256.0,0.5,1.0
3,0,face_num,0,-0.0,1.0,0.726,0.4977142857142857,0.8028643265306123,0.4981812244897959,2,3500,1750,1020,per_session_robust_mad_cf,16.57499408721924,7,cross,shaft_car,multi_stft,2.0,256.0,0.5,1.0
3,1,onset,0,-0.0,1.0,0.9204545454545454,0.7780748663101604,0.974601611427264,0.8529459425967763,2,2992,1122,1020,per_session_robust_mad_cf,23.147368907928467,7,cross,shaft_car,multi_stft,2.0,256.0,0.5,1.0
3,1,speech,0,-0.0,1.0,0.9005714285714286,0.7708571428571429,0.9622236734693876,0.8379062857142858,2,3500,1750,1020,per_session_robust_mad_cf,25.57963800430298,7,cross,shaft_car,multi_stft,2.0,256.0,0.5,1.0
3,1,volume,0,-0.0,1.0,0.8137142857142857,0.6302857142857143,0.8992241632653062,0.6814942040816327,2,3500,1750,1020,per_session_robust_mad_cf,26.12648057937622,7,cross,shaft_car,multi_stft,2.0,256.0,0.5,1.0
3,1,delta_volume,0,-0.0,1.0,0.8317142857142857,0.6994285714285714,0.909312,0.7725740408163266,2,3500,1750,1020,per_session_robust_mad_cf,17.874768257141113,7,cross,shaft_car,multi_stft,2.0,256.0,0.5,1.0
3,1,pitch,0,-0.0,1.0,0.7257142857142858,0.4862857142857142,0.8010576326530612,0.487169306122449,2,3500,1750,1020,per_session_robust_mad_cf,26.654249668121334,7,cross,shaft_car,multi_stft,2.0,256.0,0.5,1.0
3,1,word_index,0,-0.0,1.0,0.8914473684210527,0.6551312649164678,0.954989682853751,0.7103912600178856,2,2128,838,1020,per_session_robust_mad_cf,29.18954873085022,7,cross,shaft_car,multi_stft,2.0,256.0,0.5,1.0
3,1,word_gap,0,-0.0,1.0,0.7426239799121155,0.5402370555208983,0.826602497035642,0.5539459715256179,2,3186,1603,1020,per_session_robust_mad_cf,18.727559089660645,7,cross,shaft_car,multi_stft,2.0,256.0,0.5,1.0
3,1,gpt2_surprisal,0,-0.0,1.0,0.744,0.5502857142857143,0.8284865306122449,0.5892205714285714,2,3500,1750,1020,per_session_robust_mad_cf,27.469708919525143,7,cross,shaft_car,multi_stft,2.0,256.0,0.5,1.0
3,1,word_head_pos,0,-0.0,1.0,0.7405714285714285,0.5308571428571428,0.8319934693877552,0.5585802448979592,2,3500,1750,1020,per_session_robust_mad_cf,25.38049292564392,7,cross,shaft_car,multi_stft,2.0,256.0,0.5,1.0
3,1,word_part_speech,0,-0.0,1.0,0.8091603053435115,0.5046040515653776,0.8999657653982869,0.5269307340367442,2,2096,1086,1020,per_session_robust_mad_cf,19.01883864402771,7,cross,shaft_car,multi_stft,2.0,256.0,0.5,1.0
3,1,word_length,0,-0.0,1.0,0.7554285714285714,0.5062857142857143,0.8335461224489797,0.5131284897959183,2,3500,1750,1020,per_session_robust_mad_cf,19.440473556518555,7,cross,shaft_car,multi_stft,2.0,256.0,0.5,1.0
3,1,global_flow,0,-0.0,1.0,0.7737142857142857,0.5525714285714286,0.8593142857142857,0.580995918367347,2,3500,1750,1020,per_session_robust_mad_cf,20.738433361053467,7,cross,shaft_car,multi_stft,2.0,256.0,0.5,1.0
3,1,local_flow,0,-0.0,1.0,0.7657142857142857,0.5657142857142857,0.843229387755102,0.5811004081632654,2,3500,1750,1020,per_session_robust_mad_cf,19.29494690895081,7,cross,shaft_car,multi_stft,2.0,256.0,0.5,1.0
3,1,frame_brightness,0,-0.0,1.0,0.7491428571428571,0.4748571428571428,0.8316927346938776,0.4624783673469388,2,3500,1750,1020,per_session_robust_mad_cf,32.4178192615509,7,cross,shaft_car,multi_stft,2.0,256.0,0.5,1.0
3,1,face_num,0,-0.0,1.0,0.726,0.4925714285714285,0.8028643265306123,0.4952071836734694,2,3500,1750,1020,per_session_robust_mad_cf,20.2235004901886,7,cross,shaft_car,multi_stft,2.0,256.0,0.5,1.0
4,0,onset,0,-0.0,1.0,1.0,0.6174242424242424,1.0,0.6476411845730028,2,2992,1056,2295,per_session_robust_mad_cf,16.126635551452637,7,cross,shaft_car,multi_stft,2.0,256.0,0.5,1.0
4,0,speech,0,-0.0,1.0,0.9991428571428572,0.5977142857142858,0.9999980408163264,0.6195875918367347,2,3500,1750,2295,per_session_robust_mad_cf,33.05643844604492,7,cross,shaft_car,multi_stft,2.0,256.0,0.5,1.0
4,0,volume,0,-0.0,1.0,0.96,0.5372245384157236,0.9931281632653062,0.5553408252454737,2,3500,1679,2295,per_session_robust_mad_cf,98.02063536643982,7,cross,shaft_car,multi_stft,2.0,256.0,0.5,1.0
4,0,delta_volume,0,-0.0,1.0,0.964,0.5723645026801668,0.993063836734694,0.6055341534706851,2,3500,1679,2295,per_session_robust_mad_cf,49.259883642196655,7,cross,shaft_car,multi_stft,2.0,256.0,0.5,1.0
4,0,pitch,0,-0.0,1.0,0.892,0.5270994639666469,0.9582599183673468,0.5378015210851921,2,3500,1679,2295,per_session_robust_mad_cf,60.22894787788391,7,cross,shaft_car,multi_stft,2.0,256.0,0.5,1.0
4,0,word_index,0,-0.0,1.0,1.0,0.6079470198675496,1.0,0.6491375801720629,2,2128,755,2295,per_session_robust_mad_cf,23.54188084602356,7,cross,shaft_car,multi_stft,2.0,256.0,0.5,1.0
4,0,word_gap,0,-0.0,1.0,0.923728813559322,0.5165843330980946,0.9753933660644164,0.5311292263313492,2,3186,1417,2295,per_session_robust_mad_cf,42.77418565750122,7,cross,shaft_car,multi_stft,2.0,256.0,0.5,1.0
4,0,gpt2_surprisal,0,-0.0,1.0,0.9057142857142856,0.5122096486003573,0.970146612244898,0.5169781202111356,2,3500,1679,2295,per_session_robust_mad_cf,117.6666808128357,7,cross,shaft_car,multi_stft,2.0,256.0,0.5,1.0
4,0,word_head_pos,0,-0.0,1.0,0.9005714285714286,0.5251428571428571,0.965045551020408,0.5386814693877551,2,3500,1750,2295,per_session_robust_mad_cf,56.7491672039032,7,cross,shaft_car,multi_stft,2.0,256.0,0.5,1.0
4,0,word_part_speech,0,-0.0,1.0,1.0,0.525231719876416,1.0,0.5298078146875398,2,2096,971,2295,per_session_robust_mad_cf,48.59485387802124,7,cross,shaft_car,multi_stft,2.0,256.0,0.5,1.0
4,0,word_length,0,-0.0,1.0,0.9108571428571428,0.5375446960667462,0.9687402448979592,0.5514610304281304,2,3500,1678,2295,per_session_robust_mad_cf,60.85469841957092,7,cross,shaft_car,multi_stft,2.0,256.0,0.5,1.0
4,0,global_flow,0,-0.0,1.0,0.9314285714285714,0.478856462179869,0.9819062857142856,0.4749141551733923,2,3500,1679,2295,per_session_robust_mad_cf,48.71031403541565,7,cross,shaft_car,multi_stft,2.0,256.0,0.5,1.0
4,0,local_flow,0,-0.0,1.0,0.9151428571428571,0.4961286480047647,0.97477093877551,0.4898681820761678,2,3500,1679,2295,per_session_robust_mad_cf,81.9570004940033,7,cross,shaft_car,multi_stft,2.0,256.0,0.5,1.0
4,0,frame_brightness,0,-0.0,1.0,0.932,0.4764740917212626,0.9791222857142858,0.4684914013281117,2,3500,1679,2295,per_session_robust_mad_cf,137.8625226020813,7,cross,shaft_car,multi_stft,2.0,256.0,0.5,1.0
4,0,face_num,0,-0.0,1.0,0.8937142857142857,0.5095541401273885,0.9557191836734692,0.5094822715780278,2,3500,1413,2295,per_session_robust_mad_cf,61.074190855026245,7,cross,shaft_car,multi_stft,2.0,256.0,0.5,1.0
4,1,onset,0,-0.0,1.0,1.0,0.5810904071773637,1.0,0.612339493236807,2,2992,1449,2295,per_session_robust_mad_cf,20.91519331932068,7,cross,shaft_car,multi_stft,2.0,256.0,0.5,1.0
4,1,speech,0,-0.0,1.0,0.9991428571428572,0.5874285714285714,0.9999980408163264,0.6138497959183673,2,3500,1750,2295,per_session_robust_mad_cf,29.12430310249329,7,cross,shaft_car,multi_stft,2.0,256.0,0.5,1.0
4,1,volume,0,-0.0,1.0,0.96,0.464,0.9931281632653062,0.4504408163265306,2,3500,1750,2295,per_session_robust_mad_cf,99.49571561813354,7,cross,shaft_car,multi_stft,2.0,256.0,0.5,1.0
4,1,delta_volume,0,-0.0,1.0,0.964,0.552,0.993063836734694,0.5675996734693878,2,3500,1750,2295,per_session_robust_mad_cf,58.87493753433228,7,cross,shaft_car,multi_stft,2.0,256.0,0.5,1.0
4,1,pitch,0,-0.0,1.0,0.892,0.5154285714285715,0.9582599183673468,0.5192205714285714,2,3500,1750,2295,per_session_robust_mad_cf,72.98487854003906,7,cross,shaft_car,multi_stft,2.0,256.0,0.5,1.0
4,1,word_index,0,-0.0,1.0,1.0,0.5697786333012512,1.0,0.5923892100192678,2,2128,1039,2295,per_session_robust_mad_cf,22.209399461746216,7,cross,shaft_car,multi_stft,2.0,256.0,0.5,1.0
4,1,word_gap,0,-0.0,1.0,0.923728813559322,0.5309555854643337,0.9753933660644164,0.5430351291280303,2,3186,1486,2295,per_session_robust_mad_cf,34.80871653556824,7,cross,shaft_car,multi_stft,2.0,256.0,0.5,1.0
4,1,gpt2_surprisal,0,-0.0,1.0,0.9057142857142856,0.4982857142857143,0.970146612244898,0.5144594285714286,2,3500,1750,2295,per_session_robust_mad_cf,136.7354395389557,7,cross,shaft_car,multi_stft,2.0,256.0,0.5,1.0
4,1,word_head_pos,0,-0.0,1.0,0.9005714285714286,0.5245714285714286,0.965045551020408,0.5286834285714286,2,3500,1750,2295,per_session_robust_mad_cf,62.64968800544739,7,cross,shaft_car,multi_stft,2.0,256.0,0.5,1.0
4,1,word_part_speech,0,-0.0,1.0,1.0,0.5048458149779735,1.0,0.4954782708597263,2,2096,1135,2295,per_session_robust_mad_cf,55.188026428222656,7,cross,shaft_car,multi_stft,2.0,256.0,0.5,1.0
4,1,word_length,0,-0.0,1.0,0.9108571428571428,0.5125714285714286,0.9687402448979592,0.5240685714285714,2,3500,1750,2295,per_session_robust_mad_cf,65.61333680152893,7,cross,shaft_car,multi_stft,2.0,256.0,0.5,1.0
4,1,global_flow,0,-0.0,1.0,0.9314285714285714,0.468,0.9819062857142856,0.4557263673469388,2,3500,1750,2295,per_session_robust_mad_cf,52.12303161621094,7,cross,shaft_car,multi_stft,2.0,256.0,0.5,1.0
4,1,local_flow,0,-0.0,1.0,0.9151428571428571,0.4611428571428571,0.97477093877551,0.4373361632653061,2,3500,1750,2295,per_session_robust_mad_cf,84.46572971343994,7,cross,shaft_car,multi_stft,2.0,256.0,0.5,1.0
4,1,frame_brightness,0,-0.0,1.0,0.932,0.5028571428571429,0.9791222857142858,0.5003183673469387,2,3500,1750,2295,per_session_robust_mad_cf,140.10642671585083,7,cross,shaft_car,multi_stft,2.0,256.0,0.5,1.0
4,1,face_num,0,-0.0,1.0,0.8937142857142857,0.4805714285714286,0.9557191836734692,0.4804839183673469,2,3500,1750,2295,per_session_robust_mad_cf,58.178910970687866,7,cross,shaft_car,multi_stft,2.0,256.0,0.5,1.0
7,0,onset,0,-0.0,1.0,0.9776069518716578,0.5131428571428571,0.997580446252395,0.5034099591836735,2,2992,1750,1530,per_session_robust_mad_cf,28.393156051635746,7,cross,shaft_car,multi_stft,2.0,256.0,0.5,1.0
7,0,speech,0,-0.0,1.0,0.9428571428571428,0.5165714285714286,0.9863539591836734,0.5188192653061225,2,3500,1750,1530,per_session_robust_mad_cf,73.7264552116394,7,cross,shaft_car,multi_stft,2.0,256.0,0.5,1.0
7,0,volume,0,-0.0,1.0,0.8817142857142857,0.5034285714285714,0.9512858775510205,0.4963147755102041,2,3500,1750,1530,per_session_robust_mad_cf,96.38830804824828,7,cross,shaft_car,multi_stft,2.0,256.0,0.5,1.0
7,0,delta_volume,0,-0.0,1.0,0.88,0.5131428571428571,0.9462811428571428,0.5132434285714286,2,3500,1750,1530,per_session_robust_mad_cf,50.26638698577881,7,cross,shaft_car,multi_stft,2.0,256.0,0.5,1.0
7,0,pitch,0,-0.0,1.0,0.79,0.5057142857142857,0.8739395918367348,0.5061368163265305,2,3500,1750,1530,per_session_robust_mad_cf,66.53677034378052,7,cross,shaft_car,multi_stft,2.0,256.0,0.5,1.0
7,0,word_index,0,-0.0,1.0,0.9694548872180452,0.5072164948453608,0.996237068234496,0.4993349154284505,2,2128,1455,1530,per_session_robust_mad_cf,43.185795068740845,7,cross,shaft_car,multi_stft,2.0,256.0,0.5,1.0
7,0,word_gap,0,-0.0,1.0,0.8185812931575643,0.4971428571428571,0.9014067745381652,0.4875859591836735,2,3186,1750,1530,per_session_robust_mad_cf,51.67318868637085,7,cross,shaft_car,multi_stft,2.0,256.0,0.5,1.0
7,0,gpt2_surprisal,0,-0.0,1.0,0.8074285714285714,0.5085714285714286,0.8921133061224489,0.5110765714285714,2,3500,1750,1530,per_session_robust_mad_cf,105.14861035346983,7,cross,shaft_car,multi_stft,2.0,256.0,0.5,1.0
7,0,word_head_pos,0,-0.0,1.0,0.8068571428571428,0.4897142857142857,0.8913008979591837,0.4854987755102041,2,3500,1750,1530,per_session_robust_mad_cf,58.88869643211365,7,cross,shaft_car,multi_stft,2.0,256.0,0.5,1.0
7,0,word_part_speech,0,-0.0,1.0,0.909351145038168,0.4891165172855313,0.9718802808694132,0.4934381050591759,2,2096,1562,1530,per_session_robust_mad_cf,85.5359423160553,7,cross,shaft_car,multi_stft,2.0,256.0,0.5,1.0
7,0,word_length,0,-0.0,1.0,0.8094285714285714,0.4977142857142857,0.8909946122448981,0.4904176326530612,2,3500,1750,1530,per_session_robust_mad_cf,72.44347548484802,7,cross,shaft_car,multi_stft,2.0,256.0,0.5,1.0
7,0,global_flow,0,-0.0,1.0,0.832,0.5348571428571428,0.9153005714285714,0.5307454693877551,2,3500,1750,1530,per_session_robust_mad_cf,53.87573051452637,7,cross,shaft_car,multi_stft,2.0,256.0,0.5,1.0
7,0,local_flow,0,-0.0,1.0,0.8234285714285714,0.5085714285714286,0.90750693877551,0.512384,2,3500,1750,1530,per_session_robust_mad_cf,78.0612051486969,7,cross,shaft_car,multi_stft,2.0,256.0,0.5,1.0
7,0,frame_brightness,0,-0.0,1.0,0.8228571428571428,0.4857142857142857,0.911795918367347,0.4651219591836735,2,3500,1750,1530,per_session_robust_mad_cf,128.5022850036621,7,cross,shaft_car,multi_stft,2.0,256.0,0.5,1.0
7,0,face_num,0,-0.0,1.0,0.7951428571428572,0.4914285714285714,0.8768355918367348,0.4829688163265305,2,3500,1750,1530,per_session_robust_mad_cf,50.57492256164551,7,cross,shaft_car,multi_stft,2.0,256.0,0.5,1.0
7,1,onset,0,-0.0,1.0,0.9776069518716578,0.525879917184265,0.997580446252395,0.540076204991427,2,2992,1449,1530,per_session_robust_mad_cf,28.1321485042572,7,cross,shaft_car,multi_stft,2.0,256.0,0.5,1.0
7,1,speech,0,-0.0,1.0,0.9428571428571428,0.5148005148005148,0.9863539591836734,0.517892961908406,2,3500,1554,1530,per_session_robust_mad_cf,59.1428644657135,7,cross,shaft_car,multi_stft,2.0,256.0,0.5,1.0
7,1,volume,0,-0.0,1.0,0.8817142857142857,0.5057142857142857,0.9512858775510205,0.5158191020408163,2,3500,1750,1530,per_session_robust_mad_cf,80.74035739898682,7,cross,shaft_car,multi_stft,2.0,256.0,0.5,1.0
7,1,delta_volume,0,-0.0,1.0,0.88,0.5125714285714286,0.9462811428571428,0.517886693877551,2,3500,1750,1530,per_session_robust_mad_cf,47.704904556274414,7,cross,shaft_car,multi_stft,2.0,256.0,0.5,1.0
7,1,pitch,0,-0.0,1.0,0.79,0.4977142857142857,0.8739395918367348,0.485438693877551,2,3500,1750,1530,per_session_robust_mad_cf,50.71082949638367,7,cross,shaft_car,multi_stft,2.0,256.0,0.5,1.0
7,1,word_index,0,-0.0,1.0,0.9694548872180452,0.5168431183830606,0.996237068234496,0.5397732325477991,2,2128,1039,1530,per_session_robust_mad_cf,33.40225791931152,7,cross,shaft_car,multi_stft,2.0,256.0,0.5,1.0
7,1,word_gap,0,-0.0,1.0,0.8185812931575643,0.5006729475100942,0.9014067745381652,0.4925522915538294,2,3186,1486,1530,per_session_robust_mad_cf,48.03618884086609,7,cross,shaft_car,multi_stft,2.0,256.0,0.5,1.0
7,1,gpt2_surprisal,0,-0.0,1.0,0.8074285714285714,0.4937142857142857,0.8921133061224489,0.4999941224489796,2,3500,1750,1530,per_session_robust_mad_cf,81.21372842788696,7,cross,shaft_car,multi_stft,2.0,256.0,0.5,1.0
7,1,word_head_pos,0,-0.0,1.0,0.8068571428571428,0.5005714285714286,0.8913008979591837,0.4999993469387754,2,3500,1750,1530,per_session_robust_mad_cf,51.69140219688416,7,cross,shaft_car,multi_stft,2.0,256.0,0.5,1.0
7,1,word_part_speech,0,-0.0,1.0,0.909351145038168,0.5215859030837005,0.9718802808694132,0.5188662841245001,2,2096,1135,1530,per_session_robust_mad_cf,76.68378448486328,7,cross,shaft_car,multi_stft,2.0,256.0,0.5,1.0
7,1,word_length,0,-0.0,1.0,0.8094285714285714,0.5062857142857143,0.8909946122448981,0.5098553469387754,2,3500,1750,1530,per_session_robust_mad_cf,51.71074175834656,7,cross,shaft_car,multi_stft,2.0,256.0,0.5,1.0
7,1,global_flow,0,-0.0,1.0,0.832,0.5148571428571429,0.9153005714285714,0.505602612244898,2,3500,1750,1530,per_session_robust_mad_cf,49.10137701034546,7,cross,shaft_car,multi_stft,2.0,256.0,0.5,1.0
7,1,local_flow,0,-0.0,1.0,0.8234285714285714,0.5114285714285715,0.90750693877551,0.5064829387755102,2,3500,1750,1530,per_session_robust_mad_cf,66.57021570205688,7,cross,shaft_car,multi_stft,2.0,256.0,0.5,1.0
7,1,frame_brightness,0,-0.0,1.0,0.8228571428571428,0.5211428571428571,0.911795918367347,0.5336189387755101,2,3500,1750,1530,per_session_robust_mad_cf,109.19077038764954,7,cross,shaft_car,multi_stft,2.0,256.0,0.5,1.0
7,1,face_num,0,-0.0,1.0,0.7951428571428572,0.4988571428571428,0.8768355918367348,0.4973740408163265,2,3500,1750,1530,per_session_robust_mad_cf,45.92292308807373,7,cross,shaft_car,multi_stft,2.0,256.0,0.5,1.0
10,0,onset,0,-0.0,1.0,0.9385026737967914,0.6415208207604104,0.9815412400983728,0.7059601230747714,2,2992,1657,1275,per_session_robust_mad_cf,14.615079402923584,7,cross,shaft_car,multi_stft,2.0,256.0,0.5,1.0
10,0,speech,0,-0.0,1.0,0.8857142857142857,0.6057142857142858,0.9564806530612244,0.6542837551020408,2,3500,1750,1275,per_session_robust_mad_cf,20.532917261123657,7,cross,shaft_car,multi_stft,2.0,256.0,0.5,1.0
10,0,volume,0,-0.0,1.0,0.8848571428571429,0.5308571428571428,0.954034612244898,0.5477172244897959,2,3500,1750,1275,per_session_robust_mad_cf,19.48682856559753,7,cross,shaft_car,multi_stft,2.0,256.0,0.5,1.0
10,0,delta_volume,0,-0.0,1.0,0.8531428571428571,0.5531428571428572,0.927418775510204,0.5724447346938776,2,3500,1750,1275,per_session_robust_mad_cf,24.639647245407104,7,cross,shaft_car,multi_stft,2.0,256.0,0.5,1.0
10,0,pitch,0,-0.0,1.0,0.7731428571428571,0.5245714285714286,0.8577769795918367,0.5258357551020408,2,3500,1750,1275,per_session_robust_mad_cf,31.68067765235901,7,cross,shaft_car,multi_stft,2.0,256.0,0.5,1.0
10,0,word_index,0,-0.0,1.0,0.912124060150376,0.5777964676198486,0.9728689086437898,0.594222335398806,2,2128,1189,1275,per_session_robust_mad_cf,23.11618542671204,7,cross,shaft_car,multi_stft,2.0,256.0,0.5,1.0
10,0,word_gap,0,-0.0,1.0,0.7718141870684243,0.512,0.8580162189491141,0.5064424489795918,2,3186,1750,1275,per_session_robust_mad_cf,20.647759437561035,7,cross,shaft_car,multi_stft,2.0,256.0,0.5,1.0
10,0,gpt2_surprisal,0,-0.0,1.0,0.7734285714285715,0.5211428571428571,0.855141224489796,0.5374928979591838,2,3500,1750,1275,per_session_robust_mad_cf,33.56427049636841,7,cross,shaft_car,multi_stft,2.0,256.0,0.5,1.0
10,0,word_head_pos,0,-0.0,1.0,0.77,0.536,0.8554083265306123,0.5455412244897959,2,3500,1750,1275,per_session_robust_mad_cf,19.33773946762085,7,cross,shaft_car,multi_stft,2.0,256.0,0.5,1.0
10,0,word_part_speech,0,-0.0,1.0,0.8721374045801527,0.494199535962877,0.9393546777577064,0.4865179131117183,2,2096,1293,1275,per_session_robust_mad_cf,21.747108459472656,7,cross,shaft_car,multi_stft,2.0,256.0,0.5,1.0
10,0,word_length,0,-0.0,1.0,0.7748571428571429,0.5074285714285715,0.8536391836734694,0.5097730612244897,2,3500,1750,1275,per_session_robust_mad_cf,30.55485486984253,7,cross,shaft_car,multi_stft,2.0,256.0,0.5,1.0
10,0,global_flow,0,-0.0,1.0,0.826,0.5074285714285715,0.9081854693877552,0.5162331428571427,2,3500,1750,1275,per_session_robust_mad_cf,17.36592721939087,7,cross,shaft_car,multi_stft,2.0,256.0,0.5,1.0
10,0,local_flow,0,-0.0,1.0,0.7968571428571428,0.5011428571428571,0.8837159183673469,0.4946220408163265,2,3500,1750,1275,per_session_robust_mad_cf,27.10063004493713,7,cross,shaft_car,multi_stft,2.0,256.0,0.5,1.0
10,0,frame_brightness,0,-0.0,1.0,0.7902857142857143,0.5034285714285714,0.8746742857142857,0.4944901224489795,2,3500,1750,1275,per_session_robust_mad_cf,25.806585788726807,7,cross,shaft_car,multi_stft,2.0,256.0,0.5,1.0
10,0,face_num,0,-0.0,1.0,0.7562857142857143,0.4971428571428571,0.8271836734693878,0.4934452244897959,2,3500,1750,1275,per_session_robust_mad_cf,24.999496459960938,7,cross,shaft_car,multi_stft,2.0,256.0,0.5,1.0
10,1,onset,0,-0.0,1.0,0.9385026737967914,0.6,0.9815412400983728,0.6332329795918368,2,2992,1750,1275,per_session_robust_mad_cf,15.273034811019896,7,cross,shaft_car,multi_stft,2.0,256.0,0.5,1.0
10,1,speech,0,-0.0,1.0,0.8857142857142857,0.5874285714285714,0.9564806530612244,0.6403774693877551,2,3500,1750,1275,per_session_robust_mad_cf,18.62983727455139,7,cross,shaft_car,multi_stft,2.0,256.0,0.5,1.0
10,1,volume,0,-0.0,1.0,0.8848571428571429,0.632,0.954034612244898,0.6830968163265306,2,3500,1750,1275,per_session_robust_mad_cf,21.29358649253845,7,cross,shaft_car,multi_stft,2.0,256.0,0.5,1.0
10,1,delta_volume,0,-0.0,1.0,0.8531428571428571,0.6068571428571429,0.927418775510204,0.6436675918367347,2,3500,1750,1275,per_session_robust_mad_cf,27.02531242370605,7,cross,shaft_car,multi_stft,2.0,256.0,0.5,1.0
10,1,pitch,0,-0.0,1.0,0.7731428571428571,0.4902857142857142,0.8577769795918367,0.4977502040816326,2,3500,1750,1275,per_session_robust_mad_cf,27.49297261238098,7,cross,shaft_car,multi_stft,2.0,256.0,0.5,1.0
10,1,word_index,0,-0.0,1.0,0.912124060150376,0.5377503852080123,0.9728689086437898,0.5596164301604222,2,2128,1298,1275,per_session_robust_mad_cf,20.13867449760437,7,cross,shaft_car,multi_stft,2.0,256.0,0.5,1.0
10,1,word_gap,0,-0.0,1.0,0.7718141870684243,0.5057142857142857,0.8580162189491141,0.5067885714285714,2,3186,1750,1275,per_session_robust_mad_cf,24.598517417907715,7,cross,shaft_car,multi_stft,2.0,256.0,0.5,1.0
10,1,gpt2_surprisal,0,-0.0,1.0,0.7734285714285715,0.5068571428571429,0.855141224489796,0.5162736326530613,2,3500,1750,1275,per_session_robust_mad_cf,29.68560290336609,7,cross,shaft_car,multi_stft,2.0,256.0,0.5,1.0
10,1,word_head_pos,0,-0.0,1.0,0.77,0.5131428571428571,0.8554083265306123,0.5230981224489796,2,3500,1750,1275,per_session_robust_mad_cf,23.666643619537357,7,cross,shaft_car,multi_stft,2.0,256.0,0.5,1.0
10,1,word_part_speech,0,-0.0,1.0,0.8721374045801527,0.50431654676259,0.9393546777577064,0.4987071062574401,2,2096,1390,1275,per_session_robust_mad_cf,21.75089120864868,7,cross,shaft_car,multi_stft,2.0,256.0,0.5,1.0
10,1,word_length,0,-0.0,1.0,0.7748571428571429,0.5194285714285715,0.8536391836734694,0.5281462857142858,2,3500,1750,1275,per_session_robust_mad_cf,27.44974970817566,7,cross,shaft_car,multi_stft,2.0,256.0,0.5,1.0
10,1,global_flow,0,-0.0,1.0,0.826,0.5017142857142857,0.9081854693877552,0.505408,2,3500,1750,1275,per_session_robust_mad_cf,18.30642080307007,7,cross,shaft_car,multi_stft,2.0,256.0,0.5,1.0
10,1,local_flow,0,-0.0,1.0,0.7968571428571428,0.5245714285714286,0.8837159183673469,0.5309910204081633,2,3500,1750,1275,per_session_robust_mad_cf,24.497934818267822,7,cross,shaft_car,multi_stft,2.0,256.0,0.5,1.0
10,1,frame_brightness,0,-0.0,1.0,0.7902857142857143,0.5131428571428571,0.8746742857142857,0.5243650612244898,2,3500,1750,1275,per_session_robust_mad_cf,27.370185375213623,7,cross,shaft_car,multi_stft,2.0,256.0,0.5,1.0
10,1,face_num,0,-0.0,1.0,0.7562857142857143,0.5171428571428571,0.8271836734693878,0.5221968979591838,2,3500,1750,1275,per_session_robust_mad_cf,23.44261336326599,7,cross,shaft_car,multi_stft,2.0,256.0,0.5,1.0
